epoch,train_loss,val_loss,spearman_rho,pred_std
1,0.06302153662178252,0.012185156091936161,0.5258486402409114,0.08290223032236099
