image_path,pred_score,true_score
n02324045_29023.jpg,0.8001077,0.83
00013680.jpg,0.8078593,0.8822542
00013583.jpg,0.87169826,0.8473642
00058420.jpg,0.69984126,0.7896682
00000301.jpg,0.5843259,0.5129646
00050484.jpg,0.8542371,0.903618
00030386.jpg,0.7843859,0.7967282
n07933274_29739.jpg,0.82624006,0.8703704
00042822.jpg,0.75187296,0.732081
00010502.jpg,0.6696757,0.7821214
00038619.jpg,0.74539596,0.8429974
00034034.jpg,0.60626125,0.6758888
00001267.jpg,0.71896935,0.74939
00046799.jpg,0.7318374,0.6798258
00011174.jpg,0.792482,0.8298782
00012161.jpg,0.7569183,0.6236472
00045791.jpg,0.6418992,0.7753184
00003198.jpg,0.8089,0.7598282
n07863374_18258.jpg,0.81790316,0.7692308
00013269.jpg,0.6224853,0.7156856
00039924.jpg,0.7543318,0.6430296
00046079.jpg,0.78747106,0.8009958
n07911677_2324.jpg,0.8087467,0.77678573
00039097.jpg,0.82403696,0.8590804
00012327.jpg,0.7288407,0.8692518
4f1e0fefedf1b32a.jpg,0.58550173,0.5811966
00044473.jpg,0.71707344,0.7421488
00012484.jpg,0.76285636,0.7280316
00027142.jpg,0.709076,0.6563022
00047802.jpg,0.69346076,0.6637854
00042872.jpg,0.6191175,0.601515
00055149.jpg,0.88324463,0.9002428
00051735.jpg,0.83013004,0.85381
sun_bqgrxjafdmczsueo.jpg,0.69552374,0.8041237
00051330.jpg,0.7198614,0.7740382
00010791.jpg,0.69824374,0.6556062
00021040.jpg,0.6179799,0.5648498
00014237.jpg,0.7775468,0.6879748
00016202.jpg,0.7207639,0.7626982
00016789.jpg,0.8026612,0.8227238
00044400.jpg,0.72100556,0.7564294
00000383.jpg,0.71410596,0.7294566
00047953.jpg,0.73600376,0.544196
sun_aanfjwabnufovale.jpg,0.6780299,0.76363635
d5a7faf3171bfdaa.jpg,0.527321,0.5568182
00024720.jpg,0.689782,0.7262996
00007412.jpg,0.85264194,0.7132634
00009654.jpg,0.7402669,0.6445508
00040366.jpg,0.580905,0.5640562
00028430.jpg,0.7432449,0.7772282
00032605.jpg,0.5734229,0.5639388
n07838073_12426.jpg,0.7980887,0.78350514
00050166.jpg,0.7437022,0.8158926
00001392.jpg,0.90302444,0.8733782
00022557.jpg,0.6336068,0.7345106
00035572.jpg,0.6363613,0.6501706
00057006.jpg,0.60164946,0.6281472
00050361.jpg,0.8520458,0.9331646
00023492.jpg,0.8242742,0.78655
7374801616e3a84f.jpg,0.78984714,0.85714287
00007138.jpg,0.8685565,0.7686026
00043895.jpg,0.7289293,0.6960838
00040423.jpg,0.7386167,0.6813616
00057751.jpg,0.79357207,0.8025176
00004689.jpg,0.83079517,0.8461438
00008681.jpg,0.5664803,0.5726004
00031422.jpg,0.67259544,0.6669734
00046114.jpg,0.6766739,0.6231428
00050010.jpg,0.8411176,0.843802
00032468.jpg,0.87701213,0.91771
00038519.jpg,0.5893894,0.6039846
00024258.jpg,0.8532748,0.8337988
00053530.jpg,0.85840917,0.9039746
00014760.jpg,0.91974425,0.8932456
n02132136_4277.jpg,0.8389796,0.8557692
00018527.jpg,0.89188015,0.8732016
00026458.jpg,0.7189131,0.6758124
00021557.jpg,0.6585951,0.5616042
00052868.jpg,0.8301566,0.8047374
00020356.jpg,0.8415835,0.9467208
00046145.jpg,0.8021305,0.693471
00052622.jpg,0.8503992,0.8896438
00033138.jpg,0.500061,0.4293128
00055721.jpg,0.6999153,0.6107268
000000032059.jpg,0.708921,0.6506024
00045150.jpg,0.79527426,0.9002904
00016680.jpg,0.68251514,0.6079422
00003890.jpg,0.7270906,0.7257096
00011037.jpg,0.6974921,0.709027
00028759.jpg,0.8721539,0.9224584
00055791.jpg,0.8464155,0.7444968
00026864.jpg,0.86502516,0.8981792
00025354.jpg,0.6741044,0.71147
00024883.jpg,0.7615433,0.6243996
00032098.jpg,0.6293055,0.5678854
00006728.jpg,0.7530473,0.8207852
00050299.jpg,0.7059101,0.6611226
00032099.jpg,0.6334815,0.5624538
00018598.jpg,0.900035,0.8787788
00031729.jpg,0.8377164,0.937777
00031302.jpg,0.68596756,0.8983118
00018496.jpg,0.76401424,0.7757312
00005876.jpg,0.639029,0.494548
00046954.jpg,0.6529591,0.58631
000000580685.jpg,0.7952813,0.8172043
00012453.jpg,0.70420355,0.6955568
00030180.jpg,0.7866403,0.7785984
00051262.jpg,0.6347923,0.4988266
00026448.jpg,0.7559793,0.8024208
00051109.jpg,0.585195,0.5426574
00015017.jpg,0.7920622,0.8877128
n07583197_5892.jpg,0.8225777,0.7692308
00000036.jpg,0.78748393,0.7962698
00004200.jpg,0.7226802,0.5761254
000000502485.jpg,0.7320111,0.6530612
00048258.jpg,0.77277625,0.7622996
n07849336_29721.jpg,0.81948066,0.7659575
00051020.jpg,0.71232253,0.6243346
00046588.jpg,0.79229414,0.7060798
00013355.jpg,0.5803741,0.6395426
00052929.jpg,0.8757769,0.9433002
00051710.jpg,0.8205861,0.8150718
00054538.jpg,0.8332908,0.8756434
00014564.jpg,0.83009267,0.8610012
00007458.jpg,0.7224784,0.7715584
00018226.jpg,0.80935097,0.7722824
00056073.jpg,0.79308474,0.7417188
00052725.jpg,0.7811451,0.8492108
00005481.jpg,0.6380963,0.5333938
00047386.jpg,0.71006596,0.6140922
00025323.jpg,0.7645892,0.7702098
00056848.jpg,0.9086292,0.8900838
00009451.jpg,0.8469037,0.847259
00041002.jpg,0.7325778,0.4746882
00027963.jpg,0.7128723,0.7492584
00058649.jpg,0.6763278,0.6214196
00048048.jpg,0.6336682,0.5784598
00042750.jpg,0.64855635,0.7062866
00052878.jpg,0.71497875,0.7131288
n01846331_943.jpg,0.701609,0.7641509
00004730.jpg,0.7130213,0.5196776
00029152.jpg,0.6776008,0.6301126
00043113.jpg,0.6966392,0.817219
00003046.jpg,0.60896534,0.6183618
00010960.jpg,0.90437233,0.861576
n09289331_5211.jpg,0.73405486,0.7395833
00006285.jpg,0.81786335,0.818716
00044009.jpg,0.7570908,0.866526
00049225.jpg,0.74236107,0.8216994
00036244.jpg,0.6614115,0.6480588
00008058.jpg,0.69478583,0.8651708
n07690273_22243.jpg,0.80565584,0.82
00006870.jpg,0.7213162,0.62905
00015640.jpg,0.7907896,0.7638952
00019843.jpg,0.6776073,0.6465788
00058479.jpg,0.74565506,0.8767356
00054629.jpg,0.65290916,0.549965
00056230.jpg,0.79980326,0.8927872
00023531.jpg,0.7381772,0.7945262
n01792955_454.jpg,0.8048458,0.7979798
00042396.jpg,0.7669194,0.621101
00050877.jpg,0.59319746,0.529313
n04349306_9235.jpg,0.8448015,0.85714287
00014195.jpg,0.73105407,0.8352022
n12345899_7285.jpg,0.6376996,0.5943396
00018004.jpg,0.82464004,0.887908
00042451.jpg,0.61702704,0.727531
00020074.jpg,0.6777946,0.6281076
sun_bnwgrptznpkmyoll.jpg,0.60281837,0.7029703
00014452.jpg,0.81663024,0.6939912
00042399.jpg,0.7578964,0.7225504
00012990.jpg,0.8924879,0.8545092
00051742.jpg,0.80459523,0.6728542
00028960.jpg,0.83371264,0.8846502
00035035.jpg,0.72835636,0.6729166
00014230.jpg,0.7492322,0.8145424
00043896.jpg,0.72009957,0.5996626
00043561.jpg,0.7071272,0.6510744
00036586.jpg,0.70426416,0.752787
00029777.jpg,0.81462145,0.8337876
n01846331_613.jpg,0.7486229,0.8210526
00047803.jpg,0.76587486,0.7895262
00007574.jpg,0.79265654,0.796555
00057387.jpg,0.80225277,0.8052572
00021762.jpg,0.78481483,0.8685536
00015081.jpg,0.83830714,0.8091792
00030128.jpg,0.6516188,0.8113922
00055215.jpg,0.6915802,0.72313
00042699.jpg,0.6681495,0.674797
00012275.jpg,0.74151075,0.8264662
000000468992.jpg,0.7098948,0.65909094
00015402.jpg,0.6762135,0.7006474
00021947.jpg,0.77534056,0.905796
00016894.jpg,0.75374126,0.7552532
n02691156_10578.jpg,0.6306088,0.5714286
00035157.jpg,0.6864734,0.6888878
00005099.jpg,0.7407756,0.8193612
000000272008.jpg,0.8529376,0.8737864
00040132.jpg,0.7809619,0.7826012
00015518.jpg,0.79445016,0.7961308
00047589.jpg,0.80773985,0.8480672
00040466.jpg,0.7239578,0.6574264
00058366.jpg,0.8883203,0.8639346
00003633.jpg,0.6733283,0.6093084
00011123.jpg,0.6849294,0.59715
00019220.jpg,0.6677294,0.5864662
00043763.jpg,0.8307444,0.7634294
00053794.jpg,0.8067521,0.8911482
sun_anmkwhkmnlrpufwm.jpg,0.5120008,0.5
00056595.jpg,0.8115907,0.8579572
00043954.jpg,0.63472915,0.6188058
00029170.jpg,0.86022925,0.875159
00046677.jpg,0.6505166,0.7471372
00054317.jpg,0.77088773,0.7187502
00006454.jpg,0.7294388,0.4768254
00005056.jpg,0.809152,0.8964116
00032265.jpg,0.84005094,0.8315204
000000326913.jpg,0.6699219,0.7653061
00024046.jpg,0.7778262,0.7069932
00008609.jpg,0.62960404,0.5731126
00025121.jpg,0.8048736,0.9116028
n02793495_18999.jpg,0.68538314,0.7647059
000000576758.jpg,0.7660384,0.8363636
00003688.jpg,0.84421945,0.8400856
00004066.jpg,0.75978327,0.8375908
00037252.jpg,0.6562408,0.5233198
n03594945_3598.jpg,0.82496476,0.787037
00028789.jpg,0.8054753,0.8551898
00027358.jpg,0.77520716,0.7924614
00050007.jpg,0.83476496,0.8738922
00002456.jpg,0.796875,0.8057142
00031043.jpg,0.58011097,0.547388
00028443.jpg,0.86899424,0.9569012
00012248.jpg,0.81838274,0.9107736
00035698.jpg,0.6578895,0.730991
00032844.jpg,0.78332937,0.777297
n02342885_1956.jpg,0.8011094,0.73636365
00048612.jpg,0.7471907,0.8296264
00018985.jpg,0.7976099,0.609643
00023071.jpg,0.60148764,0.4947196
00017481.jpg,0.8550943,0.8667032
n02430045_3448.jpg,0.7837882,0.8020833
00031414.jpg,0.6830611,0.7492364
000000557137.jpg,0.9640527,0.94382024
00021856.jpg,0.7391119,0.7270304
00058114.jpg,0.75995904,0.7346916
00035149.jpg,0.71371984,0.6310534
00000510.jpg,0.56223416,0.5999562
00036763.jpg,0.585912,0.636409
00057082.jpg,0.7533667,0.7657318
00043558.jpg,0.758325,0.7814138
00051021.jpg,0.8055142,0.7767574
000000353301.jpg,0.66361547,0.78125
00055999.jpg,0.7765788,0.6637492
00030208.jpg,0.8459492,0.859494
n09468604_47076.jpg,0.59033644,0.4742268
00048071.jpg,0.6955223,0.5957084
00011394.jpg,0.8633983,0.7563638
00050034.jpg,0.8468224,0.8469784
00032972.jpg,0.81661654,0.9079436
00030477.jpg,0.6246772,0.560671
550b3a9e874134de.jpg,0.83169997,0.7326733
00022175.jpg,0.73939335,0.6294774
00002351.jpg,0.7718135,0.6577994
00012205.jpg,0.7085857,0.7035822
00047747.jpg,0.8253634,0.8908612
00043011.jpg,0.8507907,0.863468
00024502.jpg,0.8130883,0.747938
00023243.jpg,0.6840265,0.7741966
00009840.jpg,0.7944827,0.8462362
00038442.jpg,0.7148781,0.7788574
n12345899_17348.jpg,0.5802773,0.49514562
00020854.jpg,0.8169334,0.875639
00017697.jpg,0.75183547,0.6763042
00017520.jpg,0.72560847,0.7997556
00042742.jpg,0.7324228,0.8026184
00014010.jpg,0.6376655,0.7696026
00033469.jpg,0.6230904,0.5117298
00006187.jpg,0.804034,0.8789412
9e5cecaecfb75373.jpg,0.5752592,0.5934066
00051990.jpg,0.61866194,0.684092
00034887.jpg,0.677444,0.7078806
00057923.jpg,0.7622224,0.809845
n04461696_3989.jpg,0.7231222,0.63
00042352.jpg,0.7723391,0.7276174
n02834778_2336.jpg,0.7561296,0.7941176
00035672.jpg,0.715014,0.5991296
00030454.jpg,0.684373,0.6843124
00011790.jpg,0.8248138,0.8249656
00016929.jpg,0.7817918,0.784843
00023583.jpg,0.83645666,0.8906564
00028841.jpg,0.83492124,0.8431882
00050131.jpg,0.7319012,0.719049
00047454.jpg,0.62394845,0.5990664
00024916.jpg,0.8394977,0.7139158
00023149.jpg,0.7243841,0.7787408
00037526.jpg,0.59319896,0.6143686
00026483.jpg,0.6229736,0.652818
00044553.jpg,0.90008485,0.9340668
00007370.jpg,0.7014142,0.7416276
63de2458b37d8c78.jpg,0.7950182,0.7755102
00039495.jpg,0.690642,0.6865312
00051654.jpg,0.7092805,0.8091116
000000288639.jpg,0.8314687,0.9285714
00030238.jpg,0.7596186,0.7995124
00051473.jpg,0.81928706,0.636924
00004034.jpg,0.65644693,0.7514526
00028287.jpg,0.79093015,0.8193066
00056393.jpg,0.876114,0.8240738
00005734.jpg,0.73094714,0.8212358
00042883.jpg,0.6859599,0.7585712
00035800.jpg,0.68275523,0.7033972
00057318.jpg,0.76675236,0.7975812
n03594945_7820.jpg,0.7394773,0.7096774
00054103.jpg,0.76767087,0.7298428
00004959.jpg,0.73031664,0.8698478
00039684.jpg,0.6755253,0.7243634
00053577.jpg,0.80431473,0.7145508
00016270.jpg,0.536919,0.440578
00011760.jpg,0.77470523,0.7869154
00034544.jpg,0.80953044,0.8088738
00045135.jpg,0.6811112,0.5264486
00008961.jpg,0.8156318,0.8764934
00040759.jpg,0.9238838,0.9798552
00051810.jpg,0.9320259,0.853811
00037408.jpg,0.6715971,0.6839706
n07801508_897.jpg,0.8990458,0.96842104
00019744.jpg,0.9768053,0.9905556
00001051.jpg,0.72892857,0.802039
00048873.jpg,0.811136,0.869867
00009761.jpg,0.8467784,0.8893558
00002105.jpg,0.78356993,0.7974116
00016934.jpg,0.88036895,0.9520636
00036385.jpg,0.6507203,0.7598656
00004721.jpg,0.7232655,0.4994216
00001046.jpg,0.7990142,0.9662856
8304f94f52e87b32.jpg,0.88382185,0.7920792
00012886.jpg,0.71136427,0.6386204
00004048.jpg,0.7710972,0.768742
00013693.jpg,0.82074845,0.8198408
00024931.jpg,0.8899574,0.8599974
00034003.jpg,0.6415944,0.6857438
00037562.jpg,0.6866619,0.8570856
00040478.jpg,0.7582216,0.7568578
sun_bmeoepnvypisrelk.jpg,0.6821954,0.8367347
00023235.jpg,0.7873641,0.8239948
00000072.jpg,0.63283575,0.6243272
00012761.jpg,0.66557026,0.6768076
n07693725_8396.jpg,0.8821161,0.91818184
00031719.jpg,0.75987583,0.773486
n04467665_59974.jpg,0.7571657,0.6813187
00024286.jpg,0.5771493,0.5319346
00020120.jpg,0.7524704,0.819504
n03384352_3683.jpg,0.7437501,0.7281553
00053027.jpg,0.8338985,0.903576
00002071.jpg,0.8173851,0.8733596
00033946.jpg,0.6332339,0.6943154
00010766.jpg,0.7638011,0.8107322
00021181.jpg,0.8143084,0.812195
00055133.jpg,0.81664616,0.6224982
00021045.jpg,0.8224709,0.9371702
00032644.jpg,0.7380806,0.6367092
00017296.jpg,0.5982374,0.708348
00011471.jpg,0.6239866,0.3499542
00005354.jpg,0.76250714,0.768023
00051423.jpg,0.88963294,0.8429202
00035958.jpg,0.6199052,0.740812
42f4b58b21cbe526.jpg,0.76885307,0.85365856
n07893642_15617.jpg,0.8074287,0.87777776
00038911.jpg,0.7545638,0.8315768
00052766.jpg,0.82172835,0.7782648
00028150.jpg,0.7523097,0.8519372
00023125.jpg,0.8529571,0.8656908
00000669.jpg,0.79309154,0.655172
00011553.jpg,0.58309054,0.4201662
00032625.jpg,0.63919187,0.6857138
00050801.jpg,0.66705906,0.5374058
00050695.jpg,0.86253065,0.9114918
00057180.jpg,0.8543519,0.868227
00054928.jpg,0.8802841,0.9553474
00040860.jpg,0.74380505,0.6338794
00034471.jpg,0.6497544,0.6476366
00043146.jpg,0.76872015,0.9174822
00036013.jpg,0.6558014,0.5410198
00036253.jpg,0.7176108,0.5362696
00021309.jpg,0.89156735,0.8557082
000000008789.jpg,0.8284031,0.8448276
00050985.jpg,0.8863058,0.7799532
00015065.jpg,0.8849293,0.8268534
00050062.jpg,0.53985023,0.628943
00027772.jpg,0.77137756,0.8364218
00018800.jpg,0.6975056,0.7065156
00018685.jpg,1.0280755,0.9413422
00042016.jpg,0.706946,0.7880156
00003929.jpg,0.82605135,0.9172696
00003508.jpg,0.764727,0.6719916
00039731.jpg,0.7915319,0.7033174
00042331.jpg,0.7452724,0.695772
00055768.jpg,0.7447388,0.7221236
00040900.jpg,0.78640723,0.8409042
00033911.jpg,0.6404321,0.5535528
00032856.jpg,0.7259152,0.5729604
00005833.jpg,0.7445898,0.7374528
00007546.jpg,0.84537303,0.874926
4b39410d409f23c8.jpg,0.85255325,0.86238533
00019916.jpg,0.65461534,0.574174
c4429528e1e36318.jpg,0.7562219,0.6292135
00029725.jpg,0.8387537,0.7468058
00033031.jpg,0.7402173,0.7803332
00021983.jpg,0.72992754,0.7436104
00004293.jpg,0.81352794,0.90166
00041141.jpg,0.84921825,0.9045106
00031149.jpg,0.85357034,0.8896402
1e195f9a98e163b3.jpg,0.7909733,0.6666667
00044388.jpg,0.81878215,0.8569208
00029235.jpg,0.70131373,0.6989104
n07893642_12155.jpg,0.7689347,0.74509805
sun_becpynhazdxerqrj.jpg,0.6870414,0.57575756
00037048.jpg,0.7467996,0.7285134
00006903.jpg,0.8763714,0.8859802
n09376198_21192.jpg,0.6455629,0.63095236
00000592.jpg,0.73184454,0.6703178
00010500.jpg,0.5384078,0.5871486
00012704.jpg,0.9350902,0.8831724
00014412.jpg,0.715067,0.8171208
00046393.jpg,0.77333665,0.7758696
00009170.jpg,0.8823794,0.9012354
0cb561aef1e16beb.jpg,0.77880275,0.63095236
00024291.jpg,0.8638551,0.961071
00000910.jpg,0.7458862,0.741206
00056177.jpg,0.96117055,0.9484886
00038807.jpg,0.6791595,0.6598096
00005800.jpg,0.62041056,0.5762052
00050401.jpg,0.71514183,0.7063534
n01811909_10676.jpg,0.7749195,0.8333333
00016828.jpg,0.79322237,0.5534958
00014337.jpg,0.8434683,0.833425
00032679.jpg,0.78855896,0.8260108
00010682.jpg,0.8500062,0.9578866
00047629.jpg,0.7514293,0.7421018
00004527.jpg,0.6107474,0.7217146
00009907.jpg,0.8102603,0.9101948
000000489374.jpg,0.7944276,0.9255319
00025470.jpg,0.67769647,0.4880116
00013176.jpg,0.86151123,0.8910896
n00445351_5635.jpg,0.73743075,0.7641509
00044093.jpg,0.5926963,0.5534814
00029665.jpg,0.6289078,0.7319348
00045193.jpg,0.8260163,0.8084768
00031039.jpg,0.82753384,0.930614
00044508.jpg,0.8636805,0.838251
00032337.jpg,0.8493296,0.8391482
00054578.jpg,0.7168419,0.8415322
00039113.jpg,0.76704776,0.7000794
00055886.jpg,0.7183838,0.8275754
00016631.jpg,0.7860197,0.7150614
00025609.jpg,0.931255,0.905612
00008247.jpg,0.8078189,0.741709
00019901.jpg,0.69277763,0.7226068
00029512.jpg,0.7575896,0.5375304
00046274.jpg,0.7470467,0.6576624
00026841.jpg,0.83140457,0.813092
00024401.jpg,0.7088927,0.7132782
00025523.jpg,0.9152082,0.8795254
00030142.jpg,0.723546,0.5894952
00002021.jpg,0.82963073,0.8724782
00043836.jpg,0.76351595,0.6864578
00020845.jpg,0.77759016,0.591551
00013818.jpg,0.6922581,0.845803
00055361.jpg,0.58641374,0.7152802
00026366.jpg,0.6277112,0.4559718
00044540.jpg,0.73966634,0.7423396
sun_axljvtbankrkckne.jpg,0.43516642,0.41463414
00051695.jpg,0.7585844,0.7501872
00047818.jpg,0.75679743,0.6674074
00048408.jpg,0.7575547,0.755339
00048311.jpg,0.62231743,0.497674
00055600.jpg,0.8255203,0.9139296
00002214.jpg,0.8105291,0.732442
00012664.jpg,0.84390974,0.9070814
00046533.jpg,0.81071925,0.8242612
00048241.jpg,0.7394798,0.7776106
00030522.jpg,0.73237586,0.7953998
00029972.jpg,0.7085304,0.8218616
00049709.jpg,0.8369342,0.9456796
00047735.jpg,0.648831,0.6670594
00023506.jpg,0.85240066,0.8331556
00005990.jpg,0.7665796,0.811483
00045742.jpg,0.707502,0.7270764
00010484.jpg,0.6632364,0.6144278
ccfd38dcbe6838fd.jpg,0.71239805,0.76744187
00051784.jpg,0.76644504,0.766966
00027054.jpg,0.9626715,0.8975822
00054436.jpg,0.84486973,0.8752302
00039504.jpg,0.8083054,0.7924762
00002541.jpg,0.8544582,0.835674
3621d630ce4d726b.jpg,0.75953674,0.74725276
00035273.jpg,0.70831096,0.775034
00048914.jpg,0.684024,0.7667804
00033936.jpg,0.7901622,0.7904464
00052412.jpg,0.56481063,0.5196428
00030424.jpg,0.7262881,0.7409234
00015512.jpg,0.7322271,0.71534
00023719.jpg,0.89432716,0.8571398
00005054.jpg,0.805598,0.8458652
00011515.jpg,0.8943597,0.841954
00006801.jpg,0.6935382,0.5710212
00016574.jpg,0.6516182,0.5767346
00025185.jpg,0.6811533,0.800944
n04335435_427.jpg,0.76582134,0.7157895
00032148.jpg,0.89646244,0.9607684
00010297.jpg,0.74888194,0.7656614
00019467.jpg,0.8002461,0.9786272
00031557.jpg,0.7457229,0.7562486
00031983.jpg,0.74886394,0.785921
00016437.jpg,0.74128234,0.8030116
00015457.jpg,0.745083,0.8574808
00017350.jpg,0.6088871,0.6213444
00001139.jpg,0.8037121,0.811028
00036160.jpg,0.6203628,0.6244116
00032266.jpg,0.61423665,0.6803542
00052564.jpg,0.5684049,0.5592152
00032940.jpg,0.6609633,0.6407588
00053369.jpg,0.78078073,0.8475522
00024107.jpg,0.81923807,0.9386652
1a78037c75f2d54a.jpg,0.81274605,0.84
00044316.jpg,0.7296771,0.6906114
00030409.jpg,0.65136015,0.627462
n01846331_6092.jpg,0.69254893,0.74712646
00027478.jpg,0.92487264,0.9437218
00021758.jpg,0.82380056,0.83975
00056971.jpg,0.69606745,0.6984116
00008220.jpg,0.82752764,0.8611396
00018514.jpg,0.8260155,0.8152368
00020405.jpg,0.76179975,0.8727032
00038101.jpg,0.63673687,0.3816182
00045745.jpg,0.71048975,0.6652406
00058154.jpg,0.7337073,0.7690616
00033445.jpg,0.7090808,0.7256222
00043238.jpg,0.6798881,0.5501962
00014517.jpg,0.6394385,0.6379486
00037249.jpg,0.71192336,0.649722
00009685.jpg,0.6790924,0.6839082
00008668.jpg,0.86241674,0.905566
00024143.jpg,0.8875686,0.8536708
00014925.jpg,0.66649073,0.638777
00016497.jpg,0.7635853,0.7188164
00050835.jpg,0.7907746,0.8877982
00057560.jpg,0.71856093,0.7649986
000000208371.jpg,0.73482287,0.7314815
00030269.jpg,0.87319255,0.846623
00045492.jpg,0.82131875,0.859296
00056223.jpg,0.7214096,0.789346
00021115.jpg,0.78773314,0.8091328
00000120.jpg,0.81581175,0.7753648
00008926.jpg,0.82411873,0.7325694
00036687.jpg,0.6641618,0.569904
00003481.jpg,0.69180876,0.6518466
00015668.jpg,0.73402774,0.6916042
00052678.jpg,0.6397958,0.701793
00044395.jpg,0.7416651,0.7732688
00016774.jpg,0.5762787,0.443309
00037665.jpg,0.7445239,0.8172466
00005943.jpg,0.7590116,0.8764104
86e9451ce692d4e6.jpg,0.7667297,0.8681319
00055047.jpg,0.75141585,0.8645938
n04349306_4174.jpg,0.7947479,0.84782606
00001017.jpg,0.80189484,0.8905128
00055691.jpg,0.7969415,0.8153848
00031549.jpg,0.8540075,0.8084128
n07838073_11152.jpg,0.8148924,0.73255813
00033984.jpg,0.7134057,0.8565076
00006484.jpg,0.701898,0.7510514
00011237.jpg,0.70825005,0.742315
00007835.jpg,0.72225845,0.6527
00040276.jpg,0.73725903,0.8303048
00050481.jpg,0.80302775,0.884177
00031271.jpg,0.63312006,0.6992436
00011535.jpg,0.7716116,0.72557
00056131.jpg,0.82579434,0.8571956
00027879.jpg,0.82946503,0.7952478
00033732.jpg,0.7403828,0.6888068
00016585.jpg,0.9284054,0.9634362
00000476.jpg,0.69241166,0.8490054
000000430523.jpg,0.8274733,0.89285713
00028637.jpg,0.8479588,0.8356714
00030900.jpg,0.79858243,0.8277152
n09468604_15728.jpg,0.59930015,0.65555555
00031751.jpg,0.60432637,0.5969404
00000826.jpg,0.70347345,0.7063022
98f8e822feb47cbf.jpg,0.8086545,0.7525773
00051355.jpg,0.8200977,0.8077486
00050395.jpg,0.8093267,0.7571268
00000360.jpg,0.84324324,0.9061816
00025961.jpg,0.7668232,0.769219
00004566.jpg,0.7332865,0.8429276
00046447.jpg,0.80305123,0.663271
00035087.jpg,0.65840423,0.6553588
00030213.jpg,0.85903955,0.8835332
n07574602_25208.jpg,0.8453748,0.8869565
00012691.jpg,0.7649921,0.7933534
00056550.jpg,0.803527,0.6907788
00029150.jpg,0.70207083,0.8244474
00043560.jpg,0.7332283,0.743319
00006561.jpg,0.6466142,0.658009
00009363.jpg,0.7035195,0.6045732
00046064.jpg,0.66288674,0.65681
00010013.jpg,0.817135,0.7938538
00007030.jpg,0.7037599,0.7531786
00018061.jpg,0.8030803,0.8100288
000000466643.jpg,0.7642051,0.6597938
00000357.jpg,0.8583363,0.9089068
00011659.jpg,0.70423716,0.8461112
00049141.jpg,0.6704397,0.6852364
00031966.jpg,0.73391813,0.7762026
00024687.jpg,0.69628537,0.6971494
00044658.jpg,0.75072265,0.8086106
00020722.jpg,0.714679,0.802816
00007667.jpg,0.72304523,0.7253688
00030095.jpg,0.75341964,0.7391482
sun_auyawxqigfkfzqic.jpg,0.58805335,0.5855856
00021189.jpg,0.77509785,0.7537226
00002826.jpg,0.69181156,0.5931558
n02396427_18146.jpg,0.81419265,0.8041237
00016694.jpg,0.8459594,0.8348252
00010255.jpg,0.6397834,0.5410924
00029815.jpg,0.82147956,0.89183
00032338.jpg,0.77264225,0.824081
00035613.jpg,0.77896756,0.8634448
n07680932_27982.jpg,0.88306916,0.93457943
n07717556_361.jpg,0.9017005,0.9375
n07911677_5425.jpg,0.8557704,0.83157897
000000417616.jpg,0.7962347,0.83
00022747.jpg,0.85890627,0.8341322
00025187.jpg,0.78919697,0.7264346
n02342885_3984.jpg,0.8914131,0.8818182
00030170.jpg,0.69205344,0.7364298
00026903.jpg,0.5882025,0.4124432
00045319.jpg,0.6939889,0.7119948
00039196.jpg,0.64753854,0.687026
00027524.jpg,0.6972301,0.7307312
00025043.jpg,0.6164185,0.6426294
00016652.jpg,0.83545065,0.8560226
000000259491.jpg,0.7620282,0.682243
00042183.jpg,0.7486756,0.5636096
00057419.jpg,0.8887085,0.940326
000000376875.jpg,0.70919824,0.8018868
sun_agudaktqbpkgxxhn.jpg,0.599547,0.59
00020403.jpg,0.85725,0.8942512
00056104.jpg,0.85487604,0.8387372
00010257.jpg,0.7860154,0.8065806
n07929519_33855.jpg,0.8606631,0.9207921
00041439.jpg,0.73488784,0.7521302
00042088.jpg,0.8165848,0.7519638
00045758.jpg,0.68348324,0.7539878
00018178.jpg,0.6355266,0.8767712
n07911677_13003.jpg,0.8058546,0.8785047
00004222.jpg,0.70189583,0.5755374
00055372.jpg,0.7278254,0.7556822
00004981.jpg,0.79676056,0.789604
00035809.jpg,0.6774372,0.7628696
00044482.jpg,0.62715626,0.6295646
00028148.jpg,0.8634928,0.7969938
00033434.jpg,0.68086183,0.7763324
00001416.jpg,0.5854471,0.5040026
00028610.jpg,0.7973033,0.8249282
00044802.jpg,0.7644241,0.861618
00053434.jpg,0.71432835,0.657709
00053449.jpg,0.78501713,0.7543628
00000343.jpg,0.728166,0.716369
00055311.jpg,0.6719398,0.7917282
00036376.jpg,0.6936726,0.7152932
00053824.jpg,0.8706223,0.8783146
00032761.jpg,0.80150306,0.8539712
00048158.jpg,0.6363758,0.7221838
00020662.jpg,0.68922067,0.6720144
00040387.jpg,0.9063393,0.9352242
00051676.jpg,0.75969976,0.730446
n02129165_17467.jpg,0.84820366,0.8557692
00014874.jpg,0.86525226,0.8740952
000000434389.jpg,0.77594507,0.78350514
n01811909_12450.jpg,0.78632134,0.6989247
00038884.jpg,0.73781157,0.7069488
000000254078.jpg,0.75550854,0.87234044
00053132.jpg,0.6857816,0.71895
00000366.jpg,0.7237462,0.7317304
000000087602.jpg,0.7757604,0.83838385
26029c6c44ee5452.jpg,0.78049845,0.83908045
00054377.jpg,0.6956807,0.790207
00039864.jpg,0.7188132,0.847562
00014152.jpg,0.69126403,0.683392
00026211.jpg,0.855385,0.8665866
00024588.jpg,0.75318146,0.7121032
00010536.jpg,0.7190573,0.7612728
00049910.jpg,0.85025704,0.9326228
00051131.jpg,0.7865552,0.8644764
00050650.jpg,0.78079605,0.870678
00026484.jpg,0.81029975,0.8515562
00035033.jpg,0.6874924,0.5944588
00011749.jpg,0.73506653,0.728462
00045740.jpg,0.7536006,0.768026
00049227.jpg,0.81962943,0.818504
00028338.jpg,0.7671974,0.892863
00025878.jpg,0.67610407,0.777926
00056817.jpg,0.75351083,0.8081502
00012476.jpg,0.8556685,0.8646438
00054857.jpg,0.7866689,0.8645806
00040055.jpg,0.7255856,0.7834056
00031975.jpg,0.8375083,0.871406
00004672.jpg,0.77883035,0.8871428
00018942.jpg,0.66055524,0.6711612
00018075.jpg,0.751444,0.6747662
00012136.jpg,0.7468909,0.75513
00046986.jpg,0.7670206,0.7351814
00004533.jpg,0.7417171,0.525646
00001560.jpg,0.8384379,0.9001188
00005798.jpg,0.78578126,0.7885656
n07850329_21744.jpg,0.8640707,0.8613861
00051740.jpg,0.58625925,0.6503446
00037884.jpg,0.7298245,0.648144
00043650.jpg,0.71877784,0.7697028
00001319.jpg,0.78381467,0.7389802
00033075.jpg,0.7268518,0.7462134
00030826.jpg,0.7528312,0.7785104
00021445.jpg,0.7046962,0.8147174
00029208.jpg,0.7761513,0.7493444
000000310683.jpg,0.82007337,0.7757009
n07911677_539.jpg,0.85624826,0.9183673
00014386.jpg,0.7283353,0.8532836
00016541.jpg,0.687691,0.7458564
00029596.jpg,0.6653851,0.6733516
00001389.jpg,0.7463783,0.833282
00029413.jpg,0.6880608,0.6282824
00031752.jpg,0.8255087,0.682271
00009936.jpg,0.59028745,0.5146658
00020227.jpg,0.86591107,0.8066274
00042108.jpg,0.6508895,0.6018102
00032734.jpg,0.80980706,0.8020366
00048754.jpg,0.8040823,0.8511136
00056345.jpg,0.79868376,0.8187408
00001634.jpg,0.73806465,0.6261258
00031132.jpg,0.6075487,0.6300386
000000492339.jpg,0.74352145,0.75
00011006.jpg,0.7828988,0.7562772
00023520.jpg,0.8932295,0.898737
00021757.jpg,0.8085382,0.8741596
00000593.jpg,0.8258021,0.8567016
00053317.jpg,0.76780295,0.7908456
00006229.jpg,0.7714492,0.8689148
5540b1af6082d5e4.jpg,0.62613076,0.5877193
00019380.jpg,0.84688056,0.8719414
00019951.jpg,0.8127234,0.7409078
n07838073_21675.jpg,0.8762094,0.90677965
00013677.jpg,0.8859904,0.916494
00024465.jpg,0.61830163,0.6871042
00032025.jpg,0.57446957,0.6571726
00018246.jpg,0.72051823,0.773657
00021687.jpg,0.7816143,0.684841
sun_apzhvyvljzvahpvh.jpg,0.6006342,0.26881722
00040816.jpg,0.72579086,0.8064718
00029115.jpg,0.8840523,0.9459344
00015553.jpg,0.80646044,0.8907648
n09288635_1217.jpg,0.74485433,0.85542166
00052837.jpg,0.818136,0.8264912
00006620.jpg,0.6988815,0.7489898
00027084.jpg,0.85419273,0.9133334
00001602.jpg,0.7750354,0.9032046
00024574.jpg,0.87828183,0.904544
00014419.jpg,0.7430397,0.4791506
00035414.jpg,0.6615064,0.6775922
00026638.jpg,0.8951647,0.9229434
00057480.jpg,0.72605646,0.7362166
00047529.jpg,0.8184668,0.7592138
00000426.jpg,0.7910323,0.8745042
00013379.jpg,0.8714763,0.8989828
00015989.jpg,0.79519516,0.8775816
00036910.jpg,0.63305277,0.8004276
00022514.jpg,0.8230516,0.9396156
n03512147_40762.jpg,0.81423604,0.75
n07583197_1684.jpg,0.80599594,0.8440367
00051085.jpg,0.90492415,0.764852
n03384352_2517.jpg,0.6435697,0.47826087
00035468.jpg,0.78384495,0.7805612
n03384352_4118.jpg,0.7978307,0.7
00044090.jpg,0.7174386,0.7811016
00001583.jpg,0.68532014,0.7037464
00021904.jpg,0.93311596,0.866381
00048904.jpg,0.7919438,0.860503
00057441.jpg,0.72362685,0.648938
n02396427_871.jpg,0.80521166,0.90384614
00013944.jpg,0.73859394,0.6729146
00026206.jpg,0.7951306,0.878643
00047108.jpg,0.8477999,0.9026862
00057549.jpg,0.68175864,0.7374532
00058623.jpg,0.70656896,0.8098778
n02342885_5028.jpg,0.87546253,0.86585367
aa81588b4a5a7e27.jpg,0.47730935,0.4691358
00050143.jpg,0.79118264,0.817371
00017371.jpg,0.7232591,0.8314232
00012603.jpg,0.7557282,0.8473294
00042770.jpg,0.7125709,0.716409
00023200.jpg,0.918906,0.866489
00020204.jpg,0.75078714,0.7740858
00054409.jpg,0.7092422,0.7945654
00024728.jpg,0.73546267,0.7303066
00040202.jpg,0.8092624,0.7950916
00024997.jpg,0.88280654,0.8104652
f66e57fa9da8361e.jpg,0.838662,0.875
00012299.jpg,0.8177062,0.8272616
00003953.jpg,0.89982927,0.9535192
00035151.jpg,0.6513965,0.5337302
00035892.jpg,0.76380694,0.7654282
00025930.jpg,0.5819,0.4431864
00055504.jpg,0.6169434,0.641115
00023972.jpg,0.7865586,0.8347122
00021416.jpg,0.6680064,0.6891794
00031713.jpg,0.75682604,0.7065158
00039061.jpg,0.71003234,0.7142454
00000955.jpg,0.9423851,0.9627664
n03594945_4747.jpg,0.76620936,0.79611653
n07753592_14958.jpg,0.92081356,0.9369369
00045881.jpg,0.8034309,0.790746
00004098.jpg,0.84691334,0.8637852
00025368.jpg,0.6861298,0.7471202
00008736.jpg,0.7897249,0.7413516
00005661.jpg,0.81373346,0.8352988
00032648.jpg,0.73691654,0.7942956
00038879.jpg,0.745468,0.814612
00048677.jpg,0.8003199,0.8298292
00026809.jpg,0.64372253,0.5655688
00016872.jpg,0.78006995,0.7961838
00017889.jpg,0.7904295,0.7133924
00043345.jpg,0.84492683,0.7628732
00030337.jpg,0.8015127,0.8399058
sun_agfdrmftdzokxtnc.jpg,0.69753516,0.5301205
00003944.jpg,0.82301426,0.7300024
00039852.jpg,0.6905259,0.8343264
00034272.jpg,0.61471164,0.483998
aec20da322ac2ace.jpg,0.7356528,0.7171717
00010796.jpg,0.7395778,0.6809016
00008493.jpg,0.66208065,0.6104162
00053119.jpg,0.6834698,0.834744
00036697.jpg,0.5135539,0.6020782
00046559.jpg,0.7700788,0.712061
00040011.jpg,0.6693476,0.773065
00034339.jpg,0.6555742,0.7034826
00015928.jpg,0.8300985,0.8245322
00001460.jpg,0.7707143,0.771538
00009548.jpg,0.85724306,0.9160534
00032660.jpg,0.7610841,0.7254302
00035165.jpg,0.68912435,0.7280704
00008387.jpg,0.6427569,0.637856
00052391.jpg,0.5213142,0.5122972
n04461696_3745.jpg,0.7345202,0.7604167
00027580.jpg,0.8210336,0.8635782
000000458705.jpg,0.7889901,0.8828829
00031917.jpg,0.6014291,0.62158
00022237.jpg,0.7326523,0.9009128
00002345.jpg,0.6450496,0.5970648
00017187.jpg,0.8750384,0.9768618
00004622.jpg,0.7842299,0.789713
00048149.jpg,0.7249435,0.6866008
00031162.jpg,0.76019776,0.7948468
00020033.jpg,0.6349299,0.5659622
00032619.jpg,0.7861645,0.830816
00045235.jpg,0.7162367,0.705645
00049306.jpg,0.76371765,0.7847384
00014807.jpg,0.81812525,0.9327246
00041103.jpg,0.7433643,0.7128072
00028235.jpg,0.74188685,0.6383674
00045281.jpg,0.7449348,0.7410356
00009377.jpg,0.7914048,0.801996
00042240.jpg,0.703835,0.7452996
00032850.jpg,0.89434373,0.8664856
00032845.jpg,0.79208463,0.7664648
00025309.jpg,0.85395646,0.7876268
00038470.jpg,0.53545344,0.560644
00026513.jpg,0.9011836,0.8455112
00054600.jpg,0.8940847,0.8684988
00033769.jpg,0.6913791,0.7362978
00038352.jpg,0.64827573,0.452423
00058282.jpg,0.7083658,0.7970722
00009422.jpg,0.696699,0.556264
00045761.jpg,0.81806445,0.7491462
00020281.jpg,0.79351044,0.8777594
00037755.jpg,0.7801807,0.7235456
00032448.jpg,0.8651663,0.8505122
00036993.jpg,0.67113626,0.6093816
00039972.jpg,0.7963582,0.7768686
00049409.jpg,0.70033145,0.6787266
00022817.jpg,0.6988238,0.6866296
00045089.jpg,0.633476,0.6921822
00054463.jpg,0.7669784,0.691619
00053857.jpg,0.8768774,0.883164
00017094.jpg,0.86782897,0.8115816
00013204.jpg,0.90124166,0.8947002
00048179.jpg,0.7465892,0.7395496
00032126.jpg,0.8852165,0.882428
00015405.jpg,0.70313036,0.7306168
00046436.jpg,0.8124207,0.9267204
00044460.jpg,0.70219564,0.7168086
00007543.jpg,0.5147715,0.5936814
00035089.jpg,0.67250884,0.7071638
00021782.jpg,0.708709,0.7300586
00023274.jpg,0.66957736,0.6460792
00023803.jpg,0.80921376,0.745282
00036774.jpg,0.6803931,0.6380266
00022539.jpg,0.86446536,0.8076364
00002670.jpg,0.91106045,0.900811
n04231693_7616.jpg,0.6932478,0.68686867
n07929519_35665.jpg,0.78454167,0.8214286
00044825.jpg,0.71894,0.6651862
00058723.jpg,0.913008,0.7109442
00025509.jpg,0.7153082,0.6226986
00024952.jpg,0.80092907,0.787875
n02118333_8406.jpg,0.8543658,0.92783505
n07849336_22919.jpg,0.8397645,0.8453608
00014792.jpg,0.8434324,0.8658832
00021372.jpg,0.68242526,0.6696572
00024156.jpg,0.77479875,0.7762414
00040858.jpg,0.75597334,0.7972956
00035343.jpg,0.6619834,0.7349504
00001843.jpg,0.5896191,0.7135716
533b85f1b088732d.jpg,0.8438176,0.85263157
00007648.jpg,0.71490747,0.7824478
00033036.jpg,0.8056951,0.8157692
00027181.jpg,0.79129,0.6441688
00056160.jpg,0.7838702,0.816103
00031730.jpg,0.8637345,0.8723964
00041667.jpg,0.7004609,0.7760056
00034189.jpg,0.68289256,0.7562366
000000209266.jpg,0.7589116,0.7920792
00040578.jpg,0.74145216,0.6149138
00009333.jpg,0.64485765,0.5359448
00012561.jpg,0.811036,0.7936654
00048039.jpg,0.7030635,0.782436
00022458.jpg,0.7761982,0.7257754
35669675caf4ebe9.jpg,0.7529986,0.8039216
00026761.jpg,0.7898762,0.745367
00057389.jpg,0.86413693,0.824965
00029507.jpg,0.7016549,0.7873002
n04465501_602.jpg,0.68422484,0.72115386
00017819.jpg,0.6551542,0.6788108
00051850.jpg,0.758085,0.7859288
00015567.jpg,0.6900762,0.674327
00057891.jpg,0.72598374,0.7347596
000000518555.jpg,0.7396722,0.83157897
00006917.jpg,0.6583035,0.6788578
58d3cc60b1415406.jpg,0.7763191,0.6213592
00021162.jpg,0.72345006,0.7715144
00011582.jpg,0.8583176,0.9142578
00014775.jpg,0.63380384,0.5702012
00041764.jpg,0.8453319,0.8159144
00001300.jpg,0.68638146,0.509022
00053084.jpg,0.86856484,0.81231
00017920.jpg,0.6548424,0.5938118
00057982.jpg,0.745579,0.7878484
04ffafd84aa1be26.jpg,0.8219135,0.8252427
00029552.jpg,0.81261396,0.8749268
00039699.jpg,0.83280027,0.94669
00035494.jpg,0.6772237,0.7874952
00024704.jpg,0.8198685,0.8349054
00016779.jpg,0.71189475,0.8199326
00016007.jpg,0.9033536,0.8117826
00048536.jpg,0.85163826,0.9553624
00037376.jpg,0.7813556,0.7825334
000000110961.jpg,0.6527194,0.71153843
00006938.jpg,0.7571243,0.6980166
00004292.jpg,0.8395024,0.8883994
00032649.jpg,0.7364686,0.793962
00008891.jpg,0.7571491,0.7622124
00044010.jpg,0.59304094,0.6010664
00008202.jpg,0.87957764,0.942653
n04166281_6464.jpg,0.78680634,0.8556701
000000271190.jpg,0.75817966,0.7619048
00003517.jpg,0.7202964,0.885066
00004270.jpg,0.74206924,0.9113284
00038364.jpg,0.71736914,0.7726084
00005219.jpg,0.66533965,0.6665604
n00464894_15473.jpg,0.86508214,0.85714287
00026482.jpg,0.8983661,0.9653962
00014387.jpg,0.7250377,0.686206
00028481.jpg,0.7338519,0.694755
00003131.jpg,0.70935416,0.5172878
00036110.jpg,0.7123176,0.6426934
00025788.jpg,0.7840754,0.692619
00030583.jpg,0.692693,0.6679606
00047391.jpg,0.8052255,0.7411728
00016383.jpg,0.86450493,0.8772336
00053255.jpg,0.7956003,0.7066872
00030488.jpg,0.6995431,0.863172
n02396427_2310.jpg,0.85046375,0.89
n04252077_3530.jpg,0.73239815,0.6791045
00046888.jpg,0.7701597,0.7124154
00047005.jpg,0.78205055,0.7935794
n04610013_17722.jpg,0.68503284,0.62886596
00042340.jpg,0.7213772,0.7485102
00038521.jpg,0.62252164,0.6219014
00045610.jpg,0.89939034,0.9760436
00024595.jpg,0.8887265,0.8194238
00016364.jpg,0.81217855,0.8285628
00012584.jpg,0.75727785,0.6836924
00025172.jpg,0.60414726,0.3516224
00044390.jpg,0.7730525,0.6760204
00011706.jpg,0.7014229,0.8312078
00039205.jpg,0.8079041,0.6439568
00056794.jpg,0.76425827,0.734132
00049281.jpg,0.84114397,0.8364434
00030634.jpg,0.7768164,0.7785312
n02396427_14405.jpg,0.7533653,0.7529412
00052560.jpg,0.79537696,0.8201946
00023449.jpg,0.6989323,0.7255534
00006781.jpg,0.7806653,0.7927642
00032185.jpg,0.845515,0.9230616
00016552.jpg,0.750741,0.8010574
00035193.jpg,0.77971506,0.894472
00021565.jpg,0.619169,0.6469684
00000624.jpg,0.83756244,0.8045994
00033252.jpg,0.81230724,0.774385
00034725.jpg,0.6479701,0.7426166
00001773.jpg,0.8252001,0.957347
00006088.jpg,0.79197454,0.8820488
00017748.jpg,0.91484606,0.905531
00033287.jpg,0.8268613,0.9475154
00039938.jpg,0.76407754,0.6612424
00007377.jpg,0.6517626,0.6041668
00004683.jpg,0.726316,0.7705458
00045474.jpg,0.64191425,0.642064
00000133.jpg,0.7348021,0.7142042
00003926.jpg,0.82235247,0.8574532
00047535.jpg,0.886999,0.9501592
00020104.jpg,0.83769584,0.7734224
00007586.jpg,0.6765691,0.7361722
00028821.jpg,0.9390991,0.8246306
00051639.jpg,0.8091283,0.9251384
00030784.jpg,0.7937584,0.8040072
00016803.jpg,0.8475919,0.957112
00049376.jpg,0.8471948,0.7595288
00010616.jpg,0.7127595,0.8879818
00001523.jpg,0.783006,0.758672
00041596.jpg,0.6508784,0.7985766
00028736.jpg,0.8524368,0.9282728
00028083.jpg,0.76739645,0.7646896
eb62afcc2cc32f68.jpg,0.8146584,0.8557692
n09468604_31008.jpg,0.5761491,0.677686
00034708.jpg,0.73620915,0.776546
00054449.jpg,0.7341502,0.8717318
00000649.jpg,0.87918925,0.9155486
00046924.jpg,0.7300856,0.7046784
000000267797.jpg,0.74797225,0.625
00040808.jpg,0.8256127,0.8939772
00046764.jpg,0.71324575,0.7314826
00012260.jpg,0.6459844,0.6402564
00037232.jpg,0.66972005,0.6540238
8409089d99c0ffa2.jpg,0.8133786,0.7529412
00032137.jpg,0.8390722,0.799172
00022396.jpg,0.8117198,0.7603814
00033526.jpg,0.8597026,0.8535444
00050230.jpg,0.8626484,0.8819014
00031270.jpg,0.66830605,0.8398922
00040864.jpg,0.6883887,0.80283
00023529.jpg,0.8259975,0.8377388
00025657.jpg,0.770234,0.7545584
00046698.jpg,0.9816457,0.9340292
00018427.jpg,0.81450164,0.8188926
00041156.jpg,0.7368548,0.5817744
00028057.jpg,0.5975052,0.3644082
00058556.jpg,0.76740026,0.7613608
00003563.jpg,0.8048073,0.8686048
00013995.jpg,0.55150986,0.5037258
00014558.jpg,0.7241347,0.638335
00054343.jpg,0.8407681,0.774774
00015489.jpg,0.78043246,0.82824
de0930e766e1bc94.jpg,0.9062698,0.89719623
00045581.jpg,0.7854819,0.907996
00013350.jpg,0.8224095,0.844838
n00445351_13626.jpg,0.81498206,0.8595041
00056882.jpg,0.6691798,0.6851464
00034590.jpg,0.7191668,0.699656
00017014.jpg,0.813524,0.861579
000000424572.jpg,0.84491694,0.7920792
00046415.jpg,0.64530313,0.6197878
00000930.jpg,0.85526717,0.7751512
00038337.jpg,0.71221054,0.6493956
00049289.jpg,0.8030767,0.7170272
00032476.jpg,0.9287292,0.8204434
00002407.jpg,0.57286847,0.6366128
00058123.jpg,0.84844565,0.8865134
00043313.jpg,0.73903656,0.8038592
00049845.jpg,0.79329205,0.8601952
n02332755_9587.jpg,0.86551833,0.875
00051766.jpg,0.6906233,0.6101636
n09270735_14002.jpg,0.7941534,0.85714287
00057208.jpg,0.7823851,0.8025362
00041473.jpg,0.7272173,0.813684
00025404.jpg,0.7183006,0.7562472
00003737.jpg,0.77742255,0.8220266
00019215.jpg,0.7495178,0.740553
00017377.jpg,0.6741619,0.6153518
00053417.jpg,0.8315768,0.7809196
00010924.jpg,0.68449277,0.7214176
00020171.jpg,0.7688023,0.9371346
00025809.jpg,0.77254736,0.7237176
00002390.jpg,0.66932607,0.707826
00011164.jpg,0.72384495,0.7706932
00024957.jpg,0.77873266,0.6776878
sun_aukiwgmfpeqonurb.jpg,0.47968617,0.38
00016890.jpg,0.76319206,0.7751188
n07654148_11187.jpg,0.88805115,0.9166667
00018881.jpg,0.72767586,0.7031062
00033095.jpg,0.8433063,0.8877558
00023147.jpg,0.6812327,0.5860422
00040419.jpg,0.5969821,0.6911964
55d0a0c0726ac856.jpg,0.5922079,0.51648355
00015382.jpg,0.9479234,0.9175546
000000066441.jpg,0.83608055,0.8018868
00052797.jpg,0.6966846,0.73614
00013091.jpg,0.70807886,0.6290702
8c3acc0158dfe5ee.jpg,0.81893027,0.9126214
00008109.jpg,0.6297376,0.5300386
00044590.jpg,0.7933223,0.823282
00025195.jpg,0.6977242,0.7471312
n04467665_4166.jpg,0.7298268,0.6122449
00051340.jpg,0.8283627,0.9051446
00046802.jpg,0.6083958,0.6996696
00038476.jpg,0.68306446,0.7430048
00000204.jpg,0.9099442,0.930787
00021421.jpg,0.77947676,0.8202468
00002032.jpg,0.75934285,0.798174
00050740.jpg,0.99856746,0.9185812
00042839.jpg,0.7806663,0.814587
00030520.jpg,0.71371835,0.7086706
00016354.jpg,0.64465666,0.6731168
00032160.jpg,0.79126227,0.8521876
00011544.jpg,0.6664263,0.453796
00046042.jpg,0.75603294,0.8007762
00042638.jpg,0.7455367,0.7658974
00005087.jpg,0.5976157,0.5183054
00037333.jpg,0.7434039,0.8909222
00008986.jpg,0.7235793,0.813177
00005565.jpg,0.63076854,0.5945616
00008228.jpg,0.57015955,0.4583286
00019358.jpg,0.95635176,0.9717352
00010405.jpg,0.7608479,0.7346936
00014472.jpg,0.8732536,0.8144866
n07720875_3464.jpg,0.8270247,0.90425533
00018564.jpg,0.847044,0.7732844
00022898.jpg,0.81820464,0.8212238
00031197.jpg,0.9711195,0.9205812
00000258.jpg,0.8721274,0.9420304
00038484.jpg,0.6366458,0.7303166
00044542.jpg,0.7471212,0.7127792
00024980.jpg,0.81845045,0.67508
00052558.jpg,0.76152587,0.8487814
00048367.jpg,0.92191696,0.9755556
00027897.jpg,0.830305,0.9302588
a0805ac4c8992d3b.jpg,0.85444856,0.85365856
00051460.jpg,0.7682389,0.730711
00036509.jpg,0.73127913,0.8873924
00054890.jpg,0.86926043,0.878644
00052822.jpg,0.9336966,0.9617432
00057157.jpg,0.86290294,0.9019854
00039197.jpg,0.7891611,0.9434892
00049668.jpg,0.81815207,0.8287842
00023704.jpg,0.7800682,0.8079404
00049259.jpg,0.7729697,0.7676578
00022498.jpg,0.6956762,0.6796678
00038875.jpg,0.75473833,0.6575272
00057205.jpg,0.8076357,0.828959
00007557.jpg,0.6487244,0.5974044
00006942.jpg,0.8055767,0.7411074
00049911.jpg,0.8641863,0.7830726
00029245.jpg,0.8333942,0.881211
00056116.jpg,0.8513354,0.8093468
00047914.jpg,0.8024963,0.7689044
00030968.jpg,0.63950145,0.5342126
00042917.jpg,0.7924535,0.8960442
00023850.jpg,0.8895019,0.880418
00051781.jpg,0.70840037,0.76084
00000218.jpg,0.82596767,0.8785072
00053878.jpg,0.73267484,0.7987398
00041595.jpg,0.767221,0.7054792
000000100661.jpg,0.71155024,0.7735849
087dbe6470966500.jpg,0.6443301,0.7669903
00001731.jpg,0.8623574,0.807199
00030736.jpg,0.7901045,0.8774466
00038123.jpg,0.59634405,0.6182616
n07574602_27252.jpg,0.77628464,0.7358491
00008161.jpg,0.8095387,0.9026456
00018682.jpg,0.73751915,0.8299998
00048989.jpg,0.7029543,0.7176696
00025953.jpg,0.9208766,0.9109228
00018904.jpg,0.84475684,0.80859
00029701.jpg,0.7661779,0.749277
00048033.jpg,0.6432351,0.7818642
00018355.jpg,0.90133524,0.8472704
00005190.jpg,0.8416295,0.8803282
bc99f15674c5f363.jpg,0.74531376,0.6226415
00028505.jpg,0.700812,0.7633526
00055077.jpg,0.8844956,0.9145856
00001027.jpg,0.63870084,0.7198016
sun_bwxnzldrpyvierjp.jpg,0.7598641,0.814433
00041618.jpg,0.83263314,0.8201868
00040921.jpg,0.7202347,0.610166
00019470.jpg,0.7294009,0.7866922
00028619.jpg,0.83872247,0.8795814
00056854.jpg,0.7748852,0.7799132
00001090.jpg,0.9012368,0.80364
00030102.jpg,0.65990126,0.6753094
n02924116_40071.jpg,0.8008438,0.9047619
00050260.jpg,0.7990128,0.696488
00018028.jpg,0.6900172,0.7867138
00049496.jpg,0.6989707,0.6913334
n02355227_14684.jpg,0.8121262,0.7628866
00038482.jpg,0.73135275,0.7079588
00038268.jpg,0.6782063,0.6847232
00036221.jpg,0.7223556,0.7401102
00022732.jpg,0.58449084,0.6262272
n04465501_983.jpg,0.69347274,0.6952381
00032807.jpg,0.8079808,0.8604758
00026678.jpg,0.7808882,0.759755
000000201134.jpg,0.77810085,0.8214286
00004751.jpg,0.6482648,0.7271422
a9d68cbf0e4a54f6.jpg,0.79619324,0.79831934
00034354.jpg,0.59853315,0.6065278
00019154.jpg,0.7968477,0.8481622
00044205.jpg,0.6153899,0.7050946
00015293.jpg,0.8763623,0.8694292
00000255.jpg,0.74740875,0.6559838
n07697537_15088.jpg,0.8827951,0.96
00010449.jpg,0.7958567,0.7232342
n09270735_7649.jpg,0.7414652,0.7816092
00027947.jpg,0.7936424,0.8767634
00040241.jpg,0.7726759,0.6963648
00020954.jpg,0.7897348,0.7648194
00040727.jpg,0.74143004,0.66528
00010956.jpg,0.897467,0.793742
00012235.jpg,0.7090651,0.7947062
00045724.jpg,0.76529586,0.6463558
00024896.jpg,0.74206525,0.6880858
00018945.jpg,0.74372536,0.7832964
00039790.jpg,0.87608457,0.8911944
00057366.jpg,0.64009833,0.7253206
00009293.jpg,0.8026091,0.894096
00044652.jpg,0.7068874,0.75482
00023493.jpg,0.67417413,0.6136986
000000056266.jpg,0.7176671,0.8041237
00054470.jpg,0.78952575,0.7670268
00038076.jpg,0.69913626,0.5198522
00046987.jpg,0.7438266,0.6999556
00006137.jpg,0.7468896,0.6317152
00010851.jpg,0.72239286,0.6725414
00046046.jpg,0.6907637,0.6858218
00011604.jpg,0.7581879,0.7772572
00021151.jpg,0.63833964,0.6796076
n07583197_378.jpg,0.8279865,0.8518519
00042526.jpg,0.69863594,0.8923644
00050907.jpg,0.839036,0.9421034
n02946348_3065.jpg,0.77008724,0.8773585
000000146601.jpg,0.8882805,0.9223301
00009164.jpg,0.759712,0.7764896
00053924.jpg,0.78000593,0.7275814
00051519.jpg,0.83568,0.8432252
00026587.jpg,0.6651266,0.6825756
00030429.jpg,0.7540552,0.7417682
00055322.jpg,0.78228676,0.765514
00047154.jpg,0.67666024,0.6912532
00013248.jpg,0.8539052,0.8628224
00041122.jpg,0.78128767,0.7605598
00031234.jpg,0.7598752,0.9012792
00014830.jpg,0.6539922,0.6702632
00015193.jpg,0.7480027,0.7933436
00007291.jpg,0.80625725,0.8082404
00056521.jpg,0.8213458,0.7597414
00047749.jpg,0.68991065,0.5537728
00015533.jpg,0.7934223,0.885022
00017722.jpg,0.78744197,0.8971964
00013050.jpg,0.82239604,0.735252
00004557.jpg,0.84556985,0.8272388
00058135.jpg,0.7324407,0.7390244
0e61ee3614881ca1.jpg,0.73522645,0.8086957
00007064.jpg,0.60916615,0.558959
00015527.jpg,0.85723567,0.905275
00010839.jpg,0.81488615,0.7946316
00049426.jpg,0.5929788,0.5046604
00046457.jpg,0.74948716,0.7322702
00045831.jpg,0.7994875,0.8421864
000000444274.jpg,0.6790347,0.62376237
00050324.jpg,0.684711,0.7295618
n04335435_2819.jpg,0.7638147,0.74489796
00053217.jpg,0.69195306,0.6896144
00046229.jpg,0.7593912,0.7490258
00019655.jpg,0.88496625,0.9320918
00005713.jpg,0.69478583,0.666928
00050992.jpg,0.735682,0.721662
00004684.jpg,0.6184083,0.6256568
00021081.jpg,0.6135464,0.5952662
00005779.jpg,0.7687074,0.7362984
00008673.jpg,0.8395369,0.7971
00058563.jpg,0.83415055,0.8813126
00047813.jpg,0.80005765,0.7916494
00010476.jpg,0.78834105,0.9008828
00044302.jpg,0.69228685,0.6628344
n07654148_17522.jpg,0.77496827,0.82222223
00025762.jpg,0.6263964,0.5551136
00055389.jpg,0.7427763,0.8708448
00034099.jpg,0.6853014,0.683503
00054493.jpg,0.89148116,0.9666174
00045262.jpg,0.79477406,0.779414
00011688.jpg,0.80888605,0.8501442
00004085.jpg,0.7053271,0.7188924
00047518.jpg,0.8866228,0.9145712
000000440314.jpg,0.7313303,0.87
00052324.jpg,0.7704215,0.8274566
00045780.jpg,0.79169726,0.7466548
00020641.jpg,0.849704,0.8839722
00046464.jpg,0.8393082,0.7708572
n09359803_22217.jpg,0.54324657,0.40186915
00010264.jpg,0.70896506,0.8806234
00022947.jpg,0.85716224,0.9381998
00011912.jpg,0.75116,0.8251866
00002697.jpg,0.81180155,0.9001196
00058538.jpg,0.81126964,0.9062696
bddaf947fb95c1ad.jpg,0.5833041,0.7582418
00022662.jpg,0.7128259,0.669185
00013040.jpg,0.78042567,0.7496276
00004852.jpg,0.68198264,0.5006826
00054315.jpg,0.70050037,0.6776768
00005036.jpg,0.70739615,0.8502124
n00445351_6131.jpg,0.83176816,0.8604651
00050781.jpg,0.68696487,0.6481158
00035938.jpg,0.7570988,0.8669186
00055241.jpg,0.86989,0.8455622
00006897.jpg,0.82032454,0.884019
00016146.jpg,0.82092047,0.7741382
000000516740.jpg,0.6300622,0.7307692
00036838.jpg,0.6643466,0.7218556
00014346.jpg,0.6677073,0.625793
00052445.jpg,0.8402841,0.8153078
00032278.jpg,0.78002435,0.7608288
00038282.jpg,0.70715356,0.7375088
00043155.jpg,0.7832759,0.7880256
00028633.jpg,0.8415133,0.8771938
00006375.jpg,0.88044155,0.7992484
00026449.jpg,0.752591,0.7363468
00053368.jpg,0.74486536,0.8183958
00044749.jpg,0.7171218,0.79952
00040383.jpg,0.70862836,0.5669324
00057216.jpg,0.8233589,0.8512168
a252b3cce303c122.jpg,0.6261996,0.45454547
00038162.jpg,0.6835817,0.5499664
n02332755_10100.jpg,0.7937999,0.84761906
00057755.jpg,0.7720581,0.71139
00032385.jpg,0.8545807,0.8789358
00038370.jpg,0.73001367,0.793826
00023517.jpg,0.6758964,0.7069902
n04461696_4840.jpg,0.6736771,0.5619048
00008178.jpg,0.7957171,0.765988
00034892.jpg,0.70545864,0.7386366
00038334.jpg,0.6379912,0.578046
00020109.jpg,0.7945709,0.872457
00031508.jpg,0.61522216,0.5611624
000000040433.jpg,0.7319988,0.81904763
00057665.jpg,0.815219,0.8619232
00023438.jpg,0.89389825,0.9188212
00017335.jpg,0.74246657,0.7315632
00033799.jpg,0.72514987,0.6655408
00022798.jpg,0.6555573,0.6604426
00049291.jpg,0.7437879,0.7724958
00033988.jpg,0.7231314,0.78461
00022706.jpg,0.8094183,0.8643094
00050508.jpg,0.6644577,0.6585262
00007547.jpg,0.88768744,0.8947842
n07933274_34426.jpg,0.87651503,1.0
00013079.jpg,0.8112705,0.881931
00027780.jpg,0.6431593,0.6745354
000000080690.jpg,0.84865063,0.92241377
00042067.jpg,0.7822157,0.8832208
00019570.jpg,0.76265323,0.8102808
00053816.jpg,0.7419467,0.6324898
000000216455.jpg,0.7640343,0.6448598
00055474.jpg,0.82681084,0.6599386
n09270735_4151.jpg,0.64374244,0.6106195
00018219.jpg,0.74591583,0.8174002
00045978.jpg,0.6412317,0.5813224
00009213.jpg,0.6209023,0.5090386
00050057.jpg,0.7607999,0.8198656
00040783.jpg,0.7427302,0.7018238
00004757.jpg,0.9502473,0.9038834
n07679356_29289.jpg,0.890661,0.8269231
00019688.jpg,0.740855,0.7928404
00039825.jpg,0.7478622,0.8023728
00009843.jpg,0.78146243,0.6854656
00053142.jpg,0.7753036,0.755567
00032898.jpg,0.70910513,0.6337934
000000027486.jpg,0.77188194,0.74038464
00000430.jpg,0.8499044,0.9728528
00001588.jpg,0.77458936,0.7804466
00037371.jpg,0.60669166,0.534245
00011079.jpg,0.8370789,0.7928178
00016813.jpg,0.57470596,0.60485
00036136.jpg,0.6442981,0.5186102
00044530.jpg,0.8809767,0.9070414
00007426.jpg,0.7630918,0.5865792
000000443093.jpg,0.87646794,0.8902439
00028898.jpg,0.7486841,0.7908132
00024884.jpg,0.75695574,0.6773722
00018798.jpg,0.8422758,0.8584318
00003171.jpg,0.6276958,0.6779692
00030120.jpg,0.8569288,0.8274332
00014441.jpg,0.7457936,0.6424472
00038688.jpg,0.61878645,0.7060856
00051995.jpg,0.8118317,0.852294
00057438.jpg,0.9035982,0.8254506
00004263.jpg,0.9348887,0.8555756
00041375.jpg,0.70898247,0.5387988
00041144.jpg,0.87486506,0.910229
00031628.jpg,0.6889062,0.6714066
00050990.jpg,0.87176454,0.9478444
00032370.jpg,0.9022523,0.9316438
00002245.jpg,0.77409565,0.8290684
00000275.jpg,0.80455863,0.7526568
00041367.jpg,0.8253256,0.765927
00016147.jpg,0.65411747,0.7899602
45219608ce9955ac.jpg,0.7038883,0.71568626
00029417.jpg,0.7614213,0.7499576
00043683.jpg,0.6475725,0.6572046
00052349.jpg,0.79039073,0.6793698
00046142.jpg,0.68150365,0.6889112
00053006.jpg,0.8179947,0.848615
00013257.jpg,0.8164381,0.7099756
00024554.jpg,0.7936084,0.6729662
00049097.jpg,0.70003045,0.5854184
00010844.jpg,0.7303332,0.6883962
00019677.jpg,0.6034883,0.5709794
00011595.jpg,0.64667344,0.6923538
00053607.jpg,0.7698575,0.7532016
00052995.jpg,0.911396,0.9118888
00003425.jpg,0.87473893,0.8739328
00038855.jpg,0.74692273,0.9399096
fd2f59b6ea820008.jpg,0.63448054,0.61165047
00001037.jpg,0.86266816,0.9287256
n02946348_30706.jpg,0.82358503,0.8611111
00043842.jpg,0.86641693,0.9084038
00056420.jpg,0.6900296,0.5335214
00033073.jpg,0.58931965,0.570715
00036712.jpg,0.66462755,0.6311316
00029700.jpg,0.61995125,0.673358
00029043.jpg,0.78909135,0.8338692
00036305.jpg,0.7435498,0.7247152
00055190.jpg,0.84772277,0.8206948
00031617.jpg,0.86024225,0.9103296
n07880968_2379.jpg,0.79390305,0.88235295
00058205.jpg,0.7765761,0.7448096
00053751.jpg,0.8191205,0.8569164
00028649.jpg,0.82997394,0.8714708
00041912.jpg,0.7153722,0.8300084
00021381.jpg,0.85500526,0.861762
00005562.jpg,0.8126689,0.8218268
n03594945_8657.jpg,0.8801427,0.92241377
00030158.jpg,0.768439,0.7682502
n04467665_2044.jpg,0.72955644,0.74
n04461696_11897.jpg,0.7555387,0.8125
00020125.jpg,0.8867663,0.8638904
n02396427_4.jpg,0.85152185,0.9255319
00039140.jpg,0.56897867,0.6745672
00005753.jpg,0.7452825,0.6655148
00033904.jpg,0.66934896,0.7040828
00046977.jpg,0.7896519,0.8096116
00036052.jpg,0.7298672,0.4689958
00026319.jpg,0.76073074,0.7482614
00049260.jpg,0.7982685,0.7704448
00025252.jpg,0.772902,0.8297342
00046912.jpg,0.7038411,0.6932152
00012937.jpg,0.58048123,0.4884346
00050623.jpg,0.81587833,0.9632288
00016480.jpg,0.8414316,0.8928288
00051291.jpg,0.8188435,0.8936434
00001097.jpg,0.8300997,0.7739848
00016129.jpg,0.69984293,0.6380576
00044709.jpg,0.6739031,0.7904696
00007580.jpg,0.741706,0.7428992
00026396.jpg,0.8575468,0.9036876
00004206.jpg,0.9007753,0.9544282
00008730.jpg,0.79775244,0.85326
00047353.jpg,0.70102346,0.5688758
n03791053_7806.jpg,0.7960001,0.8224299
00033417.jpg,0.53890395,0.6717308
00029468.jpg,0.89432716,0.8818352
000000125617.jpg,0.8181567,0.83495146
00017396.jpg,0.8754101,0.8193518
00039696.jpg,0.69387096,0.651961
00029062.jpg,0.8498047,0.8396344
00025886.jpg,0.75439215,0.68862
00035611.jpg,0.64312327,0.7231768
00057817.jpg,0.81248236,0.77603
00022172.jpg,0.729036,0.6649242
00044489.jpg,0.744913,0.7803008
00044251.jpg,0.96044385,0.9161586
n07690273_26876.jpg,0.8615055,0.8
00009769.jpg,0.741384,0.8514704
00056884.jpg,0.7914774,0.8391996
00023354.jpg,0.83730924,0.7808754
00018786.jpg,0.8198311,0.910711
00016140.jpg,0.7469318,0.7536384
00027110.jpg,0.7584876,0.7310274
00044243.jpg,0.84678996,0.8212648
00043583.jpg,0.8280692,0.9525214
n09288635_399.jpg,0.59323347,0.65
00032656.jpg,0.82425404,0.8564346
00005522.jpg,0.70512307,0.6979032
00021540.jpg,0.8721492,0.7577058
00036000.jpg,0.6168737,0.6535162
00053457.jpg,0.8553437,0.827561
00016337.jpg,0.7758384,0.8497646
00036816.jpg,0.7266538,0.6393242
00052240.jpg,0.7372361,0.8407964
00050850.jpg,0.7824075,0.850314
00012302.jpg,0.7116083,0.5615944
000000360374.jpg,0.75695014,0.80851066
00030969.jpg,0.85542095,0.8606132
00027650.jpg,0.7459748,0.7564588
00034262.jpg,0.6669172,0.6326386
00007701.jpg,0.78274477,0.8420066
00010807.jpg,0.71216846,0.7994542
00016953.jpg,0.6930126,0.5271828
00049525.jpg,0.8103845,0.8622544
00017554.jpg,0.7572094,0.8283652
00055530.jpg,0.8338585,0.922499
00001098.jpg,0.74170303,0.8127806
000000089027.jpg,0.75078154,0.82653064
00009925.jpg,0.65822935,0.6456322
00035110.jpg,0.7222358,0.6967022
00010996.jpg,0.85610723,0.8924002
00014468.jpg,0.8359282,0.9430858
00053707.jpg,0.70438343,0.6581478
00025162.jpg,0.6802357,0.6610412
00011041.jpg,0.75579095,0.7641918
00019922.jpg,0.6588198,0.5453512
00047516.jpg,0.79007316,0.6660482
00042778.jpg,0.78156936,0.7968884
00043191.jpg,0.66652524,0.7008956
00028982.jpg,0.8224051,0.8842906
00041608.jpg,0.79601836,0.7219338
00025077.jpg,0.6098822,0.565152
00055146.jpg,0.83001316,0.9444674
00001665.jpg,0.6575159,0.6691894
00002911.jpg,0.8500405,0.8449662
n04610013_9664.jpg,0.65946305,0.7047619
00021161.jpg,0.76615167,0.8811986
00021055.jpg,0.81112933,0.6846258
00024422.jpg,0.865474,0.8706602
00042036.jpg,0.7410518,0.7392828
n07801508_13723.jpg,0.9103985,0.93043476
00051102.jpg,0.7569936,0.8332988
000000337446.jpg,0.7547796,0.7619048
00032211.jpg,0.8140285,0.8685908
00038437.jpg,0.84569144,0.8707724
00051814.jpg,0.8742572,0.7298652
n07583197_7214.jpg,0.83779025,0.8446602
000000127647.jpg,0.84126294,0.9405941
00028634.jpg,0.72758687,0.7542574
00020543.jpg,0.73606026,0.7821622
00022151.jpg,0.7345654,0.678978
00033688.jpg,0.8013917,0.713033
n02878222_49624.jpg,0.7249011,0.8035714
00012997.jpg,0.7228007,0.7341784
000000146099.jpg,0.78248477,0.8348624
000000379272.jpg,0.7728753,0.9111111
00024287.jpg,0.7668941,0.822848
00018922.jpg,0.89823353,0.9248762
00033830.jpg,0.7067853,0.7089904
n09288635_1006.jpg,0.74239194,0.76086956
00021060.jpg,0.8802446,0.8507672
00012926.jpg,0.9206594,0.9444272
n01514668_4216.jpg,0.82251763,0.8979592
00028279.jpg,0.8095798,0.7973954
00012228.jpg,0.8358282,0.7459082
00057322.jpg,0.6342629,0.7286706
00038138.jpg,0.7118964,0.7450956
00047327.jpg,0.84682536,0.8884028
00024030.jpg,0.9457269,0.9506508
00004889.jpg,0.90885854,0.8830606
00027484.jpg,0.82877004,0.8061414
00044165.jpg,0.6843676,0.6847108
00029343.jpg,0.7753054,0.8207372
00013655.jpg,0.7117009,0.7522894
00004724.jpg,0.62045896,0.5512088
00017440.jpg,0.71287215,0.5998052
00006069.jpg,0.82825184,0.5747232
000000110159.jpg,0.7785894,0.86206895
n09217230_815.jpg,0.6329752,0.5913978
n02332755_6877.jpg,0.85242295,0.7647059
00009094.jpg,0.8118762,0.8547758
00038573.jpg,0.52765304,0.5569152
00030815.jpg,0.5636542,0.5908032
00052498.jpg,0.7726289,0.7626908
00028507.jpg,0.6950101,0.8162286
00054710.jpg,0.8531915,0.8443002
00003466.jpg,0.67844653,0.7563296
00016619.jpg,0.8392782,0.877439
00025040.jpg,0.67525256,0.602392
n02793495_12521.jpg,0.63972723,0.76237625
00041225.jpg,0.765617,0.7204838
00036685.jpg,0.62635076,0.6189946
00042111.jpg,0.73422265,0.7399562
00009383.jpg,0.6605054,0.7149332
00030294.jpg,0.72639376,0.7695506
00046944.jpg,0.83353806,0.8882968
n02946348_1541.jpg,0.8253546,0.68421054
00053536.jpg,0.8946215,0.9795492
00034738.jpg,0.6262948,0.6218422
00055911.jpg,0.6724558,0.6919126
00037609.jpg,0.67028725,0.7883904
n07680932_68607.jpg,0.8863764,0.9361702
00025188.jpg,0.9100642,0.781674
000000211283.jpg,0.788,0.9
00002070.jpg,0.7827219,0.8550242
00000588.jpg,0.6460145,0.5249352
00007124.jpg,0.9404317,0.9311812
00020789.jpg,0.6421784,0.5458782
n07838073_11273.jpg,0.80509484,0.8484849
00033354.jpg,0.60940886,0.5814546
00022890.jpg,0.79359365,0.768355
00008051.jpg,0.9242352,0.8214588
00053494.jpg,0.7438388,0.7791186
00002248.jpg,0.7786827,0.8225796
00027006.jpg,0.9194181,0.900348
n02129165_13095.jpg,0.86518466,0.8712871
00003205.jpg,0.735106,0.7166228
00028724.jpg,0.75472045,0.7239968
00020849.jpg,0.69045347,0.5678322
00025679.jpg,0.64620346,0.7156806
00000126.jpg,0.82719207,0.7917168
00002320.jpg,0.76538396,0.831573
00041868.jpg,0.6602781,0.8074022
00025315.jpg,0.7392117,0.8422312
000000431484.jpg,0.7770916,0.82
000000043944.jpg,0.819559,0.8703704
00048863.jpg,0.9338584,0.9855304
00004614.jpg,0.7777574,0.7662106
00052309.jpg,0.6713686,0.6801818
00050747.jpg,0.73592067,0.7704642
n09288635_3879.jpg,0.671494,0.7979798
00031710.jpg,0.5974133,0.559127
000000437126.jpg,0.81675494,0.88297874
00005330.jpg,0.88870394,0.910804
00053598.jpg,0.79624784,0.6475044
00042376.jpg,0.7784203,0.8309074
00026726.jpg,0.7479282,0.6690086
00014127.jpg,0.7779629,0.7402648
sun_abuwqcofbenlwulz.jpg,0.66365063,0.74747473
00043602.jpg,0.7134617,0.647488
00051898.jpg,0.5919252,0.5346258
00003092.jpg,0.76574653,0.837313
00009827.jpg,0.71739423,0.8074752
00027232.jpg,0.7788656,0.7147304
00008516.jpg,0.6345043,0.4545766
n02793495_7506.jpg,0.64357936,0.675
00030644.jpg,0.83225226,0.8322326
00015090.jpg,0.6406176,0.631734
00002971.jpg,0.77350223,0.8363138
00008922.jpg,0.8807565,0.7710506
00010185.jpg,0.7438414,0.8477334
n03541923_5803.jpg,0.86176133,0.8021978
00003103.jpg,0.8331762,0.9597524
00048529.jpg,0.75485015,0.7978508
00017461.jpg,0.5876598,0.5856734
00010545.jpg,0.692919,0.8146714
n02691156_6870.jpg,0.74391305,0.7019231
00033583.jpg,0.7945128,0.8716956
00054573.jpg,0.85480976,0.804449
n09288635_11612.jpg,0.6311611,0.8172043
00031117.jpg,0.7548888,0.7941946
00036616.jpg,0.86332786,0.9198934
00030818.jpg,0.83536005,0.8168574
00054599.jpg,0.82966304,0.7101668
00034850.jpg,0.54400945,0.5093294
00055370.jpg,0.6928225,0.851741
00044655.jpg,0.6849193,0.8419598
n00464894_12673.jpg,0.7076044,0.7916667
00007200.jpg,0.64355814,0.6485214
00029791.jpg,0.82402265,0.9356708
00057940.jpg,0.6656904,0.617374
n09393605_59157.jpg,0.69265985,0.8888889
000000232718.jpg,0.7558488,0.8076923
00004361.jpg,0.6864485,0.7182852
00014478.jpg,0.5654511,0.4189906
00030467.jpg,0.8567796,0.7354912
n03351262_341.jpg,0.6608187,0.68
n03670208_36693.jpg,0.7483946,0.6909091
00031918.jpg,0.8251854,0.8319872
n07680932_26289.jpg,0.95500064,0.9529412
n07911677_977.jpg,0.76841074,0.7745098
00010107.jpg,0.642393,0.64086
00007078.jpg,0.7476975,0.750359
00044068.jpg,0.7358875,0.7231908
n07849336_20809.jpg,0.82367975,0.8717949
00007816.jpg,0.71100354,0.788597
00010371.jpg,0.785962,0.8633466
n03541923_5874.jpg,0.75260663,0.67676765
00038905.jpg,0.71650386,0.7090858
n07720875_7739.jpg,0.81277573,0.67826086
00048009.jpg,0.82181823,0.913654
00032901.jpg,0.5873641,0.5831128
000000562110.jpg,0.72788894,0.7676768
00045567.jpg,0.7203522,0.7583036
00009812.jpg,0.7913297,0.844923
00058060.jpg,0.7254336,0.8213834
00048168.jpg,0.6600517,0.716459
n03670208_13910.jpg,0.8384426,0.8876405
00041620.jpg,0.84916425,0.8448268
00044631.jpg,0.7491442,0.6933934
n02834778_3958.jpg,0.6692618,0.6862745
00023162.jpg,0.5810448,0.5888722
00031255.jpg,0.7942734,0.868557
n07880968_6843.jpg,0.8421587,0.79816514
00043468.jpg,0.7792808,0.8479958
n02342885_12751.jpg,0.8141277,0.7777778
n02878222_23308.jpg,0.723791,0.7745098
00036883.jpg,0.7133579,0.5505762
00039316.jpg,0.6185591,0.6862738
00017054.jpg,0.7262707,0.6271242
00056529.jpg,0.6973283,0.6083058
00025028.jpg,0.9173893,0.8566638
00020193.jpg,0.8568059,0.8807076
00018148.jpg,0.8479452,0.8102346
n00440941_9933.jpg,0.7444321,0.7126437
00037120.jpg,0.64908487,0.5547952
00028291.jpg,0.8661473,0.8189088
000000222599.jpg,0.7307137,0.8484849
00016284.jpg,0.76356053,0.8091628
00033083.jpg,0.75536454,0.9188068
n02396427_14005.jpg,0.79885364,0.8681319
00043315.jpg,0.7468815,0.8089606
00030942.jpg,0.86346006,0.9032746
00055617.jpg,0.7699754,0.8955982
00039883.jpg,0.84746635,0.8366454
00010052.jpg,0.7375723,0.5674144
00002633.jpg,0.63572335,0.6453466
00018778.jpg,0.85105085,0.7271452
00025200.jpg,0.74239206,0.6909374
00043694.jpg,0.6653526,0.634654
00034981.jpg,0.7518281,0.6953262
00021164.jpg,0.8442832,0.8767088
00040688.jpg,0.6648741,0.71464
00011025.jpg,0.89662135,0.887272
00019717.jpg,0.8274783,0.8504112
00020619.jpg,0.60172933,0.6660798
n04467665_30494.jpg,0.7715572,0.77884614
00029090.jpg,0.77139276,0.775196
00058667.jpg,0.8560525,0.8781038
00054452.jpg,0.60596365,0.6260338
00027439.jpg,0.68845665,0.7531574
00058351.jpg,0.60240245,0.5948558
00048284.jpg,0.69799966,0.7458326
00033512.jpg,0.8118712,0.786213
00020406.jpg,0.77775276,0.751096
00027628.jpg,0.60950434,0.537355
00034025.jpg,0.7128761,0.6470212
n02118333_8823.jpg,0.835734,0.83495146
00049341.jpg,0.90239906,0.960734
00048815.jpg,0.8596406,0.7798926
00038869.jpg,0.62941945,0.6642344
00034257.jpg,0.80156314,0.841158
d7d111c164d6ac0a.jpg,0.8010273,0.6727273
00018240.jpg,0.79314977,0.79967
00037209.jpg,0.701845,0.5851536
00045357.jpg,0.8080933,0.8983136
00049282.jpg,0.68478006,0.683877
00037615.jpg,0.5834037,0.6879152
00056672.jpg,0.7715728,0.7429336
00014036.jpg,0.66819537,0.6942648
00031620.jpg,0.678015,0.67561
00037804.jpg,0.75006664,0.7297736
a64f5a1102622573.jpg,0.6464081,0.59375
n07654148_14341.jpg,0.82915246,0.8761905
00025634.jpg,0.81200933,0.8144742
n04610013_21393.jpg,0.7069745,0.7741935
00054232.jpg,0.7155193,0.7819702
00010102.jpg,0.8346493,0.7983612
00045943.jpg,0.85725284,0.8433128
00027404.jpg,0.73634267,0.803226
00047877.jpg,0.72248244,0.7186416
000000405778.jpg,0.65227425,0.78640777
00030526.jpg,0.9239315,0.9293912
00026336.jpg,0.6519418,0.5598152
00019296.jpg,0.8455652,0.6885096
00050013.jpg,0.73929536,0.7639394
00033339.jpg,0.7653698,0.7095632
00037219.jpg,0.61757886,0.544249
00037597.jpg,0.75221133,0.6652398
00032963.jpg,0.74780345,0.760617
00020304.jpg,0.69936204,0.7530772
0bd97cc657f4c3f4.jpg,0.68482566,0.78571427
c5f449be9bb8a291.jpg,0.766845,0.8333333
00039102.jpg,0.70779747,0.7906996
00009806.jpg,0.65493333,0.56007
00053811.jpg,0.80906796,0.8241202
00023335.jpg,0.7822156,0.7556352
00007857.jpg,0.749233,0.8867402
n00470966_4644.jpg,0.74087936,0.64705884
00047656.jpg,0.7594985,0.7694118
00046087.jpg,0.72785056,0.4973444
00037151.jpg,0.5475193,0.5643936
00026363.jpg,0.8385503,0.8352524
n03670208_5255.jpg,0.83612347,0.9339623
00007415.jpg,0.59507066,0.670246
00034730.jpg,0.7637829,0.7686724
00022266.jpg,0.8993516,0.914639
n09376198_26839.jpg,0.5420115,0.5104167
00018700.jpg,0.6848601,0.5884888
00031965.jpg,0.8210157,0.854588
00057270.jpg,0.6360501,0.6901064
00020609.jpg,0.83897066,0.8750334
00035607.jpg,0.6447426,0.4613112
00055228.jpg,0.8350202,0.9388706
00052707.jpg,0.6512433,0.7504646
00049705.jpg,0.6986928,0.6055306
n07801091_50222.jpg,0.51699907,0.47916666
00047729.jpg,0.69662535,0.8336564
00016019.jpg,0.639997,0.490955
00027235.jpg,0.6919045,0.646893
00031053.jpg,0.6626197,0.5547272
00029359.jpg,0.68171453,0.792755
00046187.jpg,0.8035483,0.8143566
00040823.jpg,0.6256418,0.5818678
00033749.jpg,0.7958239,0.7145378
00008882.jpg,0.80216813,0.7856688
00008705.jpg,0.80366135,0.7798034
00048924.jpg,0.92922294,0.918056
00011292.jpg,0.6691054,0.6483144
00055624.jpg,0.7254951,0.8426852
00001823.jpg,0.6061797,0.5388518
00054405.jpg,0.8042705,0.9192328
00051854.jpg,0.6679411,0.6181518
00005770.jpg,0.90000415,0.893505
00004321.jpg,0.7761663,0.8912098
00007009.jpg,0.8846104,0.9046136
00031413.jpg,0.8575592,0.820658
00030452.jpg,0.7458068,0.7254592
00037227.jpg,0.5881383,0.6376638
00006342.jpg,0.67682064,0.577611
00024467.jpg,0.80425,0.6963744
sun_avtprdrihxhgackd.jpg,0.6687317,0.71153843
00029233.jpg,0.7665777,0.7782584
00055585.jpg,0.8179573,0.8121406
000000503575.jpg,0.70429707,0.5955056
00001415.jpg,0.75449175,0.746024
00017861.jpg,0.81306547,0.833574
00021967.jpg,0.7017282,0.7469994
00002630.jpg,0.6905974,0.6974082
n04467665_2376.jpg,0.6806327,0.7522936
00042809.jpg,0.62773955,0.64392
00046163.jpg,0.5699817,0.6471142
n07717556_5591.jpg,0.90751266,0.94827586
278e8a805970f410.jpg,0.5674519,0.627451
00021908.jpg,0.8240771,0.9015604
00037096.jpg,0.7169119,0.823773
00041152.jpg,0.66634786,0.7197182
00001078.jpg,0.58107525,0.5879624
00030909.jpg,0.7656557,0.8271516
00035056.jpg,0.6065763,0.525003
00010805.jpg,0.87907815,0.8023846
00019885.jpg,0.7440553,0.6694928
00023127.jpg,0.8340864,0.8403382
00053970.jpg,0.79293525,0.9098532
00054951.jpg,0.675997,0.67947
00022887.jpg,0.74839246,0.6865282
e98d463e02434aba.jpg,0.6987778,0.66346157
00026488.jpg,0.80373454,0.8012234
00007511.jpg,0.7598592,0.6827488
00045658.jpg,0.86660254,0.9172342
00044443.jpg,0.7791869,0.7177824
00030310.jpg,0.6452583,0.7152808
00053650.jpg,0.7938828,0.65758
00009648.jpg,0.76733136,0.7846868
00019488.jpg,0.7387238,0.8037066
00052484.jpg,0.7675276,0.8126358
00002929.jpg,0.77923536,0.7471962
n09468604_56838.jpg,0.5150099,0.79746836
00030779.jpg,0.59398043,0.7238028
00053071.jpg,0.5818465,0.6016478
n04610013_7516.jpg,0.67865217,0.6513761
00042290.jpg,0.71260417,0.6853146
eb9c2f5ef792d456.jpg,0.8448765,0.8543689
n02355227_14685.jpg,0.8542743,0.8679245
00025359.jpg,0.8378234,0.7539682
00020338.jpg,0.5752568,0.514204
00031934.jpg,0.85450816,0.8798524
00048632.jpg,0.6716385,0.6413372
00045903.jpg,0.7736954,0.766984
00051558.jpg,0.7281066,0.5017554
00017411.jpg,0.77404857,0.716613
00058719.jpg,0.7824044,0.7207122
00034255.jpg,0.7297174,0.8373946
00034049.jpg,0.6513885,0.6937906
00027975.jpg,0.8224629,0.8299472
00018811.jpg,0.8371234,0.8486034
00054371.jpg,0.71603596,0.8045112
00025576.jpg,0.6312815,0.3910234
00038580.jpg,0.72050965,0.6594692
00041851.jpg,0.64737535,0.6933476
00027981.jpg,0.6837399,0.851626
00013875.jpg,0.83598495,0.8723886
00031233.jpg,0.77870274,0.9248204
n07574602_22465.jpg,0.8571061,0.85087717
00046595.jpg,0.6525879,0.6622404
00004369.jpg,0.79775226,0.7785514
00011188.jpg,0.9412986,0.9014272
00034584.jpg,0.7233927,0.6591424
00039489.jpg,0.6414362,0.6394536
00020709.jpg,0.8070265,0.7549784
00039083.jpg,0.9175682,0.9642384
sun_azygdhuijrbfollv.jpg,0.6450459,0.5
00053946.jpg,0.74251604,0.685958
00044708.jpg,0.8043318,0.8284228
00012759.jpg,0.7558098,0.8705806
00057912.jpg,0.77772915,0.8190182
00020205.jpg,0.7642237,0.7668962
00005255.jpg,0.79789126,0.8449378
n02450034_11358.jpg,0.78257024,0.84
00038762.jpg,0.71311915,0.7880364
00044877.jpg,0.79087794,0.806714
00020096.jpg,0.6487919,0.6106012
000000086210.jpg,0.64586544,0.6344086
00022147.jpg,0.7689011,0.7678992
n07583197_6797.jpg,0.8714293,0.9514563
00026442.jpg,0.7135081,0.6085654
00029496.jpg,0.7786406,0.8164806
n09288635_4733.jpg,0.5998904,0.7875
00023684.jpg,0.65792096,0.6237524
00052421.jpg,0.833478,0.8676818
00019367.jpg,0.8145546,0.7742402
n07717556_4197.jpg,0.8536619,0.7613636
00018639.jpg,0.5566969,0.7121896
00008236.jpg,0.84999275,0.8406544
00047810.jpg,0.6382795,0.5902106
00047676.jpg,0.86601436,0.9270342
00038755.jpg,0.82818377,0.7793574
00012771.jpg,0.71185637,0.670441
sun_btuibprrdcrjqxvw.jpg,0.5743072,0.48076922
00021201.jpg,0.7089019,0.7412562
00002528.jpg,0.8228865,0.932104
00024442.jpg,0.7950889,0.732854
00039645.jpg,0.7440957,0.673182
00029840.jpg,0.67211366,0.6489164
00045416.jpg,0.7362499,0.7722876
00020047.jpg,0.81160975,0.9378572
n07583197_1118.jpg,0.780432,0.75555557
00025061.jpg,0.8073695,0.8963262
00018261.jpg,0.7714306,0.6904468
000000319866.jpg,0.79162395,0.7757009
00035163.jpg,0.6495683,0.5894392
00046771.jpg,0.8611721,0.9148142
00049124.jpg,0.79973745,0.8606626
00015681.jpg,0.7731255,0.7506072
n00480993_4180.jpg,0.80174345,0.76086956
00030729.jpg,0.8269819,0.8123044
00042508.jpg,0.89129615,0.9080128
00021909.jpg,0.7088659,0.6347568
00035696.jpg,0.54466075,0.4868636
00036567.jpg,0.74634594,0.8791552
n03790512_11613.jpg,0.8014705,0.8192771
00012968.jpg,0.7987129,0.8501088
00053949.jpg,0.83454394,0.7769096
00026589.jpg,0.70011926,0.7030458
00041215.jpg,0.6577984,0.6475966
00006954.jpg,0.9590157,0.9363136
00013081.jpg,0.67364407,0.7666432
00015609.jpg,0.72802806,0.706902
00038990.jpg,0.639138,0.695296
00035216.jpg,0.69176257,0.5713946
00044455.jpg,0.92268896,0.8831602
00013821.jpg,0.8050176,0.8762578
00055079.jpg,0.69444263,0.7448902
sun_bngquulvvnytlqxq.jpg,0.75855744,0.85858583
00027825.jpg,0.75138354,0.6626208
00027672.jpg,0.89365256,0.9413572
00011177.jpg,0.7024566,0.847319
00010069.jpg,0.5874498,0.5511224
00014016.jpg,0.67597806,0.6622138
ec9a69a43724e57a.jpg,0.52035296,0.43137255
00057793.jpg,0.8588324,0.8301464
00017634.jpg,0.8281918,0.8611802
00038656.jpg,0.63156927,0.6020142
00047858.jpg,0.79804665,0.6463024
00019576.jpg,0.69190145,0.7119478
00025849.jpg,0.5736065,0.6027514
n09428293_5995.jpg,0.63478464,0.7
00012362.jpg,0.7443217,0.7874754
00033978.jpg,0.75980484,0.8542972
0c79a0995798a379.jpg,0.7031503,0.6888889
00037845.jpg,0.635726,0.48073
00054820.jpg,0.839012,0.9021862
n09468604_18462.jpg,0.52696955,0.53636366
00044899.jpg,0.69152,0.796427
00011474.jpg,0.80841494,0.8844384
00029576.jpg,0.73577976,0.700742
00045806.jpg,0.801375,0.7896424
00014226.jpg,0.57286483,0.5177934
00047893.jpg,0.74309105,0.7609414
sun_andvaoamnpthswld.jpg,0.7026686,0.6597938
00039996.jpg,0.6977052,0.8723602
00023184.jpg,0.8686447,0.7993834
00013945.jpg,0.78538525,0.9293978
00017290.jpg,0.775921,0.8543792
00004868.jpg,0.76682794,0.8835734
00056976.jpg,0.7388177,0.6481512
7e9bda209af185d6.jpg,0.7823457,0.70873785
8f8a5518eb347887.jpg,0.647272,0.70247936
00016122.jpg,0.751178,0.8117894
00007936.jpg,0.7607345,0.885246
00039106.jpg,0.75456226,0.7368572
00045387.jpg,0.73161006,0.703193
00038995.jpg,0.81275547,0.8553544
00045039.jpg,0.71335495,0.7774508
00005047.jpg,0.8127005,0.8906046
00001260.jpg,0.7127075,0.7232148
00045040.jpg,0.77687514,0.775279
00050693.jpg,0.8081324,0.796551
n04610013_2229.jpg,0.7017665,0.71428573
n09376198_6163.jpg,0.6543709,0.7184466
00013382.jpg,0.85626554,0.8442792
00057173.jpg,0.73280525,0.6722188
705a34e58044ec9f.jpg,0.83515865,0.8703704
00055302.jpg,0.81177723,0.811515
00005543.jpg,0.67662185,0.6482708
00022103.jpg,0.77359605,0.9128572
00015748.jpg,0.78091717,0.826713
00018173.jpg,0.8023932,0.873985
000000283246.jpg,0.65093505,0.51724136
000000213669.jpg,0.69535804,0.6434783
00025974.jpg,0.6712346,0.7707804
00026568.jpg,0.90233815,0.959308
00035103.jpg,0.70074755,0.6825432
00051206.jpg,0.7644316,0.7893602
00040928.jpg,0.76015556,0.681903
00055561.jpg,0.8488709,0.8801396
n00439826_6314.jpg,0.8036369,0.7314815
00022003.jpg,0.77884126,0.8421598
00042706.jpg,0.69959486,0.6900674
00038052.jpg,0.6024983,0.6256558
00051161.jpg,0.7875502,0.8151354
00017958.jpg,0.614554,0.6519874
00014083.jpg,0.6867491,0.640108
00052633.jpg,0.6552174,0.7173032
00050343.jpg,0.7611555,0.8278862
00034616.jpg,0.6420203,0.5569016
00038219.jpg,0.6548121,0.76912
00041678.jpg,0.7267653,0.735985
00030985.jpg,0.8363769,0.9171428
00034086.jpg,0.70543003,0.6627
00025477.jpg,0.86726236,0.9336288
00016278.jpg,0.8403863,0.8044872
00022775.jpg,0.5905,0.656207
00047121.jpg,0.7747035,0.7527252
00008889.jpg,0.5710499,0.486897
00020213.jpg,0.77166116,0.9048454
00035475.jpg,0.81049395,0.8868366
00039753.jpg,0.6938685,0.6250858
n12345899_5852.jpg,0.5578896,0.64835167
00014801.jpg,0.61793935,0.5309594
00044980.jpg,0.71286273,0.6526592
n04610013_13729.jpg,0.67231447,0.6666667
n02430045_5913.jpg,0.70989907,0.83870965
00035510.jpg,0.62605166,0.6449604
00003070.jpg,0.71966815,0.7366448
61052fcae53fe1d1.jpg,0.832832,0.8659794
n07806221_22775.jpg,0.7480053,0.82954544
03e15185cfaf3edf.jpg,0.8353455,0.91463417
00047057.jpg,0.6446149,0.6261796
00023940.jpg,0.83797276,0.7979958
316af044aec03d7a.jpg,0.7825693,0.8372093
00047740.jpg,0.7311208,0.5812882
n03670208_6553.jpg,0.84218115,0.91818184
00011344.jpg,0.8278382,0.9053924
00017916.jpg,0.7469766,0.7896474
sun_adpbjcrpyetqykvt.jpg,0.6931647,0.7798165
n07711569_1295.jpg,0.790936,0.8604651
00026079.jpg,0.73613095,0.7212434
n02924116_69671.jpg,0.7724742,0.75789475
00033835.jpg,0.6159909,0.5982314
00023652.jpg,0.7980709,0.8118168
00011830.jpg,0.67806876,0.7527428
00047192.jpg,0.7277528,0.7904662
00010100.jpg,0.91167545,0.840042
00040915.jpg,0.73429257,0.6587728
00024905.jpg,0.6826619,0.689128
00035779.jpg,0.7075126,0.689044
00022841.jpg,0.7287947,0.744335
00039066.jpg,0.7984301,0.8421184
00001727.jpg,0.65355504,0.5478782
00042953.jpg,0.76142544,0.6793538
00053686.jpg,0.9219874,0.8986954
00037536.jpg,0.6928874,0.7872328
00046050.jpg,0.75351703,0.7873742
00001113.jpg,0.67964804,0.7169074
00031504.jpg,0.6756383,0.7251202
00051873.jpg,0.8706192,0.7655722
00033238.jpg,0.8124877,0.760954
00042122.jpg,0.8359481,0.7411112
00013170.jpg,0.7457284,0.737868
00038827.jpg,0.7816223,0.8839318
00047854.jpg,0.6699109,0.529178
00040568.jpg,0.71010303,0.7334618
00012773.jpg,0.7057382,0.6513822
746d8cccf68176e7.jpg,0.81206644,0.7714286
n07933274_31151.jpg,0.87117445,0.8888889
000000470300.jpg,0.805875,0.79347825
00010534.jpg,0.8864589,0.6929268
00040017.jpg,0.6521981,0.5119326
00019000.jpg,0.82565176,0.7188128
00018839.jpg,0.76636887,0.725351
00044622.jpg,0.8345988,0.7896514
n03791053_13776.jpg,0.81578946,0.7777778
00034138.jpg,0.66873616,0.6384124
00038744.jpg,0.682931,0.6686692
00045153.jpg,0.90336215,0.909043
00000773.jpg,0.7039199,0.6840008
00055519.jpg,0.65814936,0.6905014
00033729.jpg,0.78194255,0.8134422
00038425.jpg,0.5186396,0.5286602
00002350.jpg,0.76373196,0.811778
00022391.jpg,0.835951,0.8601998
00002963.jpg,0.7651825,0.6627378
00009240.jpg,0.7553158,0.6882306
00048553.jpg,0.8616183,0.9119134
00030823.jpg,0.86199427,0.946329
00012864.jpg,0.70110035,0.7334566
00053995.jpg,0.8452796,0.8350052
00044213.jpg,0.70059216,0.70571
00024123.jpg,0.84562916,0.8772106
n07693725_8602.jpg,0.87881887,0.90833336
00056557.jpg,0.8136711,0.8192014
n02324045_22432.jpg,0.8507843,0.8440367
00001567.jpg,0.8586565,0.845204
00009273.jpg,0.8683014,0.8658414
00030105.jpg,0.7495516,0.6761236
00052319.jpg,0.8154007,0.8968146
00055760.jpg,0.8051983,0.7607178
00047136.jpg,0.8100622,0.8787136
00002000.jpg,0.7730099,0.7544426
00017280.jpg,0.7296928,0.7741154
00019626.jpg,0.78755677,0.8951198
n07711569_1302.jpg,0.8093957,0.8043478
00015134.jpg,0.7541585,0.7013718
00018737.jpg,0.7904546,0.8214212
00000505.jpg,0.7677815,0.7116236
00019663.jpg,0.87199974,0.9070676
n03594945_6945.jpg,0.7974349,0.7446808
00046641.jpg,0.7446271,0.8099246
00046979.jpg,0.74260306,0.6805496
00040146.jpg,0.7500547,0.7565794
00046980.jpg,0.76851916,0.7447992
00025541.jpg,0.8488507,0.973266
00026988.jpg,0.8019035,0.9194206
00045499.jpg,0.67633796,0.728415
00023134.jpg,0.85032034,0.7243114
00016642.jpg,0.7732785,0.8205836
00008502.jpg,0.7284777,0.580495
00006278.jpg,0.7584968,0.8076178
n03791053_16241.jpg,0.7542968,0.78494626
00032976.jpg,0.64474785,0.6041794
00006179.jpg,0.7272875,0.8425258
00033341.jpg,0.7230432,0.6620496
00055610.jpg,0.8081206,0.698037
00026980.jpg,0.8172297,0.749359
00019613.jpg,0.8892162,0.855666
00004185.jpg,0.6446036,0.4458616
00022591.jpg,0.86034846,0.8937204
00007293.jpg,0.70130765,0.7807284
00046195.jpg,0.7635627,0.7761716
00011473.jpg,0.6460605,0.463742
00036568.jpg,0.7595688,0.7994492
00013702.jpg,0.82900363,0.7315796
00028483.jpg,0.9056959,0.9686318
00026930.jpg,0.6785644,0.6114614
00000420.jpg,0.74454224,0.6917548
00042179.jpg,0.8014863,0.7650494
00057642.jpg,0.8056358,0.812574
00044568.jpg,0.76255184,0.7165322
00007334.jpg,0.74772596,0.7063822
00030366.jpg,0.82516515,0.6919774
00038692.jpg,0.5781155,0.4486706
00008860.jpg,0.826725,0.8436292
00018610.jpg,0.7154038,0.6623938
00028070.jpg,0.77774405,0.6209362
00044514.jpg,0.78004694,0.8285988
00034293.jpg,0.68605626,0.6244962
00058617.jpg,0.76804364,0.756299
00031775.jpg,0.59891635,0.6312132
00046956.jpg,0.727146,0.7660322
00014838.jpg,0.71772337,0.7160562
00028826.jpg,0.7793684,0.831007
00057484.jpg,0.64263403,0.5421594
00027288.jpg,0.86924624,0.707098
00031561.jpg,0.8674462,0.8626784
n02434954_3668.jpg,0.7928879,0.745283
ca300af88da8ccbb.jpg,0.56363666,0.5368421
00017971.jpg,0.82864326,0.8473426
00004057.jpg,0.5219483,0.4492958
00004525.jpg,0.8840709,0.9371432
n07929519_31858.jpg,0.86895025,0.9569892
271cb17332a4eba5.jpg,0.5359504,0.47252747
00048431.jpg,0.75399077,0.810117
00013672.jpg,0.7873205,0.8421808
n02342885_9777.jpg,0.84702086,0.83653843
00039368.jpg,0.7512599,0.7237916
00005878.jpg,0.7249199,0.6003912
00042855.jpg,0.6018317,0.5122368
n04610013_16750.jpg,0.7038858,0.67676765
00047557.jpg,0.80011284,0.8308888
00030937.jpg,0.8144883,0.8210896
00023914.jpg,0.83952785,0.7587342
00014959.jpg,0.7732253,0.6946906
00022250.jpg,0.80564153,0.8270764
00023925.jpg,0.86583495,0.8189348
00048357.jpg,0.736004,0.6121578
00035734.jpg,0.68625414,0.6663004
00054654.jpg,0.7218369,0.8376924
n02118333_8882.jpg,0.84075105,0.8947368
00021458.jpg,0.7087492,0.7716442
00050941.jpg,0.87955654,0.9029014
00020946.jpg,0.78087246,0.7300448
00014132.jpg,0.7478006,0.77396
00021225.jpg,0.8031603,0.9501838
00016493.jpg,0.826102,0.8918414
000000277575.jpg,0.73367226,0.82653064
00040059.jpg,0.7413151,0.7748748
00013695.jpg,0.7652633,0.656708
00022839.jpg,0.65325546,0.7983144
00058506.jpg,0.9121475,0.8109014
00047334.jpg,0.69626474,0.698736
00000926.jpg,0.81058633,0.8605798
00052442.jpg,0.81232035,0.7986542
00033253.jpg,0.631348,0.5225526
00032188.jpg,0.5673161,0.4886174
00021336.jpg,0.74166775,0.836027
00008061.jpg,0.9155518,0.897193
00043615.jpg,0.80134284,0.763213
00015493.jpg,0.7864734,0.7679956
00054142.jpg,0.86886895,0.881965
00019316.jpg,0.6492537,0.594329
00023675.jpg,0.6429349,0.5723302
00018234.jpg,0.79745483,0.7372688
00009500.jpg,0.6444638,0.6532122
00046487.jpg,0.6822647,0.7819006
00057015.jpg,0.8540398,0.8614506
00025157.jpg,0.8779408,0.9241882
00050888.jpg,0.7849544,0.7764754
00019073.jpg,0.7610222,0.7424564
000000111969.jpg,0.79955757,0.7653061
00010363.jpg,0.782478,0.7480518
00035834.jpg,0.57404506,0.355706
n02946348_17589.jpg,0.71286905,0.8518519
00008866.jpg,0.8112962,0.7358168
00041940.jpg,0.7336441,0.8050626
000000358086.jpg,0.7431252,0.7078652
00017133.jpg,0.81598413,0.8990492
00018941.jpg,0.80395496,0.7447746
00017903.jpg,0.7569305,0.8409626
d6398d77469357ea.jpg,0.72272265,0.7032967
00022499.jpg,0.7168721,0.7540564
00048445.jpg,0.75659764,0.8718096
00018412.jpg,0.85005164,0.8561168
00040882.jpg,0.7007674,0.7218888
00014061.jpg,0.7175076,0.7487824
00053957.jpg,0.8647561,0.8752142
00018909.jpg,0.68382925,0.7028136
00023945.jpg,0.7739346,0.8148546
00022515.jpg,0.7779895,0.8210606
00008581.jpg,0.75098765,0.7541558
00025366.jpg,0.70993245,0.680601
n02432983_5356.jpg,0.7130151,0.67901236
00056820.jpg,0.86449695,0.9402948
00027834.jpg,0.8231015,0.952284
00031873.jpg,0.7328695,0.8147748
00027609.jpg,0.80074793,0.8076566
00021210.jpg,0.77786905,0.7176156
00000078.jpg,0.7302293,0.754961
00004431.jpg,0.7323363,0.849804
n04349306_207.jpg,0.80335605,0.8869565
00021454.jpg,0.7075509,0.7557794
00027189.jpg,0.68537045,0.7757388
00000735.jpg,0.85847706,0.8126498
00005621.jpg,0.88697016,0.8725338
00017009.jpg,0.55949354,0.5014934
00040907.jpg,0.7685937,0.8383274
00018972.jpg,0.6942487,0.8009802
n04610013_591.jpg,0.713186,0.6875
00027906.jpg,0.7261419,0.796174
00044773.jpg,0.7002802,0.6115942
00036307.jpg,0.6925068,0.646997
00003524.jpg,0.57113004,0.6896422
00049640.jpg,0.8321997,0.8144322
00007928.jpg,0.6482222,0.580204
00005513.jpg,0.8643837,0.9058586
000000386291.jpg,0.79900265,0.91463417
00054950.jpg,0.81959146,0.8742908
00045674.jpg,0.749172,0.5615476
00042729.jpg,0.71625245,0.773368
00032691.jpg,0.68299544,0.6649238
00028723.jpg,0.74765766,0.8214974
00054223.jpg,0.78846085,0.797961
00012805.jpg,0.75046873,0.9083876
00026394.jpg,0.7181213,0.6201194
00037046.jpg,0.6181841,0.5924576
00025658.jpg,0.68484974,0.5121762
00050099.jpg,0.642449,0.6999392
n07720875_3180.jpg,0.91547763,0.88235295
00057023.jpg,0.58833575,0.5320496
00031662.jpg,0.8255747,0.826451
00050644.jpg,0.776389,0.6917518
n03791053_2585.jpg,0.8544731,0.83
00037998.jpg,0.6810343,0.683744
00024170.jpg,0.85535645,0.8326336
00012638.jpg,0.53965116,0.4128842
00044570.jpg,0.7687143,0.7973826
00004993.jpg,0.86189365,0.820655
00053093.jpg,0.6903611,0.7808606
n01514859_4045.jpg,0.77128136,0.7387387
00054375.jpg,0.81431156,0.8660382
n09308572_2910.jpg,0.732127,0.8111111
00003015.jpg,0.78594273,0.8188106
00014133.jpg,0.71484816,0.6357446
n09415671_14366.jpg,0.5981469,0.6730769
00041943.jpg,0.70579493,0.712521
00056312.jpg,0.74947906,0.741454
00013043.jpg,0.70737725,0.7698172
00028746.jpg,0.8646667,0.9329984
00049673.jpg,0.79027283,0.7271224
000000170208.jpg,0.7506479,0.6213592
00049907.jpg,0.94999313,0.9220116
00050926.jpg,0.60695666,0.7455938
00041187.jpg,0.7594241,0.8775192
00021649.jpg,0.7465253,0.7621176
00038864.jpg,0.8340467,0.8342008
00056305.jpg,0.8070828,0.8472372
00037240.jpg,0.69393957,0.7448796
00009698.jpg,0.6081495,0.6511078
00045920.jpg,0.6388147,0.6161042
af398033fcc3c41d.jpg,0.53354895,0.3939394
00010828.jpg,0.6415825,0.6222776
00049771.jpg,0.83661354,0.8264646
00009381.jpg,0.5849198,0.5775416
00024526.jpg,0.9100423,0.8915194
n07711569_592.jpg,0.79799736,0.8541667
00053647.jpg,0.5776486,0.6080378
00032719.jpg,0.85321546,0.8665194
n07654148_21186.jpg,0.8490298,0.7706422
00050915.jpg,0.757985,0.8304486
00058684.jpg,0.69081295,0.6102918
00036002.jpg,0.88416624,0.9515994
sun_avlcoxhzgadlubqf.jpg,0.54718614,0.54545456
00032973.jpg,0.7575418,0.7592236
00002073.jpg,0.69077516,0.6740426
000000167092.jpg,0.77660155,0.83157897
00044479.jpg,0.61608756,0.5142432
00024963.jpg,0.8012682,0.8462866
n02355227_5820.jpg,0.86742127,0.9391304
00035899.jpg,0.64239496,0.633284
00029728.jpg,0.59686124,0.4544658
n07574602_26891.jpg,0.7738801,0.93203884
00006117.jpg,0.8788136,0.9225246
000000390991.jpg,0.8340614,0.8429752
n07863374_15763.jpg,0.84046423,0.79787236
000000381509.jpg,0.72572947,0.82978725
00045332.jpg,0.77960134,0.8189744
00016982.jpg,0.81834424,0.8364244
00049392.jpg,0.7326945,0.665916
00037937.jpg,0.6083466,0.6155024
000000466024.jpg,0.84898514,0.86538464
00017549.jpg,0.52777684,0.7614418
00050019.jpg,0.47137132,0.5738972
00015123.jpg,0.8302671,0.7922726
00055101.jpg,0.70125103,0.7885762
n04461696_4867.jpg,0.7550432,0.7613636
00054433.jpg,0.9146975,0.8876306
00000598.jpg,0.79712844,0.8899998
00032029.jpg,0.5920375,0.5938164
n07911677_18968.jpg,0.8380748,0.88372093
00052470.jpg,0.87961984,0.8734698
00002833.jpg,0.71256804,0.564697
00053784.jpg,0.82656944,0.8929424
00043632.jpg,0.73014855,0.6082978
00032936.jpg,0.6857574,0.7105556
00033389.jpg,0.6868236,0.6584014
00024850.jpg,0.754784,0.8521386
000000424289.jpg,0.8284869,0.8148148
00013343.jpg,0.9061332,0.926497
000000073669.jpg,0.8111346,0.9029126
00047153.jpg,0.81146896,0.7453734
00057778.jpg,0.77318573,0.732235
00020840.jpg,0.7805705,0.8319242
00044070.jpg,0.69317806,0.6361264
00030146.jpg,0.82925874,0.876278
00050094.jpg,0.7628057,0.877329
00056786.jpg,0.81072605,0.8324444
00014071.jpg,0.79413295,0.5313828
00055708.jpg,0.7791207,0.8581754
000000423423.jpg,0.6389552,0.62886596
00040373.jpg,0.8203695,0.7684284
00035039.jpg,0.5891943,0.7006972
00028072.jpg,0.72112024,0.6091946
00021307.jpg,0.8525524,0.85339
00038586.jpg,0.694379,0.6096806
00050180.jpg,0.70809734,0.6395014
00009100.jpg,0.8855957,0.8150478
n02324045_7870.jpg,0.78651917,0.75
00036028.jpg,0.58600616,0.7481728
00055147.jpg,0.82619035,0.7983702
n07838073_22476.jpg,0.8411888,0.7719298
00008113.jpg,0.7996582,0.7295252
00016395.jpg,0.825032,0.7688334
00041604.jpg,0.80310965,0.8188246
00037189.jpg,0.63061976,0.7333656
00050369.jpg,0.53250325,0.5925514
00039060.jpg,0.7959038,0.8219982
00001497.jpg,0.7467482,0.8265966
00043572.jpg,0.75203955,0.7957424
00011685.jpg,0.7580136,0.7475446
00045375.jpg,0.80054796,0.8698216
00013446.jpg,0.8265759,0.7863532
00026558.jpg,0.75514466,0.7617794
00029478.jpg,0.58472884,0.5024974
00023361.jpg,0.7240657,0.7754374
00017428.jpg,0.77759457,0.7977264
00054501.jpg,0.7680564,0.842113
00007364.jpg,0.8686156,0.8056066
00056368.jpg,0.78051984,0.778967
00056110.jpg,0.57719743,0.6637494
00013392.jpg,0.87134373,0.754299
000000265915.jpg,0.7952397,0.8596491
00025880.jpg,0.6678057,0.7857048
00033900.jpg,0.6188761,0.646929
n09289331_4564.jpg,0.619737,0.7368421
00047550.jpg,0.7154503,0.5767502
n09468604_77948.jpg,0.5499856,0.49107143
00030626.jpg,0.71296394,0.8830118
n02878222_903.jpg,0.7243382,0.63414633
00034622.jpg,0.5383894,0.5927682
00031926.jpg,0.80900174,0.8098114
00027483.jpg,0.88235545,0.778306
n03594945_11542.jpg,0.79037714,0.7752809
00054712.jpg,0.7540828,0.7704964
00011528.jpg,0.706141,0.7657708
n09270735_12116.jpg,0.8076077,0.69902915
00000004.jpg,0.8313143,0.788467
00016713.jpg,0.7799584,0.7600982
6bfa9f4a0f1a3bac.jpg,0.83345044,0.8695652
sun_arxyfbqfjqesqjkp.jpg,0.74005544,0.69902915
00030021.jpg,0.5229281,0.46492
00027957.jpg,0.74979234,0.6223174
00050431.jpg,0.7439426,0.683013
00036522.jpg,0.66316164,0.6807882
00058670.jpg,0.75431705,0.745672
00057071.jpg,0.80019814,0.8115904
00053168.jpg,0.8559066,0.8903138
00037729.jpg,0.7529614,0.8380752
7304355d2a3f76b0.jpg,0.8243699,0.85714287
n02834778_10735.jpg,0.7953589,0.6989247
00033875.jpg,0.6911804,0.9240918
00053444.jpg,0.8079643,0.9191418
00006065.jpg,0.6338768,0.5421818
00007948.jpg,0.8222406,0.8276698
00049411.jpg,0.6745144,0.8265822
n02430045_5923.jpg,0.79800224,0.8130841
00050075.jpg,0.85190284,0.9293348
00020451.jpg,0.806962,0.7620004
00035220.jpg,0.6650836,0.6804826
00046959.jpg,0.85039556,0.9323398
00051014.jpg,0.6357479,0.7397338
000000475685.jpg,0.7711161,0.62616825
00008722.jpg,0.8445818,0.8015232
00058203.jpg,0.9504503,0.9027964
00008906.jpg,0.75745803,0.8057932
00029353.jpg,0.77262956,0.5668534
00002273.jpg,0.75830555,0.843515
00009751.jpg,0.7903919,0.7568276
00047853.jpg,0.7253661,0.8193124
00034716.jpg,0.71364915,0.705271
00044728.jpg,0.61685973,0.5315114
00018343.jpg,0.8024687,0.8489668
00037421.jpg,0.7963016,0.7763
00038205.jpg,0.7609256,0.8339312
00008528.jpg,0.81938803,0.7494196
00001470.jpg,0.6398119,0.6188048
00015291.jpg,0.8111556,0.8408888
00030492.jpg,0.7653203,0.9506434
00027579.jpg,0.6698688,0.6059746
00005977.jpg,0.8588369,0.917016
00042482.jpg,0.8378984,0.8003162
n02118333_6193.jpg,0.8520969,0.89830506
00009110.jpg,0.90366185,0.8224318
00036384.jpg,0.6608602,0.6507268
00043164.jpg,0.7329663,0.7636628
bfa8dd6b7a851d39.jpg,0.89354897,0.8947368
n01514668_20967.jpg,0.8565897,0.86315787
00043545.jpg,0.7114275,0.6924716
00047737.jpg,0.76430786,0.5989312
00036972.jpg,0.7850996,0.7885496
00017798.jpg,0.70812654,0.6510442
00018652.jpg,0.7786062,0.7547632
00044838.jpg,0.6086139,0.6038612
000000470549.jpg,0.7805599,0.78651685
00026885.jpg,0.7300682,0.8498392
00013233.jpg,0.7659832,0.613292
00052076.jpg,0.6189383,0.6284358
00022832.jpg,0.7644882,0.8144364
00054975.jpg,0.83743036,0.8975384
00054042.jpg,0.93673956,0.9541844
00055838.jpg,0.8007466,0.8436264
00026163.jpg,0.8091599,0.7732944
00034957.jpg,0.5728742,0.5562714
00001275.jpg,0.6150691,0.6887126
00013284.jpg,0.5293996,0.6427684
00005572.jpg,0.7017839,0.7588966
00029399.jpg,0.82495546,0.8022452
409f7b5ca2a458c6.jpg,0.8304225,0.8518519
00039577.jpg,0.77288187,0.6824788
00048034.jpg,0.78054917,0.6788338
00053371.jpg,0.73912585,0.777562
00043938.jpg,0.75487936,0.6230328
00013977.jpg,0.87129295,0.831569
00025758.jpg,0.7364218,0.6448848
00054313.jpg,0.7244688,0.816304
00025668.jpg,0.8366944,0.8307444
00007847.jpg,0.68371725,0.6453128
00012843.jpg,0.7105639,0.6555072
00004985.jpg,0.80306756,0.671905
00038873.jpg,0.7246375,0.6794434
00028980.jpg,0.5932391,0.5374728
00024423.jpg,0.8172655,0.7281448
00048050.jpg,0.76988196,0.6502064
00050782.jpg,0.59042346,0.5187582
n03541923_1599.jpg,0.775275,0.8245614
00048310.jpg,0.7618769,0.761836
00046612.jpg,0.75517213,0.6028492
00035866.jpg,0.69342613,0.7989392
00001251.jpg,0.6469417,0.8040162
00004111.jpg,0.651822,0.7007524
00005379.jpg,0.9359435,0.9293654
00050461.jpg,0.61085117,0.6386236
00011511.jpg,0.6080284,0.5435196
n07849336_22329.jpg,0.853011,0.89166665
00019128.jpg,0.8556961,0.9135456
00007374.jpg,0.8962085,0.9542924
00009679.jpg,0.9037669,0.8848822
00012094.jpg,0.6903497,0.6962292
00004624.jpg,0.66981804,0.6594454
00034422.jpg,0.6375679,0.519481
00026559.jpg,0.78059375,0.776858
cee06f136258d4eb.jpg,0.75003815,0.8035714
00007332.jpg,0.96056664,0.759944
00006702.jpg,0.7760863,0.845724
00043778.jpg,0.79003096,0.8122654
00046294.jpg,0.70495486,0.694458
00048017.jpg,0.65045416,0.6032614
00041189.jpg,0.8079213,0.7916518
00027070.jpg,0.7380666,0.5195334
2807d80c525eb5a3.jpg,0.7786412,0.6321839
00012067.jpg,0.6304823,0.5399596
00047706.jpg,0.8740448,0.9512068
000000063299.jpg,0.7266324,0.52884614
00040552.jpg,0.8089922,0.8782156
n07716358_15994.jpg,0.8742449,0.9782609
00024061.jpg,0.7160543,0.7289942
n07806221_24516.jpg,0.7938553,0.7590361
00051036.jpg,0.6118603,0.6084936
00024681.jpg,0.67929566,0.7351488
00048109.jpg,0.7737392,0.7199296
00034845.jpg,0.74682784,0.7860784
00040233.jpg,0.6396955,0.6021216
00029531.jpg,0.7900781,0.8192246
00033102.jpg,0.8754146,0.7990362
00042025.jpg,0.6371572,0.5162404
00017705.jpg,0.9174106,0.9215326
00046943.jpg,0.7905052,0.7159662
00038295.jpg,0.6690099,0.7487368
00023550.jpg,0.61069983,0.7112014
00039418.jpg,0.7698026,0.7854006
00007597.jpg,0.8145071,0.8729176
00005797.jpg,0.731907,0.781503
00054293.jpg,0.8182461,0.6548018
00014072.jpg,0.8669815,0.8782746
00010566.jpg,0.84440994,0.830376
078b53d8a454894d.jpg,0.71525246,0.5764706
00058490.jpg,0.8129541,0.766957
00004374.jpg,0.71476626,0.7683198
00049518.jpg,0.6065533,0.4609236
00038769.jpg,0.766942,0.762048
00018975.jpg,0.83446,0.85727
00048286.jpg,0.75441337,0.7799738
00022379.jpg,0.80304366,0.7494884
00048790.jpg,0.81519306,0.8501484
00035238.jpg,0.6437948,0.5049956
00017706.jpg,0.83163404,0.8118686
00043512.jpg,0.74612045,0.73079
00005840.jpg,0.6154841,0.41991
00043118.jpg,0.82499766,0.767268
00033677.jpg,0.72017384,0.6068434
00044220.jpg,0.8471315,0.9043208
00004389.jpg,0.75428724,0.708889
00055113.jpg,0.8672168,0.9423154
00021953.jpg,0.8298443,0.8038228
00012991.jpg,0.7098386,0.784672
00026511.jpg,0.79661006,0.8041636
00054659.jpg,0.7007644,0.6614084
00011423.jpg,0.8862629,0.9906776
00027332.jpg,0.9188477,0.9403322
000000543696.jpg,0.9706429,0.9489796
9ff2f0382e09681f.jpg,0.8290298,0.8660714
n07654148_11041.jpg,0.90247464,0.9479167
00015377.jpg,0.8239509,0.8398678
00040720.jpg,0.7220404,0.824449
00031189.jpg,0.7855091,0.8242316
00016709.jpg,0.80550706,0.8976242
n02118333_9285.jpg,0.85782635,0.9072165
n04461696_8486.jpg,0.74507207,0.712963
00033250.jpg,0.9015914,0.9010386
00002743.jpg,0.63674855,0.6240244
00001016.jpg,0.8505221,0.884904
00004025.jpg,0.84223926,0.8144192
00005337.jpg,0.83636427,0.81314
00045426.jpg,0.7189988,0.57054
00035397.jpg,0.63314974,0.5685114
00020198.jpg,0.7463105,0.7999066
00010190.jpg,0.7212603,0.6851122
00029680.jpg,0.6810974,0.7890432
n09393605_60345.jpg,0.58101296,0.5794392
00034026.jpg,0.6980488,0.6413772
00019873.jpg,0.86300683,0.923929
00009362.jpg,0.5335272,0.5473848
00031044.jpg,0.76526237,0.852527
00045047.jpg,0.80632174,0.693187
00052357.jpg,0.86992955,0.8825262
aacabf9b3fe435d3.jpg,0.8316409,0.8181818
00005123.jpg,0.60325587,0.4788206
00054469.jpg,0.83974314,0.8736196
n02793495_950.jpg,0.63437057,0.60952383
00058430.jpg,0.65810776,0.5482554
00033168.jpg,0.8285086,0.870994
00019961.jpg,0.9097625,0.9697184
00014323.jpg,0.5915479,0.743328
00021361.jpg,0.668816,0.6717018
n01846331_8240.jpg,0.7732518,0.86538464
00006585.jpg,0.6083404,0.4690956
n01811909_13339.jpg,0.78050697,0.712963
00034926.jpg,0.6085948,0.5816388
00037155.jpg,0.7359889,0.8249162
00003833.jpg,0.59309745,0.5885494
sun_bmoouvnnsnxypsla.jpg,0.5641813,0.31683168
00049647.jpg,0.7764375,0.8570248
00011802.jpg,0.6117503,0.5893934
00056042.jpg,0.8245046,0.7643882
00052808.jpg,0.89088714,0.8663388
00039076.jpg,0.83512473,0.7832564
00004822.jpg,0.70091224,0.6074162
00025134.jpg,0.8037644,0.7412654
00023091.jpg,0.84270597,0.7086228
00030282.jpg,0.82290184,0.798138
00054761.jpg,0.62618804,0.5897094
00045220.jpg,0.6557989,0.6894138
00010082.jpg,0.6415012,0.5186472
00002433.jpg,0.7971158,0.7635004
00002199.jpg,0.7730726,0.8374832
00019645.jpg,0.75088185,0.6841908
00056936.jpg,0.68783975,0.7077248
00054367.jpg,0.8210666,0.8561488
00001370.jpg,0.8302957,0.8635886
00028766.jpg,0.79556435,0.7855558
00017881.jpg,0.68894315,0.8688196
00005039.jpg,0.8387376,0.8322276
00048174.jpg,0.82588613,0.8825942
n07690273_23101.jpg,0.86194456,0.8988764
n07697537_4956.jpg,0.9059454,0.96
00043609.jpg,0.89986384,0.8227446
n07923748_10258.jpg,0.8730253,0.79569894
n03541923_611.jpg,0.81860936,0.8068182
00007468.jpg,0.7418699,0.638583
000000139075.jpg,0.8016631,0.83157897
00057748.jpg,0.7952769,0.8848748
00039546.jpg,0.7425623,0.6941436
00001509.jpg,0.6216383,0.598892
00001868.jpg,0.6996013,0.7278268
00007497.jpg,0.7794957,0.7386548
00008515.jpg,0.8216982,0.7659674
000000526941.jpg,0.8225526,0.82653064
00016695.jpg,0.7428533,0.728036
n07863374_17831.jpg,0.7838968,0.7196262
00044564.jpg,0.70677733,0.6719462
000000286751.jpg,0.7674413,0.54385966
00046496.jpg,0.57445246,0.6530736
n07806221_33514.jpg,0.7486509,0.73214287
n09288635_1591.jpg,0.6539736,0.7368421
00002516.jpg,0.8091041,0.8208504
00012769.jpg,0.8341006,0.8211998
00020830.jpg,0.78825045,0.7293496
00021964.jpg,0.8378743,0.790147
00005096.jpg,0.7612443,0.665386
00006973.jpg,0.8528565,0.827221
00001001.jpg,0.86045456,0.9633978
00038768.jpg,0.8681078,0.7798308
00049548.jpg,0.7861188,0.8287496
00005884.jpg,0.7577386,0.6591948
00045352.jpg,0.7504278,0.6892208
00020431.jpg,0.87728333,0.8445136
00028648.jpg,0.6171131,0.556919
000000317019.jpg,0.74579406,0.8301887
sun_bxelgxxcofiqeurd.jpg,0.6412965,0.6530612
00038131.jpg,0.6204224,0.5632396
00058378.jpg,0.7841946,0.6801798
00048707.jpg,0.58213794,0.6665452
00029331.jpg,0.7562306,0.9369496
e371a76b33265b9d.jpg,0.8089434,0.7802198
00039363.jpg,0.7762164,0.7159208
00025045.jpg,0.90033674,0.846304
n02324045_11540.jpg,0.8362136,0.84313726
00005880.jpg,0.9178245,0.9350946
00005494.jpg,0.69008195,0.6905116
00026917.jpg,0.50823987,0.4375994
n03384352_2459.jpg,0.7257812,0.7613636
00016182.jpg,0.6185672,0.560819
00014262.jpg,0.746125,0.56166
00046709.jpg,0.73740387,0.6757182
00016916.jpg,0.74666566,0.8037398
a3aa26623d4c238c.jpg,0.7614058,0.815534
00032043.jpg,0.792253,0.8562522
00028406.jpg,0.8127383,0.9031556
00048756.jpg,0.8118302,0.8516978
00038182.jpg,0.80951035,0.791597
a0abe94bde0fc87f.jpg,0.7717786,0.6703297
00008012.jpg,0.65071034,0.6713382
00028664.jpg,0.6365392,0.7437364
00053289.jpg,0.689121,0.8074038
n07679356_26076.jpg,0.7668104,0.8021978
00006881.jpg,0.88683796,0.8440204
00016358.jpg,0.6442293,0.5322878
n07880968_5952.jpg,0.80244946,0.94382024
00049815.jpg,0.7558063,0.7988776
00004900.jpg,0.7175422,0.5743352
00040831.jpg,0.64544654,0.6793774
00013270.jpg,0.8128927,0.7072082
00004828.jpg,0.88902795,0.980604
00030628.jpg,0.84275126,0.8363488
00027883.jpg,0.7670088,0.438907
00058014.jpg,0.87047005,0.8860298
00000659.jpg,0.8353962,0.8714374
00019928.jpg,0.7497877,0.8012242
00019621.jpg,0.9337913,0.9529322
00044313.jpg,0.6424968,0.6231142
00055226.jpg,0.8341924,0.8478532
00053467.jpg,0.7625959,0.89441
00025626.jpg,0.833202,0.9214986
00035237.jpg,0.63090897,0.5981092
00036479.jpg,0.63225377,0.6450472
00035277.jpg,0.6582129,0.4483514
00029494.jpg,0.6336006,0.787078
00017905.jpg,0.82548773,0.8058384
00039833.jpg,0.73539186,0.590692
00048844.jpg,0.81333596,0.8604772
000000407067.jpg,0.741903,0.8217822
00036198.jpg,0.76069427,0.8582342
00018452.jpg,0.7651241,0.8069884
n03384352_4866.jpg,0.7038932,0.6831683
00021257.jpg,0.8910775,0.9795694
00017006.jpg,0.8169918,0.766448
00029402.jpg,0.81060445,0.7330356
00033658.jpg,0.66670585,0.6608838
00005960.jpg,0.72534597,0.7782584
00013365.jpg,0.7911439,0.8365868
00002111.jpg,0.8576689,0.681854
00057948.jpg,0.73384213,0.6775496
00025136.jpg,0.7775147,0.866409
00032171.jpg,0.80843425,0.887078
00033937.jpg,0.61164117,0.5466736
00033643.jpg,0.95139813,0.9336164
00020986.jpg,0.66170084,0.7080008
00053293.jpg,0.8788675,0.8577014
00046594.jpg,0.6448812,0.5581332
n09289331_4476.jpg,0.7174293,0.8108108
00024383.jpg,0.8183415,0.8425708
00038713.jpg,0.67242503,0.5929262
00034439.jpg,0.7289517,0.6652584
00023228.jpg,0.6514629,0.6343708
00057166.jpg,0.6233915,0.6737166
n12345899_5116.jpg,0.63498676,0.6292135
00006919.jpg,0.8424649,0.9679426
00053945.jpg,0.7980304,0.865171
n03594945_14499.jpg,0.79880714,0.7171717
00041649.jpg,0.64355266,0.631898
n03791053_10242.jpg,0.77154803,0.6494845
00044045.jpg,0.7736386,0.776556
00050243.jpg,0.74780416,0.783624
00029091.jpg,0.8307053,0.858731
n07720875_8835.jpg,0.84601045,0.9310345
00055629.jpg,0.6085089,0.6290148
00032399.jpg,0.7682563,0.890413
00056572.jpg,0.8810314,0.9392134
00041959.jpg,0.69639814,0.599652
00021285.jpg,0.59281933,0.6757712
00008785.jpg,0.7238036,0.8270118
00042104.jpg,0.7100049,0.6912458
00034758.jpg,0.6569669,0.654538
00051391.jpg,0.77884495,0.721978
00045447.jpg,0.7275311,0.6068172
00058120.jpg,0.932575,0.9057812
n04166281_3840.jpg,0.7611147,0.69827586
00044191.jpg,0.69484186,0.6940064
00026358.jpg,0.7507592,0.8315006
00020188.jpg,0.69220006,0.7817848
00006425.jpg,0.862262,0.8692034
000000544638.jpg,0.63375807,0.5188679
00054203.jpg,0.82232255,0.7774874
00017435.jpg,0.73570526,0.7938912
00022919.jpg,0.661301,0.714881
00025059.jpg,0.78732073,0.8284178
00027920.jpg,0.730901,0.7410294
00057475.jpg,0.5831518,0.6894408
00018341.jpg,0.70331717,0.7436106
00007612.jpg,0.72697794,0.679762
00051396.jpg,0.89061606,0.854182
00038668.jpg,0.67419064,0.7695516
00013498.jpg,0.85649604,0.9059612
7ba05ca66de3b479.jpg,0.5979943,0.71428573
00030892.jpg,0.82836425,0.8676384
00049148.jpg,0.73783326,0.7420936
00050258.jpg,0.65505874,0.7203
00051577.jpg,0.86813986,0.8249452
00027199.jpg,0.73149914,0.8142412
00047772.jpg,0.6754681,0.6910464
00009837.jpg,0.7925715,0.7843058
00008117.jpg,0.6705754,0.7494426
00046622.jpg,0.7971153,0.8207104
00002080.jpg,0.81924677,0.7283968
00044905.jpg,0.82278115,0.744791
00056092.jpg,0.7608005,0.7189434
00004637.jpg,0.81218946,0.8684966
n09472597_35837.jpg,0.6044371,0.69473684
3a5f6fa58fce0f61.jpg,0.7939857,0.75268817
00050399.jpg,0.5664774,0.5010488
00033074.jpg,0.7347454,0.80282
00048567.jpg,0.63674736,0.5617742
00044694.jpg,0.72425365,0.644629
00058080.jpg,0.8816619,0.9639194
00023751.jpg,0.87690353,0.6976352
00034796.jpg,0.6542039,0.6336482
00010674.jpg,0.6578101,0.6062014
00040042.jpg,0.6820303,0.6997498
00003075.jpg,0.7652301,0.7669346
00055384.jpg,0.93348825,0.755391
00000819.jpg,0.82201624,0.7653974
00003496.jpg,0.6823932,0.5481904
00004942.jpg,0.58190197,0.5903836
00033305.jpg,0.76271176,0.7892492
00013621.jpg,0.6893438,0.694344
00035851.jpg,0.6399237,0.6534418
n07880968_6047.jpg,0.8238125,0.8468468
00019810.jpg,0.7292634,0.8028208
00006353.jpg,0.7883567,0.7612312
00000501.jpg,0.7033293,0.6502154
00025114.jpg,0.8462416,0.8747718
00047347.jpg,0.68758917,0.673987
00027443.jpg,0.749405,0.7825236
00024070.jpg,0.8310311,0.8407786
00041052.jpg,0.7123877,0.634139
00053778.jpg,0.8161436,0.8932536
00051449.jpg,0.5690843,0.7645886
00001445.jpg,0.8699943,0.8989682
00002399.jpg,0.7826271,0.7638064
00027170.jpg,0.64535725,0.638486
00058677.jpg,0.66569716,0.6775948
00011718.jpg,0.7762017,0.8178072
n07893642_3353.jpg,0.8934976,0.8433735
00043244.jpg,0.8462874,0.8687752
n02355227_15619.jpg,0.8345226,0.82417583
00019060.jpg,0.72482884,0.706892
00016073.jpg,0.81975925,0.7649974
00017275.jpg,0.77706647,0.8301518
00040398.jpg,0.74634314,0.7768888
00040413.jpg,0.80314744,0.6848906
00033990.jpg,0.6293163,0.5651272
00051147.jpg,0.7386868,0.8088068
000000214927.jpg,0.8341596,0.88349515
00021337.jpg,0.7171185,0.808816
00012908.jpg,0.7482848,0.8095018
n04335435_10037.jpg,0.79914474,0.6442308
00039658.jpg,0.7357575,0.7289094
00022387.jpg,0.76614326,0.731022
000000510061.jpg,0.71314716,0.7586207
00004397.jpg,0.774227,0.8827608
n04465501_5296.jpg,0.7986154,0.80582523
00013136.jpg,0.76456493,0.8325306
n09393605_62233.jpg,0.69730926,0.6666667
00009596.jpg,0.6506245,0.6423008
00005334.jpg,0.7299843,0.7592838
00010535.jpg,0.8659054,0.8824576
00029141.jpg,0.7890774,0.8710736
00041088.jpg,0.72584903,0.8343188
00029644.jpg,0.6795753,0.6243562
00028306.jpg,0.7598151,0.7734312
00043577.jpg,0.7834873,0.8183436
00055695.jpg,0.7489464,0.7464334
00011702.jpg,0.7140522,0.6961724
00054471.jpg,0.8142102,0.8239104
00015355.jpg,0.9063201,0.8792838
00032393.jpg,0.71152234,0.8287288
00054403.jpg,0.74688375,0.8806872
00054780.jpg,0.8290179,0.8719712
00016904.jpg,0.7261988,0.7112254
00017409.jpg,0.8812686,0.9005982
n04349306_8344.jpg,0.80153275,0.82857144
00057356.jpg,0.5919662,0.5352468
00002243.jpg,0.86769414,0.7622352
00007669.jpg,0.6247028,0.597869
00039032.jpg,0.695251,0.6817074
00022685.jpg,0.7605345,0.5810622
00046260.jpg,0.6628958,0.657294
00024667.jpg,0.7647939,0.7647892
49127296f361b7e5.jpg,0.640573,0.64893615
00053916.jpg,0.65493524,0.8299612
00041710.jpg,0.6193849,0.6425506
00020793.jpg,0.7135838,0.8398022
00035953.jpg,0.615901,0.5006112
n07693725_9127.jpg,0.8640475,0.8333333
00026004.jpg,0.6838919,0.848045
00005142.jpg,0.72648656,0.7143632
00054175.jpg,0.86055255,0.8426784
00028156.jpg,0.7981949,0.7834318
00028515.jpg,0.7747,0.7416034
00048878.jpg,0.8896775,0.9858024
00034891.jpg,0.6614421,0.639259
00058228.jpg,0.732074,0.7433966
00021585.jpg,0.7057223,0.7014376
00046789.jpg,0.5850997,0.6246146
00011870.jpg,0.7599465,0.6422012
00034759.jpg,0.5436078,0.5108024
00010653.jpg,0.6110289,0.6818936
00014886.jpg,0.6509245,0.6238084
00032651.jpg,0.87314224,0.8766786
00024373.jpg,0.90854895,0.905389
00000074.jpg,0.8099992,0.799547
00021088.jpg,0.79093516,0.7912576
00003498.jpg,0.8451321,0.8224528
00018036.jpg,0.8224088,0.8437394
00054567.jpg,0.82722676,0.8417156
00040311.jpg,0.7797133,0.8253138
00030300.jpg,0.7308345,0.9175028
n04467665_4799.jpg,0.68906546,0.6603774
00045764.jpg,0.82327294,0.8493642
000000207151.jpg,0.8007525,0.9368421
00052332.jpg,0.8475746,0.8587148
00018487.jpg,0.636987,0.648187
00000837.jpg,0.82394314,0.9296686
00050254.jpg,0.79502904,0.8203612
00027204.jpg,0.7538817,0.7351474
00019178.jpg,0.7076511,0.75598
00040279.jpg,0.80037606,0.7862976
00002803.jpg,0.7317219,0.7625152
00026667.jpg,0.6650303,0.4678058
00006756.jpg,0.74860525,0.794959
00044255.jpg,0.7226424,0.6131718
00008098.jpg,0.63905936,0.6244694
00003013.jpg,0.7999699,0.8780422
00046004.jpg,0.7100605,0.8214948
00026095.jpg,0.79552734,0.8686502
00035917.jpg,0.74230516,0.8104478
00002341.jpg,0.7377146,0.7086164
n09288635_10214.jpg,0.7640376,0.8372093
00009095.jpg,0.8463699,0.8712842
00040572.jpg,0.6738117,0.7294024
n01792955_11320.jpg,0.799469,0.7912088
00048026.jpg,0.7102287,0.5783298
00052468.jpg,0.73148644,0.809484
00038623.jpg,0.60780036,0.6666472
00012344.jpg,0.75544155,0.7487306
00006473.jpg,0.8903985,0.869775
00010450.jpg,0.7858046,0.781427
00028938.jpg,0.8110604,0.877107
00023120.jpg,0.7875863,0.6630488
00009465.jpg,0.80859756,0.7919448
n02118333_6830.jpg,0.8333516,0.902439
00057128.jpg,0.5611545,0.6460516
00029860.jpg,0.8903178,0.8860948
00024668.jpg,0.77798104,0.841037
00057836.jpg,0.89137244,0.8639588
00039568.jpg,0.7315353,0.723083
sun_aitgdfoepkcgqpkg.jpg,0.73842347,0.776699
00008907.jpg,0.5976831,0.4786716
00011908.jpg,0.8523718,0.9165764
00035794.jpg,0.76625085,0.906463
00021420.jpg,0.6065016,0.4701654
00006871.jpg,0.7394166,0.83315
00044912.jpg,0.79071987,0.8167192
00022198.jpg,0.64675784,0.5753904
00040034.jpg,0.7266501,0.7256012
000000276740.jpg,0.84773135,0.88659793
00050996.jpg,0.6566123,0.5947948
00047644.jpg,0.6739874,0.6795794
00031816.jpg,0.910313,0.9542536
000000369584.jpg,0.88904214,0.97894734
00028162.jpg,0.62066555,0.757617
00015963.jpg,0.777452,0.8110336
00013853.jpg,0.7939048,0.7714888
n02946348_1134.jpg,0.8252642,0.80582523
00040116.jpg,0.7086231,0.70491
00033404.jpg,0.65595675,0.6169512
00006159.jpg,0.83906054,0.9241034
00020893.jpg,0.75646234,0.8235908
00056813.jpg,0.86533874,0.902876
00014893.jpg,0.7226474,0.6626228
00032939.jpg,0.67649317,0.5683088
00030187.jpg,0.8574624,0.840268
00049603.jpg,0.7757828,0.9006634
00002443.jpg,0.7753485,0.7428192
n09308572_1869.jpg,0.7258274,0.85148513
00029510.jpg,0.63260967,0.538674
00051246.jpg,0.7879126,0.7625446
00016336.jpg,0.7823361,0.7604146
00006833.jpg,0.837425,0.9273172
00021802.jpg,0.7115041,0.6415728
00045596.jpg,0.7859181,0.798581
00026977.jpg,0.7794571,0.7694272
00005430.jpg,0.67686534,0.6492416
00021870.jpg,0.6911973,0.8021358
00021834.jpg,0.7396754,0.7259536
00019442.jpg,0.7849817,0.8724598
00017215.jpg,0.7313643,0.742536
00003662.jpg,0.7827619,0.6901942
00000908.jpg,0.78932905,0.8597434
00003867.jpg,0.83698076,0.8370322
00025401.jpg,0.8811805,0.8287184
00009297.jpg,0.822068,0.6481644
00032066.jpg,0.79850256,0.7971386
00003212.jpg,0.8343562,0.8001256
00006459.jpg,0.8234806,0.8484744
n07929519_38930.jpg,0.8812156,0.8684211
00041616.jpg,0.81613207,0.8359702
00034101.jpg,0.82660973,0.6764092
00004754.jpg,0.8124632,0.9469482
00016784.jpg,0.8186649,0.8624942
000000336174.jpg,0.77595526,0.7613636
n07717556_2408.jpg,0.90209377,0.91764706
00050154.jpg,0.7399461,0.677115
00045698.jpg,0.7230557,0.7088168
n00480993_9486.jpg,0.8204261,0.79591835
00030873.jpg,0.72637844,0.6865672
00029473.jpg,0.7616352,0.8081696
00035076.jpg,0.60298306,0.5250796
00020823.jpg,0.75985396,0.813634
00018947.jpg,0.7559221,0.7545578
00019915.jpg,0.81930256,0.8092118
00055082.jpg,0.80025524,0.8379918
00009140.jpg,0.81545234,0.855362
00018408.jpg,0.8160443,0.9225422
00049162.jpg,0.9491347,0.9734604
00017454.jpg,0.6453388,0.5278384
00020237.jpg,0.536041,0.5492436
00033367.jpg,0.65536463,0.6546778
00037288.jpg,0.6548408,0.528111
00036081.jpg,0.704949,0.68906
n07711569_1507.jpg,0.79505193,0.6875
00032366.jpg,0.8030093,0.818886
26b45e4572605eb1.jpg,0.7125169,0.42105263
00032234.jpg,0.7868568,0.7694072
00005290.jpg,0.799762,0.879042
00018678.jpg,0.64601135,0.7713152
00026904.jpg,0.8727983,0.9227638
bdbf922bf296ca72.jpg,0.806455,0.7169811
00047783.jpg,0.6435596,0.577174
00046047.jpg,0.79160476,0.8113524
00013285.jpg,0.7051033,0.5428242
00015513.jpg,0.64823437,0.4993776
00047798.jpg,0.7501811,0.8534382
00016298.jpg,0.850507,0.8667458
00041252.jpg,0.8415657,0.8731032
00009304.jpg,0.57860494,0.614673
00056123.jpg,0.7926141,0.8540516
00050870.jpg,0.84853816,0.8527422
00054552.jpg,0.7665551,0.7931036
00033714.jpg,0.834584,0.905823
00056357.jpg,0.88410735,0.9335636
00022213.jpg,0.8119287,0.8269636
00018301.jpg,0.7663219,0.95283
00047611.jpg,0.76473176,0.649604
n09468604_15592.jpg,0.5313347,0.6
00011954.jpg,0.6524211,0.7043344
n04335435_10652.jpg,0.72244024,0.6635514
00007305.jpg,0.6545575,0.49385
00054389.jpg,0.73330784,0.7380234
00019425.jpg,0.67615795,0.5908126
00005748.jpg,0.8736849,1.0
00005383.jpg,0.82524097,0.889666
00032784.jpg,0.731412,0.6426376
00009046.jpg,0.9060066,0.9059306
00032841.jpg,0.72999597,0.8326618
00058658.jpg,0.73648226,0.7189218
00043687.jpg,0.7763076,0.8274274
00037293.jpg,0.7388581,0.775436
00053909.jpg,0.82937896,0.860661
00033699.jpg,0.7372136,0.7687934
00044409.jpg,0.78416014,0.6454166
00017254.jpg,0.7709148,0.8535774
00038266.jpg,0.616908,0.5843684
00011168.jpg,0.7359893,0.8464948
00003033.jpg,0.87531483,0.8244808
00038141.jpg,0.70595956,0.7522166
00016226.jpg,0.6530369,0.5514994
00036242.jpg,0.6532829,0.6122364
00033692.jpg,0.7517595,0.9422054
00050066.jpg,0.6922128,0.8119232
00058736.jpg,0.8069166,0.8129418
00013787.jpg,0.7682159,0.7852198
00050758.jpg,0.63762367,0.642989
00058051.jpg,0.8154039,0.9127276
00011596.jpg,0.79097366,0.7526702
00043156.jpg,0.6684972,0.5690888
00040172.jpg,0.70193326,0.6908822
00049899.jpg,0.7041302,0.7938026
00005432.jpg,0.82884634,0.7098324
00007947.jpg,0.8408836,0.842121
00018895.jpg,0.77646136,0.8462924
00001614.jpg,0.6770786,0.4621128
00054554.jpg,0.73471403,0.8522316
f0bb0e12e0b58962.jpg,0.69368356,0.6781609
00051248.jpg,0.8314022,0.848981
sun_aygdpqwevwznkdqp.jpg,0.49051785,0.4883721
00008469.jpg,0.78132296,0.6769696
00003706.jpg,0.777514,0.824999
d204c81c3d1040ba.jpg,0.6282122,0.60638297
00051065.jpg,0.82695067,0.7666484
00016589.jpg,0.670359,0.5568688
00010440.jpg,0.7982485,0.862653
00016768.jpg,0.7531237,0.7145512
00006326.jpg,0.6425446,0.5923484
00001006.jpg,0.8731568,0.886852
00050873.jpg,0.67382586,0.6153884
n02946348_6044.jpg,0.764516,0.75
00045873.jpg,0.77345836,0.6849718
00009494.jpg,0.82901704,0.79657
00029883.jpg,0.7984736,0.772963
00037632.jpg,0.73715043,0.7461808
00017895.jpg,0.7853719,0.7412388
00017531.jpg,0.61185426,0.55709
00000797.jpg,0.80979437,0.8411462
00001248.jpg,0.7751407,0.8080406
00002679.jpg,0.88718104,0.9754224
00045361.jpg,0.8575517,0.7578292
00000323.jpg,0.77424264,0.8440168
00053140.jpg,0.7918607,0.8587568
00026284.jpg,0.7725682,0.837427
00029603.jpg,0.8817545,0.8058578
00031837.jpg,0.92231727,0.912565
00009976.jpg,0.7714329,0.7623658
sun_bkkyikcgcicqwrqk.jpg,0.74409455,0.8131868
00001207.jpg,0.794896,0.8281668
00054226.jpg,0.90441096,0.8908886
00017530.jpg,0.63620293,0.5390118
00002354.jpg,0.78705084,0.8280102
00014219.jpg,0.6932931,0.7438322
00045948.jpg,0.8778682,0.7978216
00002594.jpg,0.7758333,0.7944956
00037208.jpg,0.71629584,0.5672892
00007409.jpg,0.8323922,0.825993
00004517.jpg,0.82264405,0.872112
00035595.jpg,0.7578474,0.6871162
00031336.jpg,0.8701781,0.9117184
00030220.jpg,0.727821,0.6958012
00011640.jpg,0.7410395,0.823512
00005741.jpg,0.77620363,0.728493
00022788.jpg,0.65771174,0.7315892
00039881.jpg,0.6480051,0.7270452
00003714.jpg,0.9314332,0.7794048
00027894.jpg,0.53931594,0.5174568
00024021.jpg,0.8496264,0.8372658
00020129.jpg,0.6208749,0.6513252
n07654148_18446.jpg,0.7756641,0.91588783
00030721.jpg,0.73718953,0.5608658
00027501.jpg,0.7479959,0.835952
00020733.jpg,0.677785,0.6644906
00029273.jpg,0.8621781,0.8720696
00003825.jpg,0.7698306,0.8534966
00017459.jpg,0.834495,0.7981256
00044808.jpg,0.69042474,0.644188
00052901.jpg,0.8887192,0.8911822
00007357.jpg,0.7293583,0.5989616
00035031.jpg,0.6670381,0.704474
00029377.jpg,0.7928897,0.9284932
00028237.jpg,0.71664417,0.7297236
00057729.jpg,0.73862994,0.8453452
00006383.jpg,0.7646234,0.8077584
n04349306_3271.jpg,0.8079721,0.84444445
00036321.jpg,0.62055606,0.605728
00041744.jpg,0.80004156,0.7465188
00023221.jpg,0.8711891,0.8264032
00057617.jpg,0.5213467,0.5429768
00004471.jpg,0.6745472,0.86293
00011717.jpg,0.80313194,0.8434876
n00470966_23296.jpg,0.83851135,0.6633663
00041918.jpg,0.6568439,0.7301818
00030125.jpg,0.8114804,0.8646624
n02450034_2991.jpg,0.74912584,0.8080808
00024453.jpg,0.7702855,0.8089814
00017991.jpg,0.8165077,0.7617846
00017839.jpg,0.7979455,0.8272656
00005715.jpg,0.69928706,0.731956
00042630.jpg,0.7051705,0.6163482
00056583.jpg,0.79922104,0.9047708
00058712.jpg,0.7900907,0.7858928
00029763.jpg,0.7404138,0.7205754
000000165319.jpg,0.75842714,0.7553192
00049106.jpg,0.8614094,0.961061
00055537.jpg,0.69564056,0.7305874
00047089.jpg,0.6110683,0.6304076
00013938.jpg,0.7364565,0.8111552
00015724.jpg,0.7252326,0.7635016
00018477.jpg,0.8212408,0.7918614
00049149.jpg,0.7772996,0.6910118
00019393.jpg,0.9077802,0.8792374
00045190.jpg,0.7638452,0.8072962
00014715.jpg,0.88097644,0.8418718
00050601.jpg,0.76407325,0.6657822
00033569.jpg,0.8328799,0.9024442
00057787.jpg,0.67345846,0.816228
00000348.jpg,0.69792795,0.630631
00018998.jpg,0.6557842,0.8216424
00029139.jpg,0.7830737,0.7474226
n09421951_24316.jpg,0.4877419,0.5217391
00049653.jpg,0.87942135,0.878141
00033263.jpg,0.6750399,0.774531
00033707.jpg,0.8426386,0.920105
00027669.jpg,0.7273028,0.8082422
00041096.jpg,0.7281013,0.5680666
00002982.jpg,0.71715355,0.6859918
00043865.jpg,0.6903125,0.7892966
000000306173.jpg,0.82298833,0.8962264
00052676.jpg,0.95900047,0.9362636
00028689.jpg,0.6993867,0.8483932
00026195.jpg,0.7888404,0.7195108
0c986f4c7d7610b3.jpg,0.76925313,0.7075472
00047348.jpg,0.7569268,0.7276208
00054519.jpg,0.73838913,0.8618956
00035315.jpg,0.6282637,0.4900964
00046769.jpg,0.77945423,0.9096344
00054379.jpg,0.7962998,0.7856982
00045747.jpg,0.8573854,0.8809348
00012487.jpg,0.9713037,0.9453218
00020670.jpg,0.7222779,0.7206594
00034194.jpg,0.7325711,0.8926942
00009690.jpg,0.70811844,0.654174
00027994.jpg,0.57136464,0.4828636
00028582.jpg,0.63151336,0.597387
000000463555.jpg,0.85206187,0.9368421
00013950.jpg,0.75843877,0.719869
00008445.jpg,0.7542385,0.8683104
00005817.jpg,0.75606203,0.8103306
n04587559_6311.jpg,0.64848197,0.8080808
00031464.jpg,0.8248004,0.801866
00044159.jpg,0.6047666,0.6851738
00050599.jpg,0.8192875,0.8555022
00048114.jpg,0.84436274,0.9067474
00018434.jpg,0.74941754,0.6436908
00021139.jpg,0.86721015,0.918375
n03512147_6874.jpg,0.8050601,0.8333333
00028395.jpg,0.5199153,0.696539
00038782.jpg,0.8075034,0.8160692
00052770.jpg,0.88266444,0.902106
00029416.jpg,0.6932259,0.7762882
00022181.jpg,0.7130809,0.8305866
00014267.jpg,0.71159184,0.77486
00025489.jpg,0.606057,0.7045332
00021617.jpg,0.7460089,0.8015272
00011849.jpg,0.81883335,0.8268324
00024610.jpg,0.6988735,0.5841686
00019295.jpg,0.82656825,0.887173
00047758.jpg,0.85836923,0.8305682
00032833.jpg,0.8343164,0.9431786
00009695.jpg,0.8653891,0.8107952
n02332755_7430.jpg,0.80265987,0.7706422
00045295.jpg,0.7165041,0.7698414
n03791053_10016.jpg,0.84197485,0.8125
00054996.jpg,0.9086139,0.9217556
00057561.jpg,0.7786454,0.8266424
00057052.jpg,0.7393199,0.763436
00034036.jpg,0.65828073,0.6511166
00056000.jpg,0.9277518,0.9269268
00036366.jpg,0.71234924,0.4764528
00008934.jpg,0.86019886,0.9058372
00057053.jpg,0.80169237,0.8460358
00039724.jpg,0.73597676,0.8798048
000000429407.jpg,0.7111212,0.93203884
00005166.jpg,0.7070648,0.5722734
00051650.jpg,0.68104875,0.6548606
00009531.jpg,0.6930926,0.6742466
00052982.jpg,0.7934978,0.7642158
00022597.jpg,0.8035159,0.7407678
dab8b622490cfc61.jpg,0.7099072,0.66019416
00057375.jpg,0.95148337,0.8963188
00039185.jpg,0.8303932,0.9393446
00057966.jpg,0.864546,0.9470994
00038134.jpg,0.59491223,0.4495854
00014148.jpg,0.82307124,0.7843288
00022518.jpg,0.8142909,0.7980822
00035283.jpg,0.67164946,0.6213488
00021481.jpg,0.65499216,0.5463578
287c6686c652da6a.jpg,0.686108,0.6111111
426f6b665d06fbaf.jpg,0.77935594,0.75
00016132.jpg,0.78836286,0.7674988
00029049.jpg,0.6685608,0.6419864
00050512.jpg,0.665815,0.8241242
00053080.jpg,0.80796885,0.8534946
00006191.jpg,0.8164841,0.8137822
00045461.jpg,0.65947175,0.59401
00016658.jpg,0.90412533,0.8848364
n09421951_11091.jpg,0.5677824,0.41237113
n07801508_12576.jpg,0.8821765,0.9183673
00042643.jpg,0.7681868,0.6361944
00018050.jpg,0.81599236,0.7378954
00003366.jpg,0.82228065,0.870758
00034968.jpg,0.65721273,0.6530842
00024447.jpg,0.5773274,0.5847376
00023860.jpg,0.7414751,0.9572508
7aeecee8b9b7264c.jpg,0.67417943,0.71
00058734.jpg,0.77892125,0.8075722
00043089.jpg,0.8393152,0.9356364
00029206.jpg,0.84789276,0.8326302
00016760.jpg,0.75626063,0.6015838
00038017.jpg,0.7509781,0.7962978
00008269.jpg,0.5224439,0.455193
00047683.jpg,0.7619833,0.8164144
00026882.jpg,0.83904254,0.9249284
00023869.jpg,0.74531484,0.6729022
00052139.jpg,0.79461205,0.7849372
60bf5bc547dec918.jpg,0.82455456,0.88659793
000000503938.jpg,0.6942955,0.7395833
00038287.jpg,0.7219451,0.7151546
00002330.jpg,0.6732973,0.5326502
000000203304.jpg,0.75488067,0.82051283
n09428293_22601.jpg,0.580026,0.5714286
00041120.jpg,0.7726562,0.7780846
00041586.jpg,0.7586713,0.7768222
00051538.jpg,0.82418466,0.9372256
00046586.jpg,0.59253114,0.5776228
3bda7bfbe820a82f.jpg,0.6950141,0.64912283
00005787.jpg,0.79448366,0.8788368
00045739.jpg,0.6556523,0.5511496
00021703.jpg,0.7127416,0.7158802
00042024.jpg,0.6986145,0.6938386
00053810.jpg,0.9013313,0.9553866
00003570.jpg,0.8456334,0.834722
00029050.jpg,0.6165625,0.5683456
00054358.jpg,0.8322911,0.8949928
n09289331_1551.jpg,0.79383266,0.85046726
00043083.jpg,0.71545756,0.8374682
00055878.jpg,0.54187393,0.416724
00017704.jpg,0.6907718,0.6407142
00052130.jpg,0.7422653,0.7123058
00050613.jpg,0.7338371,0.7923312
00041632.jpg,0.7263255,0.6563562
00048711.jpg,0.74945295,0.7731642
00037516.jpg,0.5970789,0.577925
00054467.jpg,0.82035255,0.7410306
00037230.jpg,0.7602198,0.8552112
00030284.jpg,0.9048029,0.8457274
00031974.jpg,0.8094064,0.9307378
00019990.jpg,0.5243472,0.5511176
00040376.jpg,0.75903213,0.824937
00013971.jpg,0.58212405,0.5363566
00029068.jpg,0.7685683,0.8005466
00019221.jpg,0.80464184,0.8272328
00026609.jpg,0.6899048,0.8011358
n00470966_18565.jpg,0.80162346,0.84
00020664.jpg,0.5501261,0.5438476
00006854.jpg,0.7306824,0.7440332
00003506.jpg,0.6957997,0.6502454
00018044.jpg,0.4993807,0.5672032
00053782.jpg,0.8887305,0.861692
00042330.jpg,0.79961765,0.7857528
n09468604_8336.jpg,0.5068335,0.63461536
000000230104.jpg,0.7589056,0.77272725
00008699.jpg,0.864292,0.8180196
00000859.jpg,0.66879547,0.664833
00002882.jpg,0.8794123,0.8512478
00021996.jpg,0.7024808,0.772602
00029541.jpg,0.73751855,0.828462
00020811.jpg,0.7859963,0.7839526
00054752.jpg,0.8064014,0.7860252
00058569.jpg,0.8801254,0.8470758
n03670208_36069.jpg,0.751914,0.8817204
00058357.jpg,0.512304,0.5341562
n04465501_7315.jpg,0.78066456,0.7244898
00024935.jpg,0.76526284,0.6691646
00042925.jpg,0.8245009,0.8431774
00035970.jpg,0.5826385,0.6677304
00041190.jpg,0.6903764,0.638834
n02934451_18059.jpg,0.7044384,0.754717
00002622.jpg,0.6513879,0.7594308
00047978.jpg,0.7139679,0.7570434
00057377.jpg,0.8337251,0.8213642
00055967.jpg,0.85560334,0.9020026
00036306.jpg,0.7243656,0.5801548
00018734.jpg,0.72746575,0.7642348
00021417.jpg,0.72808003,0.6182084
00010099.jpg,0.81561863,0.8193058
00055873.jpg,0.63813066,0.7123226
00022119.jpg,0.8488698,0.8619872
00052406.jpg,0.7072028,0.7433216
00042791.jpg,0.78887165,0.7361264
00022429.jpg,0.7914767,0.7823802
00047951.jpg,0.7619231,0.5800846
00039933.jpg,0.7164848,0.823128
00005048.jpg,0.72491705,0.6631004
00052117.jpg,0.7343023,0.7891316
00036373.jpg,0.6766751,0.5157656
00054768.jpg,0.80046666,0.7046182
00036805.jpg,0.6717404,0.6074144
n09415671_4557.jpg,0.55640566,0.40860215
00019360.jpg,0.8175256,0.8374628
00035326.jpg,0.57203996,0.4493934
00000187.jpg,0.5556609,0.5738004
00013811.jpg,0.82450604,0.755497
00016204.jpg,0.8622725,0.7777854
00008206.jpg,0.72851765,0.764341
00006089.jpg,0.8385749,0.7598872
00020485.jpg,0.7470601,0.763586
00015820.jpg,0.5853858,0.427119
00024576.jpg,0.82638025,0.8382402
00009255.jpg,0.6063416,0.5027584
00054026.jpg,0.6029176,0.5533648
00025352.jpg,0.7356212,0.7076498
00039652.jpg,0.73182255,0.8236768
00035749.jpg,0.6653435,0.5654188
00053200.jpg,0.8188333,0.886559
00049533.jpg,0.87888813,0.7920738
00031732.jpg,0.7892461,0.6961326
00044338.jpg,0.712124,0.6978988
00046481.jpg,0.7444404,0.7689736
00041696.jpg,0.62728804,0.6469044
n04349306_6718.jpg,0.8127481,0.9117647
00003672.jpg,0.8567902,0.8295906
00040548.jpg,0.6952767,0.6441502
00022383.jpg,0.6709422,0.8235142
n00445351_8627.jpg,0.81181145,0.88235295
00004890.jpg,0.7772057,0.8998924
00041701.jpg,0.7138194,0.7556028
00047061.jpg,0.69383746,0.6504652
00026258.jpg,0.72525775,0.8389674
00032136.jpg,0.7458675,0.8333792
00048992.jpg,0.6456322,0.772066
000000304741.jpg,0.81448257,0.8396226
00046985.jpg,0.7055224,0.829972
00006270.jpg,0.69966376,0.6710916
00053256.jpg,0.66398335,0.7008658
n07711569_5955.jpg,0.76805615,0.7083333
n00470966_25838.jpg,0.7816119,0.79816514
00058668.jpg,0.8165643,0.6845886
00045501.jpg,0.84762806,0.879104
00050272.jpg,0.65031135,0.582061
00032871.jpg,0.6797721,0.6883558
00006186.jpg,0.62462723,0.610133
00018310.jpg,0.89354694,0.985762
n07893642_25414.jpg,0.85340095,0.87826085
00048074.jpg,0.71751,0.669858
00029214.jpg,0.7335286,0.8135728
00051753.jpg,0.7904216,0.8238524
00019293.jpg,0.8220404,0.7991096
00025034.jpg,0.7880397,0.7699134
00046710.jpg,0.7509531,0.7388408
00006461.jpg,0.5917061,0.5460944
00042196.jpg,0.80541825,0.8001418
00022274.jpg,0.7787087,0.8384658
n02924116_9480.jpg,0.8070161,0.90588236
00040353.jpg,0.63500863,0.7150096
00044495.jpg,0.767075,0.7422156
00025068.jpg,0.8878486,0.9310086
00047220.jpg,0.6685233,0.7767932
00041995.jpg,0.7484457,0.7048608
00039709.jpg,0.8949152,0.8298028
n03791053_27357.jpg,0.77973986,0.6597938
00030086.jpg,0.80723023,0.7550292
00014135.jpg,0.5566871,0.4491618
00050279.jpg,0.74121875,0.7978452
00039863.jpg,0.77632093,0.6622922
00049000.jpg,0.82598984,0.8677996
00039381.jpg,0.76203203,0.8526416
00038499.jpg,0.6892204,0.5169642
00027125.jpg,0.6782466,0.661165
00028670.jpg,0.6649761,0.7666638
00046482.jpg,0.69915974,0.6902538
00049147.jpg,0.9341004,0.8762978
00025652.jpg,0.8070563,0.744632
00057069.jpg,0.7057369,0.6404746
00027659.jpg,0.8223741,0.8124442
00024992.jpg,0.8929548,0.8890378
n01846331_2909.jpg,0.74598026,0.625
00007448.jpg,0.62583673,0.5019566
00002885.jpg,0.75546765,0.8367708
00011878.jpg,0.82196915,0.910909
00027557.jpg,0.84547997,0.8156592
00025803.jpg,0.7000878,0.734713
00017846.jpg,0.7412232,0.8363618
00046285.jpg,0.67825866,0.7662808
00035082.jpg,0.7050086,0.781082
00029026.jpg,0.78568995,0.6649782
00027704.jpg,0.72739446,0.7274174
00016787.jpg,0.7900044,0.8267166
00037902.jpg,0.77393866,0.7772986
00002763.jpg,0.8391353,0.8767784
00003029.jpg,0.7602358,0.6672502
00028733.jpg,0.7716011,0.8412924
00012169.jpg,0.7302314,0.6551088
00022650.jpg,0.6859392,0.6351514
00013181.jpg,0.82726383,0.8467598
00023139.jpg,0.8319794,0.828868
00033746.jpg,0.6656501,0.6932916
00005930.jpg,0.78787386,0.8400674
00058219.jpg,0.73605466,0.7342746
00017777.jpg,0.8522513,0.9081814
00039688.jpg,0.7699543,0.6372364
00051174.jpg,0.7980459,0.8011312
00053238.jpg,0.8648436,0.9037336
00052847.jpg,0.8409761,0.8423442
00004156.jpg,0.80531967,0.8593394
00008641.jpg,0.77216923,0.7783882
00018603.jpg,0.890893,0.8737876
00052592.jpg,0.6586027,0.6494446
000000410255.jpg,0.78079724,0.9591837
00033547.jpg,0.8716686,0.7568492
00011351.jpg,0.7217895,0.6652988
00016628.jpg,0.6662175,0.6301968
00007601.jpg,0.72160757,0.691849
00035441.jpg,0.6798187,0.7147716
n09288635_15732.jpg,0.60507685,0.7529412
00040229.jpg,0.766485,0.7147498
00027760.jpg,0.8543267,0.7664162
00045718.jpg,0.8357719,0.8573436
00031608.jpg,0.8783425,0.9381644
00001781.jpg,0.88240314,0.8885242
00011864.jpg,0.72647715,0.6758316
00036427.jpg,0.6443337,0.6748756
00020361.jpg,0.8512044,0.8702608
00052247.jpg,0.8153372,0.753268
00046399.jpg,0.68877006,0.5835174
00037338.jpg,0.6342356,0.6080042
00031575.jpg,0.73742986,0.7883878
00010240.jpg,0.69769526,0.59596
n01514859_4612.jpg,0.835151,0.8712871
00038323.jpg,0.6916958,0.5799938
00041484.jpg,0.7370559,0.7892302
00018505.jpg,0.8079059,0.8194902
00027388.jpg,0.7365422,0.714248
00057253.jpg,0.7877692,0.859998
00041935.jpg,0.5916563,0.5192306
00035065.jpg,0.76979864,0.8541376
00045121.jpg,0.70464814,0.7896932
00004304.jpg,0.8933929,0.8537958
00007350.jpg,0.7061216,0.7200068
00012600.jpg,0.66227293,0.6993062
00008529.jpg,0.8182924,0.6410258
00021413.jpg,0.84928954,0.9568502
00049552.jpg,0.7984735,0.872053
00037631.jpg,0.6410683,0.5376228
00034687.jpg,0.76349795,0.7897132
00020275.jpg,0.7005832,0.8393318
00018862.jpg,0.6841092,0.749679
00005092.jpg,0.831581,0.8812312
00051374.jpg,0.82217824,0.949104
00008549.jpg,0.73066366,0.6157378
00007457.jpg,0.8554042,0.8991698
00009497.jpg,0.7842361,0.714368
00035377.jpg,0.61021036,0.5921092
00041888.jpg,0.74897933,0.6547296
00047987.jpg,0.8139664,0.8106966
00024796.jpg,0.74962616,0.7864136
n03670208_1659.jpg,0.7639127,0.8974359
00014837.jpg,0.85344243,0.7432874
00014257.jpg,0.811595,0.8714956
00058709.jpg,0.86768353,0.812891
00015460.jpg,0.6158534,0.6201974
00045896.jpg,0.76769507,0.7953662
00005662.jpg,0.75641847,0.7469648
00001142.jpg,0.72261834,0.8063538
n02450034_11910.jpg,0.7696605,0.6846847
00053169.jpg,0.8464475,0.9064088
00030998.jpg,0.7860948,0.842761
00034641.jpg,0.6153718,0.6123672
000000143980.jpg,0.85036993,0.86170214
00012394.jpg,0.6984375,0.7178082
00054658.jpg,0.77631307,0.7541388
00003364.jpg,0.84313416,0.8452128
00022719.jpg,0.7889894,0.805814
00052118.jpg,0.728567,0.897475
a017ac25346efdcd.jpg,0.5411669,0.5222222
n07690273_22090.jpg,0.8871008,0.9137931
00053884.jpg,0.69076705,0.6806886
n02118333_12879.jpg,0.92817855,0.93877554
00044051.jpg,0.7954892,0.7669044
00041676.jpg,0.7226834,0.8074304
00046243.jpg,0.73586833,0.5431134
00034862.jpg,0.5856099,0.5113978
00029445.jpg,0.7829337,0.8404298
00033855.jpg,0.6170213,0.5865382
00039357.jpg,0.80454636,0.9128166
00020628.jpg,0.76274884,0.8327908
00057299.jpg,0.7817509,0.7135574
00002129.jpg,0.81981474,0.772466
00039323.jpg,0.8177773,0.6766842
00035296.jpg,0.6362512,0.5776252
00001832.jpg,0.8981855,0.89015
00012323.jpg,0.83436465,0.8368006
n09308572_6426.jpg,0.71214926,0.77319586
000000040890.jpg,0.7716924,0.7938144
00035209.jpg,0.74619627,0.8163002
00046499.jpg,0.82699215,0.7755654
00033012.jpg,0.7873701,0.6954
00023058.jpg,0.743395,0.7887326
00018573.jpg,0.7077828,0.7471382
00055297.jpg,0.836143,0.8817628
00015735.jpg,0.6610414,0.5556972
00053133.jpg,0.78248703,0.774041
00029605.jpg,0.8160119,0.8115488
00005498.jpg,0.75015044,0.8056274
n02342885_5465.jpg,0.89437723,0.9583333
00042990.jpg,0.640808,0.6461648
00015704.jpg,0.7601974,0.8679664
00019006.jpg,0.75286686,0.8359886
00021659.jpg,0.6811575,0.7484616
00050667.jpg,0.756119,0.7108156
00015810.jpg,0.8972355,0.9318072
00015330.jpg,0.58902395,0.5756198
00005829.jpg,0.6688148,0.6529312
00049401.jpg,0.7427794,0.584476
00026387.jpg,0.6154878,0.678941
00054920.jpg,0.82347536,0.7731904
00013596.jpg,0.8787447,0.7249424
00004333.jpg,0.8450888,0.8625564
00035558.jpg,0.6062112,0.5142528
00027540.jpg,0.9044142,0.9120756
00040091.jpg,0.6616012,0.6972998
00019205.jpg,0.79679453,0.7945516
00010843.jpg,0.73701453,0.7643916
00034018.jpg,0.6389251,0.5544476
00016565.jpg,0.88727534,0.9595326
000000388025.jpg,0.6641097,0.6756757
00023622.jpg,0.766232,0.697912
00040328.jpg,0.7038416,0.6699042
00031506.jpg,0.7158953,0.7398144
000000519089.jpg,0.8168297,0.73195875
00045462.jpg,0.79037505,0.8217262
000000310749.jpg,0.87258554,0.875
00058159.jpg,0.62699175,0.7657016
00012521.jpg,0.7046926,0.6183074
559d6b3d60bdf647.jpg,0.7143382,0.75
00031192.jpg,0.87467766,0.7825624
be3ff20a17c22e90.jpg,0.6160362,0.5208333
00023637.jpg,0.65021634,0.6305746
00015012.jpg,0.67006105,0.790593
00001841.jpg,0.87652075,0.889756
00003991.jpg,0.80563235,0.711232
00002409.jpg,0.8057992,0.7086806
n07574602_25400.jpg,0.8666022,0.9010989
00007366.jpg,0.8717953,0.7799568
00013740.jpg,0.82719314,0.8392564
00027830.jpg,0.68926954,0.739374
00019734.jpg,0.8433968,0.7451402
00052696.jpg,0.7725111,0.7132106
863960ac3b291df2.jpg,0.7887337,0.78350514
00049957.jpg,0.8114689,0.819031
00034063.jpg,0.69837594,0.6943962
00039830.jpg,0.6944665,0.7935512
00021598.jpg,0.6717969,0.6223838
00026739.jpg,0.83562386,0.873589
00030809.jpg,0.90316284,0.8818446
00018244.jpg,0.600494,0.55859
00003641.jpg,0.83212185,0.9028896
00057057.jpg,0.86902845,0.9209416
00054912.jpg,0.71228874,0.6271158
n07574602_27054.jpg,0.82382166,0.7837838
00041498.jpg,0.76702106,0.8004818
00038478.jpg,0.6952423,0.6673412
00038532.jpg,0.6275637,0.557039
00028456.jpg,0.69641125,0.714873
00052202.jpg,0.766381,0.823322
00024915.jpg,0.9549551,0.9405706
000000160624.jpg,0.70967263,0.55421686
00003259.jpg,0.7730125,0.8234894
00057494.jpg,0.5978855,0.6601918
00003276.jpg,0.6124078,0.5120148
00006988.jpg,0.56877625,0.475257
00015181.jpg,0.79595774,0.7654888
00047318.jpg,0.84609544,0.7609586
00000862.jpg,0.85620666,0.9568084
00043491.jpg,0.7644372,0.7177376
00052885.jpg,0.90629685,0.9475726
00010086.jpg,0.90709496,0.8900224
00044382.jpg,0.5998448,0.6243246
00026584.jpg,0.73136836,0.572126
00054348.jpg,0.80230176,0.7631972
00049591.jpg,0.81757104,0.8527714
00023789.jpg,0.82698643,0.7732666
00054643.jpg,0.8051455,0.775568
n03541923_3651.jpg,0.7973592,0.7916667
00049723.jpg,0.7728151,0.8067618
00010238.jpg,0.70701766,0.6714214
00031246.jpg,0.7175138,0.7932534
000000102978.jpg,0.8265151,0.9381443
00001363.jpg,0.8034319,0.8384484
00029484.jpg,0.7008288,0.8141336
00030321.jpg,0.7966629,0.7684532
00048651.jpg,0.7805317,0.8141236
00043669.jpg,0.7678623,0.8361898
00004908.jpg,0.74417233,0.6485502
00039337.jpg,0.7150154,0.4912498
00030153.jpg,0.6522026,0.6900586
00016279.jpg,0.6106031,0.617178
00031784.jpg,0.828025,0.8609982
00057291.jpg,0.7738646,0.8506828
00025527.jpg,0.77353156,0.824532
00050247.jpg,0.85319555,0.8753618
00020564.jpg,0.8543577,0.8157636
00040866.jpg,0.7573813,0.7532058
00037746.jpg,0.76173747,0.7329308
n04335435_801.jpg,0.7043359,0.8
00025750.jpg,0.6990002,0.687347
00039269.jpg,0.782184,0.7922
00047782.jpg,0.7552464,0.8222806
00030065.jpg,0.80063975,0.8185714
00040020.jpg,0.77869976,0.7994112
00044697.jpg,0.7912169,0.809225
00002016.jpg,0.703313,0.6675618
00056522.jpg,0.7115532,0.6086186
00018198.jpg,0.5523996,0.6127708
00017387.jpg,0.8638588,0.9033386
00020644.jpg,0.82614595,0.8190024
00048926.jpg,0.70937145,0.709169
00003403.jpg,0.7600188,0.7250174
00017882.jpg,0.61522543,0.7816994
00025995.jpg,0.8503187,0.7568716
00041370.jpg,0.74200594,0.7738772
00012882.jpg,0.8338091,0.8262236
00035424.jpg,0.6861234,0.6156498
80f83da8bdc0ae70.jpg,0.9006108,0.8595041
00044691.jpg,0.76167256,0.8651602
00051537.jpg,0.7021338,0.6887122
1b65eba9195d7b48.jpg,0.4728498,0.43157893
53e19901290661c3.jpg,0.6863117,0.7816092
n02430045_3966.jpg,0.7837275,0.6363636
00046651.jpg,0.7859474,0.820695
00042286.jpg,0.7933463,0.7395128
00024852.jpg,0.8152704,0.8741668
00042436.jpg,0.7717669,0.8011848
00047287.jpg,0.68392694,0.7600094
00040494.jpg,0.60125667,0.6192262
00016272.jpg,0.7290213,0.7650664
00054789.jpg,0.76115024,0.674541
00049033.jpg,0.78016555,0.9019558
000000209971.jpg,0.6659689,0.6306306
00019577.jpg,0.8472588,0.8190378
00020346.jpg,0.6825118,0.8252604
00031595.jpg,0.7391424,0.6958842
00005810.jpg,0.7137507,0.6244414
00013116.jpg,0.6501812,0.5657588
000000371874.jpg,0.7626245,0.8857143
00055469.jpg,0.7744788,0.8148342
00025582.jpg,0.89801264,0.976757
00010184.jpg,0.64985144,0.5436364
n01811909_7505.jpg,0.7501183,0.74038464
00041963.jpg,0.8863287,0.9254796
00021485.jpg,0.6306436,0.7376076
00000503.jpg,0.71233416,0.8091856
00032805.jpg,0.7216129,0.6443244
00007965.jpg,0.82551265,0.8698236
00038314.jpg,0.5847646,0.5660942
00052190.jpg,0.65882456,0.5826532
00053022.jpg,0.69364464,0.7471616
00034381.jpg,0.801852,0.6504392
00048291.jpg,0.77636755,0.7134098
00006618.jpg,0.8252461,0.7798966
00052971.jpg,0.9095993,0.9243242
00019421.jpg,0.69853556,0.6463954
n09359803_41173.jpg,0.6135894,0.6788991
00042487.jpg,0.8053379,0.8755116
00020110.jpg,0.67944443,0.8261296
00013346.jpg,0.8144423,0.7577224
00037452.jpg,0.67812115,0.5216924
00035467.jpg,0.76188946,0.76809
00015934.jpg,0.7400318,0.7629212
00013351.jpg,0.78413117,0.813826
00028238.jpg,0.72646856,0.6989812
00049221.jpg,0.7074749,0.7815436
00012040.jpg,0.6719736,0.6327924
00053352.jpg,0.7397251,0.8999764
00052963.jpg,0.567063,0.6752448
00004594.jpg,0.74716806,0.864919
00035294.jpg,0.61002314,0.5896106
n02878222_16027.jpg,0.66423273,0.6637931
00011370.jpg,0.8358896,0.955145
00051200.jpg,0.8060303,0.6927212
00040463.jpg,0.7400633,0.772353
00029962.jpg,0.7081423,0.6726572
n03670208_12822.jpg,0.7632669,0.93939394
00019647.jpg,0.69888306,0.7219692
00034093.jpg,0.622615,0.6771882
00040660.jpg,0.7351349,0.7143386
00003819.jpg,0.87161803,0.8303302
n03594945_7733.jpg,0.7236272,0.7714286
00040282.jpg,0.68432796,0.5561614
00031675.jpg,0.7150967,0.8194266
00035038.jpg,0.63476145,0.6110522
00039514.jpg,0.7086518,0.6396404
00012333.jpg,0.7221222,0.7455002
1e22e1fbfa73a3ca.jpg,0.7258973,0.70652175
00004100.jpg,0.87299454,0.9191374
00039642.jpg,0.8511332,0.8263546
n04465501_1033.jpg,0.8025112,0.8090909
00012470.jpg,0.65875834,0.6089792
00005837.jpg,0.79308474,0.7714826
00007861.jpg,0.69112194,0.651068
edcd80d166754c12.jpg,0.6335416,0.6530612
00029462.jpg,0.76550364,0.6833932
00019236.jpg,0.8304745,0.838709
00045957.jpg,0.62439543,0.5586712
00008921.jpg,0.7381859,0.7372172
6f8f4097a2f50e91.jpg,0.77589655,0.7386364
00044481.jpg,0.7587404,0.8102196
00034607.jpg,0.8041874,0.9102832
n02932891_28174.jpg,0.69629633,0.6847826
56e42703b8495e8b.jpg,0.58320427,0.63917524
00021715.jpg,0.6880307,0.6724494
00002829.jpg,0.6825479,0.7104668
00053962.jpg,0.7684878,0.9059618
00047972.jpg,0.8161484,0.8550042
00014503.jpg,0.61937207,0.6350712
00049193.jpg,0.58906734,0.754533
00013442.jpg,0.6963116,0.701383
00039347.jpg,0.6584426,0.6852826
n03384352_6010.jpg,0.7779927,0.8367347
n07929519_31477.jpg,0.85314155,0.93
00001852.jpg,0.6986637,0.658683
c2a4e2dc3a23410b.jpg,0.7742194,0.86021507
00031705.jpg,0.71657217,0.8523534
00046423.jpg,0.7824061,0.6142276
00043108.jpg,0.7722106,0.6991154
00041074.jpg,0.82095736,0.859944
00046702.jpg,0.66071403,0.6038404
00054202.jpg,0.5407541,0.5337416
00049116.jpg,0.7575015,0.7844076
00010141.jpg,0.62125474,0.6438794
00024079.jpg,0.77151424,0.8299358
00055092.jpg,0.6369864,0.6036258
00014463.jpg,0.79702854,0.8227194
00043517.jpg,0.6997079,0.6734312
00028332.jpg,0.7583903,0.6441762
00040555.jpg,0.6772635,0.6689362
00053711.jpg,0.7809969,0.7127096
00056890.jpg,0.754517,0.7925018
sun_afhmafwoarfodhar.jpg,0.56853986,0.62765956
00023394.jpg,0.78748536,0.8427474
00016963.jpg,0.8201318,0.8474054
00010771.jpg,0.8120255,0.9256192
n07711569_5370.jpg,0.84353405,0.75
00036940.jpg,0.6228967,0.6413978
00007398.jpg,0.7309729,0.8413204
n04467665_22879.jpg,0.7555228,0.6904762
00055811.jpg,0.7640698,0.8520026
00037449.jpg,0.6388,0.6098316
00007362.jpg,0.9020345,0.9609738
n07880968_4442.jpg,0.8508003,0.8245614
00000264.jpg,0.84870803,0.9130334
00029339.jpg,0.73384035,0.6150344
00051819.jpg,0.8353639,0.9688774
n12345899_20312.jpg,0.7216978,0.8041237
000000110480.jpg,0.67943746,0.7
00043679.jpg,0.85194707,0.8570718
00015900.jpg,0.7261643,0.757721
00013782.jpg,0.6334547,0.6272086
00013393.jpg,0.73574656,0.8323216
00045298.jpg,0.7207154,0.7926518
00026020.jpg,0.89116204,0.8801368
00030197.jpg,0.844478,0.8000448
00052539.jpg,0.8393847,0.9144082
00008231.jpg,0.8293072,0.8472062
n07583197_5587.jpg,0.7896507,0.7525773
00016970.jpg,0.8408755,0.8810684
00029497.jpg,0.84682024,0.8454218
00010358.jpg,0.7275691,0.7830442
n02878222_18067.jpg,0.67915475,0.79746836
00020995.jpg,0.5438263,0.4216668
00016412.jpg,0.5975296,0.3920808
00053768.jpg,0.70978403,0.8031526
00003408.jpg,0.8642379,0.9586972
00015664.jpg,0.90048957,0.9127122
00000540.jpg,0.6694283,0.6903498
00052813.jpg,0.63197505,0.6775798
00052067.jpg,0.593001,0.5536552
00035090.jpg,0.8355428,0.7847328
00044043.jpg,0.76355094,0.726446
00000586.jpg,0.8437859,0.8158034
00039845.jpg,0.68431246,0.7829294
n09472597_4600.jpg,0.6657742,0.68421054
00045453.jpg,0.68634987,0.7617666
00058342.jpg,0.626086,0.8235964
00002374.jpg,0.8339373,0.8754402
00018014.jpg,0.82022727,0.8417352
00010634.jpg,0.72117704,0.8082334
00043871.jpg,0.7398962,0.6780942
00017951.jpg,0.835449,0.7784752
n03594945_30146.jpg,0.7817236,0.7904762
00047778.jpg,0.85891867,0.7919474
00011091.jpg,0.7931806,0.898894
00009303.jpg,0.87805057,0.8902046
4e3b05a274ec9070.jpg,0.826103,0.78494626
00021633.jpg,0.8184153,0.8532918
00013999.jpg,0.842157,0.9232288
00017862.jpg,0.7493459,0.766438
00029186.jpg,0.8436309,0.8940406
00020222.jpg,0.6573893,0.6980616
00000625.jpg,0.8449204,0.7701778
00008477.jpg,0.679271,0.6235094
00036569.jpg,0.6066122,0.6614568
00037469.jpg,0.7170745,0.6493826
00033703.jpg,0.7411325,0.815423
00034878.jpg,0.70689774,0.646421
00027271.jpg,0.6827315,0.685519
00023123.jpg,0.8942957,0.9319126
00056413.jpg,0.69545174,0.6228536
00003057.jpg,0.7126539,0.5133722
00053354.jpg,0.69790375,0.6715414
00026223.jpg,0.84422183,0.8999612
00052398.jpg,0.79822063,0.8163262
00048789.jpg,0.7319616,0.6941224
00017429.jpg,0.71096563,0.6851842
00054613.jpg,0.69735706,0.6904064
00014379.jpg,0.7625723,0.7151786
00051574.jpg,0.87784517,0.9485746
00014140.jpg,0.7105193,0.7824394
00052350.jpg,0.8450723,0.9139552
00058528.jpg,0.7342948,0.7603634
00052817.jpg,0.81636465,0.808043
00044076.jpg,0.79165804,0.7703008
00046001.jpg,0.6320499,0.6837462
00000499.jpg,0.7273447,0.7203282
00018353.jpg,0.76597685,0.6730662
000000425131.jpg,0.7994386,0.9111111
00020160.jpg,0.79557097,0.7586482
00023324.jpg,0.7644979,0.8236112
05fc797747b43738.jpg,0.6675327,0.7195122
000000177148.jpg,0.91104317,0.96938777
00055945.jpg,0.76951176,0.8154654
00006408.jpg,0.8165293,0.817041
00054632.jpg,0.7945099,0.8388574
00029492.jpg,0.86341584,0.8713844
00049879.jpg,0.7400956,0.8655102
n01791625_17466.jpg,0.8351904,0.8148148
00015401.jpg,0.7692919,0.694715
00013893.jpg,0.8429616,0.9172686
00004272.jpg,0.9382292,0.9810188
00033899.jpg,0.64761484,0.6440826
00019580.jpg,0.83849084,0.8485148
00021465.jpg,0.72967064,0.6410584
00001428.jpg,0.8236915,0.7320394
n04610013_991.jpg,0.69033766,0.75757575
00022109.jpg,0.73845637,0.6955748
00056469.jpg,0.84120405,0.813201
n02332755_342.jpg,0.75597095,0.83035713
00058659.jpg,0.80261517,0.8350736
00043087.jpg,0.7622309,0.8329194
00012387.jpg,0.84359336,0.829605
00034748.jpg,0.7029587,0.821759
00012154.jpg,0.71522295,0.7388646
00030217.jpg,0.7465148,0.7627532
00031494.jpg,0.77966726,0.8446006
00007372.jpg,0.8256788,0.7956668
00049015.jpg,0.823161,0.9150192
00005141.jpg,0.85012126,0.8810024
00054132.jpg,0.75324476,0.7697572
00039569.jpg,0.73464745,0.7845774
00013720.jpg,0.58973753,0.4756162
00002894.jpg,0.7623967,0.7657988
1c36280ae30bb3f7.jpg,0.85236883,0.82258064
00036726.jpg,0.81894183,0.6514924
00000935.jpg,0.89660645,0.7364336
00024245.jpg,0.8465831,0.8371336
00048398.jpg,0.8392191,0.8830634
00041717.jpg,0.66012764,0.601899
00003036.jpg,0.78162,0.838542
00041802.jpg,0.81843185,0.8126374
n03512147_5436.jpg,0.782926,0.7117117
00012586.jpg,0.8146229,0.8451726
00002875.jpg,0.7764547,0.6962282
00005691.jpg,0.75618315,0.8080676
n09270735_25350.jpg,0.6532389,0.68817204
00010788.jpg,0.5744331,0.571827
00035914.jpg,0.70698905,0.776005
00003333.jpg,0.75769293,0.7776752
n00468480_7838.jpg,0.785696,0.7378641
00019028.jpg,0.6453174,0.596396
00039615.jpg,0.71302676,0.7736134
00040194.jpg,0.7571608,0.7145094
00021180.jpg,0.63822293,0.6077506
00041883.jpg,0.6884136,0.6596374
n09288635_14334.jpg,0.65241385,0.6219512
00023082.jpg,0.86398137,0.785754
00010229.jpg,0.78804535,0.7409858
00037454.jpg,0.499099,0.597226
n09472597_1402.jpg,0.67052567,0.6666667
n04467665_43858.jpg,0.7573812,0.8727273
00014623.jpg,0.56531197,0.7144694
00008791.jpg,0.77635634,0.828925
00010582.jpg,0.70124334,0.6913894
00057335.jpg,0.70483196,0.8122736
n07680932_29285.jpg,0.8470224,0.77894735
00006171.jpg,0.7268487,0.7051802
00038132.jpg,0.7594599,0.813627
f26d220a7b9effda.jpg,0.7540746,0.8636364
00037453.jpg,0.580098,0.696405
00034988.jpg,0.6688433,0.689997
919170eeb33e7a6a.jpg,0.764521,0.70526314
00054645.jpg,0.7784932,0.8008896
n07923748_14810.jpg,0.82344985,0.8901099
00044770.jpg,0.7407247,0.6939104
00029901.jpg,0.82035065,0.7662412
00007100.jpg,0.8028492,0.7284722
00041955.jpg,0.79620993,0.6866842
00027098.jpg,0.91950953,0.9704246
00009581.jpg,0.8329958,0.868261
00005623.jpg,0.7154772,0.7069356
00053028.jpg,0.8243592,0.8842544
00057658.jpg,0.7112875,0.6719268
00003133.jpg,0.8880304,0.899578
00051872.jpg,0.7599404,0.792831
00056910.jpg,0.77822626,0.8244008
00033684.jpg,0.7802704,0.8179192
00022211.jpg,0.7667031,0.87275
00034636.jpg,0.73814404,0.7969508
00007639.jpg,0.87572634,0.8292578
00040895.jpg,0.78145146,0.7665436
00014204.jpg,0.7753118,0.7689872
00044930.jpg,0.718174,0.6348994
00036828.jpg,0.75217813,0.848462
n00480993_28568.jpg,0.8256953,0.90909094
00041538.jpg,0.7631873,0.7505212
aa7e150c301a4f89.jpg,0.7032064,0.7653061
00045268.jpg,0.6964307,0.620532
00041132.jpg,0.74686766,0.7892356
00008256.jpg,0.8167144,0.8751844
00026588.jpg,0.7097428,0.8245744
00018100.jpg,0.7997099,0.8710544
00048252.jpg,0.653011,0.6848036
00034726.jpg,0.6506674,0.5745788
00056563.jpg,0.6456435,0.597145
n00440941_11436.jpg,0.81987107,0.8333333
00051366.jpg,0.74106675,0.7001874
00028089.jpg,0.6057261,0.504882
n02342885_595.jpg,0.8603945,0.8857143
00033223.jpg,0.826361,0.6887968
n07806221_25416.jpg,0.83341086,0.78125
00047397.jpg,0.8393713,0.8859266
00008439.jpg,0.8617357,0.7975528
00016537.jpg,0.72794247,0.7936116
00034526.jpg,0.6513865,0.6365714
00008550.jpg,0.7549696,0.7968816
00023714.jpg,0.74930537,0.8454688
00029765.jpg,0.74596155,0.7680874
n07717556_4620.jpg,0.942139,0.9493671
00023764.jpg,0.6702268,0.7239564
00053193.jpg,0.8764874,0.9720434
n09217230_10187.jpg,0.7465098,0.8053097
n07680932_1211.jpg,0.8438043,0.9035088
00045391.jpg,0.7081661,0.5478732
00023715.jpg,0.69905454,0.589557
00031753.jpg,0.84237504,0.8766474
00034900.jpg,0.69491357,0.5767246
adc560d6428b46e8.jpg,0.71057427,0.7628866
00017899.jpg,0.84732795,0.764644
00014707.jpg,0.6854106,0.7568468
00016638.jpg,0.8391355,0.7434078
00017375.jpg,0.8114023,0.7997874
feecb94338fe3dc8.jpg,0.73572445,0.7619048
00025480.jpg,0.5580282,0.5504916
00046505.jpg,0.6972344,0.6949926
00044896.jpg,0.8003373,0.7249616
00014601.jpg,0.776991,0.8557964
00013925.jpg,0.63686347,0.6511924
00015732.jpg,0.8422358,0.9235776
00018849.jpg,0.7692888,0.828976
00030198.jpg,0.80827844,0.7520058
00006109.jpg,0.7707957,0.7611906
00038170.jpg,0.6492344,0.6434434
00032473.jpg,0.92874753,0.9456208
00000241.jpg,0.7945794,0.8227078
00042069.jpg,0.73456395,0.6906828
00020601.jpg,0.8372091,0.8846748
00048191.jpg,0.7308254,0.5072638
00048543.jpg,0.71364343,0.7882138
00011249.jpg,0.7194419,0.7614346
00054662.jpg,0.86483634,0.862925
00056877.jpg,0.72606325,0.8338862
00011498.jpg,0.73992586,0.8795132
00023909.jpg,0.702984,0.7328956
00014902.jpg,0.83460593,0.934561
00024601.jpg,0.7732657,0.7622208
3595f889f4ca2d60.jpg,0.8233179,0.752809
00030574.jpg,0.83389413,0.8927978
00025425.jpg,0.5868456,0.7175388
n09270735_11686.jpg,0.78436553,0.90909094
00023564.jpg,0.83610594,0.8900846
00048809.jpg,0.8120153,0.8879536
00036797.jpg,0.681023,0.7128562
00011776.jpg,0.8837141,0.90265
00022924.jpg,0.5803885,0.5935362
00027390.jpg,0.7594235,0.7957076
n07720875_3425.jpg,0.92127645,0.8947368
00041492.jpg,0.8164784,0.9066358
00049234.jpg,0.8456578,0.838709
00050936.jpg,0.5804329,0.7021774
00043734.jpg,0.71685976,0.8325284
00017917.jpg,0.8235494,0.911865
00034403.jpg,0.68016005,0.6759402
00038994.jpg,0.8280294,0.8319882
000000576001.jpg,0.6333531,0.58653843
00024355.jpg,0.82108605,0.8069098
00036165.jpg,0.6579411,0.6589622
00025000.jpg,0.7434896,0.7584242
00028738.jpg,0.901026,0.952744
00051005.jpg,0.78790367,0.9395508
00015838.jpg,0.6464641,0.6524048
00047995.jpg,0.72206795,0.7265666
n04335435_2090.jpg,0.75528204,0.8192771
00034131.jpg,0.75256073,0.6973078
00058530.jpg,0.6508268,0.6377108
00034853.jpg,0.64701223,0.556464
00037995.jpg,0.7722968,0.8489926
00038857.jpg,0.74674016,0.8257408
00050107.jpg,0.7250373,0.6120544
00055615.jpg,0.8397286,0.7751406
00046580.jpg,0.77514195,0.7982668
00029391.jpg,0.77917755,0.6740004
00051180.jpg,0.64735293,0.6319436
n09308572_4667.jpg,0.7721194,0.83505154
00004312.jpg,0.7488296,0.8491762
058158a56c4e1048.jpg,0.791908,0.872549
00014389.jpg,0.69445026,0.6533294
00049789.jpg,0.6990853,0.7950306
000000311290.jpg,0.7686106,0.9126214
n01514859_10423.jpg,0.782045,0.5913978
00011347.jpg,0.7368511,0.7134066
00032187.jpg,0.681074,0.6616462
00003477.jpg,0.57549787,0.5527128
00004175.jpg,0.75672907,0.840803
00025752.jpg,0.8620405,0.845972
n04166281_388.jpg,0.7786026,0.79
00030451.jpg,0.69578516,0.7359142
00012400.jpg,0.7426889,0.7603564
00051057.jpg,0.60092163,0.5958818
00045952.jpg,0.8039224,0.8346682
n07863374_16163.jpg,0.80550927,0.7708333
00004285.jpg,0.7174877,0.6410496
00030087.jpg,0.7806169,0.726672
n07753592_18348.jpg,0.8835211,0.9150943
00057448.jpg,0.72453845,0.8593212
00017511.jpg,0.78552794,0.7573922
00058334.jpg,0.75887895,0.7716462
00001846.jpg,0.6352713,0.3710804
00053401.jpg,0.8268546,0.892204
00050923.jpg,0.8217547,0.876713
00029647.jpg,0.75118953,0.691673
00050140.jpg,0.6618044,0.7433054
00003470.jpg,0.6143221,0.4801324
00039585.jpg,0.60800093,0.5337006
00043473.jpg,0.75064313,0.7456188
00022136.jpg,0.8751081,0.8645704
00053427.jpg,0.87937725,0.9319576
000000082464.jpg,0.88897586,0.9072165
00041497.jpg,0.73998225,0.8587768
00006577.jpg,0.74439466,0.7799842
00001058.jpg,0.6972915,0.7424248
00013250.jpg,0.8120067,0.8468144
n07838073_6708.jpg,0.8431678,0.7692308
00022951.jpg,0.7088094,0.5797382
00005010.jpg,0.8049876,0.8855094
000000504554.jpg,0.9481046,0.969697
00033051.jpg,0.664672,0.7102518
00039741.jpg,0.7363814,0.682275
00003962.jpg,0.74503505,0.8185188
00008808.jpg,0.6935656,0.52754
00006940.jpg,0.7787223,0.8152072
00010866.jpg,0.5697533,0.5628036
00015960.jpg,0.8239852,0.8835918
00015860.jpg,0.8853215,0.8922638
00048540.jpg,0.6993372,0.6582816
00008575.jpg,0.7833364,0.9034216
n07574602_26851.jpg,0.81539893,0.80582523
00048051.jpg,0.7865014,0.7049338
n02878222_6578.jpg,0.6712955,0.7241379
00035952.jpg,0.7871342,0.8318008
00056816.jpg,0.83980507,0.8104202
00001232.jpg,0.7265315,0.752956
00025417.jpg,0.7151109,0.7732794
f3de0d72febbe17f.jpg,0.8642701,0.8214286
00027185.jpg,0.64413065,0.6723838
00033145.jpg,0.77722275,0.7538516
00038449.jpg,0.67178977,0.493465
00039268.jpg,0.6806725,0.660167
00016406.jpg,0.6983182,0.6659748
00045580.jpg,0.67055357,0.6425016
00030104.jpg,0.7206968,0.8035052
00036364.jpg,0.7829871,0.8359814
00039448.jpg,0.8205379,0.709985
00014315.jpg,0.6569945,0.5991364
00033957.jpg,0.69275236,0.5582096
00030685.jpg,0.8694006,0.8166152
00043653.jpg,0.7631415,0.6738992
00022359.jpg,0.77222484,0.7011648
00003520.jpg,0.76847,0.6341108
00046582.jpg,0.8242028,0.7460066
00056766.jpg,0.7683154,0.8468132
00030189.jpg,0.9005327,0.8487332
00058018.jpg,0.66941804,0.6614108
00041081.jpg,0.80901015,0.6906022
fa6f5cc41df31b36.jpg,0.69787574,0.84210527
n00468480_9997.jpg,0.7294378,0.67741936
00041430.jpg,0.8362726,0.942435
00015848.jpg,0.74589014,0.8590942
00006151.jpg,0.86921227,0.833092
00056497.jpg,0.8901396,0.975604
00015821.jpg,0.8067354,0.8106396
00027131.jpg,0.8617972,0.8552404
00039796.jpg,0.8009091,0.8206498
00010468.jpg,0.79999876,0.7868546
00045101.jpg,0.82117873,0.7420484
00035001.jpg,0.6776085,0.6449446
00011071.jpg,0.75241506,0.825731
00034268.jpg,0.77161837,0.6532136
00000327.jpg,0.7478436,0.7133646
00024022.jpg,0.7125018,0.6929608
00041150.jpg,0.7233001,0.7163224
00036613.jpg,0.6927437,0.8129352
00007933.jpg,0.645661,0.6874356
00057295.jpg,0.78000546,0.733173
00034438.jpg,0.6654911,0.6562614
00049746.jpg,0.8508166,0.8705112
00050325.jpg,0.8058641,0.7023128
00053224.jpg,0.65607536,0.7137744
00016549.jpg,0.83092713,0.8676926
00005081.jpg,0.60822356,0.5777482
00022737.jpg,0.77850926,0.8125962
00035594.jpg,0.6148623,0.5937818
00007184.jpg,0.8494204,0.794172
00043025.jpg,0.7137786,0.6987392
00005609.jpg,0.8202808,0.89607
00049655.jpg,0.7746382,0.8271606
00002783.jpg,0.68337893,0.737552
00055111.jpg,0.81631374,0.9413348
00050832.jpg,0.62259483,0.7124696
n02324045_4715.jpg,0.780896,0.7821782
acb9398303757285.jpg,0.7653712,0.69827586
00010668.jpg,0.8204962,0.8642588
7c4abb7d18dd115b.jpg,0.77398336,0.78431374
000000215062.jpg,0.7742201,0.8425926
sun_aoyxvextaeonmyll.jpg,0.59532416,0.38235295
00056640.jpg,0.9115871,0.938829
00012354.jpg,0.8120891,0.8064114
000000312660.jpg,0.80074865,0.7777778
00012253.jpg,0.8096092,0.7873968
00023284.jpg,0.7798374,0.7758356
00039178.jpg,0.7642586,0.6496784
00037662.jpg,0.6604016,0.5793764
00029857.jpg,0.685272,0.7154908
n02355227_3079.jpg,0.8578037,0.9
n04610013_4673.jpg,0.70542467,0.6698113
00040988.jpg,0.79388446,0.8375756
00010197.jpg,0.80936825,0.9452362
00039572.jpg,0.74657786,0.7606314
00003998.jpg,0.8636813,0.9062572
00036536.jpg,0.6729758,0.6315738
00043218.jpg,0.73468226,0.8564284
05f4784eeafcaf3d.jpg,0.71432245,0.6
00030259.jpg,0.72468203,0.6771618
000000493209.jpg,0.7507942,0.8557692
00025569.jpg,0.835506,0.8481642
00014541.jpg,0.8611797,0.817705
00038174.jpg,0.6662532,0.7795174
00018035.jpg,0.87406945,0.955548
00045833.jpg,0.7140342,0.8160094
n04587559_11462.jpg,0.6078476,0.8019802
00020381.jpg,0.86562437,0.8807544
00039010.jpg,0.6902236,0.5303172
00018753.jpg,0.8160091,0.7350654
00006768.jpg,0.6709124,0.6217544
000000560020.jpg,0.7430948,0.85294116
00031344.jpg,0.8393987,0.8340472
00047667.jpg,0.7194426,0.7507948
000000395555.jpg,0.76269376,0.8888889
00038639.jpg,0.6790036,0.7432526
00001133.jpg,0.7071989,0.648827
00002580.jpg,0.8073673,0.8325936
00002471.jpg,0.7231403,0.6403932
00038811.jpg,0.76911235,0.6728494
00056685.jpg,0.6719167,0.6819588
00000893.jpg,0.76485384,0.8007234
00030171.jpg,0.9278556,0.9729194
00019917.jpg,0.8655901,0.9843616
000000446345.jpg,0.66031396,0.6666667
00051091.jpg,0.8109398,0.8080888
n03790512_12141.jpg,0.80075514,0.8611111
00049066.jpg,0.68626994,0.7524738
n07680932_5633.jpg,0.8805281,0.9230769
00009513.jpg,0.91587603,0.835293
n07720875_8101.jpg,0.8198712,0.87777776
00058224.jpg,0.6981478,0.7243974
00056959.jpg,0.9251112,0.7030384
00023754.jpg,0.8293487,0.9229158
00022341.jpg,0.80244464,0.7578614
00052723.jpg,0.72298694,0.7845902
n00470966_19837.jpg,0.7457659,0.8367347
00001087.jpg,0.7902539,0.810764
00031876.jpg,0.67255723,0.6678484
00001554.jpg,0.6509929,0.6345248
00045216.jpg,0.73850393,0.7773562
00015248.jpg,0.83392644,0.9224612
00034374.jpg,0.77763677,0.7244022
00037565.jpg,0.6564188,0.6100228
00007414.jpg,0.7982759,0.70901
00038383.jpg,0.6278888,0.6084534
00038883.jpg,0.77431834,0.8811238
00024965.jpg,0.66408694,0.5738624
00004059.jpg,0.62000054,0.5253054
00011986.jpg,0.80437946,0.837899
00010777.jpg,0.72229964,0.7466582
00005898.jpg,0.75383174,0.631816
b080e8dae70bfe84.jpg,0.74274266,0.58762884
00046015.jpg,0.6847619,0.7632516
00011411.jpg,0.6989814,0.5842166
00049523.jpg,0.76934004,0.5694586
00019738.jpg,0.7800642,0.831871
00018400.jpg,0.70394814,0.5865126
0e8bb816c0cb5fbe.jpg,0.59411323,0.61403507
00005827.jpg,0.7358911,0.7896338
00002289.jpg,0.7980076,0.884688
n02691156_6438.jpg,0.813674,0.5764706
sun_aaqyzvrweabdxjzo.jpg,0.749647,0.8111111
00048122.jpg,0.79497373,0.7357788
00025094.jpg,0.78328204,0.815711
00013237.jpg,0.56877613,0.505104
n02691156_11729.jpg,0.70343745,0.57
1a17241c6f0e6642.jpg,0.7684443,0.83516484
00051440.jpg,0.7875681,0.8028438
00047362.jpg,0.73644197,0.8047366
00036498.jpg,0.7094178,0.6847134
00012044.jpg,0.60986316,0.5882722
00011470.jpg,0.58538175,0.5212284
00016918.jpg,0.53155965,0.504751
00036350.jpg,0.600027,0.5409966
00000777.jpg,0.8275994,0.8112928
n09393605_23937.jpg,0.55902815,0.53097343
00034757.jpg,0.7323505,0.8363302
00029911.jpg,0.7673453,0.9288176
00024848.jpg,0.8362274,0.8424312
n09270735_13713.jpg,0.6652634,0.78504676
00034191.jpg,0.65343,0.6719192
00032162.jpg,0.81084514,0.6922306
00014922.jpg,0.6844741,0.7151462
00028440.jpg,0.8132628,0.8088884
00037085.jpg,0.7227496,0.7392724
00001438.jpg,0.8423139,0.9066958
00030380.jpg,0.8779466,0.9359886
785ee485ae352669.jpg,0.5167501,0.37037036
00003176.jpg,0.74065137,0.8124112
00025072.jpg,0.6488313,0.5873932
n04335435_25710.jpg,0.8101584,0.86170214
00011845.jpg,0.60606503,0.5194928
000000335709.jpg,0.8034884,0.8712871
00053929.jpg,0.82273245,0.7634228
00001223.jpg,0.7632283,0.8577382
00035602.jpg,0.7822375,0.7962926
00017849.jpg,0.80776954,0.7878656
00045960.jpg,0.7479265,0.7583746
00030495.jpg,0.71405953,0.7423242
00031199.jpg,0.71013236,0.7327476
00013710.jpg,0.8389402,0.8475562
00020400.jpg,0.87717867,0.8701514
00000886.jpg,0.7584821,0.7856958
00043973.jpg,0.78429115,0.684875
00022163.jpg,0.6779958,0.5771504
00009631.jpg,0.74729013,0.7752888
00014440.jpg,0.8757261,0.8841462
000000417577.jpg,0.8119091,0.82568806
00021948.jpg,0.8676014,0.8533212
00012868.jpg,0.7035426,0.670661
00017382.jpg,0.7473822,0.7842114
00000164.jpg,0.8254248,0.7883348
00057037.jpg,0.8127924,0.6953636
00004227.jpg,0.77168596,0.6852206
00009326.jpg,0.68947923,0.4850856
n01846331_3530.jpg,0.7717432,0.7413793
00034682.jpg,0.6408289,0.7967268
00054070.jpg,0.7471206,0.7295766
00014018.jpg,0.68913424,0.7233842
sun_avmxdpydhkugmnzh.jpg,0.76348877,0.815534
00031334.jpg,0.74124753,0.7851182
00051062.jpg,0.7742548,0.8446926
00041063.jpg,0.69457996,0.702092
00031927.jpg,0.67701375,0.8670472
00022069.jpg,0.8244773,0.7848324
00024765.jpg,0.7979666,0.5999274
00016835.jpg,0.75803375,0.7760326
d9e93a2678327874.jpg,0.74026465,0.77
00055650.jpg,0.825935,0.8905598
95e59623c871c809.jpg,0.8091943,0.7721519
00052333.jpg,0.7233729,0.7002878
00007684.jpg,0.7683159,0.6860318
00046242.jpg,0.6700118,0.6264364
n02932891_13200.jpg,0.6380207,0.63829786
00021014.jpg,0.65457845,0.731022
00057466.jpg,0.75091374,0.8417396
000000289507.jpg,0.78894556,0.8037383
00023585.jpg,0.61978316,0.8519434
000000146929.jpg,0.8764578,0.973913
00020496.jpg,0.8541254,0.9522442
00003278.jpg,0.73006,0.8474174
00010656.jpg,0.54087245,0.3495176
n09468604_41325.jpg,0.6187905,0.5869565
00054242.jpg,0.81935406,0.7757626
00016661.jpg,0.82447505,0.9512516
00035182.jpg,0.67257386,0.6568388
00026925.jpg,0.86305344,0.9079546
00029653.jpg,0.7216424,0.5473714
00026733.jpg,0.7652485,0.7498748
00000419.jpg,0.7605382,0.712822
00000679.jpg,0.65485346,0.5565514
00049544.jpg,0.6890836,0.547903
00023332.jpg,0.55687004,0.517699
n09468604_45739.jpg,0.5654745,0.34146342
00042375.jpg,0.6461365,0.8280686
00027604.jpg,0.8442667,0.7471574
00053959.jpg,0.864993,0.8849998
00038598.jpg,0.7037314,0.7119052
00012455.jpg,0.667861,0.6694216
n07838073_8064.jpg,0.8176198,0.7758621
00023009.jpg,0.84297216,0.7967048
000000444363.jpg,0.7594242,0.81914896
00026275.jpg,0.891315,0.8731488
00017389.jpg,0.8987142,0.95877
00031804.jpg,0.81330967,0.7816186
00036775.jpg,0.6662859,0.6902592
00020489.jpg,0.5335666,0.4892808
00004268.jpg,0.87674,0.9020724
00045609.jpg,0.7040459,0.7026022
00014512.jpg,0.69150996,0.786786
00057604.jpg,0.5719571,0.6241742
00021549.jpg,0.7626765,0.8075868
00017784.jpg,0.7796564,0.7596936
00033270.jpg,0.7732727,0.748797
00006793.jpg,0.8782047,0.866439
00009829.jpg,0.7251185,0.766482
00013291.jpg,0.80285245,0.8774656
00004649.jpg,0.72707915,0.6614168
00045928.jpg,0.6484579,0.6412864
00013705.jpg,0.7144536,0.7267456
00052122.jpg,0.90194416,0.8671274
00044939.jpg,0.74639153,0.7436484
00015680.jpg,0.81678796,0.8518462
00012008.jpg,0.85531926,0.9370288
00017837.jpg,0.78916967,0.713944
00027333.jpg,0.89586294,0.835819
00014027.jpg,0.6638477,0.646266
00036225.jpg,0.65775573,0.754289
n07690273_27648.jpg,0.8672477,0.9268293
00021695.jpg,0.757531,0.6095644
00024548.jpg,0.7675793,0.7663564
00013295.jpg,0.8525077,0.9343508
00040886.jpg,0.65652084,0.666818
00048734.jpg,0.7967812,0.8096694
00027233.jpg,0.78573203,0.7967656
00002110.jpg,0.7676327,0.8144238
00032096.jpg,0.793105,0.7808736
00035470.jpg,0.674057,0.5311962
n07720875_2949.jpg,0.93803966,0.82954544
00038097.jpg,0.7478903,0.7833878
00016677.jpg,0.8404641,0.8757568
00056336.jpg,0.72299457,0.7217858
000000528496.jpg,0.76134574,0.8021978
00038007.jpg,0.75174284,0.8247996
00033880.jpg,0.7085693,0.7469652
00032880.jpg,0.83907235,0.7294276
00049699.jpg,0.8257636,0.934638
n07693725_14254.jpg,0.91566586,0.8584906
00044000.jpg,0.69013476,0.6510588
00009794.jpg,0.6359694,0.633747
00006832.jpg,0.8721112,0.894785
00021175.jpg,0.7782867,0.7627994
00058019.jpg,0.9003867,0.8356978
00011141.jpg,0.7858243,0.9061886
00030007.jpg,0.79371357,0.8896702
000000055642.jpg,0.78860945,0.8235294
n04465501_11146.jpg,0.704373,0.6516854
sun_axvnhjliovthmykr.jpg,0.66246605,0.57471263
00014688.jpg,0.7870506,0.6253768
00032748.jpg,0.77983904,0.773595
00023045.jpg,0.54889256,0.521698
00018995.jpg,0.8191039,0.830477
00004395.jpg,0.79509145,0.7595852
00039991.jpg,0.6999879,0.6323436
n01846331_11880.jpg,0.73057675,0.6226415
n09288635_3716.jpg,0.71686924,0.8211382
00024280.jpg,0.773726,0.7974412
00042220.jpg,0.7348299,0.624652
00035822.jpg,0.6235311,0.5814446
00005271.jpg,0.6699418,0.3959258
000000534036.jpg,0.70878017,0.7752809
00015088.jpg,0.72621787,0.7774386
00051851.jpg,0.75555,0.7429396
00017871.jpg,0.73589206,0.8133848
00041976.jpg,0.6251564,0.5289356
00043794.jpg,0.71817553,0.6857546
00012231.jpg,0.60049796,0.6270172
00008534.jpg,0.7391228,0.763893
n04349306_12351.jpg,0.72436684,0.68367344
00039581.jpg,0.73315454,0.5461438
00048137.jpg,0.76038516,0.7337158
00010204.jpg,0.620451,0.5706524
00020817.jpg,0.79865366,0.8132176
00024633.jpg,0.7692616,0.7150708
00054800.jpg,0.8830383,0.7931286
00008367.jpg,0.70882666,0.7014016
00048887.jpg,0.932562,0.8616836
00007914.jpg,0.814526,0.8174516
00013752.jpg,0.94181883,0.9600982
00058424.jpg,0.83814764,0.7361534
00032509.jpg,0.8017513,0.8557994
00044537.jpg,0.6481763,0.6766798
00024843.jpg,0.85742235,0.9301172
00030695.jpg,0.6865113,0.6297738
00009813.jpg,0.71666753,0.5907752
00055003.jpg,0.8673855,0.881909
00051448.jpg,0.66024184,0.6490478
000000538113.jpg,0.7143961,0.6226415
00054594.jpg,0.67829657,0.7039632
n04166281_21492.jpg,0.6724075,0.7425743
00050356.jpg,0.784343,0.8607198
00005872.jpg,0.7441167,0.7352988
n02450034_2371.jpg,0.8082863,0.79347825
da7a3c300739e6a0.jpg,0.7918613,0.8301887
00048478.jpg,0.61299145,0.7459936
n04349306_14590.jpg,0.780637,0.73195875
00043158.jpg,0.7041546,0.6743316
n01514859_4999.jpg,0.8199996,0.7941176
00002606.jpg,0.6963359,0.5265026
n03594945_5856.jpg,0.7923287,0.8877551
n02396427_10722.jpg,0.82653075,0.93333334
00015650.jpg,0.9195378,0.8699198
00018281.jpg,0.8154427,0.8659976
00026340.jpg,0.80730104,0.8067072
00053508.jpg,0.84956527,0.820132
00035314.jpg,0.6641092,0.5274264
00007309.jpg,0.81646144,0.8547606
00007308.jpg,0.8136362,0.8848856
00010902.jpg,0.80394673,0.819683
00047670.jpg,0.722182,0.6302134
00020438.jpg,0.792894,0.8090426
00001292.jpg,0.82367396,0.881208
00032551.jpg,0.7908305,0.836955
00016559.jpg,0.7057225,0.758568
00053334.jpg,0.70593023,0.6671446
00035135.jpg,0.65325594,0.5314006
00033728.jpg,0.8797263,0.8137926
00058258.jpg,0.8650757,0.9719054
00052548.jpg,0.7404207,0.8066818
00002841.jpg,0.8172746,0.682828
00016411.jpg,0.73919153,0.746368
00009324.jpg,0.6972122,0.7971534
00024439.jpg,0.6805979,0.7352846
00009375.jpg,0.76028013,0.7412728
00041945.jpg,0.7063079,0.6989734
00011302.jpg,0.7626686,0.7794604
00041783.jpg,0.79027766,0.8027838
00023488.jpg,0.7020402,0.7257224
00034253.jpg,0.69426405,0.6695274
00046040.jpg,0.663236,0.6499612
00049906.jpg,0.89851975,0.8679124
00049088.jpg,0.79781747,0.8095304
00044515.jpg,0.7081138,0.670663
00036784.jpg,0.6712514,0.6295576
00052526.jpg,0.7689827,0.689835
00018781.jpg,0.6322168,0.5844108
00002569.jpg,0.77457607,0.7304544
n01793435_5738.jpg,0.8238444,0.7765958
00004046.jpg,0.7662822,0.829719
00042929.jpg,0.86810184,0.8923892
00041071.jpg,0.7936617,0.749874
00021133.jpg,0.6945127,0.5926234
00018125.jpg,0.7675061,0.8975568
00048698.jpg,0.760924,0.7747366
00024701.jpg,0.7787859,0.8773634
00016754.jpg,0.7817801,0.8202176
00057999.jpg,0.7391884,0.8266082
00039670.jpg,0.75353074,0.7630406
00030738.jpg,0.79691064,0.8931994
00038498.jpg,0.7109827,0.6855738
00029789.jpg,0.9447981,0.9637798
00004819.jpg,0.92638886,0.917855
00055170.jpg,0.6788545,0.6814676
00015277.jpg,0.8440907,0.9081894
00006596.jpg,0.5384911,0.7791582
000000246339.jpg,0.7300801,0.7821782
00008825.jpg,0.7110666,0.6434414
n04349306_7930.jpg,0.74744165,0.8039216
00007691.jpg,0.74708116,0.7969842
00033959.jpg,0.71634936,0.7934774
00051635.jpg,0.83840406,0.8852018
00017206.jpg,0.6950532,0.6595856
00048210.jpg,0.7601415,0.9113254
00052430.jpg,0.79823804,0.8253574
00054336.jpg,0.90442514,0.8911676
00013324.jpg,0.9867344,0.929792
00055464.jpg,0.8669218,0.8692664
dbd3e9304ac3c014.jpg,0.7753881,0.6448598
00038328.jpg,0.6026077,0.5472552
00054809.jpg,0.7729409,0.834525
00047669.jpg,0.8012863,0.785856
00002732.jpg,0.7816615,0.7734038
00051008.jpg,0.8629484,0.7767164
00005278.jpg,0.76241994,0.7609216
00042389.jpg,0.7242866,0.8656108
00043983.jpg,0.66147786,0.654052
d37ce84bd17e9211.jpg,0.6323197,0.58426964
00043252.jpg,0.69909036,0.6048294
00017946.jpg,0.81309193,0.7512548
00052169.jpg,0.9016886,0.9248728
00005986.jpg,0.7193089,0.5982798
00044858.jpg,0.7869894,0.8115508
00003355.jpg,0.8228253,0.7390248
00019756.jpg,0.92910755,0.8819422
00041475.jpg,0.69160587,0.7753594
00019725.jpg,0.7994017,0.6962888
00007149.jpg,0.8618108,0.8717306
00013743.jpg,0.7069702,0.790783
00058434.jpg,0.7982834,0.7825782
00006195.jpg,0.6698134,0.5454376
00027517.jpg,0.8594891,0.9353932
00006693.jpg,0.6420692,0.6277242
n02396427_79.jpg,0.8299495,0.7619048
00005544.jpg,0.84240943,0.8283814
n02793495_4333.jpg,0.6676903,0.675
00041509.jpg,0.66260254,0.7248082
00039313.jpg,0.7571845,0.7390212
00025042.jpg,0.88484883,0.8980106
00019471.jpg,0.6016488,0.6652276
00040714.jpg,0.74706113,0.8004068
00049674.jpg,0.8482082,0.896429
00021848.jpg,0.8112371,0.778673
00013425.jpg,0.83346665,0.913827
00021475.jpg,0.79212415,0.8061384
n02332755_8762.jpg,0.84715545,0.82978725
00047083.jpg,0.750667,0.7875226
00024754.jpg,0.7295004,0.7351082
00024790.jpg,0.7797265,0.772039
00045559.jpg,0.81624436,0.763032
00005735.jpg,0.8050697,0.7624482
00006458.jpg,0.75034004,0.7739204
000000029356.jpg,0.7759776,0.7613636
00020327.jpg,0.7858528,0.8640344
00024967.jpg,0.7337296,0.717436
00025289.jpg,0.8433212,0.8452764
00050148.jpg,0.8761742,0.81042
00018946.jpg,0.70651984,0.6116388
00050023.jpg,0.7234049,0.7675522
00009089.jpg,0.77668214,0.7983474
00009696.jpg,0.8161266,0.7741638
00048467.jpg,0.8432485,0.773179
00021766.jpg,0.7906629,0.9327188
00003000.jpg,0.74919796,0.7447846
00019550.jpg,0.720391,0.788937
00026571.jpg,0.8674195,0.8934878
000000484287.jpg,0.72011113,0.7746479
00016625.jpg,0.9655422,0.96274
00020860.jpg,0.76628506,0.8352862
00046068.jpg,0.7352835,0.8556782
00029511.jpg,0.73865616,0.7795468
00025341.jpg,0.77455825,0.9093464
n07574602_27102.jpg,0.8662447,0.91071427
00046953.jpg,0.70587504,0.6438656
00002074.jpg,0.8641977,0.9306566
00035413.jpg,0.5882277,0.505447
00041884.jpg,0.767856,0.9141672
00008203.jpg,0.64339304,0.7582474
000000434804.jpg,0.78358555,0.90588236
00009063.jpg,0.7544682,0.8385766
00058636.jpg,0.9208746,0.8781774
00023821.jpg,0.67217624,0.7105916
00044870.jpg,0.7457458,0.7905722
00043154.jpg,0.66191554,0.5931092
00015024.jpg,0.7604954,0.720972
000000435009.jpg,0.71868134,0.7924528
a01375cbf1a80101.jpg,0.7288491,0.7653061
00770ee8f5ad87ef.jpg,0.8103794,0.8857143
00036658.jpg,0.5614716,0.554564
00026498.jpg,0.5752764,0.4864766
00025241.jpg,0.8727044,0.9571594
00025800.jpg,0.55143857,0.5519068
00022619.jpg,0.7858484,0.8581522
00005195.jpg,0.8356581,0.804543
00010064.jpg,0.53413,0.4445656
00021793.jpg,0.5812553,0.5176262
000000451559.jpg,0.7171943,0.73493975
00054235.jpg,0.6820624,0.594248
00019009.jpg,0.74501127,0.6537528
000000112562.jpg,0.7526101,0.74725276
n07693725_13.jpg,0.87277615,0.8857143
00057634.jpg,0.8416687,0.8793802
00001081.jpg,0.86658263,0.9138596
00051674.jpg,0.77941406,0.6356398
00019999.jpg,0.64321256,0.830282
00047945.jpg,0.63580644,0.7216702
00021281.jpg,0.8751224,0.8546594
n01846331_11431.jpg,0.78113663,0.8181818
00006140.jpg,0.6666696,0.7391898
00040100.jpg,0.67740345,0.6590442
00009120.jpg,0.6837746,0.5898688
00008569.jpg,0.85150576,0.8408912
00025716.jpg,0.70349944,0.70903
n07923748_25449.jpg,0.7554677,0.76666665
n00439826_6636.jpg,0.7046877,0.42857143
00039710.jpg,0.79979753,0.679339
00020380.jpg,0.83897233,0.8331502
n07850329_8115.jpg,0.856984,0.65656567
00015007.jpg,0.6636008,0.5990758
00037652.jpg,0.66111857,0.7009944
00047210.jpg,0.65364754,0.6102244
00000111.jpg,0.75682765,0.5460292
00031242.jpg,0.8434813,0.7986936
00014916.jpg,0.761658,0.8096718
00036647.jpg,0.7735599,0.732888
00008165.jpg,0.6315032,0.594248
00005913.jpg,0.872839,0.9405028
00032446.jpg,0.7159375,0.6793576
00019255.jpg,0.7565638,0.7408206
00042501.jpg,0.6770365,0.8629906
00042575.jpg,0.67956376,0.7123292
00034984.jpg,0.5963693,0.4774184
00038944.jpg,0.6496453,0.6452726
00029384.jpg,0.81262743,0.8936842
00037013.jpg,0.73392916,0.8609358
00036837.jpg,0.6643895,0.6706348
00043427.jpg,0.84407616,0.8831336
00005070.jpg,0.6555957,0.6281278
00034068.jpg,0.768136,0.9001266
00035815.jpg,0.6504284,0.599728
00022475.jpg,0.631011,0.5843414
00029988.jpg,0.8735845,0.8922754
00026734.jpg,0.6468098,0.6434582
00052780.jpg,0.8575942,0.955178
00023406.jpg,0.8425567,0.811844
00007509.jpg,0.70482326,0.664717
000000067084.jpg,0.761637,0.83908045
19ce47859fe84403.jpg,0.7873837,0.8488372
00009633.jpg,0.82376266,0.7984488
00016312.jpg,0.8794365,0.964613
00048435.jpg,0.79638875,0.7513764
00014348.jpg,0.73958814,0.7441718
00047032.jpg,0.7119627,0.7946034
00019830.jpg,0.8843864,0.9282376
00016769.jpg,0.82551813,0.8567206
00048827.jpg,0.84764725,0.8645872
n02396427_1945.jpg,0.802618,0.7938144
00025965.jpg,0.90054584,0.9409062
00003151.jpg,0.84535503,0.8542902
00037748.jpg,0.65475774,0.710851
00052867.jpg,0.8954201,0.8126858
00008332.jpg,0.7430806,0.837918
00038396.jpg,0.6388335,0.6732038
00044331.jpg,0.7747985,0.7566274
00040564.jpg,0.67144036,0.5723374
00002942.jpg,0.6410302,0.726659
00025516.jpg,0.7242871,0.7900506
00041007.jpg,0.73998725,0.8925002
00055455.jpg,0.65882456,0.5276124
n01846331_15233.jpg,0.7084843,0.70652175
00037717.jpg,0.6478867,0.6671252
000000121677.jpg,0.751475,0.7326733
00045879.jpg,0.73345673,0.6828306
00058093.jpg,0.74432945,0.738883
00053744.jpg,0.6329014,0.7089908
12aa9167c034ea37.jpg,0.7560494,0.82051283
00041316.jpg,0.7581617,0.780223
00030810.jpg,0.5922498,0.5255148
n04166281_14544.jpg,0.790686,0.77678573
00014986.jpg,0.8930137,0.9437802
00056844.jpg,0.6873028,0.6663618
000000385795.jpg,0.8314557,0.8651685
00006419.jpg,0.7131245,0.6646506
00031366.jpg,0.77493036,0.7799488
00054111.jpg,0.6814593,0.7766002
00052441.jpg,0.88502085,0.899704
00046181.jpg,0.70046127,0.835368
00023486.jpg,0.6262357,0.5176946
00013812.jpg,0.77514875,0.7202296
00008878.jpg,0.7450217,0.8613474
a9c524228aecdba0.jpg,0.72639465,0.88659793
00011435.jpg,0.8089386,0.711476
00003378.jpg,0.8165928,0.6857252
n07850329_20654.jpg,0.9242493,0.87234044
00055394.jpg,0.70906925,0.6071034
00039767.jpg,0.7210577,0.7066722
00054401.jpg,0.69788945,0.7258526
n07696839_14469.jpg,0.7853097,0.8446602
00044237.jpg,0.78909826,0.6911976
6cb54fd6e4b8ecbe.jpg,0.8021835,0.73626375
00048846.jpg,0.77577174,0.7698678
422e5a2532b175c7.jpg,0.7526188,0.7356322
00008449.jpg,0.81887674,0.9387438
00016158.jpg,0.83875,0.866139
00048963.jpg,0.7281383,0.8910108
00004920.jpg,0.67314947,0.5899336
000000246095.jpg,0.7245125,0.5233645
00023276.jpg,0.8906591,0.8920162
00020929.jpg,0.87380576,0.9252724
00022195.jpg,0.7896906,0.7763378
00017665.jpg,0.78586423,0.7756374
n02878222_21406.jpg,0.71410584,0.7311828
00008099.jpg,0.82272965,0.8094928
00019924.jpg,0.77688205,0.7083742
00048732.jpg,0.78190374,0.8702198
00031590.jpg,0.71632576,0.8037644
000000347773.jpg,0.8128415,0.88349515
00005457.jpg,0.808658,0.9096922
00058117.jpg,0.7779974,0.7338954
00056684.jpg,0.72347087,0.6820664
00014743.jpg,0.8422334,0.8547716
00046786.jpg,0.7436279,0.7322936
00020780.jpg,0.69190156,0.6287284
00014675.jpg,0.68045163,0.7368168
00018387.jpg,0.6341653,0.7605116
n07717556_7101.jpg,0.89214337,0.9484536
00004568.jpg,0.7990972,0.8364154
00043508.jpg,0.71764135,0.7822734
bd24922f1aff6df7.jpg,0.8103156,0.8235294
00054559.jpg,0.89071774,0.881499
00043699.jpg,0.78608966,0.7395412
00004508.jpg,0.8892323,0.9075752
00008428.jpg,0.68947756,0.6236558
00007805.jpg,0.8628553,0.8562944
f2b55d7fc564c01c.jpg,0.7597822,0.8559322
00033285.jpg,0.8581687,0.9070136
00014117.jpg,0.79198635,0.9036292
00044768.jpg,0.7812842,0.8792476
00054929.jpg,0.7862066,0.7056054
00043906.jpg,0.799351,0.8161684
00015868.jpg,0.87132895,0.9195808
00039218.jpg,0.8017309,0.9618618
00048473.jpg,0.7353828,0.6911826
00018990.jpg,0.7822106,0.8117508
00001191.jpg,0.78099775,0.7832072
00044292.jpg,0.7396189,0.7870414
00003815.jpg,0.7671607,0.7950264
00041621.jpg,0.6196867,0.5985546
00043471.jpg,0.839602,0.7644592
00021074.jpg,0.77711546,0.8281456
n07838073_13543.jpg,0.91521823,0.8913044
00022570.jpg,0.867957,0.8124792
n07838073_21591.jpg,0.82021177,0.8137255
00004905.jpg,0.7155986,0.7754778
00055785.jpg,0.82001996,0.778462
00001906.jpg,0.7941985,0.8328394
n07911677_667.jpg,0.8217438,0.88095236
00054668.jpg,0.7887007,0.8082352
00010900.jpg,0.56756026,0.4064428
00010340.jpg,0.52668583,0.48513
00014677.jpg,0.6600889,0.8020286
00005900.jpg,0.7286254,0.4782522
00001804.jpg,0.7654773,0.8218726
00044971.jpg,0.8176166,0.8921718
00018843.jpg,0.66227543,0.7152988
00026174.jpg,0.6915685,0.885918
00038937.jpg,0.7162701,0.7602442
00020723.jpg,0.728609,0.7233142
00003515.jpg,0.69865084,0.7260234
00012596.jpg,0.7480184,0.7952042
00015220.jpg,0.87429345,0.929418
00002012.jpg,0.69862133,0.6695794
00036731.jpg,0.68624985,0.7882176
00024414.jpg,0.6035396,0.5043606
n02396427_4088.jpg,0.82158816,0.8023256
00040642.jpg,0.69141936,0.6624274
00041782.jpg,0.78617096,0.8989738
00053630.jpg,0.6050396,0.6733742
00034654.jpg,0.71294147,0.777654
00024015.jpg,0.7181324,0.759827
00056166.jpg,0.8831599,0.976328
00017194.jpg,0.87502813,0.9266536
n02118333_11749.jpg,0.91015244,0.8910891
00030886.jpg,0.61108285,0.5079582
00000658.jpg,0.81013346,0.75196
00008085.jpg,0.73016185,0.7666912
n07849336_30264.jpg,0.8664136,0.8018868
00056379.jpg,0.78509665,0.8805674
00005453.jpg,0.83869123,0.9282102
00018012.jpg,0.5262447,0.504081
00011426.jpg,0.79509693,0.7577804
00003045.jpg,0.6469153,0.5444572
00009889.jpg,0.7171359,0.6543742
00056259.jpg,0.76085234,0.8034234
00010396.jpg,0.7779504,0.6948282
00011952.jpg,0.71425164,0.6986374
00025826.jpg,0.86802936,0.952529
00007265.jpg,0.832672,0.8301952
n02342885_7645.jpg,0.8589809,0.959596
00012800.jpg,0.8887789,0.9453878
00027805.jpg,0.83749044,0.7403298
00004697.jpg,0.84773695,0.8503644
00023337.jpg,0.8792136,0.8952296
00002125.jpg,0.80168897,0.8140958
00043111.jpg,0.7864069,0.9000184
00016997.jpg,0.7363746,0.671172
00013246.jpg,0.6386467,0.7302684
00055221.jpg,0.7780905,0.7958974
00038617.jpg,0.6093955,0.4802554
00046356.jpg,0.75658333,0.8032908
00054039.jpg,0.78474975,0.8899032
00042416.jpg,0.7551043,0.7521032
00019136.jpg,0.85437226,0.8524004
00040396.jpg,0.76048785,0.7881418
00042005.jpg,0.7567587,0.8174252
00002739.jpg,0.82032025,0.8621664
00023908.jpg,0.5960301,0.6063882
00015390.jpg,0.7831334,0.7040988
00018547.jpg,0.74391377,0.8197288
00006700.jpg,0.65318227,0.607856
00041584.jpg,0.6351752,0.6300462
00018903.jpg,0.79985017,0.884204
00053051.jpg,0.9330919,0.928556
00048183.jpg,0.7289011,0.701992
00034683.jpg,0.663273,0.6270602
00020671.jpg,0.72625756,0.5928388
00041076.jpg,0.85891604,0.8061482
00007787.jpg,0.7149565,0.6763268
00024970.jpg,0.8580339,0.874394
00028460.jpg,0.833436,0.8170814
00033800.jpg,0.5407318,0.535186
00023505.jpg,0.8109665,0.8699638
00050448.jpg,0.76006675,0.793965
00049555.jpg,0.8346257,0.87398
00028245.jpg,0.8761616,0.8524518
00006795.jpg,0.8962846,0.8826556
00008989.jpg,0.82479894,0.785411
00056090.jpg,0.79447615,0.8224562
000000304115.jpg,0.8190421,0.7735849
n09468604_71480.jpg,0.5360433,0.66019416
e2b2df4f57103176.jpg,0.7554238,0.8484849
00012734.jpg,0.7282691,0.7444818
00029586.jpg,0.7715484,0.8666212
00010627.jpg,0.5916048,0.5928978
00005612.jpg,0.8440534,0.9453958
00013534.jpg,0.65691566,0.6957998
00012786.jpg,0.70176214,0.7359816
00012332.jpg,0.7134601,0.859507
00040713.jpg,0.761675,0.7027592
00003286.jpg,0.85821295,0.851763
00051768.jpg,0.78947663,0.7851274
n02793495_297.jpg,0.63910115,0.7375
00005077.jpg,0.82604027,0.8043036
00027625.jpg,0.8591698,0.900014
00000325.jpg,0.7073108,0.8203996
00022055.jpg,0.87760854,0.7512972
00007796.jpg,0.88800347,0.9086454
00058624.jpg,0.7188277,0.7945606
00000215.jpg,0.8842027,0.8610172
00006096.jpg,0.74737406,0.6865232
00031576.jpg,0.79515195,0.8904584
n09359803_23220.jpg,0.55175185,0.36956522
n03594945_128.jpg,0.7647464,0.62765956
00008343.jpg,0.7040293,0.7205602
00016026.jpg,0.6227126,0.5894122
00018334.jpg,0.85144615,0.9169676
n04465501_8390.jpg,0.8108885,0.8172043
00047631.jpg,0.66992104,0.7468144
00020314.jpg,0.74837095,0.8539732
00015912.jpg,0.8769798,0.8732554
00054225.jpg,0.80225587,0.812507
00018140.jpg,0.89797103,0.8893958
36daf4b907485637.jpg,0.7063297,0.8446602
00000484.jpg,0.9202268,0.8783838
00009274.jpg,0.702916,0.6603004
00045480.jpg,0.73665166,0.681413
00008521.jpg,0.74674535,0.729511
00026165.jpg,0.91215336,0.9184012
00055378.jpg,0.81700873,0.8063418
00044615.jpg,0.7215962,0.7792416
n03594945_21268.jpg,0.74068046,0.7263158
00030589.jpg,0.74356043,0.7737518
00016222.jpg,0.584118,0.464792
n02342885_240.jpg,0.8690448,0.84
00013711.jpg,0.84031165,0.8575738
00022168.jpg,0.7376183,0.7774768
000000267898.jpg,0.8122681,0.7894737
n07693725_3536.jpg,0.85395575,0.6111111
00005729.jpg,0.7379149,0.7459942
00009796.jpg,0.77042043,0.7950394
00043318.jpg,0.80646443,0.749163
n09308572_109.jpg,0.7116983,0.7830189
00039152.jpg,0.69220376,0.639639
00049218.jpg,0.6789402,0.6336162
00030241.jpg,0.6686374,0.7154492
00002628.jpg,0.7755759,0.7532702
n02934451_21207.jpg,0.67047596,0.8041237
00000393.jpg,0.73394364,0.7921838
00025830.jpg,0.7826221,0.691568
00019265.jpg,0.70877945,0.7549674
00046000.jpg,0.86798704,0.8028378
00012975.jpg,0.76270056,0.693625
00048343.jpg,0.68447757,0.7453786
00038263.jpg,0.6660509,0.7112472
00001975.jpg,0.665627,0.76349
n01846331_6727.jpg,0.8421678,0.8217822
00044294.jpg,0.81596255,0.801776
00045058.jpg,0.73064804,0.7253874
00005848.jpg,0.69888973,0.6711354
00031226.jpg,0.83658147,0.7916732
00036877.jpg,0.6633884,0.6558212
n07863374_18119.jpg,0.8221234,0.91588783
00027047.jpg,0.7575158,0.7735738
00044038.jpg,0.8257139,0.893576
00030993.jpg,0.80696577,0.7920358
00031606.jpg,0.7840642,0.7490288
00032897.jpg,0.7282909,0.7176874
00028274.jpg,0.82744277,0.918077
00043362.jpg,0.7387203,0.737946
sun_anlbtbdfjkxivzbt.jpg,0.7051835,0.71568626
00012019.jpg,0.7561071,0.8856796
00023482.jpg,0.72430396,0.8335354
00040627.jpg,0.69695866,0.6956634
00038233.jpg,0.66188157,0.7891388
00002808.jpg,0.6603819,0.4857578
00034224.jpg,0.71279466,0.7949156
00006636.jpg,0.7523494,0.7910034
00024037.jpg,0.8947091,0.8909314
00004288.jpg,0.8276552,0.889765
00050780.jpg,0.8801378,0.8860814
00045627.jpg,0.79870117,0.7226112
00040113.jpg,0.7945132,0.785808
13d000847e2aac34.jpg,0.60878253,0.6
00025006.jpg,0.67762685,0.7105126
000000181662.jpg,0.82485604,0.8712871
00036896.jpg,0.6541325,0.757857
sun_arkltvatcgcorxwq.jpg,0.67182696,0.4893617
00042688.jpg,0.73196185,0.6767726
00038783.jpg,0.6574075,0.7392688
00015887.jpg,0.6935227,0.6540206
00032331.jpg,0.76398766,0.8424228
00018523.jpg,0.7218739,0.6822052
00009626.jpg,0.77395344,0.8054556
00023495.jpg,0.8085414,0.8611026
00004708.jpg,0.7991259,0.8362234
00003283.jpg,0.7040131,0.700695
00034630.jpg,0.7210165,0.5985498
00039319.jpg,0.67102253,0.825844
00002799.jpg,0.8410576,0.9135636
00021946.jpg,0.8621033,0.8760898
8550e7dcea88bd9d.jpg,0.79617274,0.7920792
00026097.jpg,0.7339879,0.594754
00026420.jpg,0.83212566,0.8603776
00046579.jpg,0.7949259,0.734443
00019303.jpg,0.7965312,0.795763
n02324045_27845.jpg,0.83048856,0.8877551
db5978f1c55b21ea.jpg,0.7776068,0.77319586
00033752.jpg,0.6991892,0.5686892
00045400.jpg,0.89012325,0.8439968
00048212.jpg,0.73185503,0.6788198
00027856.jpg,0.748441,0.9347476
00016875.jpg,0.71875584,0.8029498
00051746.jpg,0.61728245,0.6715128
00005933.jpg,0.5894255,0.5399866
n01846331_4246.jpg,0.8317504,0.8613861
00009470.jpg,0.7111633,0.8213514
00017451.jpg,0.70367527,0.773008
00053167.jpg,0.8680663,0.8251424
n03670208_37379.jpg,0.7494569,0.8076923
00024094.jpg,0.88712263,0.986172
00013441.jpg,0.9346826,0.8508964
00054595.jpg,0.72903216,0.8383854
00054087.jpg,0.7398027,0.7235242
00027754.jpg,0.7644557,0.6359694
00027061.jpg,0.5748049,0.6184586
n02934451_12189.jpg,0.7533152,0.85714287
00044380.jpg,0.7948425,0.9231334
00003881.jpg,0.78688085,0.8202512
00025840.jpg,0.62589514,0.6303652
00017226.jpg,0.7592269,0.8180112
00039232.jpg,0.7542969,0.7260932
00006829.jpg,0.742677,0.7635442
00014295.jpg,0.69883436,0.6849352
81e422c0b2173f38.jpg,0.7318625,0.6969697
00053090.jpg,0.9719293,0.9241096
00037971.jpg,0.742995,0.8306892
c1850b014f3d5c3b.jpg,0.8108771,0.74757284
00024160.jpg,0.61813164,0.6077076
00005581.jpg,0.8161832,0.822588
00040744.jpg,0.81177163,0.7566646
00016972.jpg,0.8174572,0.9198196
00028883.jpg,0.7442796,0.8465174
00025182.jpg,0.8473027,0.8483332
00057883.jpg,0.6777432,0.7359352
00011545.jpg,0.8460895,0.8578038
00024651.jpg,0.665071,0.6765898
00045562.jpg,0.8236568,0.8236942
000000071933.jpg,0.90091026,0.9120879
00033087.jpg,0.7530149,0.8271116
00012166.jpg,0.84152853,0.9349576
00013868.jpg,0.79851043,0.8702196
00056206.jpg,0.87798285,0.9168184
00010065.jpg,0.6174086,0.6201988
00035911.jpg,0.6333816,0.4385948
00009908.jpg,0.9200859,0.8526842
00014909.jpg,0.7217711,0.7277284
n04166281_8236.jpg,0.75968087,0.72727275
00047473.jpg,0.64224243,0.6409592
00021250.jpg,0.60302734,0.6908268
00021286.jpg,0.7929113,0.8762076
00027412.jpg,0.8113791,0.8964504
00032165.jpg,0.8462181,0.8060906
00013361.jpg,0.6091025,0.5316552
n07583197_3093.jpg,0.86411846,0.84444445
00049648.jpg,0.6608478,0.484298
00011516.jpg,0.8829918,0.8695456
00015997.jpg,0.72648823,0.767275
00048323.jpg,0.79679143,0.8267992
n00480993_20536.jpg,0.74761134,0.81914896
00017876.jpg,0.77527046,0.8325882
00056328.jpg,0.7896996,0.9300562
00004785.jpg,0.80388784,0.807253
00013651.jpg,0.8813671,0.9040674
00004862.jpg,0.64995956,0.7431324
00019538.jpg,0.75823987,0.7861966
00021311.jpg,0.7516583,0.7552368
00000234.jpg,0.91660225,1.0
00038648.jpg,0.62584937,0.5410348
00045858.jpg,0.7278061,0.6976192
00039672.jpg,0.69402266,0.6536154
00041771.jpg,0.6847783,0.610455
00056634.jpg,0.83924264,0.8523066
00037381.jpg,0.69081604,0.6413258
00049643.jpg,0.8611125,0.845466
n01514668_690.jpg,0.8647598,0.8981481
00042437.jpg,0.67142904,0.6012736
00036713.jpg,0.59477985,0.5618264
00004837.jpg,0.7831682,0.722677
00049319.jpg,0.8075763,0.795348
n03512147_311.jpg,0.8116466,0.72115386
00029044.jpg,0.8361682,0.8186682
29c331379d184362.jpg,0.4863591,0.4716981
00053493.jpg,0.7201711,0.7394506
00016687.jpg,0.8498939,0.8357504
00031081.jpg,0.7697685,0.8150278
00002852.jpg,0.70215577,0.7658396
00037636.jpg,0.7112063,0.7369902
00020859.jpg,0.7895379,0.6420432
00003099.jpg,0.8306387,0.7224194
00051780.jpg,0.78797114,0.6738644
00056526.jpg,0.6687492,0.6093954
00023898.jpg,0.79137766,0.7628008
n02932891_37035.jpg,0.5979098,0.5619048
00026619.jpg,0.6572405,0.5962282
00022394.jpg,0.6450882,0.5786756
00052440.jpg,0.7104095,0.7738728
00008864.jpg,0.7640649,0.6951992
00032054.jpg,0.7845744,0.8385534
00046383.jpg,0.6909683,0.6012234
00017509.jpg,0.80944616,0.7531328
00054841.jpg,0.9058795,0.8438204
n02946348_919.jpg,0.8223016,0.82300884
n02834778_12279.jpg,0.8091277,0.78504676
00043759.jpg,0.66174185,0.7064278
00032674.jpg,0.8169453,0.7723434
00004472.jpg,0.7439851,0.7549614
00023412.jpg,0.83643913,0.8836752
00031187.jpg,0.68533313,0.6532882
00003140.jpg,0.7183949,0.6599566
00025897.jpg,0.7093842,0.6799816
00053198.jpg,0.6790353,0.6504622
00045765.jpg,0.74070156,0.7009958
00014534.jpg,0.8565681,0.9044334
00024410.jpg,0.728894,0.7925238
00048818.jpg,0.76725173,0.740647
00025396.jpg,0.6470506,0.5065678
00050337.jpg,0.8171713,0.8776384
00058248.jpg,0.6636453,0.7134344
n07849336_22947.jpg,0.7643623,0.75268817
000000051167.jpg,0.75341773,0.8181818
00010655.jpg,0.8352697,0.8797096
n07654148_22977.jpg,0.80349886,0.7625
00032323.jpg,0.7381277,0.8308194
00044263.jpg,0.6740463,0.6643858
00054939.jpg,0.84594774,0.9108706
00033407.jpg,0.67380273,0.4230386
00043882.jpg,0.7103945,0.8046514
00006692.jpg,0.8120741,0.909673
00029471.jpg,0.7667344,0.8200538
00027684.jpg,0.7597641,0.7666642
00026582.jpg,0.8008615,0.877696
000000028069.jpg,0.73612356,0.9263158
00038491.jpg,0.6330435,0.494317
00037593.jpg,0.6890357,0.6194636
00005038.jpg,0.73538136,0.6945244
00039238.jpg,0.8161148,0.7479912
00009056.jpg,0.86814225,0.8118122
00015579.jpg,0.7659826,0.8204896
000000555267.jpg,0.8437239,0.8979592
00035842.jpg,0.6494428,0.6920138
00048850.jpg,0.8317896,0.7895498
00054229.jpg,0.7735785,0.6947798
00033574.jpg,0.8292581,0.7675908
00034106.jpg,0.7675696,0.84872
00029718.jpg,0.952911,0.95052
00021826.jpg,0.7150514,0.6175692
00020122.jpg,0.68453264,0.67073
00001788.jpg,0.8977592,0.8430426
00032067.jpg,0.83666635,0.8193418
00049513.jpg,0.72634685,0.7734634
00050263.jpg,0.7794815,0.6155188
00032087.jpg,0.6694883,0.7204286
00001938.jpg,0.80833864,0.7503162
00019516.jpg,0.77173305,0.895648
00031395.jpg,0.78757083,0.8854894
00017136.jpg,0.8986602,0.7569386
n02431441_12391.jpg,0.6193873,0.407767
00019682.jpg,0.8268601,0.8210492
00040281.jpg,0.76396894,0.6546724
00047831.jpg,0.67786944,0.5039288
00055542.jpg,0.65636957,0.6218144
00038717.jpg,0.82479894,0.8456644
00000900.jpg,0.6048635,0.5675438
n03512147_3959.jpg,0.8030486,0.76237625
n03791053_7694.jpg,0.79588765,0.8021978
00025161.jpg,0.77171063,0.788804
00039516.jpg,0.74119675,0.724798
n00445351_5585.jpg,0.7415863,0.71910113
00041772.jpg,0.8637265,0.8909378
00000014.jpg,0.84925675,0.814627
00011925.jpg,0.7977401,0.7259904
00023879.jpg,0.73798037,0.7396468
00045236.jpg,0.76347506,0.6926042
00008903.jpg,0.78072596,0.8422474
00051261.jpg,0.7653866,0.7935636
00049328.jpg,0.8366997,0.8274826
00037813.jpg,0.59775865,0.4639722
00045853.jpg,0.64228594,0.6077394
00007477.jpg,0.64757204,0.6480718
00011234.jpg,0.75845504,0.8892992
00038440.jpg,0.62144613,0.5110172
00006603.jpg,0.74366903,0.8119056
00004725.jpg,0.90298116,0.950736
00053213.jpg,0.7906393,0.9601744
00033844.jpg,0.53620386,0.5156736
00019746.jpg,0.8450279,0.9235928
n02342885_11189.jpg,0.8440088,0.91
00046302.jpg,0.6964965,0.6263512
00055929.jpg,0.8079165,0.8472564
00046632.jpg,0.69628584,0.7743658
00022759.jpg,0.5506382,0.5691108
00019456.jpg,0.7591188,0.8370806
00031972.jpg,0.7825078,0.7406192
00025402.jpg,0.6978419,0.6627262
00030060.jpg,0.91658473,0.9017066
00017240.jpg,0.7483734,0.780643
00004943.jpg,0.79803336,0.8258216
n07680932_32177.jpg,0.9007797,0.9072165
00012315.jpg,0.82678115,0.8175234
n04335435_5265.jpg,0.72612107,0.6296296
00057462.jpg,0.8392371,0.9462938
00045294.jpg,0.7206138,0.7359778
00034696.jpg,0.7474389,0.6378702
00027099.jpg,0.55214286,0.583242
00028902.jpg,0.8074049,0.7475292
00029341.jpg,0.82660174,0.6977958
00046328.jpg,0.6910353,0.6216248
00044311.jpg,0.7235004,0.6884598
00058362.jpg,0.7810426,0.7985168
n09415671_18246.jpg,0.49938372,0.40186915
00010136.jpg,0.7301763,0.5810786
00004413.jpg,0.7433897,0.7849864
00048898.jpg,0.6195797,0.6647336
00007222.jpg,0.6815982,0.7546858
n00445351_4688.jpg,0.75826526,0.5762712
00025895.jpg,0.76674104,0.8284194
000000505658.jpg,0.7158616,0.71428573
00016911.jpg,0.8122523,0.8137886
00039826.jpg,0.71719205,0.667188
0b5311919a2c6354.jpg,0.76859254,0.5913978
00028983.jpg,0.7880715,0.6151446
00049844.jpg,0.64634705,0.7550438
00048427.jpg,0.70298314,0.8279902
00035847.jpg,0.5828367,0.7081582
00011764.jpg,0.7223946,0.7434212
00029731.jpg,0.77186954,0.8106158
00035489.jpg,0.67795384,0.7237516
n00464894_13521.jpg,0.84277475,0.89772725
00049615.jpg,0.8338814,0.8292196
00047965.jpg,0.7565024,0.7873376
00006261.jpg,0.8660377,0.846655
00024492.jpg,0.7802664,0.7370436
00005144.jpg,0.7843008,0.7066078
00043407.jpg,0.7900717,0.7874452
32228339a01b0f4c.jpg,0.60742664,0.53061223
00008288.jpg,0.75715923,0.6200594
00021385.jpg,0.75001585,0.674078
00001911.jpg,0.83786345,0.7779312
n04465501_122.jpg,0.602612,0.5744681
00034794.jpg,0.70798934,0.5467906
n03670208_25070.jpg,0.7667352,0.94186044
00014930.jpg,0.66469777,0.616586
n02342885_554.jpg,0.8903698,0.75789475
00052444.jpg,0.87128496,0.8675254
00006664.jpg,0.90223455,0.8628572
00037490.jpg,0.64974177,0.7528418
n09393605_35662.jpg,0.5470813,0.3265306
00018001.jpg,0.6322067,0.6389446
00040298.jpg,0.63532585,0.5891024
00021978.jpg,0.82021606,0.8681308
00043948.jpg,0.7134924,0.7266384
00005698.jpg,0.7445626,0.6056108
00052606.jpg,0.69370985,0.7723454
00021992.jpg,0.89487255,0.9195742
00029866.jpg,0.7282587,0.797901
00053523.jpg,0.8559686,0.7936102
00009891.jpg,0.7299019,0.5449504
00048769.jpg,0.59086406,0.5680286
00007626.jpg,0.6313486,0.7069674
00033753.jpg,0.5458995,0.6119778
00037841.jpg,0.71550584,0.7529244
n07880968_6786.jpg,0.8176875,0.86915886
00047285.jpg,0.75789523,0.622814
00044437.jpg,0.8337466,0.7909762
000000195137.jpg,0.7949686,0.89361703
00029441.jpg,0.8193189,0.840237
00036496.jpg,0.6214894,0.4139248
00016958.jpg,0.8555773,0.7203758
00012306.jpg,0.79699016,0.7577056
00043285.jpg,0.8024963,0.9542042
00036935.jpg,0.6566453,0.6116524
00022805.jpg,0.7540591,0.8198886
00018776.jpg,0.82973063,0.8542016
00049875.jpg,0.7958195,0.5848842
00026260.jpg,0.7012348,0.7997044
00014460.jpg,0.68626237,0.8138772
00034724.jpg,0.6423402,0.6155858
00046752.jpg,0.6465899,0.7798658
00006224.jpg,0.71369183,0.6314994
00039868.jpg,0.67556345,0.590604
00032471.jpg,0.80427396,0.8388104
00034574.jpg,0.62154406,0.5666854
00047799.jpg,0.7665075,0.6231376
09f10f0327e0d2e4.jpg,0.79914486,0.8773585
00015456.jpg,0.8085072,0.8822666
00001049.jpg,0.8974465,0.9312656
00025689.jpg,0.90342903,0.9398604
00019941.jpg,0.7302985,0.7212656
00019428.jpg,0.77591014,0.7447202
00034593.jpg,0.6612028,0.7114976
00007018.jpg,0.70439065,0.6930624
00019062.jpg,0.8391199,0.932223
00021452.jpg,0.69071186,0.778331
00038009.jpg,0.716943,0.8350008
000000140416.jpg,0.81106323,0.81914896
n09393605_64746.jpg,0.59392965,0.4512195
00044586.jpg,0.71417654,0.7328594
00056753.jpg,0.75921917,0.7863592
00031626.jpg,0.77458644,0.8388304
00004554.jpg,0.80939305,0.8536722
00050755.jpg,0.8414459,0.901159
00042909.jpg,0.659282,0.570892
00056219.jpg,0.6628287,0.6256664
00050821.jpg,0.72364,0.6712456
00045373.jpg,0.7941243,0.859143
00055709.jpg,0.8005899,0.697669
00022350.jpg,0.6798255,0.7076306
00030856.jpg,0.7359414,0.6313466
n03670208_16904.jpg,0.8676813,0.88659793
00015657.jpg,0.73178196,0.7573866
00004963.jpg,0.90332687,0.7778382
00018993.jpg,0.8421355,0.8860586
00043943.jpg,0.64611506,0.5866756
82996269f0e2fe5b.jpg,0.7391397,0.77272725
00010957.jpg,0.5675374,0.6134218
00032199.jpg,0.66427916,0.7495978
sun_alynwiithdespexf.jpg,0.55494106,0.39325842
00047837.jpg,0.6961357,0.715271
000000543797.jpg,0.75143224,0.7157895
00034110.jpg,0.6994566,0.7191994
00006981.jpg,0.6241487,0.5922058
00044675.jpg,0.8841307,0.91229
00031672.jpg,0.81545305,0.826644
00001569.jpg,0.7424682,0.7447244
00049111.jpg,0.73462546,0.8386682
00031236.jpg,0.77678597,0.8484358
00012368.jpg,0.6830907,0.5231316
00001295.jpg,0.85635674,0.9231662
00044242.jpg,0.86170024,0.9584946
00049950.jpg,0.7842107,0.8242114
00021596.jpg,0.6985587,0.7787328
00047558.jpg,0.6931298,0.770619
00045953.jpg,0.82269096,0.8785956
00008993.jpg,0.77034557,0.8188744
00023985.jpg,0.6518934,0.714845
00032745.jpg,0.7753807,0.6660762
00013704.jpg,0.59284127,0.5121462
00052507.jpg,0.82124436,0.8424234
00051368.jpg,0.7329631,0.8299656
00005881.jpg,0.69791806,0.6636042
00021507.jpg,0.79406846,0.8933848
00047674.jpg,0.70596087,0.6633334
00026305.jpg,0.80060196,0.8336406
000000200611.jpg,0.7451572,0.8113208
00039795.jpg,0.6465607,0.741558
n07929519_34792.jpg,0.82864,0.9010989
000000117036.jpg,0.773702,0.7777778
00000009.jpg,0.81648684,0.8522826
00042843.jpg,0.693521,0.7641228
n07583197_6672.jpg,0.83705306,0.88235295
00036530.jpg,0.7046587,0.6535094
00029845.jpg,0.7329426,0.7136856
00014355.jpg,0.82867336,0.8015312
00030015.jpg,0.81660616,0.7960392
00043597.jpg,0.722599,0.662778
00005950.jpg,0.9039782,0.9236368
00009408.jpg,0.7744354,0.8694942
6fdbb41ec1e403f1.jpg,0.73720646,0.78125
00039535.jpg,0.70073354,0.7858112
00057637.jpg,0.7866099,0.8505984
00048867.jpg,0.7102268,0.779946
00030322.jpg,0.64526236,0.805165
n02132580_5128.jpg,0.73884255,0.75555557
00034187.jpg,0.67917657,0.4943462
n09421951_11041.jpg,0.5721475,0.49579832
00010795.jpg,0.7102206,0.651771
00018362.jpg,0.7069788,0.704312
00019053.jpg,0.633235,0.6584554
00042792.jpg,0.7100965,0.6574942
00018581.jpg,0.74238396,0.766668
00016496.jpg,0.72315407,0.609495
00017950.jpg,0.736763,0.5859098
00029990.jpg,0.7831609,0.8030602
00022933.jpg,0.87924385,0.87368
000000284536.jpg,0.74896145,0.57983196
00045131.jpg,0.8026961,0.747323
00044582.jpg,0.72043407,0.7254126
00003863.jpg,0.7236577,0.6292664
00002800.jpg,0.6648091,0.7488298
00001853.jpg,0.6734419,0.8217946
00019718.jpg,0.8235673,0.8156804
00016527.jpg,0.8433603,0.8042896
00016022.jpg,0.83963966,0.8082222
00051724.jpg,0.7934021,0.8113714
00011305.jpg,0.8247017,0.9539632
00017773.jpg,0.7173933,0.9018444
00011350.jpg,0.8486861,0.9344236
00042944.jpg,0.7261164,0.7355746
00000285.jpg,0.8015727,0.8071436
2f4497d3051b6e49.jpg,0.84112537,0.8
n02834778_6750.jpg,0.79329276,0.8240741
00034715.jpg,0.7737666,0.7538726
00037838.jpg,0.79287344,0.8465922
00009327.jpg,0.79357564,0.821377
n04465501_4463.jpg,0.75480866,0.7604167
00028324.jpg,0.66244745,0.6746594
00042550.jpg,0.74009335,0.679058
00023390.jpg,0.9095173,0.955045
00018285.jpg,0.7716553,0.9025328
803df0dee9e9e1d7.jpg,0.79046947,0.8152174
00002643.jpg,0.83522946,0.8270248
00018413.jpg,0.8895203,0.7850066
00005401.jpg,0.8210188,0.950474
00054126.jpg,0.7364459,0.76785
n04349306_5722.jpg,0.7995508,0.84090906
00008267.jpg,0.79950607,0.8140956
00012833.jpg,0.83798134,0.7812244
00017362.jpg,0.8704908,0.9180208
00053422.jpg,0.69359875,0.7772028
00051310.jpg,0.7137692,0.6888584
00009290.jpg,0.71573156,0.8010248
00039896.jpg,0.66356313,0.5363584
00042402.jpg,0.71275145,0.7849278
00055569.jpg,0.6619092,0.503772
00017466.jpg,0.7811948,0.8284376
00034632.jpg,0.68908894,0.6837046
00058116.jpg,0.65882456,0.5766954
c39d4dd92ff65266.jpg,0.7633438,0.7592593
00033816.jpg,0.6401886,0.5879678
00024408.jpg,0.58166486,0.65069
000000483833.jpg,0.71702284,0.7752809
00032760.jpg,0.5096257,0.4648864
00030723.jpg,0.8797753,0.8836762
00034753.jpg,0.80924547,0.8727574
00008905.jpg,0.75830185,0.653016
00054619.jpg,0.7466006,0.7397078
00010140.jpg,0.807112,0.8039576
000000455443.jpg,0.7322191,0.7735849
00040813.jpg,0.8385831,0.849924
000000236000.jpg,0.7489226,0.79591835
00031858.jpg,0.7546228,0.820502
00009541.jpg,0.77720964,0.66967
00050975.jpg,0.7036885,0.7438366
00003828.jpg,0.79515624,0.7627298
00001339.jpg,0.79503876,0.9110194
00057534.jpg,0.7140959,0.6436026
000000412666.jpg,0.7769525,0.7920792
00021461.jpg,0.85575616,0.9869938
n00480993_29630.jpg,0.67624635,0.5232558
n07893642_25055.jpg,0.89600074,0.814433
00018586.jpg,0.83382845,0.8927716
00025171.jpg,0.79582715,0.825622
00035404.jpg,0.64947855,0.558579
00000389.jpg,0.74100304,0.7439066
00051571.jpg,0.7636453,0.8073068
00012888.jpg,0.7521938,0.7313142
00053287.jpg,0.80996704,0.592195
00007548.jpg,0.7011901,0.62618
00035077.jpg,0.5894444,0.5422716
00046831.jpg,0.6910771,0.7316016
00046144.jpg,0.7486234,0.7998884
00049105.jpg,0.81836665,0.8564266
00014809.jpg,0.8177036,0.926471
00024788.jpg,0.80127645,0.9019246
00031257.jpg,0.9215107,0.9096902
00019350.jpg,0.8342116,0.8647858
00055749.jpg,0.69484043,0.716675
000000319211.jpg,0.7491281,0.736
n01514668_21350.jpg,0.8364123,0.8791209
00028115.jpg,0.8603302,0.8653134
00018388.jpg,0.73601353,0.7590184
n02355227_12454.jpg,0.813414,0.82758623
00042518.jpg,0.7047098,0.7475652
00002400.jpg,0.90167797,0.7942194
00021588.jpg,0.75129855,0.7575568
00054999.jpg,0.67643076,0.7780276
00029475.jpg,0.7505559,0.6588272
00054328.jpg,0.7866325,0.8960336
00038249.jpg,0.6332017,0.662692
00024431.jpg,0.62161314,0.6056768
00027087.jpg,0.8501451,0.867018
00012050.jpg,0.75997615,0.8148326
00057691.jpg,0.8001846,0.9291056
00036988.jpg,0.68176264,0.6767798
00057610.jpg,0.82970595,0.830889
n07753592_2012.jpg,0.86124074,0.9056604
00022290.jpg,0.77566874,0.902829
00011320.jpg,0.9391966,0.871506
00037829.jpg,0.72443986,0.703234
00022684.jpg,0.6308223,0.6004888
00004639.jpg,0.77137744,0.787605
00002729.jpg,0.78129804,0.8227934
00026689.jpg,0.7238915,0.816312
00047303.jpg,0.66619784,0.5854136
00050822.jpg,0.5269994,0.4142382
00048896.jpg,0.4920943,0.4556192
3c0aea50f0d2ae05.jpg,0.8603605,0.7804878
00001924.jpg,0.7822654,0.758337
n03594945_12636.jpg,0.74039686,0.77678573
00052436.jpg,0.619421,0.8170318
00033144.jpg,0.91099906,0.9172196
00043569.jpg,0.7937259,0.8328468
00037975.jpg,0.70514846,0.9135392
000000113962.jpg,0.7895302,0.8989899
00053554.jpg,0.7875899,0.688401
00027632.jpg,0.67472404,0.5005484
00010564.jpg,0.81769264,0.8449026
00011906.jpg,0.87651014,0.8630652
00040057.jpg,0.69755924,0.7127108
00045163.jpg,0.68209493,0.7451926
00032132.jpg,0.68417406,0.6225332
00053566.jpg,0.5962385,0.5268538
n03384352_7952.jpg,0.7872114,0.82417583
00030905.jpg,0.77742344,0.8503706
00035337.jpg,0.69526386,0.5745524
00047594.jpg,0.69038165,0.6141294
00055538.jpg,0.60160255,0.6769246
00048207.jpg,0.7219745,0.639375
00027405.jpg,0.76414716,0.627132
00002955.jpg,0.7549213,0.8750738
00013209.jpg,0.7693721,0.8192472
00023726.jpg,0.7264166,0.8588554
00047880.jpg,0.7968926,0.7608694
00048102.jpg,0.74943876,0.776355
00012594.jpg,0.71471244,0.6676194
00001247.jpg,0.82875085,0.775778
00046964.jpg,0.7831018,0.7754408
00046020.jpg,0.9697584,0.958336
00020142.jpg,0.7210839,0.7811836
00035628.jpg,0.707934,0.7616198
00027884.jpg,0.8029356,0.867237
00032797.jpg,0.82431376,0.7729764
00026938.jpg,0.6544472,0.6878048
n07863374_18632.jpg,0.89771044,0.8867925
00049334.jpg,0.61413896,0.5942006
n02932891_12235.jpg,0.66143346,0.82300884
00028929.jpg,0.6787447,0.553459
00019513.jpg,0.91580117,0.8598936
00051351.jpg,0.6820498,0.6226686
n02878222_49784.jpg,0.6343628,0.63366336
sun_annigentdnxzfcct.jpg,0.61355793,0.31683168
000000209918.jpg,0.82056534,0.8495575
00006755.jpg,0.922418,0.8109496
00039497.jpg,0.8263925,0.8926312
00050916.jpg,0.7218996,0.7884334
00049305.jpg,0.6918094,0.7231542
00016327.jpg,0.82038295,0.9481084
00000722.jpg,0.7702802,0.739581
00024487.jpg,0.74176943,0.9104912
00044510.jpg,0.77235687,0.6732896
00011203.jpg,0.77475524,0.7735712
00017496.jpg,0.76232123,0.7563916
00027436.jpg,0.7435976,0.9051338
00057879.jpg,0.7788211,0.7517762
00025988.jpg,0.7518251,0.8321604
000000560787.jpg,0.77411556,0.7777778
00054743.jpg,0.63210785,0.6358648
00048100.jpg,0.645059,0.6330286
00033462.jpg,0.58131015,0.505313
00040386.jpg,0.7560574,0.5841838
00032353.jpg,0.7494459,0.8865078
000000314602.jpg,0.7973465,0.82954544
00046030.jpg,0.64230776,0.716392
00054193.jpg,0.75200844,0.7997524
00003658.jpg,0.7348243,0.782472
00046475.jpg,0.7892704,0.7613646
00035402.jpg,0.6444931,0.6157742
00052056.jpg,0.8756901,0.859828
n09376198_1396.jpg,0.66999984,0.7126437
00040920.jpg,0.72952914,0.7505594
00036387.jpg,0.77609813,0.7891314
00008245.jpg,0.83702385,0.8907934
00024748.jpg,0.8437147,0.9193118
00002249.jpg,0.7558043,0.720035
00048516.jpg,0.8537512,0.7842714
00014239.jpg,0.88751876,0.8846206
00026308.jpg,0.7973579,0.81028
000000121951.jpg,0.75728047,0.815534
00009820.jpg,0.8271448,0.8587022
00020991.jpg,0.7606603,0.8098066
00051420.jpg,0.85891557,0.8276722
00005223.jpg,0.8476417,0.843815
00058001.jpg,0.8498069,0.8522926
00015442.jpg,0.5963056,0.5597068
00028848.jpg,0.800423,0.6990198
n07933274_30460.jpg,0.8759426,0.86734694
00052424.jpg,0.8559004,0.882161
00007970.jpg,0.87754166,0.8866142
00001198.jpg,0.5723805,0.528718
00006553.jpg,0.8712677,0.8198464
00016120.jpg,0.8338814,0.8816292
00001907.jpg,0.79191566,0.840171
00037199.jpg,0.70822287,0.832089
n01846331_5551.jpg,0.87666786,0.8761905
00057947.jpg,0.83618593,0.8367982
00026135.jpg,0.6472558,0.5162126
00042715.jpg,0.7694589,0.7258334
00011742.jpg,0.8224666,0.9425464
00023356.jpg,0.64098006,0.6046758
00026747.jpg,0.83469677,0.8311608
00057695.jpg,0.5968952,0.5975002
00010298.jpg,0.9267707,0.8059324
00011801.jpg,0.62267506,0.5334612
00011957.jpg,0.742355,0.6935506
n09376198_21118.jpg,0.59446084,0.45544556
00044074.jpg,0.66280687,0.7375084
00032169.jpg,0.89501894,0.8501412
00035304.jpg,0.7370895,0.843174
00023671.jpg,0.743158,0.7590806
00032204.jpg,0.79392004,0.8669776
00006581.jpg,0.7678666,0.8011482
00022590.jpg,0.79778457,0.7671898
00020221.jpg,0.6447346,0.7511202
00032267.jpg,0.74899447,0.7248188
00027045.jpg,0.8376801,0.9491122
00016636.jpg,0.841661,0.7775598
00051177.jpg,0.6782483,0.8012432
00040318.jpg,0.75379634,0.7008746
1e2d2d7022a02134.jpg,0.5457731,0.5673077
00044089.jpg,0.72980046,0.657217
00003200.jpg,0.8426354,0.9144008
00032447.jpg,0.76619387,0.7008772
00032186.jpg,0.7715168,0.8441456
00023000.jpg,0.87914777,0.8894672
00054281.jpg,0.74539065,0.8236132
00033891.jpg,0.73230475,0.6064964
e5b6070d981b49ac.jpg,0.8479935,0.8411215
00007418.jpg,0.8232026,0.9052494
00000692.jpg,0.605884,0.7081256
00036226.jpg,0.7043307,0.8029428
00003914.jpg,0.73828626,0.5877954
00034430.jpg,0.74959445,0.7826512
n07696839_16667.jpg,0.80143344,0.8761905
00037067.jpg,0.5452651,0.627705
00058527.jpg,0.7187774,0.7849768
000000123891.jpg,0.6378881,0.69158876
00010708.jpg,0.89909387,0.7767476
00021035.jpg,0.83082867,0.855012
00045759.jpg,0.76257217,0.7405152
00025039.jpg,0.6502234,0.597274
n07863374_18377.jpg,0.8438466,0.71681416
00040300.jpg,0.6879105,0.705525
00008947.jpg,0.78391325,0.7767336
00011833.jpg,0.8226875,0.7670718
00055622.jpg,0.9821763,0.9727222
00000867.jpg,0.74723756,0.7273052
00047017.jpg,0.81922436,0.9329606
00045855.jpg,0.6756884,0.5944882
00054330.jpg,0.93615305,0.9688314
00054318.jpg,0.7166562,0.8169474
00056474.jpg,0.8057503,0.6967882
00014599.jpg,0.64498216,0.5634832
00054907.jpg,0.8562485,0.859941
00049352.jpg,0.73667955,0.7888062
00046674.jpg,0.7878442,0.7342498
00033874.jpg,0.63693726,0.7464466
00010838.jpg,0.53123915,0.533433
00027945.jpg,0.73810005,0.766189
00038552.jpg,0.7293422,0.7891958
00009463.jpg,0.6789036,0.7684894
00051620.jpg,0.6342406,0.7104368
00050575.jpg,0.7286869,0.7594428
00004749.jpg,0.77400506,0.7298384
00000994.jpg,0.7529786,0.7607106
00033206.jpg,0.91828275,0.9167584
00018451.jpg,0.90501106,0.9039274
00051557.jpg,0.8457053,0.8862618
00058701.jpg,0.75923955,0.832208
00011142.jpg,0.9198159,0.9172986
00031232.jpg,0.8542539,0.9013342
00000345.jpg,0.8306296,0.8191666
00009861.jpg,0.8861623,0.86194
00044911.jpg,0.74228084,0.6471922
00016107.jpg,0.71408045,0.6543656
n04465501_1949.jpg,0.79106283,0.8130841
00043342.jpg,0.9065021,0.9401348
00025160.jpg,0.83418095,0.9013172
00016822.jpg,0.81755316,0.9149592
00024900.jpg,0.6313685,0.689914
00058503.jpg,0.7937838,0.874044
n09421951_32540.jpg,0.7387454,0.71929824
00023723.jpg,0.70729244,0.8105994
00017782.jpg,0.7280682,0.6901386
00009150.jpg,0.84477746,0.6975034
00033457.jpg,0.8029382,0.8344994
00034958.jpg,0.7058196,0.7522714
000000517460.jpg,0.7679472,0.90217394
00022682.jpg,0.73957884,0.8811594
00014354.jpg,0.8722255,0.8735538
00021987.jpg,0.81061804,0.9382626
00026287.jpg,0.9131725,0.933929
00032147.jpg,0.7863123,0.739012
00048601.jpg,0.7402773,0.8386766
00031141.jpg,0.80187464,0.8873416
00005689.jpg,0.90010715,0.9488562
00023623.jpg,0.6325519,0.536526
00038738.jpg,0.7757411,0.7658988
00035502.jpg,0.7268717,0.8042954
00054027.jpg,0.7952149,0.8938046
c1a82130fde947e3.jpg,0.7781278,0.8738739
00051379.jpg,0.8270716,0.9309554
00022426.jpg,0.91130924,0.901706
00044844.jpg,0.8242942,0.7892316
000000125458.jpg,0.8725908,0.88349515
00043007.jpg,0.7088163,0.7335076
00011605.jpg,0.8224886,0.8195236
00021836.jpg,0.82550865,0.9154848
n01514859_5565.jpg,0.8444916,0.83908045
00036962.jpg,0.63507825,0.8194274
00034205.jpg,0.66940784,0.6658566
0af7ea4cedd9727f.jpg,0.7514282,0.6853933
00036666.jpg,0.70245576,0.8076022
00002886.jpg,0.6488528,0.6214606
00029666.jpg,0.8763932,0.82626
n09393605_45715.jpg,0.4827144,0.46875
00032910.jpg,0.68586814,0.8349604
00052012.jpg,0.6102129,0.5064186
00009179.jpg,0.7395265,0.7392826
00038016.jpg,0.728846,0.7428676
00029144.jpg,0.7108792,0.7327522
00049574.jpg,0.8896872,0.9553942
n07690273_20919.jpg,0.83986783,0.8787879
00050962.jpg,0.7936779,0.8980364
00047043.jpg,0.78283864,0.9108652
00021587.jpg,0.63858366,0.6649198
00049245.jpg,0.6218717,0.5396102
00029828.jpg,0.6629255,0.6090894
00001119.jpg,0.6890898,0.6718644
00025906.jpg,0.5746551,0.4039726
00037188.jpg,0.66717315,0.6061306
00026192.jpg,0.73855495,0.7192708
00043897.jpg,0.6814704,0.7652852
00049374.jpg,0.88192225,0.8575262
n02878222_22680.jpg,0.6762507,0.73
00050133.jpg,0.91227126,0.90757
00028475.jpg,0.7732858,0.6490094
00046596.jpg,0.69101465,0.6408062
00031432.jpg,0.7410842,0.7879622
00002491.jpg,0.76652896,0.8011276
00055577.jpg,0.85199094,0.8161022
00017935.jpg,0.8283582,0.8106358
00021004.jpg,0.89367616,0.9314436
n00464894_10042.jpg,0.7322569,0.7916667
00044328.jpg,0.75110745,0.7281552
00006996.jpg,0.87062347,0.887812
00011657.jpg,0.7938879,0.8257
00056149.jpg,0.7938863,0.7893056
00006571.jpg,0.75778055,0.7324176
n02396427_22054.jpg,0.78620744,0.8043478
00023522.jpg,0.7854092,0.7761034
00018855.jpg,0.81458986,0.814798
00018847.jpg,0.7618436,0.7564154
00010334.jpg,0.79859924,0.8247232
00014142.jpg,0.83953035,0.9294454
00050857.jpg,0.88636506,0.845886
00007424.jpg,0.85053325,0.810226
00005752.jpg,0.77324355,0.8919822
00012616.jpg,0.8403306,0.7461162
000000558570.jpg,0.73890674,0.9285714
n07717556_3374.jpg,0.89679515,0.9464286
00006157.jpg,0.82559705,0.80371
524acb2e86457ecf.jpg,0.5700239,0.4387755
00005686.jpg,0.6438459,0.51974
00002862.jpg,0.8035601,0.8309306
00009587.jpg,0.7327415,0.7451254
00006745.jpg,0.6999239,0.589597
00046344.jpg,0.6943171,0.6316262
00014854.jpg,0.8217755,0.8321302
n02396427_4425.jpg,0.8406551,0.84375
n09376198_3149.jpg,0.59346986,0.5535714
00005754.jpg,0.73543566,0.7107322
00049809.jpg,0.71021485,0.7459326
00050309.jpg,0.77320164,0.8759948
00028623.jpg,0.8981638,0.9069108
000000553079.jpg,0.82997775,0.8202247
00020768.jpg,0.8149924,0.7907692
00019114.jpg,0.87126327,0.8362912
00014604.jpg,0.7610233,0.7853362
00045907.jpg,0.80893874,0.914174
00046192.jpg,0.79402757,0.8420118
00018429.jpg,0.7077326,0.7543518
00049946.jpg,0.80796975,0.8039598
00027635.jpg,0.6174607,0.6212698
a73d5ae43671e30c.jpg,0.70402527,0.7570093
n07880968_2003.jpg,0.8284712,0.875
00045820.jpg,0.6775964,0.7370062
00000186.jpg,0.6262183,0.5648078
00039150.jpg,0.7078502,0.6654608
00034525.jpg,0.50251025,0.4515258
00010695.jpg,0.80345166,0.736009
00023805.jpg,0.86614424,0.8476722
00024246.jpg,0.7675024,0.7806838
00034305.jpg,0.66323376,0.6399712
00049290.jpg,0.8227035,0.918547
00029802.jpg,0.68799496,0.6709812
00058028.jpg,0.8508103,0.7698812
00052034.jpg,0.80088854,0.8221062
00026438.jpg,0.95457685,0.8793596
00010401.jpg,0.90021265,0.9281202
n02332755_1717.jpg,0.8836061,0.8490566
00036853.jpg,0.5593169,0.5787814
00057031.jpg,0.8270297,0.8564856
00035785.jpg,0.6784973,0.779713
000000388011.jpg,0.72312844,0.84313726
00038922.jpg,0.62254465,0.6473444
00014850.jpg,0.70261705,0.6886948
00051336.jpg,0.85483325,0.8583824
00005217.jpg,0.84145296,0.8342868
00031468.jpg,0.85528994,0.803814
00004437.jpg,0.88909185,0.8676982
00021966.jpg,0.6585771,0.693721
00024591.jpg,0.9842695,0.9845326
00003334.jpg,0.71753967,0.7459814
00023242.jpg,0.60121596,0.594105
00013480.jpg,0.75319207,0.7906766
00014761.jpg,0.5390959,0.5312592
00036693.jpg,0.7733102,0.8424576
00010876.jpg,0.7713846,0.6270026
00006558.jpg,0.69905484,0.6827058
00009285.jpg,0.827345,0.8482792
00027477.jpg,0.6806675,0.8128828
00038906.jpg,0.85466325,0.7328386
00018089.jpg,0.80237806,0.86503
00047757.jpg,0.7860999,0.8544878
00027691.jpg,0.7543623,0.7794638
00004498.jpg,0.8684323,0.939923
00009245.jpg,0.8030962,0.7639988
00004653.jpg,0.83723426,0.9311816
00051791.jpg,0.7692543,0.7006518
n01514859_10488.jpg,0.8418331,0.85393256
00024863.jpg,0.60920596,0.5574262
00050745.jpg,0.88482153,0.9345136
00020064.jpg,0.92592657,0.9714236
00005987.jpg,0.8648313,0.7523406
n03790512_6921.jpg,0.8075392,0.8333333
00050414.jpg,0.8422191,0.8071032
00032263.jpg,0.8740115,0.8311436
00039977.jpg,0.7626307,0.7818582
00040834.jpg,0.7124635,0.8550786
00021269.jpg,0.7375016,0.7563216
n04252077_41.jpg,0.6310954,0.63265306
00007693.jpg,0.8611653,0.7868814
00006438.jpg,0.74120486,0.8282824
00003800.jpg,0.8151699,0.7958656
00040306.jpg,0.81579435,0.7354988
00032836.jpg,0.81261706,0.7529458
00008773.jpg,0.7490394,0.8500808
00027153.jpg,0.685379,0.7453158
00007228.jpg,0.6671241,0.6457248
00041019.jpg,0.7798375,0.7593766
n07690273_21696.jpg,0.86585903,0.9
00007114.jpg,0.69753313,0.8541624
n09421951_16577.jpg,0.61056054,0.8055556
00046880.jpg,0.74209505,0.8444702
000000352151.jpg,0.58647573,0.44791666
00057777.jpg,0.7584622,0.8741118
00049697.jpg,0.6390512,0.5566168
00017769.jpg,0.61533016,0.5858458
6a0595f34153bef0.jpg,0.56093043,0.3882353
00021424.jpg,0.78393,0.810577
00027896.jpg,0.63802636,0.6608082
00043966.jpg,0.7389329,0.7370216
00010403.jpg,0.8685279,0.9447136
00041936.jpg,0.83453715,0.8019318
00020290.jpg,0.7002327,0.6782962
00053563.jpg,0.71700287,0.6925594
n03670208_43162.jpg,0.8550091,0.9157895
ffcc5ba8d6eb7f2c.jpg,0.80506086,0.74712646
00056377.jpg,0.77797234,0.8158674
d62bc1c293d6022d.jpg,0.7747876,0.787037
00009041.jpg,0.68956184,0.7451684
00048238.jpg,0.6981008,0.7347184
00027742.jpg,0.7233021,0.553203
00044040.jpg,0.7690505,0.7097302
00045586.jpg,0.70445347,0.775726
00030207.jpg,0.7751154,0.743438
00019179.jpg,0.82826775,0.849255
00046685.jpg,0.7545402,0.7775096
00043350.jpg,0.70546925,0.7301186
00029882.jpg,0.63915634,0.5937336
n07933274_33517.jpg,0.90227115,0.84615386
00045471.jpg,0.74556637,0.741782
00025415.jpg,0.8992467,0.8850836
000000333550.jpg,0.74578166,0.7614679
00038896.jpg,0.65968657,0.6829232
00008409.jpg,0.7013923,0.603256
00019967.jpg,0.8532431,0.9311238
00033533.jpg,0.7447591,0.7858742
00030556.jpg,0.6559987,0.7307802
00037591.jpg,0.6859678,0.7896184
00058276.jpg,0.8392458,0.814765
00015572.jpg,0.8097987,0.8006822
00001932.jpg,0.75994956,0.7862008
00021671.jpg,0.82200146,0.8086516
00039302.jpg,0.7875054,0.7353016
00045731.jpg,0.6631395,0.764659
00023986.jpg,0.87767065,0.9330184
00010149.jpg,0.7228713,0.7155514
00005745.jpg,0.82272077,0.895532
00035012.jpg,0.62987363,0.7830486
00009365.jpg,0.8116081,0.8198082
00009187.jpg,0.821501,0.7864162
00045261.jpg,0.73806787,0.7727268
00034505.jpg,0.63700616,0.7460042
00033460.jpg,0.85404253,0.739292
00046776.jpg,0.7820343,0.8084328
00041451.jpg,0.7815454,0.765217
00049822.jpg,0.8552383,0.808982
eaff0bacee3ef195.jpg,0.52929366,0.60215056
00051012.jpg,0.6924292,0.7752592
00051249.jpg,0.76443595,0.868449
n09303008_20171.jpg,0.5150903,0.47058824
00050736.jpg,0.80480003,0.8377584
00000628.jpg,0.8678144,0.8736776
00001933.jpg,0.76469314,0.758004
00017728.jpg,0.7309089,0.6834832
00013133.jpg,0.6850316,0.6388984
sun_apsymvokvtzkmvvy.jpg,0.46760926,0.36
00027987.jpg,0.67272604,0.6284886
00035741.jpg,0.6346754,0.567502
00032161.jpg,0.9242778,0.8827066
00038785.jpg,0.8281622,0.869839
ef14626d95f156e5.jpg,0.8395138,0.8411215
00030301.jpg,0.75190413,0.6881892
00019536.jpg,0.90007854,0.8881232
00042148.jpg,0.714082,0.8419106
00021752.jpg,0.76104045,0.8100908
00056354.jpg,0.66012216,0.5580224
00004323.jpg,0.66702807,0.6708824
n02793495_16996.jpg,0.69709975,0.8061224
00005975.jpg,0.76251054,0.865011
n03384352_10506.jpg,0.79715455,0.8632479
00020558.jpg,0.7361777,0.8569994
00048551.jpg,0.77159715,0.7401752
00000948.jpg,0.84321535,0.8706206
n04461696_15509.jpg,0.71758306,0.7641509
00022312.jpg,0.8496126,0.9445044
00022284.jpg,0.84001815,0.8270208
00044024.jpg,0.5930654,0.4753012
00030604.jpg,0.56853724,0.5703656
00056096.jpg,0.7623105,0.6972386
n04467665_48953.jpg,0.631522,0.44230768
n04335435_20426.jpg,0.71452856,0.7297297
00024991.jpg,0.6649593,0.7255694
00047180.jpg,0.75514424,0.7649518
00020829.jpg,0.7280841,0.7621852
00026732.jpg,0.65285087,0.6722448
00046531.jpg,0.69546735,0.7676676
00023375.jpg,0.7831618,0.8236004
00020920.jpg,0.78926504,0.8852722
00054416.jpg,0.8695482,0.8311076
00052650.jpg,0.81296134,0.890998
00028785.jpg,0.85094815,0.8520422
00018470.jpg,0.72235286,0.7300816
00028482.jpg,0.8387219,0.862258
00003184.jpg,0.852613,0.8365376
00042255.jpg,0.6771996,0.679199
00035989.jpg,0.6279379,0.6523738
00009462.jpg,0.78577423,0.7649214
00058302.jpg,0.8173772,0.854407
00019757.jpg,0.8267758,0.8413328
00030682.jpg,0.58433264,0.5099364
00051834.jpg,0.6551032,0.5095122
00032566.jpg,0.8806447,0.8460664
000000468416.jpg,0.82618034,0.8494624
00035816.jpg,0.6550306,0.5056212
00033099.jpg,0.9018414,0.9452848
00020194.jpg,0.753227,0.8772594
00013281.jpg,0.68673,0.373045
00057731.jpg,0.523898,0.4625976
00007000.jpg,0.8312053,0.8470506
00012023.jpg,0.69511604,0.7391936
00004887.jpg,0.8442509,0.9387134
00011639.jpg,0.7861893,0.6877602
00054251.jpg,0.566885,0.6089986
00013388.jpg,0.89044046,0.8473708
00020805.jpg,0.7429822,0.6782376
984d569ff3b4876a.jpg,0.7229266,0.7818182
n01514668_18848.jpg,0.8587003,0.872549
00055818.jpg,0.8956114,0.865884
00025169.jpg,0.83040303,0.8645254
00022633.jpg,0.7474161,0.5626672
00047129.jpg,0.72312737,0.6810624
00018948.jpg,0.65350515,0.5750216
000000566498.jpg,0.7148218,0.7009346
00043798.jpg,0.9571835,0.8738794
n12345899_35032.jpg,0.70790493,0.7157895
00040941.jpg,0.75427246,0.7963334
00031196.jpg,0.81036747,0.803146
00046506.jpg,0.6438471,0.690622
00019354.jpg,0.83537877,0.9437472
00003006.jpg,0.65358937,0.5064476
00045427.jpg,0.73273826,0.7663902
00002384.jpg,0.67296445,0.7124414
00000918.jpg,0.80735624,0.8057786
00047821.jpg,0.79428065,0.8545594
00011727.jpg,0.74940425,0.8135098
00038109.jpg,0.6510167,0.5807758
00039815.jpg,0.6923871,0.6903618
00051503.jpg,0.69456774,0.7358604
00000293.jpg,0.82752514,0.8668484
00ea4ebcea489abd.jpg,0.74752456,0.6020408
00014906.jpg,0.7756154,0.8388626
00007340.jpg,0.6569423,0.618184
00027783.jpg,0.82452345,0.8987912
00009669.jpg,0.74741316,0.6706552
00011127.jpg,0.87236583,0.9407978
00011019.jpg,0.8252559,0.8072904
00007848.jpg,0.6634609,0.7491452
n07849336_26173.jpg,0.74341273,0.6987952
00000757.jpg,0.7877464,0.7148842
n09270735_27340.jpg,0.6316974,0.5925926
00006673.jpg,0.580469,0.409369
n09288635_695.jpg,0.62987363,0.5591398
00005583.jpg,0.5691881,0.534329
n07911677_4843.jpg,0.8592266,0.82
000000472164.jpg,0.8127887,0.8245614
00010125.jpg,0.7488444,0.6285364
00002086.jpg,0.65024555,0.5506322
00035942.jpg,0.81114626,0.806531
00046422.jpg,0.6978005,0.6887514
00010742.jpg,0.72106475,0.5063888
00022348.jpg,0.7381427,0.6851178
39428ef59a36414d.jpg,0.55612516,0.52747256
00057779.jpg,0.8417771,0.9060214
00001603.jpg,0.79873633,0.8144868
00044146.jpg,0.74343145,0.6976518
00035196.jpg,0.66712844,0.628774
n07923748_4867.jpg,0.7082453,0.69148934
00013766.jpg,0.77185047,0.8444722
00029910.jpg,0.7404665,0.7525754
00003096.jpg,0.8521099,0.8322382
00037287.jpg,0.8774067,0.9715816
00033976.jpg,0.63612014,0.75528
00050411.jpg,0.6887971,0.6519686
00058510.jpg,0.7441803,0.830856
000000117105.jpg,0.86011183,0.9009901
n04166281_263.jpg,0.8020576,0.773913
00011421.jpg,0.66377187,0.7005272
n02793495_6515.jpg,0.73809034,0.68817204
00041395.jpg,0.6879307,0.8276692
00047538.jpg,0.8496002,0.8650732
00031210.jpg,0.6666342,0.6724748
00031610.jpg,0.7881173,0.8493772
00004267.jpg,0.7537935,0.7685832
00043681.jpg,0.57047075,0.5782034
00022313.jpg,0.78177786,0.8812378
00056508.jpg,0.7395606,0.8668596
00003693.jpg,0.7569338,0.8003304
00041382.jpg,0.72384393,0.7501778
00050774.jpg,0.8071176,0.7487238
00000483.jpg,0.7517998,0.865153
00014055.jpg,0.7868568,0.73114
00017526.jpg,0.8364026,0.9325444
00005160.jpg,0.743536,0.7404438
n09393605_64522.jpg,0.74746346,0.7692308
00052006.jpg,0.8694298,0.910184
00058554.jpg,0.8949499,0.9577468
00042952.jpg,0.7557104,0.84054
00026651.jpg,0.8538854,0.754203
n02132136_2279.jpg,0.85787404,0.7878788
00012714.jpg,0.957932,0.8202298
00038640.jpg,0.8199953,0.88997
00055028.jpg,0.66651815,0.5869266
00034179.jpg,0.56948316,0.5483842
9d2a5f2a67650af7.jpg,0.6202657,0.45045045
00024053.jpg,0.8596464,0.8276686
00013327.jpg,0.7127764,0.776885
00011413.jpg,0.7571186,0.7731864
00002844.jpg,0.9045961,0.944163
00052157.jpg,0.8322365,0.8835458
00048558.jpg,0.73286986,0.7125028
00010020.jpg,0.7260082,0.7100544
n02324045_817.jpg,0.82690203,0.72897196
00008539.jpg,0.65307266,0.7622082
00012465.jpg,0.81920147,0.6031082
00039367.jpg,0.74474514,0.7226126
00004715.jpg,0.7368608,0.6974132
000000238511.jpg,0.71206295,0.8035714
000000416006.jpg,0.8137656,0.86
00058235.jpg,0.71977407,0.5849566
00044319.jpg,0.74937475,0.7860476
00053052.jpg,0.67327356,0.608594
00019047.jpg,0.66066265,0.4069918
00036331.jpg,0.70418763,0.6284656
00015811.jpg,0.6013958,0.6271912
00006652.jpg,0.8359971,0.738788
00022656.jpg,0.61333275,0.6242024
00042434.jpg,0.805673,0.8016218
00028408.jpg,0.61618334,0.5440678
00012423.jpg,0.85234916,0.8912412
00010744.jpg,0.76339746,0.8037308
00006174.jpg,0.9282603,0.964253
00026611.jpg,0.84891707,0.8741358
00055992.jpg,0.6521069,0.6394368
00050527.jpg,0.79762065,0.8436508
00045094.jpg,0.72766185,0.8214278
00012206.jpg,0.616523,0.6201412
00009259.jpg,0.81171626,0.7710966
00049062.jpg,0.8254345,0.8700742
00050555.jpg,0.8536787,0.9014048
00046976.jpg,0.8501841,0.9107258
00028468.jpg,0.8805722,0.9510374
00041708.jpg,0.75324464,0.816774
00030771.jpg,0.78057647,0.8296808
00007989.jpg,0.9192358,0.850453
00030557.jpg,0.6215552,0.709475
00044860.jpg,0.7465657,0.7330082
00009899.jpg,0.842831,0.8212198
00034384.jpg,0.54674804,0.5044478
00014556.jpg,0.6785046,0.5183958
00005369.jpg,0.86255544,0.9548592
00022544.jpg,0.8409214,0.8112142
5df8c1d42709cdda.jpg,0.57640433,0.52577317
n03541923_2920.jpg,0.8439827,0.8545455
00015827.jpg,0.6894522,0.7555154
00042427.jpg,0.760972,0.8285112
00008043.jpg,0.7886841,0.8412696
00024337.jpg,0.8687475,0.9238814
00021085.jpg,0.8015962,0.7759138
00049327.jpg,0.86038876,0.7749958
00008944.jpg,0.920514,0.9131242
00018461.jpg,0.87150526,0.931926
00023541.jpg,0.81728613,0.8400814
00026954.jpg,0.49563074,0.4650938
00006244.jpg,0.83691907,0.941347
00050762.jpg,0.56352603,0.5662252
73ef896ab275b791.jpg,0.7890736,0.7906977
00015180.jpg,0.8052635,0.858299
00037360.jpg,0.6772625,0.6230332
00001412.jpg,0.8473978,0.885711
00013784.jpg,0.89261687,0.9050772
00001759.jpg,0.855158,0.8514326
00037450.jpg,0.60845786,0.5968288
00011055.jpg,0.74877566,0.7890594
00013016.jpg,0.6756686,0.5419858
00003236.jpg,0.7274635,0.692376
00025825.jpg,0.85309136,0.8025016
00021993.jpg,0.85373914,0.9029802
00017219.jpg,0.72930825,0.7218158
00033426.jpg,0.7262821,0.776188
00022166.jpg,0.7786639,0.8730628
00036722.jpg,0.68472296,0.6364174
000000058713.jpg,0.77703595,0.84158415
00047699.jpg,0.67261434,0.830853
00041173.jpg,0.6496768,0.6417376
00030131.jpg,0.7839626,0.8814876
00022670.jpg,0.7992393,0.732737
00015693.jpg,0.7816686,0.8823698
00023088.jpg,0.76176876,0.710743
00003711.jpg,0.64214617,0.50282
000000252844.jpg,0.644526,0.72043014
00011626.jpg,0.7445396,0.7179328
00033914.jpg,0.5288923,0.7004982
sun_atjoaxvtrxzrxeaw.jpg,0.47502652,0.41379312
00028989.jpg,0.6966809,0.7825602
00036825.jpg,0.6226852,0.634906
00025946.jpg,0.8218683,0.922899
336bacff8461dbaa.jpg,0.8114916,0.93
00047640.jpg,0.82102364,0.7987112
000000199003.jpg,0.73174596,0.83505154
00014699.jpg,0.6472236,0.5417502
00057194.jpg,0.55445457,0.6181118
000000115241.jpg,0.829579,0.84615386
00007737.jpg,0.7953653,0.6992676
00015073.jpg,0.69290054,0.7293738
00030154.jpg,0.7188101,0.7479528
00020824.jpg,0.72401685,0.682683
00033150.jpg,0.5966885,0.5014874
00044668.jpg,0.66028607,0.6773822
00035261.jpg,0.6288084,0.6202342
00022456.jpg,0.6121025,0.6511732
00047586.jpg,0.7344227,0.5990496
00010619.jpg,0.80258095,0.7484572
00021593.jpg,0.7016195,0.8089942
00015416.jpg,0.6500897,0.5371554
00022687.jpg,0.58280516,0.5145672
00024226.jpg,0.8020803,0.8729938
00000229.jpg,0.8171717,0.8513426
00012874.jpg,0.5641856,0.6508766
00039973.jpg,0.80081415,0.8769218
00044421.jpg,0.83025897,0.9020344
n03541923_755.jpg,0.8173386,0.90816325
n07753592_16831.jpg,0.85512364,0.82978725
00058281.jpg,0.81662095,0.7105938
00050585.jpg,0.82454264,0.8072306
00022697.jpg,0.7386584,0.7771888
00045860.jpg,0.6325499,0.5765634
n07801091_38331.jpg,0.68359613,0.6091954
00018693.jpg,0.8293183,0.8966868
00015054.jpg,0.71752876,0.7789228
00022087.jpg,0.6642219,0.5414518
n04467665_3211.jpg,0.76203656,0.83870965
00019760.jpg,0.72399306,0.7755628
00046345.jpg,0.6787149,0.7938884
n07929519_34091.jpg,0.9067707,0.9574468
00032608.jpg,0.7524481,0.8388208
00026194.jpg,0.88923466,0.8616398
000000474255.jpg,0.7664225,0.8113208
00014905.jpg,0.7706632,0.8256068
n02793495_18211.jpg,0.6029036,0.64646465
00034964.jpg,0.62123036,0.6799792
00049276.jpg,0.65262675,0.7079854
000000411043.jpg,0.7855148,0.7912088
00030459.jpg,0.6878699,0.6602084
00010242.jpg,0.7976743,0.7950816
00022529.jpg,0.6991738,0.7786434
00048948.jpg,0.6808437,0.7005484
00039889.jpg,0.7222587,0.657721
00038400.jpg,0.8040705,0.8447466
00030926.jpg,0.71156925,0.7793102
00044381.jpg,0.80567425,0.76545
00000109.jpg,0.6721726,0.6641968
00047833.jpg,0.69240427,0.8001338
00021634.jpg,0.77993166,0.7642626
00039522.jpg,0.7286298,0.6873784
00019254.jpg,0.7569866,0.76199
00024215.jpg,0.75748444,0.7897612
00019437.jpg,0.7898171,0.688689
00047805.jpg,0.68141854,0.7281686
n02118333_1649.jpg,0.812618,0.8877551
00053103.jpg,0.83377886,0.8324412
000000102741.jpg,0.6545012,0.70873785
00042225.jpg,0.746907,0.779148
00007101.jpg,0.69600046,0.6556506
00001394.jpg,0.8568748,0.8468546
00009122.jpg,0.775915,0.6561876
000000436651.jpg,0.66989374,0.73275864
00010172.jpg,0.95255005,0.9598888
00048273.jpg,0.75067663,0.7959696
00039805.jpg,0.7411302,0.5922354
00019792.jpg,0.8403425,0.9059926
00011262.jpg,0.75823975,0.756698
00018360.jpg,0.77078986,0.8801466
00048959.jpg,0.5753934,0.5382964
00035440.jpg,0.8524971,0.778272
00026226.jpg,0.83383095,0.81987
00029570.jpg,0.62853897,0.6389016
000000232085.jpg,0.83663166,0.8956522
00038160.jpg,0.5375328,0.5477466
00038913.jpg,0.91097224,0.9502742
00003895.jpg,0.7646599,0.7360594
00012900.jpg,0.80997086,0.8173236
00034274.jpg,0.6785221,0.7612652
n09472597_11258.jpg,0.5920736,0.6636364
00022375.jpg,0.77216756,0.8214284
00022772.jpg,0.5928304,0.6995824
00042197.jpg,0.720278,0.7025068
00023504.jpg,0.78252125,0.843718
00024730.jpg,0.66325915,0.6823606
00029770.jpg,0.82055366,0.7843366
00051842.jpg,0.86161053,0.898329
00050678.jpg,0.9311564,0.9115812
00056979.jpg,0.6989509,0.7337946
00030274.jpg,0.7431835,0.7199866
00045629.jpg,0.8369665,0.7846506
118e34b1af1942e8.jpg,0.7522821,0.8
00037498.jpg,0.6206095,0.4368698
00008234.jpg,0.78740466,0.66629
n01811909_15169.jpg,0.74969316,0.76
00008677.jpg,0.71925807,0.7002108
00007234.jpg,0.64315474,0.6532336
00051883.jpg,0.74326146,0.6127118
00039131.jpg,0.645161,0.6254536
00019333.jpg,0.7737725,0.7316994
00045625.jpg,0.6363654,0.6902764
00001641.jpg,0.7338011,0.7687798
00049183.jpg,0.8593718,0.8612084
00037607.jpg,0.79377735,0.8491692
00047860.jpg,0.7457386,0.7224688
00011418.jpg,0.84977466,0.8147436
00039398.jpg,0.67053294,0.6222292
n02355227_4765.jpg,0.8252835,0.8947368
00009389.jpg,0.68713665,0.5503012
00041732.jpg,0.73214525,0.4852802
00041850.jpg,0.7306179,0.7077896
00026430.jpg,0.8521371,0.8183068
00021440.jpg,0.89010704,0.915197
00052409.jpg,0.8597225,0.8078506
n02834778_10669.jpg,0.8034252,0.8796296
00025164.jpg,0.87043595,0.8297052
00041153.jpg,0.83004916,0.5898072
00004238.jpg,0.8802905,0.8173648
00039850.jpg,0.7959914,0.8687856
00001420.jpg,0.7994492,0.7398326
00039279.jpg,0.7334445,0.737268
00001756.jpg,0.70935345,0.6290964
00051846.jpg,0.6056388,0.6027318
00019664.jpg,0.6430334,0.7480864
00012134.jpg,0.555166,0.5503796
00057170.jpg,0.5960323,0.5570454
00023084.jpg,0.7788284,0.7439248
00013581.jpg,0.53802097,0.5412512
00023255.jpg,0.7069883,0.7206552
00019212.jpg,0.73841155,0.7244502
00021222.jpg,0.9083468,0.7773556
00044431.jpg,0.83543825,0.7651652
00037574.jpg,0.6606586,0.7049724
00019366.jpg,0.855073,0.7726426
00033461.jpg,0.7362086,0.7583486
00020593.jpg,0.6599611,0.6942358
00052490.jpg,0.7884682,0.7391916
sun_aydqgtfzqiiuyrmb.jpg,0.75021076,0.8556701
00026579.jpg,0.8448165,0.7786348
sun_alrobpkjksbjoxjk.jpg,0.589139,0.31578946
00057509.jpg,0.6308584,0.638046
n09468604_1698.jpg,0.5301709,0.5106383
00006605.jpg,0.74963546,0.7404372
00054834.jpg,0.7197676,0.8445248
00020994.jpg,0.5554578,0.610269
n04166281_3917.jpg,0.8210279,0.6956522
00024880.jpg,0.76996136,0.7489332
00015901.jpg,0.79578483,0.8663982
00035281.jpg,0.65748894,0.5143614
00022143.jpg,0.8070179,0.7333986
00000094.jpg,0.8329959,0.8881136
00030018.jpg,0.7221627,0.845717
sun_aitbuzxgbexdoeda.jpg,0.52649915,0.4631579
00042162.jpg,0.71922195,0.7550198
000000463970.jpg,0.8647222,0.84090906
00029628.jpg,0.6666026,0.5853052
00021897.jpg,0.77982485,0.8685496
00021352.jpg,0.7608497,0.8392256
000000061502.jpg,0.8361788,0.9183673
00030445.jpg,0.56065905,0.4171302
00047970.jpg,0.74320686,0.8901606
00055473.jpg,0.7161343,0.7339068
00024380.jpg,0.646479,0.7440238
00018212.jpg,0.6830136,0.5695356
00056023.jpg,0.6729357,0.6395766
00035052.jpg,0.79269683,0.7023382
00044970.jpg,0.59164023,0.5748026
00000446.jpg,0.84244776,0.8639038
00001068.jpg,0.7976532,0.8749962
00033491.jpg,0.8326943,0.8956516
00033214.jpg,0.76663566,0.7010266
00055491.jpg,0.77124953,0.8373292
000000007211.jpg,0.7159949,0.86021507
00058092.jpg,0.63650185,0.6983916
00054584.jpg,0.74914163,0.7957284
00020465.jpg,0.66539264,0.7800898
00030265.jpg,0.68299997,0.6425548
00009956.jpg,0.6405231,0.6773486
00057169.jpg,0.80747116,0.9206464
00040969.jpg,0.7373221,0.858665
00031363.jpg,0.79706717,0.8165214
00056087.jpg,0.8168445,0.8307092
00018814.jpg,0.7114774,0.5510742
00047444.jpg,0.7557739,0.6338902
00048545.jpg,0.7288066,0.7145416
00038862.jpg,0.9118593,0.9226736
n07696625_5833.jpg,0.8353519,0.7553192
00026379.jpg,0.7594719,0.741508
00018420.jpg,0.87468445,0.831696
00016407.jpg,0.7866844,0.7018452
00033045.jpg,0.80385137,0.7781322
00009973.jpg,0.66827273,0.614135
00028374.jpg,0.7171613,0.8983064
00003456.jpg,0.7935673,0.6541998
00042384.jpg,0.7648883,0.830071
00054089.jpg,0.8202094,0.8010616
00047117.jpg,0.8256943,0.8942106
00042815.jpg,0.7692398,0.8139922
00040944.jpg,0.7180325,0.6351864
00026002.jpg,0.6931058,0.6756016
00006821.jpg,0.7015358,0.5889778
00017675.jpg,0.8403934,0.8367108
00033212.jpg,0.86303955,0.86375
00044082.jpg,0.8597212,0.8091506
00022304.jpg,0.7772863,0.8600876
00009723.jpg,0.7090044,0.7900248
00049448.jpg,0.7942233,0.7269846
00010032.jpg,0.7591642,0.815692
00045173.jpg,0.6589075,0.644692
00046119.jpg,0.81974447,0.7948668
00021832.jpg,0.8133197,0.786562
00011384.jpg,0.92923236,0.952201
n07893642_5591.jpg,0.8519293,0.92391306
00007401.jpg,0.77005,0.7277714
00001301.jpg,0.6953912,0.7322068
00058409.jpg,0.8147496,0.845574
00022981.jpg,0.8536331,0.9526168
00022517.jpg,0.8447174,0.928078
00032410.jpg,0.5518407,0.5268536
00050594.jpg,0.6700587,0.8720618
00046790.jpg,0.6489867,0.647443
00045966.jpg,0.8178524,0.7467774
00036262.jpg,0.6420173,0.49349
00031146.jpg,0.5862931,0.42453
00000853.jpg,0.7279048,0.703385
00027712.jpg,0.9582777,0.9092394
sun_amsxxjxupzbpyfqc.jpg,0.541369,0.53608245
00017865.jpg,0.80145836,0.801331
00001998.jpg,0.87700284,0.8174754
00040582.jpg,0.7392907,0.738972
00041559.jpg,0.72479004,0.7917774
n02118333_6662.jpg,0.79237217,0.8105263
00009988.jpg,0.76917005,0.8711076
00035827.jpg,0.7034955,0.6890454
00011196.jpg,0.8306699,0.8418384
00009900.jpg,0.79119694,0.72396
n04610013_24511.jpg,0.6769463,0.6831683
00046310.jpg,0.7936554,0.7397244
00015583.jpg,0.6567723,0.6751476
00050096.jpg,0.72585225,0.655232
00035355.jpg,0.66885436,0.7782004
36963c8e1dee2486.jpg,0.7697383,0.83157897
00021999.jpg,0.78878284,0.890354
00036688.jpg,0.65965533,0.7482112
00047543.jpg,0.6600144,0.6374642
00058254.jpg,0.7768762,0.8451062
00048198.jpg,0.7187424,0.593446
00034700.jpg,0.8046201,0.8064654
00048262.jpg,0.6912118,0.6259204
00046182.jpg,0.736328,0.6597182
00033739.jpg,0.6550319,0.5330874
00007208.jpg,0.7518594,0.740419
00011149.jpg,0.64792776,0.6252432
00011170.jpg,0.7177212,0.6460754
n07690273_20605.jpg,0.85226536,0.9130435
00044999.jpg,0.7484199,0.7552974
00019347.jpg,0.85197306,0.8297476
00022428.jpg,0.7437247,0.729989
00008612.jpg,0.82738316,0.7816884
00020551.jpg,0.81377244,0.9057326
00033120.jpg,0.6121238,0.6346066
00050653.jpg,0.9041822,0.8491876
00011487.jpg,0.6247121,0.5542736
00044259.jpg,0.710796,0.7056318
00054215.jpg,0.6749698,0.7821732
00013024.jpg,0.8214823,0.8859916
00029057.jpg,0.76921886,0.9271956
00047079.jpg,0.6380847,0.5346534
n03384352_3643.jpg,0.7625487,0.68367344
00053403.jpg,0.65547,0.6020944
00054930.jpg,0.6726207,0.8198458
00020214.jpg,0.85847086,0.8283892
n07838073_14364.jpg,0.8879515,0.86915886
00002967.jpg,0.6448963,0.586899
n04467665_5674.jpg,0.7627766,0.8666667
00037660.jpg,0.6816232,0.8103896
00058730.jpg,0.8084755,0.9018682
00053464.jpg,0.7512237,0.7721552
00056378.jpg,0.8652828,0.8592946
00021627.jpg,0.80480134,0.8929278
00015051.jpg,0.8113611,0.722024
n07880968_5959.jpg,0.86112833,0.9480519
n03594945_12838.jpg,0.78371906,0.8468468
00012730.jpg,0.8492508,0.9150354
00057174.jpg,0.7785659,0.9299628
00025133.jpg,0.6566682,0.6810898
00015270.jpg,0.8340249,0.7789512
00017298.jpg,0.70690763,0.6415398
00000851.jpg,0.8283119,0.861818
00040527.jpg,0.66523564,0.6028074
00057720.jpg,0.76858723,0.7717554
00007481.jpg,0.80214226,0.8262212
00021527.jpg,0.80219626,0.8738472
00013555.jpg,0.7088306,0.6933712
00050029.jpg,0.9009061,0.8659286
00041315.jpg,0.6869205,0.6767878
00050313.jpg,0.8734244,0.8095458
00043947.jpg,0.65747786,0.6037612
00001258.jpg,0.8221296,0.8323718
00003732.jpg,0.8578117,0.9023818
00040418.jpg,0.7787626,0.7953602
00049841.jpg,0.6833211,0.7362454
00050187.jpg,0.75054896,0.800287
00054755.jpg,0.75194156,0.8658962
00021647.jpg,0.62493265,0.5255484
00018624.jpg,0.7938707,0.8099162
00008897.jpg,0.7422792,0.9098644
n04610013_1483.jpg,0.7036065,0.7017544
00044824.jpg,0.8309969,0.7957388
00055393.jpg,0.73938835,0.8141636
00021783.jpg,0.63903034,0.7599652
00024261.jpg,0.8936919,0.925497
00021172.jpg,0.8323982,0.853556
00009884.jpg,0.70357275,0.63004
00025997.jpg,0.84835017,0.872996
00048253.jpg,0.6708429,0.6785134
00022914.jpg,0.6269487,0.6387712
00001985.jpg,0.8844235,0.9042786
n03384352_2419.jpg,0.756741,0.85294116
n02324045_25240.jpg,0.8402893,0.8989899
00043258.jpg,0.88738453,0.9130642
00055789.jpg,0.75860155,0.8314338
00022564.jpg,0.7867819,0.7443454
n07574602_28789.jpg,0.77113295,0.85046726
n04461696_6319.jpg,0.70810777,0.7356322
00003821.jpg,0.63307774,0.4457256
00046864.jpg,0.83441925,0.8968352
00055805.jpg,0.787662,0.7334798
00032688.jpg,0.74719346,0.8528368
00058383.jpg,0.823568,0.9227512
00024679.jpg,0.67868245,0.6320532
00057065.jpg,0.87619865,0.8305796
00015158.jpg,0.5839287,0.6053272
00027657.jpg,0.7561687,0.719595
00057909.jpg,0.7487938,0.8303514
00013871.jpg,0.632879,0.6617572
00025628.jpg,0.7413646,0.7898352
00003010.jpg,0.74441314,0.7102228
994dff6bc1427c0e.jpg,0.8018241,0.77
00007172.jpg,0.7260714,0.6540762
00029543.jpg,0.8522781,0.8859028
00034056.jpg,0.8216864,0.7888052
00023151.jpg,0.84304094,0.8369868
00007472.jpg,0.76379603,0.7967966
00034809.jpg,0.5931883,0.6008082
n02355227_14378.jpg,0.83401257,0.83838385
00042075.jpg,0.8150027,0.798944
n02834778_3171.jpg,0.6264531,0.6
00053983.jpg,0.7578162,0.7348442
00023924.jpg,0.8905307,0.893889
00049622.jpg,0.78894424,0.7364804
00020966.jpg,0.6995132,0.6981396
00030788.jpg,0.8380177,0.9058312
00037416.jpg,0.81196964,0.863205
00033969.jpg,0.714555,0.821432
00049572.jpg,0.618664,0.6733678
00011401.jpg,0.764354,0.8114198
00031426.jpg,0.77992773,0.7447376
00031547.jpg,0.8578819,0.8349956
00017637.jpg,0.7936884,0.8915694
n03634034_7461.jpg,0.5850589,0.6037736
00004337.jpg,0.62868077,0.6280654
00055176.jpg,0.7482561,0.8719986
00014901.jpg,0.77672815,0.9215284
00036083.jpg,0.73574513,0.814359
00056687.jpg,0.7280247,0.6368424
00027156.jpg,0.83397603,0.773839
00022970.jpg,0.6618087,0.6316722
00048474.jpg,0.74082005,0.8276062
00058017.jpg,0.8438478,0.8770968
n07911677_1788.jpg,0.8354839,0.86315787
00034016.jpg,0.7873496,0.8304604
00044396.jpg,0.7226459,0.6630478
00006070.jpg,0.7687304,0.7009842
00018587.jpg,0.7860688,0.821287
00014129.jpg,0.8922175,0.8339598
00050767.jpg,0.8985715,0.8948066
00027942.jpg,0.8391651,0.9284312
00000546.jpg,0.8887304,0.8979664
00007420.jpg,0.78070164,0.8420098
00035860.jpg,0.69210553,0.5555
00007241.jpg,0.84474003,0.9385388
000000267556.jpg,0.74833703,0.75
00027967.jpg,0.6591272,0.6730856
00048418.jpg,0.80600667,0.8255794
00007924.jpg,0.87539136,0.8988264
00040414.jpg,0.7409281,0.7160194
n04461696_14893.jpg,0.74544907,0.8130841
00031746.jpg,0.7901093,0.7741566
00033414.jpg,0.73487633,0.6778094
00028189.jpg,0.8118723,0.8466292
00034728.jpg,0.60986733,0.5125744
00004160.jpg,0.8753464,0.8359964
00024875.jpg,0.78565526,0.731071
00011885.jpg,0.8909614,0.7695456
00057418.jpg,0.88224673,0.9752966
00014763.jpg,0.644701,0.5678004
00031443.jpg,0.6393235,0.6250696
00048673.jpg,0.7271753,0.7894308
00000104.jpg,0.8098339,0.8878916
00032409.jpg,0.81201124,0.7327944
00024789.jpg,0.8667211,0.7574132
n04335435_20787.jpg,0.83039117,0.8110236
00014212.jpg,0.80335104,0.788064
00006767.jpg,0.70711267,0.6847746
00015153.jpg,0.81976295,0.8585498
82f1a9e2176a2145.jpg,0.79206705,0.9148936
00058285.jpg,0.77704835,0.8285902
00025558.jpg,0.90393364,0.8968242
00041561.jpg,0.7670919,0.6756212
00010689.jpg,0.8102504,0.9350454
00006731.jpg,0.81191444,0.8240032
000000554978.jpg,0.6351831,0.61702126
00025179.jpg,0.7236717,0.8658742
00009770.jpg,0.85874784,0.9201188
00054845.jpg,0.8206712,0.9070436
00003753.jpg,0.87960505,0.9503228
00001920.jpg,0.79353845,0.7308056
00049217.jpg,0.8532012,0.8859058
00014218.jpg,0.80599964,0.7770632
00034656.jpg,0.6904501,0.7198028
00004482.jpg,0.8966515,0.9354244
00021568.jpg,0.5972885,0.622316
00044348.jpg,0.7399254,0.8712234
00005569.jpg,0.80194056,0.8032752
n02924116_28382.jpg,0.7561841,0.8240741
00036788.jpg,0.6640594,0.7336034
n09415671_6312.jpg,0.49962422,0.42727274
00011949.jpg,0.7840383,0.847885
00026625.jpg,0.66993517,0.7008428
00028296.jpg,0.7132621,0.6014022
00034486.jpg,0.87088513,0.8291514
00049889.jpg,0.71012723,0.8258244
n07711569_6001.jpg,0.83025205,0.8235294
000000398753.jpg,0.6772721,0.6486486
00005025.jpg,0.7063334,0.742033
00010921.jpg,0.7418145,0.76111
00042794.jpg,0.7807896,0.8262624
00016059.jpg,0.916963,0.9425904
n02355227_14797.jpg,0.8528024,0.8947368
n02946348_3118.jpg,0.67065537,0.6666667
00022366.jpg,0.73534095,0.6768586
00051936.jpg,0.88687134,0.8483874
00029320.jpg,0.57965887,0.5253212
00012918.jpg,0.82988715,0.8911584
00017443.jpg,0.7292751,0.6942692
00007058.jpg,0.79713225,0.76
00019716.jpg,0.7245426,0.7300266
00035127.jpg,0.7324493,0.7281682
00054310.jpg,0.7344169,0.6718952
00056801.jpg,0.80669343,0.8602868
00014082.jpg,0.8269671,0.8662504
00007887.jpg,0.8504178,0.9177932
00001750.jpg,0.6240336,0.7064272
00049014.jpg,0.8149821,0.6110956
000000196839.jpg,0.6957079,0.61403507
000000523211.jpg,0.8567965,0.8651685
sun_avjgnengissyhclc.jpg,0.63067603,0.5480769
00033837.jpg,0.71316665,0.6186242
00048705.jpg,0.7014127,0.7954536
00012643.jpg,0.7884164,0.7349878
00037423.jpg,0.8099824,0.7953618
000000468933.jpg,0.77537787,0.75
00042012.jpg,0.8678555,0.7797184
00001033.jpg,0.60476804,0.421928
000000436203.jpg,0.63255346,0.7079646
00044011.jpg,0.8111406,0.8975468
00001039.jpg,0.8376521,0.841101
00032750.jpg,0.7118273,0.7370386
00007877.jpg,0.6945156,0.7033524
00002197.jpg,0.71531594,0.6977496
00036299.jpg,0.7560437,0.6699484
n00439826_7703.jpg,0.7872617,0.79591835
00047635.jpg,0.72346365,0.6978924
00032395.jpg,0.7567147,0.8268662
n01846331_3202.jpg,0.711398,0.71028036
00039502.jpg,0.83144116,0.9430216
n04465501_2796.jpg,0.69860446,0.78899086
00034469.jpg,0.769343,0.5899302
00009344.jpg,0.820923,0.7814534
00024629.jpg,0.7991171,0.8487606
00032526.jpg,0.6309036,0.5589698
00018479.jpg,0.8333342,0.867718
00039800.jpg,0.6182349,0.7074446
n04335435_20534.jpg,0.8178849,0.8414634
n03384352_9687.jpg,0.7713891,0.8604651
00044531.jpg,0.8207976,0.9334292
00014704.jpg,0.7640741,0.8016568
00047080.jpg,0.8412256,0.7673804
00008389.jpg,0.59521747,0.6099588
00044355.jpg,0.7598772,0.804056
00024685.jpg,0.7309775,0.7561412
00015757.jpg,0.91128314,0.9363776
00015844.jpg,0.79423887,0.8376676
00027330.jpg,0.73829794,0.5953828
00008916.jpg,0.73861766,0.7183012
00003947.jpg,0.7571715,0.8315274
00021265.jpg,0.80217755,0.7504428
00032870.jpg,0.823733,0.8146908
00003503.jpg,0.7395829,0.7250352
n07863374_17629.jpg,0.86879706,0.87628865
00021353.jpg,0.74469006,0.8265816
00007242.jpg,0.7382473,0.6029942
00057865.jpg,0.9483489,0.9405298
sun_axcystsdjzbhixci.jpg,0.681821,0.7008547
00017500.jpg,0.60326815,0.6422966
000000383390.jpg,0.6833175,0.7604167
000000287328.jpg,0.82563746,0.8767123
00049924.jpg,0.62964094,0.6622494
00020191.jpg,0.5779319,0.5265202
00054114.jpg,0.65514183,0.7045882
00020156.jpg,0.78086483,0.8428036
00000964.jpg,0.85539186,0.8886482
00011536.jpg,0.7627571,0.6963644
00034679.jpg,0.6147687,0.4860902
00037095.jpg,0.63707924,0.714532
00042947.jpg,0.81974304,0.7278752
00016258.jpg,0.59636134,0.4644124
00058006.jpg,0.652869,0.6011074
00018805.jpg,0.805253,0.8564152
00022287.jpg,0.83114713,0.7038142
n02355227_14589.jpg,0.8189659,0.81395346
542429bec668190a.jpg,0.5739249,0.4787234
00024899.jpg,0.6425587,0.592069
000000118683.jpg,0.65938365,0.67469877
00011038.jpg,0.86633253,0.8657276
00025593.jpg,0.7939584,0.8165222
00009355.jpg,0.85103965,0.9069896
00056058.jpg,0.7265064,0.6433552
00011775.jpg,0.7937567,0.816818
00042097.jpg,0.81719506,0.831596
00011018.jpg,0.8353509,0.779424
00002392.jpg,0.86913085,0.8125804
00049949.jpg,0.84909654,0.8066218
00034598.jpg,0.72232604,0.6462696
00021130.jpg,0.7988612,0.7554322
00046355.jpg,0.75632393,0.8160876
90dba6de931ca930.jpg,0.7804719,0.88235295
n07720875_5791.jpg,0.81539893,0.8556701
00020591.jpg,0.79721344,0.8063562
00020699.jpg,0.7104329,0.6566148
00026965.jpg,0.88211906,0.8452552
00055266.jpg,0.7641056,0.7581624
00052556.jpg,0.7877032,0.7721892
00026063.jpg,0.79365873,0.8569704
00044957.jpg,0.70091987,0.7562912
00029622.jpg,0.83391666,0.9208914
00025823.jpg,0.6466778,0.5958028
00013897.jpg,0.9096252,0.8849192
00048441.jpg,0.71356785,0.7099892
00005326.jpg,0.7751471,0.7945026
00005356.jpg,0.8976536,0.8919816
00033193.jpg,0.7125906,0.8345562
00001402.jpg,0.55524856,0.6247028
n03670208_6791.jpg,0.827741,0.9139785
00008410.jpg,0.8969736,0.8687242
00044801.jpg,0.7672601,0.8289368
00042209.jpg,0.70586133,0.8194558
00004428.jpg,0.80057585,0.8665622
n07711569_153.jpg,0.81278527,0.8727273
00003387.jpg,0.7629595,0.83505
00018844.jpg,0.77589583,0.8757872
00009434.jpg,0.80316293,0.7021208
00002310.jpg,0.7395444,0.717859
n09289331_6459.jpg,0.5961702,0.5463917
00005841.jpg,0.709425,0.8292708
0bf80b98b70d97f0.jpg,0.7922963,0.82857144
00049780.jpg,0.7478148,0.8241916
00025025.jpg,0.8234761,0.7277776
00012167.jpg,0.7647581,0.9144614
00020798.jpg,0.85366654,0.8893648
00013426.jpg,0.959043,0.8001192
00029676.jpg,0.70680654,0.6591676
00039272.jpg,0.79441595,0.7467176
000000383857.jpg,0.7109662,0.745283
00025257.jpg,0.8551794,0.895787
00021264.jpg,0.6440151,0.6816444
00050743.jpg,0.69456446,0.5450868
00023839.jpg,0.8025478,0.8299046
n03670208_4834.jpg,0.7840704,0.7790698
00015276.jpg,0.79849696,0.6708106
00011983.jpg,0.7759285,0.6817592
00050392.jpg,0.71215594,0.8363186
00020106.jpg,0.70031524,0.680316
n09376198_15467.jpg,0.58885664,0.7425743
8797c6121f65e4e3.jpg,0.69293225,0.90178573
n07717556_2777.jpg,0.88335466,0.96330273
00003625.jpg,0.67888695,0.804428
sun_amyfrjfsypqohzav.jpg,0.5229503,0.6605505
00050454.jpg,0.79032516,0.7916004
00024600.jpg,0.7321928,0.8508166
00026180.jpg,0.833272,0.804967
00056091.jpg,0.83085215,0.9133576
00019749.jpg,0.7929771,0.8263982
00026175.jpg,0.7505906,0.813232
00045068.jpg,0.7076671,0.6670886
00037641.jpg,0.7553537,0.6931858
00044782.jpg,0.7150142,0.6585526
00045556.jpg,0.6023982,0.585387
00031278.jpg,0.94522,0.8651352
00012728.jpg,0.85648346,0.9107796
00056654.jpg,0.77508104,0.7316638
00045283.jpg,0.6430676,0.5244744
00047372.jpg,0.76622444,0.7158154
430bde7175269de1.jpg,0.7896856,0.79545456
00041051.jpg,0.72666943,0.6240744
00015605.jpg,0.7911053,0.7965332
00005587.jpg,0.7511265,0.8362936
n01791625_16214.jpg,0.8047912,0.8648649
00007634.jpg,0.6647692,0.7368698
00012678.jpg,0.879423,0.9242094
00001249.jpg,0.8699702,0.8987144
00033667.jpg,0.6164801,0.4863322
00014634.jpg,0.7576908,0.8579856
00011690.jpg,0.92170405,0.9394446
000000190199.jpg,0.7238568,0.67741936
00019779.jpg,0.7941239,0.9039638
00047184.jpg,0.77169204,0.8608924
00017022.jpg,0.74840546,0.8361678
00057970.jpg,0.89610803,0.8670472
00045733.jpg,0.7553256,0.9084862
n09288635_11230.jpg,0.70501685,0.8224299
00006248.jpg,0.6861069,0.5461296
00038817.jpg,0.65664077,0.8252318
00010030.jpg,0.7944174,0.8538504
00021234.jpg,0.7786842,0.7265454
f70e2da87e3a08e5.jpg,0.84885305,0.80172414
00053809.jpg,0.68973565,0.7808086
00037221.jpg,0.62827706,0.4466146
00034490.jpg,0.6325389,0.5045302
00042693.jpg,0.8103365,0.8571432
n02878222_6102.jpg,0.76676,0.79787236
00033444.jpg,0.8863938,0.832221
00051013.jpg,0.8014215,0.9276796
00027941.jpg,0.8151276,0.8445806
00016758.jpg,0.75849247,0.7624898
00037172.jpg,0.6743068,0.6618994
00011500.jpg,0.73976016,0.7412262
n07880968_5785.jpg,0.8299081,0.88617885
00022127.jpg,0.6565843,0.725976
00040240.jpg,0.6990324,0.7099656
00057115.jpg,0.78047407,0.7452758
00002497.jpg,0.8374634,0.9358026
n09288635_13486.jpg,0.7089832,0.7383177
00012233.jpg,0.8553165,0.8519576
00032423.jpg,0.7334311,0.8064684
sun_aajttwmkstixpqmk.jpg,0.55216277,0.43678162
00039716.jpg,0.8186897,0.7881588
00022726.jpg,0.9711168,0.9384026
00050779.jpg,0.7410114,0.7636332
00053215.jpg,0.88532615,0.9763674
00001685.jpg,0.7347975,0.6384664
00017595.jpg,0.81972456,0.881187
00053476.jpg,0.6904458,0.8636642
n07716358_12371.jpg,0.8570794,0.85263157
00019556.jpg,0.7999252,0.8072204
00009624.jpg,0.7786435,0.7538142
00006859.jpg,0.69763035,0.6398676
n07849336_23055.jpg,0.85118455,0.86915886
00005537.jpg,0.72011936,0.5892156
00030188.jpg,0.72816145,0.7929662
00015690.jpg,0.80026287,0.6848676
00045303.jpg,0.61628777,0.6909074
00039145.jpg,0.75559247,0.6719072
00008759.jpg,0.828105,0.7439302
00034677.jpg,0.6338428,0.648649
00026520.jpg,0.78081745,0.662531
00022888.jpg,0.6731985,0.7733622
00037627.jpg,0.83236027,0.8795998
00026536.jpg,0.84499025,0.8346382
00029300.jpg,0.737605,0.7433048
00031029.jpg,0.60147494,0.6571806
000000438200.jpg,0.7674444,0.9368421
00026547.jpg,0.6115844,0.5111142
00013345.jpg,0.81437874,0.9199842
00043486.jpg,0.74477375,0.8073078
n07801091_45891.jpg,0.5009317,0.3611111
00021400.jpg,0.8589656,0.8695094
00030861.jpg,0.80736995,0.8411138
00031309.jpg,0.73875487,0.8523574
00001828.jpg,0.83774364,0.8070234
00030680.jpg,0.7379845,0.6504554
00019427.jpg,0.74634534,0.9447612
00049271.jpg,0.8272686,0.8760944
00041030.jpg,0.6695516,0.5467302
n02946348_16904.jpg,0.84174407,0.7977528
00023858.jpg,0.8227811,0.8041616
00024941.jpg,0.72659886,0.6971118
7015248aec86e3ca.jpg,0.6346104,0.7029703
d5270732337b9a54.jpg,0.74481106,0.75
00048369.jpg,0.6788353,0.6087882
00037883.jpg,0.63786685,0.6623674
n03541923_4128.jpg,0.78501296,0.75247526
00038852.jpg,0.7513803,0.8313066
00047336.jpg,0.61670977,0.7237076
00047711.jpg,0.70694625,0.5546466
n01846331_897.jpg,0.826321,0.8888889
00011947.jpg,0.90920734,0.8297716
00045011.jpg,0.71058154,0.7199852
00022319.jpg,0.7735342,0.7660418
00018497.jpg,0.5566224,0.4569108
00021890.jpg,0.8946899,0.8718332
00008069.jpg,0.9019227,0.8098232
00039463.jpg,0.833248,0.7958018
00009390.jpg,0.7470449,0.8236048
00031782.jpg,0.6810778,0.6685624
00032990.jpg,0.81512225,0.8466016
00040830.jpg,0.71011794,0.7265248
00031665.jpg,0.7709794,0.816256
00006986.jpg,0.6522919,0.5796432
00008803.jpg,0.75105846,0.7295004
00005135.jpg,0.82531977,0.890975
00020449.jpg,0.7281873,0.6538122
00003635.jpg,0.76992965,0.6854378
00046707.jpg,0.68965906,0.5798868
00032504.jpg,0.7955576,0.774384
00006334.jpg,0.60866976,0.5358762
00002849.jpg,0.59119976,0.5596272
000000348107.jpg,0.79712176,0.68
00032433.jpg,0.67155623,0.64364
00004030.jpg,0.85272884,0.9009992
00023697.jpg,0.8213172,0.857431
00002372.jpg,0.78009653,0.7925662
00043438.jpg,0.78165007,0.7047406
00007712.jpg,0.76271915,0.6339816
00014559.jpg,0.7719698,0.67839
00043487.jpg,0.77690303,0.7196648
000000150080.jpg,0.8093208,0.8684211
00041870.jpg,0.75846386,0.6266978
00034044.jpg,0.7185029,0.5197164
00007148.jpg,0.81814337,0.8803178
00046879.jpg,0.73874176,0.6752326
00029370.jpg,0.64863956,0.6700286
00025104.jpg,0.83482516,0.9035226
00002959.jpg,0.81430364,0.8648394
n09393605_36719.jpg,0.5502103,0.49019608
00036362.jpg,0.684281,0.7371972
00014222.jpg,0.88518465,0.9489664
00041129.jpg,0.6885042,0.6050972
00027530.jpg,0.895478,0.7853848
00006844.jpg,0.809109,0.8499436
00035204.jpg,0.7341655,0.7628238
00011222.jpg,0.7424786,0.724688
00036598.jpg,0.60715747,0.668831
n07693725_1611.jpg,0.8907045,0.9195402
00018338.jpg,0.8302546,0.7934378
00019553.jpg,0.70290303,0.7788972
00051505.jpg,0.8643912,0.871353
sun_amfhfmwkktwcrstd.jpg,0.55632067,0.54545456
000000051001.jpg,0.8682996,0.8952381
00030584.jpg,0.76620007,0.805662
00010775.jpg,0.65738,0.5771132
00026608.jpg,0.5566826,0.6195686
00046391.jpg,0.754478,0.8326144
00047320.jpg,0.7035308,0.8110526
00055739.jpg,0.79773104,0.6435858
00017745.jpg,0.73518395,0.6604504
000000569829.jpg,0.7033806,0.7719298
00009295.jpg,0.8170328,0.8893792
00034494.jpg,0.7215538,0.6896676
00000056.jpg,0.6163172,0.5119272
00026750.jpg,0.82873046,0.6399414
00014340.jpg,0.8316792,0.8926056
00031299.jpg,0.85678,0.7139662
n09308572_862.jpg,0.6263796,0.6666667
00056600.jpg,0.74368715,0.8633698
00039417.jpg,0.77852976,0.5555282
00043742.jpg,0.7966713,0.851438
00034897.jpg,0.7039076,0.6552984
00054138.jpg,0.84137785,0.777849
n02118333_12890.jpg,0.81983745,0.82653064
00043863.jpg,0.6923156,0.7536136
n03790512_3940.jpg,0.7635164,0.73626375
00013192.jpg,0.779621,0.7996808
00014918.jpg,0.57943416,0.4982912
n09270735_3519.jpg,0.8147062,0.8245614
00015318.jpg,0.75302446,0.8000914
00036141.jpg,0.6587551,0.7385658
00035298.jpg,0.6514857,0.6331122
00037904.jpg,0.69155276,0.635466
00058432.jpg,0.82089734,0.926867
00054869.jpg,0.5040113,0.4884102
00056555.jpg,0.65882456,0.601284
00002644.jpg,0.7720686,0.7473512
00010559.jpg,0.79407686,0.7917886
00007812.jpg,0.7132986,0.5490942
00033092.jpg,0.5823184,0.583126
00032795.jpg,0.90614605,0.8677542
00005666.jpg,0.8155894,0.717688
00028091.jpg,0.8162656,0.7369968
00001958.jpg,0.6958089,0.6698058
00016629.jpg,0.8036548,0.9319474
00057339.jpg,0.65882456,0.5596672
00057319.jpg,0.78243387,0.8007058
00003967.jpg,0.71974635,0.7961384
00038983.jpg,0.75716615,0.8714146
00026007.jpg,0.7081152,0.6227104
00031476.jpg,0.615209,0.5827088
00029056.jpg,0.680369,0.7394634
00042419.jpg,0.8107091,0.6142724
000000369132.jpg,0.726053,0.7979798
00056966.jpg,0.7700193,0.7457392
00022646.jpg,0.8016521,0.8643356
00002235.jpg,0.7006471,0.7578368
5e3a978ab9c582de.jpg,0.7302563,0.78333336
00006283.jpg,0.89528596,0.890751
00042594.jpg,0.7251462,0.7888604
00046517.jpg,0.81719303,0.8095112
000000381605.jpg,0.7810203,0.7875
00030600.jpg,0.8189697,0.8551916
00044393.jpg,0.79982007,0.7467814
00053882.jpg,0.6522347,0.6249018
00012106.jpg,0.6081338,0.4870006
00012783.jpg,0.76627004,0.805604
00006230.jpg,0.8191904,0.7584514
00028609.jpg,0.621609,0.5310634
00041796.jpg,0.7373458,0.8364688
00005420.jpg,0.886346,0.9733198
00006253.jpg,0.70544815,0.8442258
00053281.jpg,0.78541875,0.770531
000000368845.jpg,0.75334466,0.8023256
00057275.jpg,0.63233674,0.6709404
00004706.jpg,0.5084789,0.47094
00001346.jpg,0.775692,0.721996
00028008.jpg,0.72785187,0.7217202
00017066.jpg,0.6354046,0.6626264
00050360.jpg,0.84229493,0.9005888
00014976.jpg,0.8137639,0.8371158
00053469.jpg,0.6746715,0.7445914
00051734.jpg,0.8342756,0.8429484
00000576.jpg,0.89451087,0.8391544
00014840.jpg,0.8066486,0.7827376
00045443.jpg,0.7714633,0.7097952
n03594945_11021.jpg,0.75341994,0.64285713
94e06c3d152f3c62.jpg,0.77109814,0.7582418
00040250.jpg,0.7344706,0.6830036
00044605.jpg,0.7367537,0.7448648
00048035.jpg,0.67249703,0.641644
00006715.jpg,0.7003329,0.773173
00028086.jpg,0.7222945,0.5647072
00006074.jpg,0.6756995,0.755982
00010247.jpg,0.81511176,0.9164338
n04610013_1648.jpg,0.6873157,0.7070707
00035948.jpg,0.6111405,0.549434
sun_awjqhmphorknpjcn.jpg,0.6188514,0.5510204
n07880968_5202.jpg,0.8716072,0.9
00056568.jpg,0.8852407,0.7427094
00031743.jpg,0.8177799,0.880407
00032364.jpg,0.81085736,0.7634916
00047225.jpg,0.7319145,0.531921
00019770.jpg,0.88254344,0.9493066
00000147.jpg,0.83557856,0.8888676
00015896.jpg,0.8666681,0.8388768
00049212.jpg,0.67147887,0.7008102
00043483.jpg,0.87287724,0.8433358
00046886.jpg,0.80984855,0.7659212
00035553.jpg,0.7243823,0.6390822
n09393605_43491.jpg,0.55437607,0.42222223
00005971.jpg,0.7148632,0.7856568
00026878.jpg,0.77945614,0.7139912
00044949.jpg,0.855809,0.7728758
n07880968_2001.jpg,0.82485795,0.86238533
00042053.jpg,0.79248726,0.8202586
00049672.jpg,0.9303577,0.9342356
00026429.jpg,0.7958896,0.7336624
00042411.jpg,0.69177175,0.6746558
00000288.jpg,0.82260084,0.7746634
00054302.jpg,0.8554023,0.9646122
00036926.jpg,0.62453985,0.5806374
00047652.jpg,0.78378034,0.6930372
00031883.jpg,0.7693304,0.6981152
00022506.jpg,0.78410065,0.8157466
00038260.jpg,0.7363689,0.7339298
00054553.jpg,0.6457988,0.6751816
00057032.jpg,0.75414395,0.8334718
00018944.jpg,0.867164,0.8310216
00044587.jpg,0.6786771,0.68518
00005248.jpg,0.826017,0.8784332
00011446.jpg,0.8720492,0.8535402
00007987.jpg,0.73215675,0.7050184
00031944.jpg,0.64267266,0.5441034
00047321.jpg,0.7248861,0.715208
00008688.jpg,0.7883072,0.756999
00044978.jpg,0.5830806,0.6440074
188fcb471d077f6b.jpg,0.80633724,0.80582523
00019507.jpg,0.57979167,0.6788518
00004461.jpg,0.81565356,0.8690606
00049751.jpg,0.6212808,0.6031912
00031314.jpg,0.78063476,0.8684906
00049703.jpg,0.6924002,0.7771274
00042514.jpg,0.68133974,0.6508286
00021348.jpg,0.8587403,0.7799062
00003883.jpg,0.64820445,0.7235152
00032104.jpg,0.78642106,0.7906258
00031488.jpg,0.7281388,0.8281386
00022717.jpg,0.8714714,0.8574376
00051801.jpg,0.7874454,0.8105488
00006640.jpg,0.853997,0.8809464
00033435.jpg,0.75630665,0.6402044
00012856.jpg,0.73634183,0.6629018
00037671.jpg,0.7520924,0.729375
9b3a86b775b0121c.jpg,0.83186615,0.8348624
00041159.jpg,0.7606082,0.864455
n02324045_32992.jpg,0.8133147,0.8172043
00041840.jpg,0.6342232,0.5728006
000000192457.jpg,0.9518603,0.9468085
n01811909_15857.jpg,0.761002,0.7798165
000000309983.jpg,0.8092702,0.84375
00011324.jpg,0.6470846,0.5570324
00054498.jpg,0.7666527,0.7716172
00000699.jpg,0.86162925,0.890849
87db71cce65f666e.jpg,0.73516726,0.6593407
00013430.jpg,0.85161316,0.7929366
00046975.jpg,0.65185523,0.5537962
00042481.jpg,0.7230598,0.7218832
00005646.jpg,0.8623508,0.7110384
00056034.jpg,0.8264051,0.7893772
00040367.jpg,0.59729195,0.5874228
00026229.jpg,0.82042176,0.8482966
00053774.jpg,0.67137873,0.5905276
6a9bb06320a811de.jpg,0.8277048,0.8210526
00027675.jpg,0.7606406,0.7452312
00037461.jpg,0.6809809,0.7108226
00019686.jpg,0.8704041,0.8678194
00015315.jpg,0.8018169,0.8252304
00058694.jpg,0.7802099,0.8214446
00013469.jpg,0.5651985,0.4103992
00005994.jpg,0.67503256,0.6175992
00027753.jpg,0.7006831,0.6544756
59e2b03991f6a4ea.jpg,0.7541987,0.775
00055898.jpg,0.7935152,0.8637302
00024301.jpg,0.8435968,0.8621456
sun_aqydmedkuzlsybwd.jpg,0.63948774,0.68686867
00016660.jpg,0.73618007,0.7637272
00052168.jpg,0.8444153,0.79131
n04465501_3501.jpg,0.7458905,0.62222224
00045944.jpg,0.61256355,0.6226594
00043726.jpg,0.7326303,0.8197684
00021805.jpg,0.82883,0.8273238
00047768.jpg,0.7508211,0.6971642
n07690273_27492.jpg,0.84285545,0.8875
00004664.jpg,0.7582959,0.8172068
00032413.jpg,0.7730069,0.889371
00034091.jpg,0.7056314,0.8401352
00004347.jpg,0.812986,0.7740624
00037567.jpg,0.79098433,0.840037
00022079.jpg,0.7134463,0.760414
000000141166.jpg,0.76054657,0.7735849
00040594.jpg,0.7900419,0.8579054
00001050.jpg,0.69485533,0.8513112
00037517.jpg,0.5152235,0.6250576
00022922.jpg,0.5451406,0.5199084
00003250.jpg,0.9058471,0.879404
00046247.jpg,0.6981193,0.744681
00026220.jpg,0.7137602,0.5686742
00039471.jpg,0.71191233,0.6824584
00025650.jpg,0.7820575,0.8625744
00050267.jpg,0.7793684,0.8698666
00015168.jpg,0.8315127,0.832971
n00464894_9950.jpg,0.7945361,0.8148148
00053003.jpg,0.7721108,0.681129
00055294.jpg,0.601714,0.6135874
00025183.jpg,0.73939526,0.6790674
00044863.jpg,0.7989694,0.9204012
00027001.jpg,0.7776613,0.7690804
00040849.jpg,0.60806286,0.5917226
00019644.jpg,0.8091077,0.9141984
00054671.jpg,0.8485266,0.8525642
00056912.jpg,0.7940496,0.90861
n00445351_7300.jpg,0.8083559,0.88235295
00027471.jpg,0.8376888,0.6726336
00022778.jpg,0.69710195,0.607732
00017792.jpg,0.6927687,0.8537916
00028293.jpg,0.8156452,0.8782674
00024709.jpg,0.89248943,0.8244614
n00440941_3878.jpg,0.6487068,0.8518519
00043373.jpg,0.74261117,0.7088768
00014889.jpg,0.7755536,0.8116526
00048189.jpg,0.74729383,0.7916146
00043502.jpg,0.6974033,0.7674162
00023050.jpg,0.65586555,0.6808754
00056810.jpg,0.8388344,0.8704056
00006206.jpg,0.6489365,0.6676562
00014166.jpg,0.75349087,0.7634582
00055882.jpg,0.88009787,0.8063158
00051306.jpg,0.8709943,0.866888
00033279.jpg,0.5867067,0.6309446
00014054.jpg,0.70418906,0.837014
00003288.jpg,0.78273034,0.8513704
00049823.jpg,0.8718729,0.8205188
00039621.jpg,0.68702316,0.5281896
00047651.jpg,0.7620541,0.8403608
00057941.jpg,0.7400311,0.8443704
00003235.jpg,0.7177238,0.758494
00013006.jpg,0.8031128,0.787987
00058327.jpg,0.8392379,0.8211344
00010865.jpg,0.80204797,0.8476334
00048634.jpg,0.76101923,0.8231204
00028954.jpg,0.686558,0.7785538
n04461696_2550.jpg,0.7156099,0.6262626
00034589.jpg,0.66730756,0.729633
00043692.jpg,0.8360318,0.773543
00050967.jpg,0.681038,0.7546234
00011046.jpg,0.6078611,0.649203
000000086725.jpg,0.7827989,0.8817204
00012814.jpg,0.6333232,0.5595004
00008326.jpg,0.7560601,0.7561888
00057512.jpg,0.82560444,0.821268
00032533.jpg,0.9348569,0.9018206
00049969.jpg,0.60309875,0.6924274
n09288635_10290.jpg,0.6477953,0.6896552
n07716358_1006.jpg,0.94924366,0.90384614
000000156195.jpg,0.70742905,0.6576577
5a247b7851af5b38.jpg,0.6456295,0.53846157
00052835.jpg,0.7928245,0.8526656
00004038.jpg,0.70902056,0.749227
00052921.jpg,0.66361034,0.60962
00043595.jpg,0.79291356,0.9256938
00031754.jpg,0.99872077,0.9448188
00016950.jpg,0.76159716,0.7410826
00025503.jpg,0.8462558,0.916854
00032677.jpg,0.6748986,0.6566248
00035272.jpg,0.6535087,0.4898708
00040347.jpg,0.76710737,0.7349226
00053141.jpg,0.7508242,0.742891
00008525.jpg,0.7146405,0.7733602
n07849336_20036.jpg,0.8198117,0.9166667
n07863374_19246.jpg,0.8390968,0.8021978
00001829.jpg,0.69199693,0.4482822
b693aa62adfef666.jpg,0.7707354,0.78688526
00010303.jpg,0.7933016,0.8519872
00030989.jpg,0.75529236,0.752262
5c2cb88d3566e522.jpg,0.85663104,0.8640777
00010249.jpg,0.7514746,0.7217414
00027798.jpg,0.7610525,0.7445422
00002758.jpg,0.6912888,0.6718292
00045803.jpg,0.72704935,0.7113988
00014667.jpg,0.7511052,0.7912068
00035547.jpg,0.5735394,0.5332466
00030377.jpg,0.6809871,0.763534
00008836.jpg,0.74203944,0.7437204
00057650.jpg,0.7143785,0.813089
00045811.jpg,0.74276304,0.813581
00025091.jpg,0.70828843,0.5425774
00048674.jpg,0.78688896,0.8115608
00011940.jpg,0.75242174,0.8059966
00042306.jpg,0.872579,0.8596824
00010623.jpg,0.69973785,0.6188818
00015201.jpg,0.79543674,0.7701244
00044842.jpg,0.75931096,0.8344212
00015629.jpg,0.73416376,0.7431244
n03541923_3778.jpg,0.8462163,0.82
00009954.jpg,0.78408027,0.6186778
00004448.jpg,0.78332174,0.6698534
00038709.jpg,0.6574586,0.6409528
00010871.jpg,0.7077229,0.696251
00003583.jpg,0.6941805,0.6368878
00016505.jpg,0.7287305,0.769191
00055841.jpg,0.83776915,0.8550306
a9bb39df7e78a550.jpg,0.8234545,0.72527474
00034410.jpg,0.7080797,0.6685518
00037952.jpg,0.71182966,0.6478878
00058036.jpg,0.7019379,0.781259
00001838.jpg,0.7170311,0.4683528
00028436.jpg,0.81498325,0.87169
00013920.jpg,0.6776824,0.7430018
00002488.jpg,0.6908182,0.6470018
00042994.jpg,0.6549858,0.608533
00029915.jpg,0.79520917,0.6309638
00001908.jpg,0.81629515,0.8742218
00052476.jpg,0.78704756,0.9058786
00045444.jpg,0.7222265,0.6466008
00057615.jpg,0.6130463,0.4581578
00056032.jpg,0.8063599,0.779956
00020395.jpg,0.7302829,0.6818178
n02934451_8832.jpg,0.7207195,0.7244898
00039900.jpg,0.71713734,0.7110274
n00471613_18279.jpg,0.8088278,0.67901236
00012540.jpg,0.83997476,0.772174
n09376198_22948.jpg,0.62418365,0.7155172
00014610.jpg,0.72548866,0.7679602
00051187.jpg,0.8662417,0.8606654
00042683.jpg,0.7432085,0.8333168
00057168.jpg,0.8013123,0.7585316
n07711569_4029.jpg,0.8036175,0.8125
00051438.jpg,0.7090639,0.678198
00057176.jpg,0.55563784,0.6359978
n03512147_1888.jpg,0.75872505,0.7906977
00056229.jpg,0.7369711,0.717303
00006082.jpg,0.89195,0.9174208
00041188.jpg,0.8168216,0.7499194
00039643.jpg,0.7683711,0.8015706
00052509.jpg,0.8785193,0.851969
00019599.jpg,0.72219,0.702515
00014173.jpg,0.74224794,0.7798248
00014300.jpg,0.7657372,0.7513656
00001211.jpg,0.816767,0.8493466
00048684.jpg,0.6707915,0.7177554
00014444.jpg,0.8126531,0.8716818
00017488.jpg,0.81217086,0.852911
00057759.jpg,0.75093234,0.8447454
d4da943cfb830edb.jpg,0.8638325,0.91588783
00025717.jpg,0.5700836,0.6423946
00014726.jpg,0.74666417,0.8067274
00023706.jpg,0.7924516,0.7085252
n07717556_4579.jpg,0.87576854,0.95652175
00046970.jpg,0.61108595,0.574773
00054072.jpg,0.80886984,0.7742336
n01514859_7634.jpg,0.7799052,0.82857144
00040086.jpg,0.68763214,0.7503432
00040905.jpg,0.80776364,0.8791168
00017463.jpg,0.8244257,0.8259198
n02793495_183.jpg,0.5938974,0.5
00043668.jpg,0.8597985,0.9051938
00030266.jpg,0.7371111,0.8375076
00036176.jpg,0.5373238,0.4504404
00057583.jpg,0.84504294,0.8929902
n02932891_9865.jpg,0.7187362,0.6960784
00046268.jpg,0.75803244,0.7755542
00040012.jpg,0.7813382,0.834627
00002100.jpg,0.87572086,0.9188538
00008898.jpg,0.60266244,0.5827828
c147234e2c0f7629.jpg,0.8142848,0.79611653
00050776.jpg,0.74970746,0.7180034
n03512147_6004.jpg,0.79055214,0.7407407
00011321.jpg,0.7258166,0.7698172
00006427.jpg,0.96062577,0.995
00054167.jpg,0.77065855,0.8017294
00032088.jpg,0.85220766,0.8261894
00000621.jpg,0.5846103,0.5119048
00057981.jpg,0.76823854,0.8431492
00054772.jpg,0.82352924,0.9405674
00007583.jpg,0.805962,0.7611514
00057827.jpg,0.8944893,0.926959
sun_ajpdesmpmbcnhujq.jpg,0.572669,0.5252525
00026126.jpg,0.8269902,0.8334918
00049618.jpg,0.9619657,0.909378
00042960.jpg,0.71183777,0.4806982
00028897.jpg,0.77837896,0.702143
00026166.jpg,0.74761593,0.7728126
00011766.jpg,0.5535084,0.4956278
00033152.jpg,0.5895563,0.6507892
00024750.jpg,0.7509914,0.8155732
00022410.jpg,0.84713507,0.943468
000000263515.jpg,0.823805,0.85087717
00036491.jpg,0.68578446,0.7479496
n02450034_11655.jpg,0.74831486,0.6105263
00027219.jpg,0.6759856,0.7809316
00018594.jpg,0.7234459,0.8105484
00036206.jpg,0.7182346,0.8767512
f409699c1efaf59c.jpg,0.7200463,0.7058824
00014992.jpg,0.6049925,0.5817772
00044578.jpg,0.7521676,0.7597138
n09468604_7536.jpg,0.5238686,0.5049505
00013241.jpg,0.7627852,0.800833
n09472597_40484.jpg,0.5680455,0.29411766
00019242.jpg,0.8686627,0.9015906
00052917.jpg,0.9407902,0.9156362
00021358.jpg,0.86048675,0.8940268
00023524.jpg,0.8867718,0.7655894
00033226.jpg,0.8278799,0.786212
00046063.jpg,0.6958208,0.6932568
00015474.jpg,0.7736529,0.7597074
121794a37b3aab8b.jpg,0.7839384,0.79646015
00047438.jpg,0.78723776,0.779889
n07838073_13511.jpg,0.7712566,0.7878788
00048459.jpg,0.7736243,0.712704
00010888.jpg,0.68994,0.6662072
00042814.jpg,0.7487692,0.8344398
00026781.jpg,0.80855983,0.7892356
00008319.jpg,0.7944789,0.8734918
n07583197_8138.jpg,0.840912,0.75438595
n07680932_14847.jpg,0.88417184,0.8604651
00054355.jpg,0.8900732,0.9152038
00020367.jpg,0.81783426,0.7235558
00050939.jpg,0.8002747,0.8454564
00006077.jpg,0.7812587,0.8040152
00009052.jpg,0.8996563,0.827352
00012742.jpg,0.815797,0.81638
00044147.jpg,0.7245629,0.8300748
00020011.jpg,0.55015224,0.5599142
00001303.jpg,0.6890238,0.5820018
00057951.jpg,0.7176182,0.6355864
00001656.jpg,0.71352315,0.627291
00010095.jpg,0.81835914,0.9359198
00015406.jpg,0.6640663,0.562555
00044078.jpg,0.7510283,0.893965
00052577.jpg,0.87404585,0.9463148
00012150.jpg,0.82856923,0.8807242
00013547.jpg,0.6333817,0.671832
00000528.jpg,0.8845022,0.9210732
00056933.jpg,0.6639929,0.6302582
00005167.jpg,0.7910366,0.7914946
00002566.jpg,0.8129426,0.8888512
00021867.jpg,0.8247205,0.945704
00021160.jpg,0.8473791,0.9219748
00003391.jpg,0.7451737,0.7080594
00047708.jpg,0.72228706,0.8497
00032775.jpg,0.76153064,0.7118052
n04335435_10416.jpg,0.7833934,0.84090906
00043849.jpg,0.82111037,0.8117344
00011715.jpg,0.6023546,0.507618
00022471.jpg,0.87436867,0.831242
59da125bd7ac7467.jpg,0.63954055,0.78
00008296.jpg,0.9176614,0.9475072
00001011.jpg,0.842548,0.8478526
000000418611.jpg,0.86289656,0.8490566
00025014.jpg,0.71597564,0.829879
00046368.jpg,0.72389865,0.7765748
00033155.jpg,0.8510001,0.7736104
00004006.jpg,0.9332192,0.887818
00040468.jpg,0.70920265,0.5577438
00058577.jpg,0.8226852,0.8082168
00058318.jpg,0.8157519,0.885378
00028682.jpg,0.8911785,0.9418428
00031750.jpg,0.70172864,0.8072112
00049468.jpg,0.77039325,0.5251816
n03384352_12186.jpg,0.82817155,0.92523366
00036075.jpg,0.6753143,0.6959684
00019463.jpg,0.691615,0.68213
n09472597_13289.jpg,0.62909305,0.7604167
00010435.jpg,0.8763199,0.9023244
00047435.jpg,0.79741883,0.9050906
00016329.jpg,0.6560753,0.6670736
00054895.jpg,0.7167715,0.8222968
00046927.jpg,0.83376276,0.825607
00051945.jpg,0.75810283,0.703446
00048735.jpg,0.8560537,0.9562134
n07863374_17319.jpg,0.8291918,0.875
n07717556_3057.jpg,0.84748006,0.9411765
00019841.jpg,0.54749084,0.7575596
00050602.jpg,0.82538176,0.8697432
000000328121.jpg,0.7297758,0.8989899
00001529.jpg,0.76438046,0.73688
00013644.jpg,0.7749466,0.7312072
00032511.jpg,0.52876556,0.4465552
00022107.jpg,0.7745476,0.8215812
n09468604_25432.jpg,0.5643327,0.54444444
00014108.jpg,0.8723632,0.9078404
2ac6857abf349315.jpg,0.75145125,0.675
00042759.jpg,0.7293763,0.7768978
00039007.jpg,0.72726417,0.6421358
00007934.jpg,0.88075805,0.8324184
00001469.jpg,0.8821868,0.9249432
bc5273bef280b939.jpg,0.8024017,0.76785713
00034250.jpg,0.60452694,0.5228598
00031698.jpg,0.87270534,0.8840308
00025199.jpg,0.79885876,0.8421956
00030652.jpg,0.8984312,0.9158162
00004492.jpg,0.5763719,0.5305226
00012490.jpg,0.74071246,0.7296826
00031597.jpg,0.6645643,0.6766916
00048568.jpg,0.8814322,0.86133
00028973.jpg,0.78530806,0.7703746
00005450.jpg,0.6663829,0.7335652
n02878222_23049.jpg,0.643771,0.44210526
00017079.jpg,0.84925807,0.8360928
00023730.jpg,0.7553547,0.6573064
00042400.jpg,0.82689905,0.680773
n04465501_802.jpg,0.7757498,0.75961536
n02342885_13894.jpg,0.90797913,0.95789474
00021537.jpg,0.83130157,0.7852862
00015506.jpg,0.88314676,0.8024596
00030852.jpg,0.6776079,0.5534974
00044993.jpg,0.7363812,0.7300642
n02332755_2583.jpg,0.7230319,0.67021275
00044086.jpg,0.663859,0.768348
00007073.jpg,0.78255224,0.8403536
00041568.jpg,0.7326869,0.7355388
00041342.jpg,0.9161763,0.8941904
00004577.jpg,0.93401873,0.963098
00018121.jpg,0.7216363,0.8528664
00050105.jpg,0.7741709,0.8001438
n09308572_1522.jpg,0.72372425,0.91752577
000000395425.jpg,0.7362622,0.82954544
00042819.jpg,0.7617029,0.8099994
00031505.jpg,0.8281387,0.8797592
00007690.jpg,0.7259996,0.7232154
00012249.jpg,0.866889,0.797194
00026877.jpg,0.815328,0.860011
00049196.jpg,0.76849294,0.7979738
fb3c94d3b516194f.jpg,0.8047588,0.6930693
00031697.jpg,0.63473153,0.6347954
00011348.jpg,0.8736583,0.846306
00051891.jpg,0.5924514,0.7120102
00026157.jpg,0.90840745,0.8416146
00030476.jpg,0.91233087,0.937973
n07923748_2669.jpg,0.88446474,0.93877554
00047296.jpg,0.65520215,0.6869474
00041516.jpg,0.72234404,0.753787
00028913.jpg,0.75997496,0.78919
00000583.jpg,0.7141617,0.5290436
00029872.jpg,0.7839589,0.8191126
00046852.jpg,0.6668658,0.7323108
00034075.jpg,0.70166504,0.6466022
00034428.jpg,0.6718666,0.5061652
00039811.jpg,0.62034094,0.7088304
00051828.jpg,0.79615176,0.8214692
00005642.jpg,0.7734779,0.815143
00029131.jpg,0.8452103,0.9130536
00013619.jpg,0.7178788,0.6728888
00037170.jpg,0.73036766,0.8938926
00043169.jpg,0.75588006,0.7714214
00019336.jpg,0.86945844,0.823269
00051606.jpg,0.70587337,0.7190582
00045509.jpg,0.70343566,0.761953
00009540.jpg,0.648543,0.7101998
00017258.jpg,0.7462769,0.8725022
000000240967.jpg,0.6643081,0.55445546
00056239.jpg,0.8313614,0.8409462
00057825.jpg,0.62126744,0.6693098
00041438.jpg,0.7694088,0.83888
00017844.jpg,0.8414676,0.8573892
00012649.jpg,0.6376487,0.6191136
00015980.jpg,0.8039075,0.9230482
00021001.jpg,0.7767863,0.8809294
n04349306_7700.jpg,0.788488,0.8518519
00021614.jpg,0.8760812,0.9584766
00011959.jpg,0.92137384,0.8817374
sun_alvtgvepnlzhngjv.jpg,0.54787916,0.43564355
00044929.jpg,0.71314543,0.778088
00001288.jpg,0.68773425,0.6669534
00048724.jpg,0.79623044,0.8862116
00027531.jpg,0.587707,0.4841864
n00464894_10033.jpg,0.7897515,0.83516484
000000307048.jpg,0.75677013,0.75308645
00017995.jpg,0.75012875,0.631039
n07753592_708.jpg,0.9439529,0.91358024
00053616.jpg,0.66701543,0.6525056
00057782.jpg,0.7335886,0.7890532
3e7d95d9fd61b760.jpg,0.76314235,0.8736842
00044238.jpg,0.78363246,0.7695278
00004679.jpg,0.7925327,0.83548
00047352.jpg,0.67812437,0.5811288
00014280.jpg,0.8332863,0.7881654
000000147762.jpg,0.7818303,0.72727275
00005940.jpg,0.8786763,0.8130098
00046639.jpg,0.8662707,0.9391532
000000095292.jpg,0.81600296,0.8727273
00012902.jpg,0.79509175,0.772595
00036656.jpg,0.6129033,0.5325728
00011036.jpg,0.8535393,0.7487208
00003513.jpg,0.68633616,0.7058594
152ea862ba79b4ca.jpg,0.7468221,0.78
00010670.jpg,0.7950367,0.8648394
00058388.jpg,0.5688799,0.6312062
00057984.jpg,0.68118215,0.8096864
00055937.jpg,0.8029864,0.7649038
00031721.jpg,0.8525137,0.7981
00014861.jpg,0.73645806,0.774259
00048142.jpg,0.8603413,0.9844524
00020233.jpg,0.7729683,0.7768632
00051112.jpg,0.6521635,0.59711
00038984.jpg,0.71017826,0.7674434
00046146.jpg,0.7753926,0.6260402
00017241.jpg,0.8042759,0.8958396
00007263.jpg,0.63794994,0.5638218
00018171.jpg,0.6377604,0.5690538
00029241.jpg,0.6821443,0.5592542
00030956.jpg,0.64537084,0.5747958
00037544.jpg,0.5327753,0.5212698
00024586.jpg,0.6503159,0.7698312
00017447.jpg,0.8217119,0.8637258
00047380.jpg,0.7414737,0.9064902
00044541.jpg,0.7768953,0.9169288
00000436.jpg,0.5565174,0.6162222
00039009.jpg,0.6248349,0.5176768
00027525.jpg,0.83550084,0.811336
00041575.jpg,0.7082747,0.7996726
00005206.jpg,0.6844433,0.59792
00043618.jpg,0.73162174,0.72525
00016814.jpg,0.6200218,0.6925208
000000318464.jpg,0.63621163,0.6037736
00041938.jpg,0.7274323,0.8553626
00024415.jpg,0.76346815,0.7408556
00048507.jpg,0.7935531,0.93652
00016180.jpg,0.6984164,0.716508
00041825.jpg,0.7923827,0.7381502
00057042.jpg,0.79586065,0.820235
00003799.jpg,0.88427484,0.8734826
00049036.jpg,0.87600935,0.9176534
00055153.jpg,0.7256243,0.7296866
00056243.jpg,0.9321953,0.9411246
00022301.jpg,0.7391516,0.7582778
00033915.jpg,0.7533809,0.7192838
00039630.jpg,0.71315444,0.72049
00024872.jpg,0.8484636,0.7962364
00035738.jpg,0.7005609,0.8494604
000000273190.jpg,0.70852613,0.7113402
n00470966_26356.jpg,0.83228254,0.89285713
00009460.jpg,0.8654709,0.8310918
n09472597_23094.jpg,0.59380937,0.39534885
00041829.jpg,0.8349818,0.8364216
00006154.jpg,0.75262284,0.7195496
00038298.jpg,0.62876964,0.7129856
61f624ac32c56eba.jpg,0.8168116,0.84782606
00028223.jpg,0.7825149,0.7887524
00045845.jpg,0.84430563,0.876701
00055836.jpg,0.6747668,0.62247
00051977.jpg,0.8409405,0.7071256
00028014.jpg,0.88874793,0.8775842
00047222.jpg,0.7983144,0.7703604
n09288635_2176.jpg,0.5869372,0.6862745
00002172.jpg,0.685072,0.7052282
00055916.jpg,0.7766758,0.8406504
00004125.jpg,0.66610193,0.77662
00032548.jpg,0.7222072,0.719259
00058207.jpg,0.72012323,0.7945576
00034158.jpg,0.6306393,0.7351104
00030345.jpg,0.56711495,0.4520494
n02118333_4155.jpg,0.8659518,0.8372093
00050737.jpg,0.72340107,0.6980102
00058662.jpg,0.77706504,0.6360256
n07711569_1286.jpg,0.74316907,0.47572815
00026185.jpg,0.89131784,0.9281182
00017663.jpg,0.8572859,0.9456898
00040884.jpg,0.7247808,0.8222816
1c5cc0ce410f529c.jpg,0.7509563,0.8137255
00022761.jpg,0.73638046,0.6156636
00036790.jpg,0.72367907,0.7613448
000000092031.jpg,0.77173424,0.8148148
00003367.jpg,0.75385034,0.840924
00018174.jpg,0.8268405,0.8770342
00000085.jpg,0.84398735,0.936515
00037223.jpg,0.744869,0.7483698
00055769.jpg,0.6465522,0.8707446
00049560.jpg,0.91586316,0.7765682
00016592.jpg,0.8468947,0.7963082
00015604.jpg,0.87263346,0.8306318
000000192200.jpg,0.6677512,0.5480769
00058406.jpg,0.72827053,0.6594152
00023778.jpg,0.8792454,0.801565
00003576.jpg,0.7340704,0.7230118
00027396.jpg,0.805135,0.8726582
00057298.jpg,0.73065674,0.6961948
00030469.jpg,0.72839606,0.8633258
00044648.jpg,0.6952125,0.7380822
00032873.jpg,0.78306127,0.75013
000000533750.jpg,0.88778234,0.88461536
00049952.jpg,0.8233761,0.807751
n07933274_30272.jpg,0.90859306,0.8552632
168d8729f6861120.jpg,0.8097849,0.85263157
00029118.jpg,0.8187924,0.82153
00009162.jpg,0.79926527,0.7572146
04fd3d60a4470e2d.jpg,0.750548,0.8
00004572.jpg,0.7860465,0.819244
00046670.jpg,0.6651429,0.7001354
n04467665_28965.jpg,0.8037447,0.67741936
00003095.jpg,0.74724483,0.8996858
00046775.jpg,0.78062034,0.7651544
00035650.jpg,0.6328428,0.6432876
00000688.jpg,0.79412574,0.7532218
00001031.jpg,0.5425891,0.6250206
00024866.jpg,0.75173557,0.656491
00018316.jpg,0.7431767,0.7947826
00000678.jpg,0.865814,0.7913486
00003546.jpg,0.6183125,0.7182514
00057273.jpg,0.938378,0.9497266
00050677.jpg,0.7687397,0.8157872
00022810.jpg,0.721419,0.8528508
00003026.jpg,0.79038566,0.808577
00036995.jpg,0.5966852,0.5626404
00004329.jpg,0.73353994,0.7752884
00057478.jpg,0.7842475,0.768794
00015066.jpg,0.76593256,0.7367238
n03541923_3691.jpg,0.6646522,0.7628866
00019973.jpg,0.5020753,0.4881476
00048101.jpg,0.6242664,0.7584884
00004094.jpg,0.75222874,0.7166518
00013447.jpg,0.6979636,0.706091
000000224306.jpg,0.8391267,0.969697
00019176.jpg,0.86602163,0.9342044
00033646.jpg,0.78116786,0.7946364
00007079.jpg,0.7364925,0.7199056
00001185.jpg,0.73967326,0.8993422
00024825.jpg,0.70533645,0.5980366
00047544.jpg,0.63732785,0.7266486
00031552.jpg,0.855639,0.90381
00006172.jpg,0.7507176,0.7803972
00014824.jpg,0.8426806,0.8913504
00012755.jpg,0.84087515,0.7979154
00046136.jpg,0.68159854,0.6276038
00000358.jpg,0.7683765,0.8661976
00018530.jpg,0.78538704,0.7738454
00028339.jpg,0.71128905,0.5369322
00021955.jpg,0.79361933,0.7902098
00011486.jpg,0.8281277,0.8445978
00051976.jpg,0.79593545,0.9463578
n07863374_15968.jpg,0.8594581,0.91346157
00025165.jpg,0.81346816,0.71242
00035091.jpg,0.6502923,0.6077668
00054694.jpg,0.79027987,0.8003122
000000115681.jpg,0.85597324,0.77
00025334.jpg,0.7647036,0.7941914
00054484.jpg,0.75044,0.869069
00022071.jpg,0.63084745,0.6987586
00015282.jpg,0.63622147,0.6451276
00009212.jpg,0.6767145,0.7050054
00031188.jpg,0.7909908,0.739769
00019337.jpg,0.82357293,0.7662818
00049992.jpg,0.6865135,0.933158
00038919.jpg,0.70505714,0.5831748
00039174.jpg,0.8091756,0.8150902
00043075.jpg,0.84319663,0.7895278
00018712.jpg,0.79684234,0.6843564
00022861.jpg,0.9368155,0.8942734
00051903.jpg,0.9082072,0.9405122
00023868.jpg,0.79997814,0.9080984
00046424.jpg,0.7642459,0.7631588
00024118.jpg,0.8513508,0.827451
00006359.jpg,0.7655486,0.7878552
00013477.jpg,0.7703904,0.8305182
00054387.jpg,0.75917363,0.7099818
00042537.jpg,0.6877704,0.6761494
00031386.jpg,0.81628203,0.7769206
00041704.jpg,0.8124708,0.9060726
00057662.jpg,0.6977396,0.7875444
00056214.jpg,0.84945,0.8693038
00045062.jpg,0.70206773,0.6017992
00019444.jpg,0.8117454,0.9116828
00012268.jpg,0.693375,0.4744754
00043735.jpg,0.7096026,0.7363022
00042103.jpg,0.8168885,0.8580256
00038975.jpg,0.6472155,0.8339852
00043923.jpg,0.77863765,0.8226046
00025385.jpg,0.6549543,0.6496562
50879bd476ef5eb4.jpg,0.7193428,0.7169811
00025291.jpg,0.8073207,0.8951508
00053212.jpg,0.6707208,0.828788
00022803.jpg,0.8265691,0.8961568
00034952.jpg,0.62711,0.5939508
57c6558e4956829b.jpg,0.6160977,0.57009345
00014931.jpg,0.68695927,0.8458518
00021780.jpg,0.73754585,0.699462
00030716.jpg,0.90253246,0.958321
00014500.jpg,0.7405329,0.695784
00005062.jpg,0.7608288,0.7951426
00013723.jpg,0.8010706,0.7941428
00031733.jpg,0.8525381,0.9245366
00024136.jpg,0.710474,0.7664272
00046126.jpg,0.85922205,0.8273808
00045102.jpg,0.65718794,0.7235712
00004460.jpg,0.7250711,0.7726854
00040966.jpg,0.7157215,0.897036
00008586.jpg,0.8696197,0.8469546
00044845.jpg,0.86531705,0.899606
00051489.jpg,0.93259645,0.9191388
00047368.jpg,0.77404165,0.8561678
00019710.jpg,0.6246328,0.5311084
00043090.jpg,0.60056174,0.7633486
00052189.jpg,0.79710376,0.8997748
00056346.jpg,0.6157103,0.7591234
00035599.jpg,0.7750666,0.7454526
n07801508_15309.jpg,0.81891364,0.82857144
00017032.jpg,0.87061,0.9361026
00008835.jpg,0.7436862,0.8256602
00056806.jpg,0.8040932,0.9000774
00050225.jpg,0.79698324,0.8536044
00015424.jpg,0.9699569,0.8245466
00018730.jpg,0.74335873,0.682432
n07583197_6451.jpg,0.76659906,0.87777776
00017813.jpg,0.8365122,0.8834874
n07679356_26730.jpg,0.8814782,0.9285714
00008880.jpg,0.780579,0.8246394
00013636.jpg,0.7712877,0.8266988
00014154.jpg,0.8456502,0.7484072
00052407.jpg,0.7920623,0.7954546
00053557.jpg,0.83498025,0.7077682
00039263.jpg,0.6774119,0.7331302
00003385.jpg,0.7627197,0.8505156
00037263.jpg,0.7854409,0.8138074
16f51edf6ef907f5.jpg,0.73359346,0.82608694
00023598.jpg,0.69720125,0.7573178
00016415.jpg,0.68511665,0.7716624
00040346.jpg,0.79358125,0.7460316
00044330.jpg,0.7542887,0.8640746
00044350.jpg,0.7296597,0.7178014
00030814.jpg,0.8895272,0.8825388
00045996.jpg,0.683293,0.7297564
00033093.jpg,0.6300584,0.6274616
00032759.jpg,0.92182326,0.9379828
00005523.jpg,0.8442168,0.9361758
00032823.jpg,0.7839328,0.8434398
00038119.jpg,0.67504007,0.5971908
cdf060cec6f45e89.jpg,0.7301078,0.71028036
00049587.jpg,0.7761948,0.8221646
00043601.jpg,0.7298106,0.6952574
00028970.jpg,0.82602584,0.764728
00047395.jpg,0.75359285,0.683999
00043464.jpg,0.840749,0.6523726
00003560.jpg,0.80199397,0.8244986
00040749.jpg,0.79387593,0.8662762
000000103331.jpg,0.80792904,0.81
00011056.jpg,0.87024176,0.8870506
00012887.jpg,0.74237335,0.8654356
00029286.jpg,0.76310927,0.7852472
00034448.jpg,0.6269449,0.637568
00020890.jpg,0.74839747,0.7963006
00027590.jpg,0.69528294,0.5942342
00011676.jpg,0.71714985,0.7642184
00033710.jpg,0.7026502,0.6878142
00003621.jpg,0.83088213,0.9703344
00036550.jpg,0.7250853,0.7097144
00014184.jpg,0.7320646,0.6784822
n00445351_7762.jpg,0.82523924,0.80851066
n09415671_12093.jpg,0.6204083,0.7291667
00034014.jpg,0.6578811,0.6929784
00046332.jpg,0.747007,0.7849482
n02091244_1470.jpg,0.8483819,0.89361703
00044913.jpg,0.8238127,0.75298
00016884.jpg,0.8100089,0.8727266
00050255.jpg,0.7717878,0.7165994
00047409.jpg,0.7255746,0.7307148
00058078.jpg,0.7068378,0.8188408
00058032.jpg,0.85304236,0.941068
00057426.jpg,0.807209,0.7635882
00020474.jpg,0.73411894,0.7880848
00019966.jpg,0.60229087,0.4591602
00035660.jpg,0.6900008,0.6224064
00014266.jpg,0.7214323,0.7332546
00027167.jpg,0.70668113,0.73994
00042861.jpg,0.72561765,0.7488002
00050777.jpg,0.6429533,0.5671932
00009787.jpg,0.6173586,0.414327
00003553.jpg,0.5599478,0.5511538
000000155262.jpg,0.7175939,0.65346533
00030558.jpg,0.7622136,0.7116546
00030132.jpg,0.64111876,0.6659662
00011216.jpg,0.76330113,0.7795652
00033318.jpg,0.7758523,0.7562824
00024385.jpg,0.7878747,0.869887
00047852.jpg,0.71233696,0.708918
00032855.jpg,0.8853271,0.8895092
00022601.jpg,0.73445547,0.824391
00057559.jpg,0.78933036,0.8649462
00027570.jpg,0.7317513,0.7542728
00010550.jpg,0.63986695,0.5911738
00002722.jpg,0.75901216,0.70875
00036184.jpg,0.65098894,0.6291398
00057543.jpg,0.76972234,0.8396732
00011809.jpg,0.6761395,0.7427658
000000421703.jpg,0.7785853,0.8453608
00031900.jpg,0.8101326,0.817353
00033822.jpg,0.7433877,0.6940752
00009506.jpg,0.8005965,0.9897166
00046106.jpg,0.8451438,0.783253
n04349306_3409.jpg,0.761531,0.7378641
n07863374_17183.jpg,0.86603993,0.88372093
00052745.jpg,0.79731584,0.7910058
n09472597_22636.jpg,0.6264386,0.6020408
00016727.jpg,0.7951754,0.8471842
00016237.jpg,0.7356475,0.8300598
00039680.jpg,0.81361175,0.8085706
00039759.jpg,0.63487136,0.7867568
0f6367eb190d0505.jpg,0.73072994,0.77
00034657.jpg,0.70817983,0.6047134
00038397.jpg,0.66437685,0.5630812
n07929519_33050.jpg,0.8668264,0.9622642
00019217.jpg,0.5541469,0.4028744
00042739.jpg,0.7548202,0.6469672
00014823.jpg,0.86001766,0.8340502
00050450.jpg,0.9544097,0.9631834
00015295.jpg,0.6137397,0.4472166
00038454.jpg,0.628266,0.4678792
00053230.jpg,0.6082459,0.5670196
00012953.jpg,0.6856096,0.7818698
00016377.jpg,0.6155488,0.589991
00023094.jpg,0.7119013,0.626895
00056506.jpg,0.7217096,0.8361048
00017754.jpg,0.74381316,0.7007768
00050989.jpg,0.6179267,0.5660672
00000841.jpg,0.828192,0.8706104
00008956.jpg,0.7686107,0.7901774
00036679.jpg,0.729185,0.7177534
00043127.jpg,0.6920659,0.7248958
00009357.jpg,0.8100066,0.8801012
00047425.jpg,0.75727034,0.7004696
00056391.jpg,0.7549354,0.8361566
000000527365.jpg,0.7771249,0.6756757
00034680.jpg,0.73872566,0.6704742
00048448.jpg,0.8576404,0.8694836
00021325.jpg,0.70203817,0.6631934
00038163.jpg,0.6528065,0.664136
00057693.jpg,0.8764591,0.9329556
00058243.jpg,0.779523,0.7362006
00006749.jpg,0.77283394,0.769559
n07893642_32906.jpg,0.87510777,0.8712871
00003102.jpg,0.87367904,0.806961
00048935.jpg,0.6460936,0.6243092
00047519.jpg,0.6074471,0.5754426
00004967.jpg,0.769948,0.7579706
00055495.jpg,0.79865944,0.8182206
00048025.jpg,0.7382269,0.6704534
00027913.jpg,0.7650336,0.7891592
00013450.jpg,0.8217399,0.795262
00033494.jpg,0.70563793,0.555874
00045649.jpg,0.6589813,0.6469736
00009332.jpg,0.711035,0.774538
00042404.jpg,0.707597,0.583942
00006818.jpg,0.79155624,0.8054314
n04610013_5576.jpg,0.69059217,0.72321427
00040953.jpg,0.6735183,0.659683
00051713.jpg,0.77632236,0.8414362
n09359803_36040.jpg,0.6423609,0.72043014
00004446.jpg,0.70701873,0.6026406
n02342885_78.jpg,0.8973634,0.81914896
00035269.jpg,0.602159,0.390776
00028120.jpg,0.6620953,0.8228202
00012583.jpg,0.8163806,0.7668586
00044706.jpg,0.7342131,0.7704292
00015063.jpg,0.7796245,0.693092
00045149.jpg,0.86238617,0.8250366
00019935.jpg,0.90382147,0.9247502
00017707.jpg,0.659537,0.8485664
n01846331_14535.jpg,0.8195813,0.87777776
00014171.jpg,0.87611294,0.8628248
00035692.jpg,0.65032697,0.5955614
000000381282.jpg,0.70237446,0.8981481
sun_aqbakybrzakmanoo.jpg,0.6373534,0.5744681
00054290.jpg,0.8408209,0.9181478
00014662.jpg,0.70600414,0.6587528
00015011.jpg,0.7538713,0.6550454
00009924.jpg,0.64384294,0.7020698
00009520.jpg,0.831512,0.8388656
00055876.jpg,0.6816859,0.6252256
00001069.jpg,0.7464329,0.7036848
000000184470.jpg,0.9208293,0.9375
00024198.jpg,0.79430866,0.8419494
00041332.jpg,0.73421913,0.6543862
00045224.jpg,0.6565641,0.7022248
00040544.jpg,0.83083975,0.8650898
00044512.jpg,0.8099172,0.9016868
00034264.jpg,0.697173,0.7377174
00032244.jpg,0.659919,0.6770576
00022368.jpg,0.90556324,0.862781
00054898.jpg,0.7239733,0.7068356
00057182.jpg,0.6343132,0.6744446
00052554.jpg,0.7635644,0.9364262
n02691156_12389.jpg,0.73977774,0.71153843
00050557.jpg,0.7980331,0.8231038
00040160.jpg,0.62628865,0.6368466
00000021.jpg,0.5603151,0.590444
00045522.jpg,0.7596055,0.6802106
00023689.jpg,0.8267025,0.9266966
n07574602_23918.jpg,0.86222875,0.79591835
00002223.jpg,0.858728,0.8506278
00006617.jpg,0.8953258,0.8440562
00001681.jpg,0.80689764,0.7503128
00013756.jpg,0.65171933,0.5569674
00008601.jpg,0.72289884,0.7577442
00005280.jpg,0.81644785,0.790424
00038634.jpg,0.62656105,0.5806034
00022509.jpg,0.7125888,0.8016878
00056695.jpg,0.7789315,0.750603
00001749.jpg,0.79499197,0.645271
00027442.jpg,0.76268864,0.823983
00008675.jpg,0.8217412,0.847104
00056327.jpg,0.8188013,0.8775426
00002607.jpg,0.7613661,0.726574
00031265.jpg,0.84853196,0.9027466
00012717.jpg,0.71193385,0.7266252
00042223.jpg,0.7351299,0.6376972
00048932.jpg,0.7803093,0.7631944
00008362.jpg,0.678094,0.7400722
5b3d8eacb52b1468.jpg,0.8042737,0.7755102
00054174.jpg,0.63423896,0.5268494
00042541.jpg,0.75533617,0.6421612
00008844.jpg,0.9310427,0.8280758
00006428.jpg,0.78119135,0.7830828
00018017.jpg,0.94786763,0.8275904
00051315.jpg,0.679251,0.6651768
00023664.jpg,0.5847603,0.6018028
00038176.jpg,0.6298597,0.6470302
00050764.jpg,0.776816,0.8175974
00034734.jpg,0.7614769,0.8402748
00020562.jpg,0.75646806,0.756679
00048348.jpg,0.66523796,0.610494
00040792.jpg,0.7859733,0.7121158
n07923748_17463.jpg,0.81859446,0.85087717
00046650.jpg,0.8243549,0.8157578
00057013.jpg,0.7395593,0.826903
00005588.jpg,0.75957346,0.6728684
00046440.jpg,0.74309397,0.7993902
00013387.jpg,0.73412764,0.7100998
sun_aermylfjqkdyfriq.jpg,0.6246573,0.6759259
00005323.jpg,0.7867161,0.8256844
00034333.jpg,0.60414594,0.640723
n07801508_3335.jpg,0.9096621,0.9245283
00025999.jpg,0.6910746,0.7144918
00041318.jpg,0.69238114,0.597988
00026658.jpg,0.7695658,0.7298428
00039561.jpg,0.5801402,0.626608
00027188.jpg,0.7303665,0.7294652
00027914.jpg,0.81254005,0.8130402
00000888.jpg,0.6474066,0.5302186
00023475.jpg,0.8521265,0.7951016
00058672.jpg,0.6358916,0.7179092
00022332.jpg,0.77326035,0.849417
00000863.jpg,0.7659706,0.805916
00058572.jpg,0.8221048,0.7467888
00036481.jpg,0.71244043,0.655472
00016185.jpg,0.76393414,0.789324
00053274.jpg,0.9470105,0.9230582
00001347.jpg,0.822054,0.7330428
00011832.jpg,0.8071568,0.7126028
00028401.jpg,0.7814559,0.7720754
00053699.jpg,0.8062736,0.8135978
00041388.jpg,0.7599,0.7441252
00053899.jpg,0.76239645,0.7474894
00047328.jpg,0.7676058,0.7660862
00025753.jpg,0.8591535,0.790295
00049337.jpg,0.7976704,0.8955
00022669.jpg,0.73640776,0.757104
00024025.jpg,0.63633,0.6233398
ca52e9c468267ab4.jpg,0.79991734,0.7830189
00052334.jpg,0.6584641,0.612364
00046425.jpg,0.61898994,0.6344346
00027196.jpg,0.77431023,0.8171864
00005556.jpg,0.6903205,0.8114898
00022746.jpg,0.74781954,0.7729366
00050358.jpg,0.6638481,0.7325496
00030340.jpg,0.7706969,0.756633
00048204.jpg,0.6107548,0.516
00008615.jpg,0.5784749,0.5236994
00018572.jpg,0.804265,0.8973412
00022337.jpg,0.63421595,0.741693
000000159196.jpg,0.7366179,0.5625
00033437.jpg,0.8231799,0.841703
00014878.jpg,0.75409245,0.6577854
00013479.jpg,0.82020736,0.9092526
00003779.jpg,0.65825415,0.6672908
00024209.jpg,0.6584717,0.595799
00039184.jpg,0.89702916,0.9011808
00049874.jpg,0.7598548,0.7439382
00020393.jpg,0.88056934,0.648561
00008385.jpg,0.7395594,0.7138588
n07806221_23908.jpg,0.7390852,0.7169811
00038991.jpg,0.66645145,0.674176
00023950.jpg,0.8794161,0.9110828
00001716.jpg,0.8284682,0.788689
00014349.jpg,0.5911069,0.4914138
00048775.jpg,0.80544525,0.8206326
00049637.jpg,0.7534082,0.7905956
00001212.jpg,0.7433312,0.7622104
n02834778_42241.jpg,0.7856443,0.7529412
000000038134.jpg,0.8573924,0.8586956
00057062.jpg,0.6739248,0.6091584
00006975.jpg,0.6258447,0.7805908
00057671.jpg,0.765136,0.6460476
00053231.jpg,0.79707086,0.7856884
00003637.jpg,0.7231412,0.608553
00019636.jpg,0.6239221,0.6902218
00043952.jpg,0.7641207,0.5523696
n07806221_24658.jpg,0.7820107,0.7676768
00049856.jpg,0.8988155,0.9012848
00053596.jpg,0.55454993,0.5647926
n07806221_24282.jpg,0.7738702,0.7904762
00003490.jpg,0.838024,0.805802
00002425.jpg,0.76197207,0.85761
00053017.jpg,0.68104976,0.6995308
00009185.jpg,0.80003446,0.5818146
00019478.jpg,0.5404558,0.609115
00017545.jpg,0.73976946,0.8405824
00001947.jpg,0.86079514,0.8472736
00019883.jpg,0.7721946,0.7811734
00011667.jpg,0.6045272,0.555633
00053134.jpg,0.65232825,0.8276122
00048951.jpg,0.7591262,0.8971246
00024907.jpg,0.8625233,0.9389448
00035908.jpg,0.6635035,0.4934612
00050702.jpg,0.84234834,0.6474976
00008026.jpg,0.8179374,0.8434234
n07693725_498.jpg,0.88970673,0.8773585
00041514.jpg,0.7111105,0.74085
00006258.jpg,0.7852739,0.75399
00023991.jpg,0.8077912,0.8030402
00019551.jpg,0.69182056,0.6973194
00019646.jpg,0.78818107,0.8653948
00002721.jpg,0.68579674,0.6651064
00010817.jpg,0.756842,0.7027476
00024665.jpg,0.7674582,0.6631984
00022811.jpg,0.91138506,0.8401784
00036772.jpg,0.86217034,0.9208878
00010145.jpg,0.7989589,0.698941
00009403.jpg,0.79737264,0.675228
00045776.jpg,0.6453444,0.8573556
00057713.jpg,0.7632989,0.7338464
00032555.jpg,0.6822567,0.7506132
n07583197_6261.jpg,0.86939394,0.89320385
439e21de21f1e611.jpg,0.7613497,0.84210527
00027622.jpg,0.8566973,0.9477692
00041898.jpg,0.84899807,0.8833164
00026345.jpg,0.74954176,0.8276526
000000332385.jpg,0.7483144,0.8666667
00009938.jpg,0.862455,0.8256996
00029332.jpg,0.7007872,0.7059616
00039538.jpg,0.651019,0.5474598
00018934.jpg,0.75854063,0.8711788
00039848.jpg,0.65292823,0.7116158
00016186.jpg,0.8017851,0.6280242
83b7de7cc77bedd8.jpg,0.8399569,0.6744186
00042492.jpg,0.76789683,0.7424664
00030264.jpg,0.7942342,0.7651776
000000263176.jpg,0.6788249,0.69902915
00042760.jpg,0.73896945,0.7440966
00055968.jpg,0.69227076,0.6772956
00038402.jpg,0.86718035,0.9486612
00051098.jpg,0.6345937,0.6521392
00051125.jpg,0.82391393,0.7240858
c7ce1605bc84863c.jpg,0.7367544,0.8372093
00026802.jpg,0.65429354,0.6332414
00057352.jpg,0.80360043,0.7747862
00037212.jpg,0.55430204,0.4558584
00041904.jpg,0.66749036,0.6588832
00029189.jpg,0.7635168,0.8677312
00049724.jpg,0.8384383,0.8554
00019809.jpg,0.8335997,0.9894444
00026704.jpg,0.68733084,0.7798062
00013220.jpg,0.8282808,0.8621998
00004606.jpg,0.74967146,0.755379
00032251.jpg,0.8728496,0.9766976
00024564.jpg,0.5443362,0.6283388
00014432.jpg,0.7913524,0.7362778
00020955.jpg,0.72671497,0.6898868
00052062.jpg,0.7637589,0.8237678
00035138.jpg,0.6636913,0.628876
00000864.jpg,0.6930079,0.6007392
00037158.jpg,0.6383773,0.6488076
n09308572_2640.jpg,0.6460328,0.74766356
00001544.jpg,0.7529125,0.658737
621864587e59e56a.jpg,0.790072,0.85294116
00046602.jpg,0.7747421,0.7241378
00025378.jpg,0.89931965,0.9061422
00047271.jpg,0.6906228,0.7311478
n07680932_16996.jpg,0.92256916,0.91803277
00004016.jpg,0.8390882,0.8948262
00002909.jpg,0.8638989,0.7979602
000000545930.jpg,0.9084128,0.8947368
00046331.jpg,0.7152933,0.6899324
00035436.jpg,0.54652286,0.42764
00052010.jpg,0.6612233,0.8066726
00013186.jpg,0.7567291,0.617981
00032107.jpg,0.7968261,0.7877808
00053998.jpg,0.8453332,0.818031
00000254.jpg,0.61023897,0.4620322
00015268.jpg,0.7247855,0.648592
00046631.jpg,0.7694919,0.7727464
00040024.jpg,0.766745,0.8158434
00000081.jpg,0.80410594,0.8937244
00018113.jpg,0.8317374,0.914583
00051483.jpg,0.7468964,0.7411592
00008406.jpg,0.7845267,0.7835666
00030515.jpg,0.7845767,0.7688976
00044637.jpg,0.7038189,0.7656064
00002230.jpg,0.8501377,0.8867804
00020101.jpg,0.8866532,0.8613418
00030277.jpg,0.80360293,0.8244074
00024527.jpg,0.82384944,0.8611366
00054496.jpg,0.8155198,0.8537984
00052608.jpg,0.72177017,0.767123
00052090.jpg,0.7984339,0.8349644
00003610.jpg,0.84522015,0.9325942
00019079.jpg,0.6789185,0.745534
sun_afzhshjjojqermqf.jpg,0.4828565,0.30357143
00052000.jpg,0.812827,0.8220344
00018141.jpg,0.82604575,0.8200848
00032434.jpg,0.6081948,0.6966244
00010998.jpg,0.83583975,0.8727154
00023132.jpg,0.6764156,0.533835
00013328.jpg,0.87159824,0.9326422
00012636.jpg,0.65422976,0.6820118
00019793.jpg,0.79552233,0.87455
00027177.jpg,0.6805457,0.4910404
00003238.jpg,0.83918417,0.8976814
00009073.jpg,0.85673726,0.878729
00047240.jpg,0.6989616,0.5409074
00045832.jpg,0.69831383,0.5076024
00004197.jpg,0.8571713,0.8467128
00036603.jpg,0.6172327,0.541672
00037428.jpg,0.5795916,0.6731092
00023253.jpg,0.8369353,0.8550136
00013188.jpg,0.71822894,0.770488
00000311.jpg,0.74017733,0.6352228
00022215.jpg,0.78858876,0.8429922
00001952.jpg,0.57726336,0.6498404
00047185.jpg,0.69306976,0.70471
00053066.jpg,0.7502818,0.932013
00016046.jpg,0.8407011,0.970024
n02129165_13011.jpg,0.80977046,0.83809525
00010427.jpg,0.67993855,0.6940616
00001096.jpg,0.78903854,0.8382936
n09288635_4054.jpg,0.69740367,0.7227723
00027617.jpg,0.9259193,1.0
6870b579e585698e.jpg,0.7506815,0.752809
00030847.jpg,0.8928096,0.8953234
00007014.jpg,0.83432317,0.777908
00032929.jpg,0.7312702,0.7944626
00045025.jpg,0.5864892,0.5923614
00056212.jpg,0.77478755,0.8835058
00007252.jpg,0.7639086,0.8119474
00056088.jpg,0.7021656,0.7899526
00020702.jpg,0.7608111,0.8337284
00011301.jpg,0.76177526,0.7932708
sun_awcujmqkhwsgmrma.jpg,0.6406325,0.5555556
2534461df861856c.jpg,0.65953153,0.5471698
00022232.jpg,0.8738115,0.7948856
00024159.jpg,0.7010728,0.673441
00018921.jpg,0.705241,0.6762814
00037821.jpg,0.84931606,0.7213658
00025820.jpg,0.7779194,0.925737
00013892.jpg,0.87177074,0.9226164
00007714.jpg,0.7735212,0.8086886
00054732.jpg,0.8544437,0.8567766
00012278.jpg,0.743168,0.7661784
00004302.jpg,0.6779585,0.6404656
00015453.jpg,0.7247859,0.8060428
00009334.jpg,0.75569284,0.8542298
00017288.jpg,0.9033234,0.8984552
00019808.jpg,0.6025243,0.6995586
00023690.jpg,0.7695458,0.721312
00003528.jpg,0.7104714,0.5713148
00021116.jpg,0.76578975,0.7542254
00013559.jpg,0.96685696,0.9849022
00005265.jpg,0.5154139,0.3850346
00042184.jpg,0.8004045,0.8754338
00054060.jpg,0.77820027,0.8502496
n01514668_9003.jpg,0.8349544,0.86178863
00044155.jpg,0.6919215,0.7857172
00001691.jpg,0.88053775,0.8805936
00028743.jpg,0.7508733,0.7626276
00036156.jpg,0.62002504,0.4661844
00027921.jpg,0.7591454,0.7757874
00032710.jpg,0.7557225,0.8860206
00053934.jpg,0.79622996,0.8257054
n04166281_6626.jpg,0.83717906,0.81578946
00039450.jpg,0.82875454,0.7232586
00016618.jpg,0.672978,0.610985
00045846.jpg,0.80043304,0.7750038
00057134.jpg,0.64921796,0.6938124
00000962.jpg,0.83172035,0.8708274
00030494.jpg,0.7051301,0.6902806
00026021.jpg,0.73620796,0.7243978
00020108.jpg,0.72875524,0.7106024
00047675.jpg,0.7011666,0.536944
000000568270.jpg,0.57442003,0.50537634
00012760.jpg,0.75631356,0.7305036
00007330.jpg,0.90756035,0.9419222
00010430.jpg,0.84432435,0.6848476
00008317.jpg,0.8470168,0.8237438
00012460.jpg,0.7255535,0.7420258
4882db1a7d20bbe3.jpg,0.82382643,0.83116883
00045336.jpg,0.7159282,0.7361278
00003371.jpg,0.75517786,0.799506
00018750.jpg,0.7432957,0.8313964
00005520.jpg,0.83701086,0.9282044
00028763.jpg,0.7429588,0.8694972
n04231693_8412.jpg,0.705153,0.5520833
74829e0dff4fb883.jpg,0.58263206,0.46938777
00041816.jpg,0.68515193,0.6476638
n07880968_2905.jpg,0.86236274,0.8888889
00036203.jpg,0.64168394,0.6783064
00041784.jpg,0.6567731,0.7731
00010970.jpg,0.7734425,0.7884754
00013056.jpg,0.70716584,0.7311476
00051621.jpg,0.71053153,0.79379
00019587.jpg,0.7356292,0.6929768
00055069.jpg,0.82212806,0.8870968
00014550.jpg,0.7216294,0.6275608
00058349.jpg,0.69190645,0.7349864
000000064588.jpg,0.79289645,0.75641024
00012283.jpg,0.80983615,0.842199
00007075.jpg,0.78045,0.7411134
00011198.jpg,0.9218186,0.7982762
00048603.jpg,0.6741924,0.6983546
00018886.jpg,0.69145405,0.7165454
00031429.jpg,0.85918164,0.8715492
00025093.jpg,0.79904026,0.8329212
n07923748_4376.jpg,0.84911156,0.88297874
00022698.jpg,0.7914885,0.8104238
00046291.jpg,0.8953749,0.926621
00023215.jpg,0.860816,0.7371894
00019330.jpg,0.81307065,0.8494414
00029826.jpg,0.83897936,0.856692
00024433.jpg,0.7797235,0.674518
00036448.jpg,0.6877053,0.7116318
00038564.jpg,0.7193903,0.7237144
00052348.jpg,0.5933679,0.6082862
4f00fa5d6b6671bd.jpg,0.7255684,0.60952383
00055557.jpg,0.7468338,0.727692
00014411.jpg,0.81263566,0.822158
00043436.jpg,0.64259934,0.5886132
00038553.jpg,0.46667892,0.5009634
00055115.jpg,0.8352423,0.8117774
00003249.jpg,0.660892,0.6950278
00054844.jpg,0.8647164,0.7952548
00011611.jpg,0.68545127,0.6701538
00052392.jpg,0.6739931,0.7396108
00008972.jpg,0.7629809,0.7869226
00038257.jpg,0.67928314,0.643481
00056918.jpg,0.77118146,0.754815
00038825.jpg,0.8353069,0.7652632
n07911677_3818.jpg,0.8325292,0.8348624
00010935.jpg,0.8014215,0.9248232
00031243.jpg,0.8337536,0.7160382
00001338.jpg,0.88399696,0.8968954
00051071.jpg,0.7473482,0.724085
00043245.jpg,0.69012713,0.6633748
00011907.jpg,0.7078178,0.7288522
00009088.jpg,0.6838404,0.6252286
00046547.jpg,0.68340456,0.6763676
00003913.jpg,0.7845032,0.7734512
00003733.jpg,0.71222645,0.8487074
00056590.jpg,0.744298,0.815245
00051673.jpg,0.9131993,0.9385004
00021263.jpg,0.76154566,0.8208858
00014401.jpg,0.87314725,0.9195864
00017317.jpg,0.8589215,0.8515442
00009504.jpg,0.6803615,0.6371758
00002653.jpg,0.6849563,0.8259798
00005539.jpg,0.8638564,0.8553564
00042020.jpg,0.75995135,0.8409712
00037927.jpg,0.56736124,0.6417378
00021685.jpg,0.6366083,0.5087084
00010389.jpg,0.80268526,0.8555158
00019213.jpg,0.62062013,0.5634784
00017299.jpg,0.63683546,0.6079534
00024398.jpg,0.83970284,0.766515
00051691.jpg,0.71529317,0.5241454
00021027.jpg,0.85545003,0.9146328
00007266.jpg,0.92407095,0.9209006
n09289331_5250.jpg,0.6786835,0.7222222
00058255.jpg,0.7923702,0.825459
00042298.jpg,0.72479594,0.8501154
d8a84aa39b7cc0e2.jpg,0.870023,0.9207921
00027845.jpg,0.7163415,0.7020984
00041905.jpg,0.7631477,0.8470076
00050890.jpg,0.70309424,0.6656588
00010635.jpg,0.5688241,0.7349972
000000467990.jpg,0.7772296,0.79
6c514dec07ec08b8.jpg,0.7924347,0.76363635
000000289423.jpg,0.74080455,0.6699029
00004651.jpg,0.85305804,0.8171262
00021657.jpg,0.74155796,0.738626
00046751.jpg,0.69385177,0.6754986
00054867.jpg,0.74214625,0.6449124
00013635.jpg,0.7136241,0.8376316
00031392.jpg,0.70979655,0.6242018
00003158.jpg,0.8175134,0.9250902
00003435.jpg,0.781484,0.6908522
00049667.jpg,0.8110144,0.5429844
00042357.jpg,0.64353013,0.5927038
00005910.jpg,0.7154306,0.719936
00008386.jpg,0.7802655,0.7168116
00026019.jpg,0.6350778,0.6490358
00048970.jpg,0.77056134,0.8197228
00008333.jpg,0.86408615,0.8934132
n04335435_10726.jpg,0.789958,0.7920792
00025384.jpg,0.80648375,0.8484632
00034514.jpg,0.6063984,0.580273
00012148.jpg,0.64307404,0.4454938
00022235.jpg,0.6522851,0.6383526
00002410.jpg,0.80400705,0.8452194
00031133.jpg,0.7591647,0.781365
00045364.jpg,0.76517975,0.7850448
00036531.jpg,0.6533711,0.6684984
00006713.jpg,0.74461514,0.6718154
00003407.jpg,0.7812651,0.771732
00054615.jpg,0.8908684,0.9266816
00025484.jpg,0.8112875,0.8439718
00034468.jpg,0.77309895,0.9247574
00057277.jpg,0.5906674,0.596902
00051139.jpg,0.7729232,0.7329338
00009134.jpg,0.6352862,0.578127
69e8bba972867f96.jpg,0.51771736,0.44827586
00014586.jpg,0.80452454,0.850152
00046983.jpg,0.80062306,0.8517596
00041988.jpg,0.7287493,0.5817994
00027200.jpg,0.8025578,0.8680248
00046426.jpg,0.8133079,0.7113108
00005958.jpg,0.83416593,0.7655424
7f6a04e04c276070.jpg,0.82422614,0.9405941
000000101270.jpg,0.8772899,0.75
00058415.jpg,0.79215133,0.8079542
00048984.jpg,0.84104276,0.8957872
00034347.jpg,0.71241224,0.8233698
00001692.jpg,0.75394684,0.8029736
000000530999.jpg,0.74453235,0.6630435
00005637.jpg,0.67900723,0.7179516
00010753.jpg,0.63231134,0.4201044
00025266.jpg,0.8136674,0.855575
00041939.jpg,0.7053889,0.7747484
00014021.jpg,0.74070466,0.756447
00053445.jpg,0.8667395,0.7949562
00000721.jpg,0.88091874,0.8719596
00002231.jpg,0.771663,0.8827996
00055815.jpg,0.64743537,0.6313702
00032018.jpg,0.75888735,0.7535714
00006685.jpg,0.9047214,0.916103
n07693725_962.jpg,0.898041,0.9026549
00056889.jpg,0.8417134,0.7121218
00035996.jpg,0.6179049,0.5714042
00025565.jpg,0.7905233,0.8054014
00039567.jpg,0.67810726,0.6543556
00016973.jpg,0.7402587,0.8114606
00009750.jpg,0.9333999,0.8957444
00041185.jpg,0.5984838,0.6195188
00034595.jpg,0.61898446,0.7108254
00048794.jpg,0.8238716,0.9383392
00013226.jpg,0.6928488,0.7334646
n01846331_693.jpg,0.7936168,0.8207547
00001536.jpg,0.79995465,0.879153
00019197.jpg,0.67642903,0.6926384
00026320.jpg,0.7512163,0.7434056
n07720875_10162.jpg,0.8383559,0.7619048
00031801.jpg,0.8630396,0.8009756
00016719.jpg,0.6952825,0.646204
00045488.jpg,0.8115622,0.7851046
00040189.jpg,0.6048329,0.661009
000000358088.jpg,0.64368844,0.6666667
00057679.jpg,0.66784465,0.6359122
n07720875_5440.jpg,0.8776257,0.9117647
00023323.jpg,0.5596393,0.5579122
00033147.jpg,0.7089213,0.6773118
00020445.jpg,0.86819446,0.8470646
00010972.jpg,0.71113384,0.7883202
00000644.jpg,0.88991153,0.9226784
00038036.jpg,0.7156773,0.763824
00033113.jpg,0.8792753,0.9043192
00035120.jpg,0.67011786,0.67687
00010353.jpg,0.6155549,0.472689
00008656.jpg,0.8260832,0.7229574
00016903.jpg,0.7846972,0.8544932
00055715.jpg,0.9339552,0.898483
00058249.jpg,0.70330703,0.7151052
00052812.jpg,0.71184874,0.7474282
00040526.jpg,0.7715082,0.762406
00015763.jpg,0.735736,0.7219694
000000546693.jpg,0.75705475,0.8252427
00032388.jpg,0.8129735,0.891663
00013235.jpg,0.6720278,0.5910134
00007687.jpg,0.75872505,0.8837632
00052385.jpg,0.7788326,0.7663972
00029691.jpg,0.75761145,0.713166
00039394.jpg,0.6962414,0.8244034
00013566.jpg,0.77204776,0.7366218
000000422341.jpg,0.8283261,0.86206895
00055356.jpg,0.63903093,0.5763768
00037431.jpg,0.7997216,0.8638888
00010862.jpg,0.7554996,0.8450126
00053420.jpg,0.90677655,0.8256312
00052704.jpg,0.82539773,0.8880664
00039784.jpg,0.72222376,0.8828198
00046911.jpg,0.70650125,0.6516004
00008904.jpg,0.7172718,0.7344296
000000479957.jpg,0.8176873,0.8494624
00002370.jpg,0.6950168,0.7873424
00056272.jpg,0.8487508,0.666859
00017441.jpg,0.67631936,0.6037398
00036644.jpg,0.69208825,0.598113
00043184.jpg,0.7380924,0.7877416
00039491.jpg,0.65648,0.6690898
00021100.jpg,0.77351284,0.924265
00029432.jpg,0.7101406,0.703764
00032838.jpg,0.7428922,0.828456
000000268781.jpg,0.7945632,0.8818182
00054931.jpg,0.87174857,0.8420012
00026414.jpg,0.77618337,0.9495406
00033558.jpg,0.854981,0.8626936
00050050.jpg,0.67728364,0.6436562
00033655.jpg,0.69174135,0.6910066
00006911.jpg,0.7942213,0.5784954
00003455.jpg,0.66495526,0.534064
00012448.jpg,0.8360375,0.974043
00039469.jpg,0.7390773,0.7191272
00040875.jpg,0.8268119,0.7649924
00034793.jpg,0.6833861,0.8068192
00035036.jpg,0.6794745,0.6081794
00053933.jpg,0.65882456,0.609798
00044196.jpg,0.85339844,0.846141
n02691156_10622.jpg,0.8282011,0.7647059
000000150812.jpg,0.78751695,0.8039216
00020185.jpg,0.84087145,0.8866066
00013851.jpg,0.8662446,0.8872286
00010027.jpg,0.6362468,0.547304
000000214030.jpg,0.8180449,0.85046726
00042532.jpg,0.62380683,0.6330528
00017609.jpg,0.68318665,0.6269018
00058652.jpg,0.6972656,0.7274558
00013608.jpg,0.59626555,0.6195422
00042425.jpg,0.7530379,0.7067046
00003936.jpg,0.80072635,0.8572862
00016446.jpg,0.72485733,0.7612604
00007705.jpg,0.8036972,0.8877656
00000817.jpg,0.8066591,0.8571
00002149.jpg,0.5945896,0.696148
00032574.jpg,0.8109274,0.8843654
n03512147_2169.jpg,0.7163576,0.75308645
00033949.jpg,0.6297723,0.5908378
00051852.jpg,0.67188966,0.6590118
00055995.jpg,0.86129844,0.8727492
n02332755_109.jpg,0.89406836,0.8454546
00051332.jpg,0.8394129,0.907903
00038784.jpg,0.80953217,0.8796916
00014183.jpg,0.6336789,0.6364
n09472597_20993.jpg,0.65610206,0.5862069
00047432.jpg,0.83609366,0.901984
00011054.jpg,0.6196916,0.4587134
00044558.jpg,0.66735876,0.7468618
00003548.jpg,0.8023709,0.7626224
00050472.jpg,0.8144405,0.7603408
00008506.jpg,0.7408173,0.7837098
00002113.jpg,0.70483124,0.8111418
n02332755_9999.jpg,0.87000954,0.96363634
00003627.jpg,0.75170946,0.8582774
00019290.jpg,0.82490814,0.7699122
00002890.jpg,0.84976673,0.9004088
00014385.jpg,0.7430506,0.7137916
00032834.jpg,0.73442817,0.5641162
n09428293_39677.jpg,0.5972564,0.59615386
00016404.jpg,0.69390327,0.8491216
00008718.jpg,0.727798,0.7544096
00056386.jpg,0.7272115,0.8152174
00041270.jpg,0.6318891,0.6361038
000000354075.jpg,0.6771058,0.5652174
00010690.jpg,0.57705075,0.4842642
00021367.jpg,0.59979576,0.6453038
00056628.jpg,0.89798,0.995122
00042488.jpg,0.6717826,0.7211542
00046930.jpg,0.83514106,0.9026912
00024101.jpg,0.6176473,0.5616124
00003345.jpg,0.8021437,0.8880442
n02324045_610.jpg,0.8334319,0.8490566
000000124167.jpg,0.76890326,0.7303371
00020144.jpg,0.6792954,0.598782
00049598.jpg,0.7251145,0.6815202
00033104.jpg,0.7441131,0.8451132
00024189.jpg,0.7621989,0.8188702
00056643.jpg,0.6630323,0.5752844
00003312.jpg,0.74433494,0.8376372
00039254.jpg,0.6081885,0.6665182
00037443.jpg,0.73035693,0.7181158
00036419.jpg,0.6034613,0.6712576
00045889.jpg,0.77432215,0.8332252
81b2bd15ab040353.jpg,0.7585217,0.68817204
00016914.jpg,0.7848054,0.5275864
00034665.jpg,0.7128928,0.5742316
00048061.jpg,0.73598874,0.7232826
00011403.jpg,0.7519678,0.8534754
00040764.jpg,0.8109342,0.8645534
00058404.jpg,0.85997313,0.8613404
00023454.jpg,0.7261617,0.8829884
000000093382.jpg,0.72242606,0.66019416
00049273.jpg,0.7523562,0.8251138
00009608.jpg,0.7876283,0.801657
00037465.jpg,0.6828002,0.7552092
00019595.jpg,0.5923947,0.4990296
00033838.jpg,0.6763591,0.7077628
ca628a60792aa441.jpg,0.7434299,0.8804348
n03512147_3381.jpg,0.7765945,0.7708333
00057284.jpg,0.81435776,0.8081678
00026991.jpg,0.7656896,0.8349962
00022140.jpg,0.86522365,0.8219396
00031889.jpg,0.86154914,0.9070632
00050233.jpg,0.7712321,0.7179866
00015745.jpg,0.7630777,0.7845182
00010472.jpg,0.63494265,0.798478
00038695.jpg,0.65341526,0.7001068
00010711.jpg,0.8225142,0.7486248
00036388.jpg,0.6664796,0.5568418
00027584.jpg,0.82933646,0.8624046
00032226.jpg,0.90786064,0.9230768
00003388.jpg,0.6588918,0.7016338
00001928.jpg,0.83161044,0.83114
00002063.jpg,0.8422484,0.8782154
00052730.jpg,0.8256098,0.8634632
00020652.jpg,0.70701337,0.7865864
n07583197_6247.jpg,0.7661277,0.82828283
00009667.jpg,0.83853173,0.851239
00049465.jpg,0.71538746,0.8094812
00008315.jpg,0.7053262,0.7127992
00048881.jpg,0.77560556,0.797154
00009619.jpg,0.80089474,0.9066856
00026481.jpg,0.7953336,0.8329758
00033920.jpg,0.68099666,0.7258372
00044340.jpg,0.7953626,0.8306652
00024635.jpg,0.78252137,0.7369436
00025978.jpg,0.77717435,0.8948438
00003878.jpg,0.8707795,0.88725
00016257.jpg,0.6793015,0.6389666
n09289331_10473.jpg,0.5985491,0.42718446
00007618.jpg,0.8568163,0.9431124
00042222.jpg,0.77632844,0.8203098
00051216.jpg,0.88816106,0.8669558
00030613.jpg,0.6279917,0.5499382
00055871.jpg,0.71203935,0.708236
n07838073_6880.jpg,0.84405506,0.8269231
00010875.jpg,0.91051996,0.8897704
00048337.jpg,0.8108076,0.8094752
00018201.jpg,0.80550456,0.8412202
00002876.jpg,0.7187704,0.5959088
00009757.jpg,0.8269695,0.861783
00021260.jpg,0.7932191,0.8052176
00055000.jpg,0.82393456,0.7734694
00005216.jpg,0.68034697,0.6182976
00031115.jpg,0.71934617,0.7460042
00054733.jpg,0.91736126,0.7891902
00023417.jpg,0.82688254,0.9231668
n02133161_1066.jpg,0.6656203,0.6111111
00023981.jpg,0.66425633,0.5492672
00006351.jpg,0.77367055,0.6033048
00019563.jpg,0.8455998,0.781793
00032465.jpg,0.7320826,0.5886612
00007129.jpg,0.79070747,0.7180262
00053898.jpg,0.7801459,0.6774612
00058094.jpg,0.6977753,0.5584622
00001559.jpg,0.6580052,0.467168
00051381.jpg,0.7626301,0.7998632
00003116.jpg,0.70444095,0.6478642
00052335.jpg,0.80538225,0.8461068
00019027.jpg,0.6661134,0.7444776
00030292.jpg,0.73993206,0.8503008
sun_avauwsvpzzujahyj.jpg,0.75087285,0.84782606
00040746.jpg,0.763404,0.8033736
n04465501_1621.jpg,0.74456364,0.6952381
00018897.jpg,0.80843914,0.8808452
00006183.jpg,0.76461947,0.7232704
00021231.jpg,0.5221021,0.5586638
00010719.jpg,0.86237824,0.883797
00030030.jpg,0.654287,0.714494
00004184.jpg,0.70322204,0.7324386
000000468623.jpg,0.90129066,0.9433962
00016557.jpg,0.7747922,0.8230962
n09308572_4185.jpg,0.7856256,0.6923077
00033165.jpg,0.93741333,0.9573326
n03791053_2629.jpg,0.80843586,0.7446808
e470100eed3c6c1e.jpg,0.80131495,0.8586956
00031258.jpg,0.8345388,0.8885328
n02396427_16805.jpg,0.8196689,0.8272727
00052465.jpg,0.6855414,0.5012196
00025964.jpg,0.7696482,0.7798734
00013118.jpg,0.79456663,0.83824
n09393605_61672.jpg,0.69989955,0.7264151
00023041.jpg,0.7879455,0.7834938
00015109.jpg,0.82334256,0.8144948
00002889.jpg,0.82772195,0.8891956
00034332.jpg,0.67121875,0.8216806
00014206.jpg,0.797567,0.7448762
00057055.jpg,0.81859255,0.7140714
00043937.jpg,0.8766273,0.8069808
00012341.jpg,0.73957765,0.7530374
00040857.jpg,0.7105731,0.5820538
00041135.jpg,0.76102614,0.6593856
00047598.jpg,0.80513155,0.663856
00012965.jpg,0.89158916,0.7980412
00004771.jpg,0.7100888,0.6020096
00002356.jpg,0.7622452,0.7020822
00028226.jpg,0.86892784,0.8730818
00020547.jpg,0.5022093,0.4057546
00017293.jpg,0.72437584,0.7316968
n07717556_431.jpg,0.9313592,0.9361702
n01514668_3668.jpg,0.87316895,0.85470086
00054640.jpg,0.6684145,0.5968274
00038072.jpg,0.72761166,0.8105712
00008197.jpg,0.6987022,0.8677596
00051534.jpg,0.74585557,0.6785428
00028051.jpg,0.8173298,0.7614318
n01791625_12394.jpg,0.84617907,0.85263157
n04465501_13078.jpg,0.83766335,0.85227275
00056731.jpg,0.83336544,0.830231
n03512147_11785.jpg,0.76288044,0.6571429
00053185.jpg,0.72765493,0.784341
00026524.jpg,0.5958735,0.5937558
00020574.jpg,0.7010125,0.8331254
00031716.jpg,0.72293055,0.6680576
00049339.jpg,0.8407855,0.8518922
00001557.jpg,0.8425555,0.926656
00001812.jpg,0.6417302,0.7278984
00012267.jpg,0.781479,0.6744986
00051979.jpg,0.77433723,0.737764
00039679.jpg,0.8936293,0.9611612
00009785.jpg,0.7442821,0.6202542
00023260.jpg,0.776019,0.760469
n09415671_2133.jpg,0.61395574,0.699187
00040619.jpg,0.81349397,0.841137
00033157.jpg,0.82138455,0.7501604
00013709.jpg,0.85178566,0.9230594
00037606.jpg,0.60043955,0.522459
ead50ff3f5620f68.jpg,0.80624706,0.8791209
00005469.jpg,0.9237695,0.834424
000000144951.jpg,0.8094586,0.8804348
00027207.jpg,0.67558944,0.7897558
00009947.jpg,0.91690767,0.966367
n04349306_8007.jpg,0.8556794,0.86904764
00041733.jpg,0.7962081,0.7432792
00015709.jpg,0.8272885,0.8767176
00053037.jpg,0.59613305,0.657764
00004833.jpg,0.8202239,0.801376
sun_acgqrysmhvkbzwyo.jpg,0.5026984,0.22881356
00043970.jpg,0.72599447,0.7440194
00037419.jpg,0.71961796,0.7103078
00052631.jpg,0.78337306,0.808426
00020498.jpg,0.8807924,0.9138726
00029323.jpg,0.85648596,0.9110156
00006115.jpg,0.77714264,0.5128318
00047198.jpg,0.73244655,0.7025
00000824.jpg,0.779621,0.7717834
00057465.jpg,0.76996446,0.8229348
00004484.jpg,0.8216915,0.836134
00015966.jpg,0.71340847,0.6629908
00037479.jpg,0.66202426,0.6121802
00037014.jpg,0.5873809,0.6133808
00005839.jpg,0.68939805,0.6213272
00005129.jpg,0.91603327,0.8388888
00009635.jpg,0.6455549,0.6304582
00045854.jpg,0.6398888,0.6741818
00026084.jpg,0.5097939,0.6020218
00034157.jpg,0.6336123,0.61758
00026497.jpg,0.82716215,0.8661656
00015078.jpg,0.84369266,0.8724744
00048184.jpg,0.8712332,0.8950098
00028159.jpg,0.7727239,0.702514
00041244.jpg,0.74541855,0.7912872
00005605.jpg,0.892565,0.8549372
00049604.jpg,0.7695068,0.8270092
n03512147_2036.jpg,0.64022744,0.78350514
n02834778_1607.jpg,0.7965758,0.81632656
00057954.jpg,0.7757999,0.8309112
00027850.jpg,0.727677,0.7987786
000000419604.jpg,0.819275,0.8448276
00050459.jpg,0.73599726,0.8096646
00015547.jpg,0.8336656,0.831513
00011086.jpg,0.88914645,0.801375
00052818.jpg,0.8790779,0.7782206
sun_aruzhowbjizakxna.jpg,0.5428609,0.43
00026790.jpg,0.61867154,0.7289684
00003234.jpg,0.8547187,0.8085634
000000220864.jpg,0.7790111,0.84313726
00049214.jpg,0.7256968,0.7613414
n02932891_1765.jpg,0.6779299,0.7525773
00038256.jpg,0.64591277,0.7464786
00013333.jpg,0.7214707,0.7865572
00003664.jpg,0.82724714,0.7768394
00023079.jpg,0.75843453,0.6293422
00042833.jpg,0.7055123,0.663007
00050570.jpg,0.8389351,0.8509872
n01514859_12538.jpg,0.8329073,0.9240506
00056852.jpg,0.77625453,0.7720266
n09472597_8828.jpg,0.6689407,0.67021275
00031971.jpg,0.69484544,0.7866624
00007903.jpg,0.5532084,0.4380326
00048076.jpg,0.7953793,0.792339
00040018.jpg,0.8047669,0.6683514
00016971.jpg,0.8066958,0.8947352
00045012.jpg,0.705675,0.7481392
00027717.jpg,0.61923575,0.5284122
00010827.jpg,0.7887862,0.794763
00038610.jpg,0.6221951,0.767098
00031471.jpg,0.67615247,0.6343492
00032985.jpg,0.66103613,0.7901006
n04335435_2612.jpg,0.8095869,0.8
00048159.jpg,0.63125587,0.734083
00025512.jpg,0.8641502,0.8489744
00057075.jpg,0.62336934,0.791534
00048447.jpg,0.86936855,0.7839102
00020999.jpg,0.89352596,0.907338
70b5c729686aa098.jpg,0.8099307,0.7407407
00019034.jpg,0.83079225,0.7995346
00053646.jpg,0.7756021,0.80598
00052714.jpg,0.88963544,0.8708048
00058520.jpg,0.65168715,0.7643792
00046743.jpg,0.6618593,0.660536
00004999.jpg,0.85702276,0.907659
n04465501_4403.jpg,0.8446338,0.853211
00055173.jpg,0.78875744,0.7525806
00014635.jpg,0.82545745,0.8219402
00035994.jpg,0.64892447,0.7233468
00041246.jpg,0.7519802,0.7961172
00022754.jpg,0.6945839,0.748701
n04465501_1793.jpg,0.76898015,0.73636365
00022666.jpg,0.7262209,0.7417064
00018102.jpg,0.7412871,0.8049488
00011869.jpg,0.8357539,0.8600578
00019724.jpg,0.6020349,0.5917662
00027262.jpg,0.81280875,0.9311212
00025935.jpg,0.79488504,0.8179554
n03351262_17471.jpg,0.65009665,0.68817204
00013880.jpg,0.7367891,0.8136794
00029612.jpg,0.79499876,0.8142912
sun_bsssizmsssfovgzv.jpg,0.7260914,0.7009346
00005289.jpg,0.65312386,0.6577216
00055664.jpg,0.8914597,0.889186
00055575.jpg,0.7819567,0.8354262
00019637.jpg,0.8215445,0.9633564
n00464894_9013.jpg,0.80870056,0.79816514
n09415671_18361.jpg,0.5288054,0.5185185
00028852.jpg,0.74945164,0.8484608
00035870.jpg,0.6322572,0.6096592
00008138.jpg,0.71908915,0.6969028
sun_acpxaistqyimycdc.jpg,0.55971134,0.31868133
00039021.jpg,0.7159837,0.6238548
00051752.jpg,0.68531406,0.6605078
00037457.jpg,0.69880414,0.6338168
00001362.jpg,0.7880032,0.8016652
00037500.jpg,0.6763085,0.5822786
00053954.jpg,0.847119,0.8441064
000000306902.jpg,0.8030317,0.91346157
n02396427_18469.jpg,0.7645949,0.7027027
00056129.jpg,0.83103037,0.8750284
94cb6dc3b5293417.jpg,0.57483375,0.5049505
00046204.jpg,0.70360875,0.6276968
000000134946.jpg,0.69817626,0.6262626
00003310.jpg,0.66007257,0.6781612
00040145.jpg,0.78860855,0.7613514
00045890.jpg,0.74179673,0.7201982
00031874.jpg,0.54876685,0.5804758
00007794.jpg,0.8246155,0.8514628
00010836.jpg,0.86488056,0.873604
00045420.jpg,0.71513486,0.6896462
n03594945_13696.jpg,0.7605293,0.7352941
00031164.jpg,0.5731741,0.5501234
00028253.jpg,0.74629056,0.820921
00019419.jpg,0.7473114,0.6489596
00053925.jpg,0.7472083,0.6353576
00020442.jpg,0.6710988,0.5495934
00020341.jpg,0.6523692,0.8086874
00051755.jpg,0.783813,0.7857906
00035772.jpg,0.5971302,0.6504332
00053416.jpg,0.694219,0.669109
00035578.jpg,0.6120642,0.6966182
00007010.jpg,0.7906724,0.8247384
00053447.jpg,0.7904984,0.8152846
00002265.jpg,0.86918485,0.8978538
00056945.jpg,0.5685837,0.345941
00037999.jpg,0.69350016,0.7147392
00054283.jpg,0.73107946,0.5657298
00013063.jpg,0.7271917,0.6370678
00039192.jpg,0.6422157,0.6317788
00047023.jpg,0.7116915,0.5988196
00002814.jpg,0.6544782,0.6632486
n02793495_15038.jpg,0.66794026,0.6744186
n02118333_9986.jpg,0.78680825,0.82608694
00030318.jpg,0.7830736,0.7579376
n00445351_8665.jpg,0.84416234,0.83516484
00000996.jpg,0.70850885,0.7356568
00016881.jpg,0.8723303,0.756822
n07880968_4309.jpg,0.8046657,0.8636364
00044836.jpg,0.802979,0.7764992
00037177.jpg,0.6990937,0.7658528
00025792.jpg,0.6838559,0.5966844
00004574.jpg,0.8984662,0.903272
00047241.jpg,0.8128747,0.7595716
n02932891_17874.jpg,0.58120584,0.66019416
n09415671_14688.jpg,0.64415014,0.67256635
00027976.jpg,0.63510776,0.6325954
000000226617.jpg,0.7223794,0.7653061
00047430.jpg,0.6945645,0.6469734
000000063370.jpg,0.78348434,0.94736844
00053222.jpg,0.78966075,0.7942934
n03541923_3836.jpg,0.75388527,0.7304348
00048535.jpg,0.77333605,0.7729604
00053827.jpg,0.7664324,0.7254636
00025054.jpg,0.8749366,0.7694074
00040898.jpg,0.69410336,0.6930912
n07583197_6842.jpg,0.81846714,0.8787879
00024661.jpg,0.73630434,0.5530304
00005815.jpg,0.6805508,0.65138
00036174.jpg,0.60389465,0.4749656
00021797.jpg,0.7550771,0.7798034
00043334.jpg,0.6287413,0.6593244
00000415.jpg,0.85397816,0.7829554
00042023.jpg,0.800086,0.8566208
00000648.jpg,0.88211644,0.8908538
00050060.jpg,0.9014313,0.9097916
00039410.jpg,0.6397691,0.7904994
00058303.jpg,0.7878697,0.8068608
00024230.jpg,0.8214282,0.9337336
00048126.jpg,0.69262695,0.5750786
00001895.jpg,0.8481746,0.8931794
00048023.jpg,0.7408174,0.855939
00005480.jpg,0.82089305,0.7919692
00017472.jpg,0.585712,0.5832678
n07711569_3528.jpg,0.83519804,0.7303371
00037025.jpg,0.6950985,0.8261694
00042768.jpg,0.84189796,0.8295798
00005305.jpg,0.8047024,0.8490528
00049842.jpg,0.8298913,0.8194776
00036928.jpg,0.77289283,0.6839224
00005557.jpg,0.7262707,0.7228898
00023380.jpg,0.7563899,0.8257672
00017560.jpg,0.8600148,0.7903382
00043757.jpg,0.8165605,0.7819382
00032947.jpg,0.820272,0.8044016
00035646.jpg,0.6722739,0.6587436
00057412.jpg,0.88432026,0.86907
00028450.jpg,0.7734926,0.8836436
00031604.jpg,0.8328239,0.648146
00004644.jpg,0.6185296,0.4428572
00000243.jpg,0.8559745,0.8030572
n02834778_1213.jpg,0.8187852,0.83168316
00012830.jpg,0.6811872,0.4313408
00035390.jpg,0.64372176,0.7637342
00022527.jpg,0.8240119,0.748814
00036902.jpg,0.6521206,0.7284698
00014555.jpg,0.59742355,0.5064778
n02430045_4065.jpg,0.7572502,0.74698794
00003751.jpg,0.81657356,0.862133
000000096517.jpg,0.75707614,0.8557692
n02324045_30218.jpg,0.7855377,0.67741936
00027596.jpg,0.8724661,0.7597494
00041265.jpg,0.8343812,0.8670384
00001383.jpg,0.75622094,0.8218026
00018969.jpg,0.88351226,0.8969956
n04166281_1174.jpg,0.7876829,0.7714286
000000129843.jpg,0.8609132,0.8761905
03f74f6c5682c786.jpg,0.83181524,0.7777778
00034962.jpg,0.6278486,0.5570546
00026255.jpg,0.7652615,0.8458932
00042295.jpg,0.71734416,0.8337334
00008283.jpg,0.78869057,0.8141562
n07880968_3496.jpg,0.8588723,0.7706422
00041862.jpg,0.7483376,0.6458916
00003804.jpg,0.76227903,0.8260192
00057358.jpg,0.9138143,0.9598938
00022324.jpg,0.8380915,0.8452528
00054009.jpg,0.8019898,0.8942848
00018563.jpg,0.6665179,0.7564632
00033363.jpg,0.81130207,0.81058
n07893642_17982.jpg,0.85209465,0.9326923
00020514.jpg,0.8468075,0.8171184
00034573.jpg,0.6296998,0.539957
00026114.jpg,0.9506998,0.9307658
n04335435_4236.jpg,0.7973211,0.84615386
00031408.jpg,0.8000556,0.7511074
00031641.jpg,0.70134485,0.6278468
00037233.jpg,0.6203519,0.7264328
00025794.jpg,0.70599896,0.8123484
00037974.jpg,0.76529574,0.7624648
00018170.jpg,0.67335105,0.7891924
00026239.jpg,0.86777544,0.8960426
00025244.jpg,0.8457724,0.9073498
00055670.jpg,0.84455645,0.8413512
00027379.jpg,0.8007656,0.8461614
00002791.jpg,0.7450551,0.7630756
00032508.jpg,0.6446384,0.6561976
00010797.jpg,0.6910573,0.6145168
00034923.jpg,0.70556915,0.6032968
00057687.jpg,0.7466471,0.8006138
00029378.jpg,0.61118424,0.6399626
00013100.jpg,0.7764781,0.7663576
00024498.jpg,0.80965567,0.8513964
00053548.jpg,0.69137245,0.6751888
00005751.jpg,0.6923532,0.7964944
00005454.jpg,0.82796687,0.7530294
00030799.jpg,0.8014332,0.8422204
00014663.jpg,0.8086697,0.7614596
00029663.jpg,0.75369585,0.756141
00057808.jpg,0.89991355,0.9673204
00025912.jpg,0.610235,0.562556
n07911677_135.jpg,0.8336228,0.9174312
sun_avyvuodyzgegylua.jpg,0.601985,0.4631579
00053555.jpg,0.8525326,0.7978898
00042915.jpg,0.76504767,0.6844004
00003414.jpg,0.82834923,0.8950634
00035873.jpg,0.6738045,0.6290456
00057063.jpg,0.83159804,0.9455868
sun_anwqlrkgypvtxleo.jpg,0.5828257,0.36458334
00047726.jpg,0.6896657,0.6732464
00044821.jpg,0.7683644,0.8341956
sun_akjcpujabvbrcdxl.jpg,0.56081426,0.6756757
00029678.jpg,0.8477282,0.8092592
00017589.jpg,0.75867856,0.8918846
00019938.jpg,0.60326326,0.5239354
00033973.jpg,0.67534196,0.6671592
00028026.jpg,0.7683214,0.8322148
00046746.jpg,0.6805153,0.7458964
00016718.jpg,0.5728807,0.4619194
00044742.jpg,0.78590226,0.841278
00029171.jpg,0.8074069,0.7215302
00047152.jpg,0.7298887,0.7935102
00050032.jpg,0.6494074,0.7697974
n02355227_13530.jpg,0.81068826,0.9357798
00026996.jpg,0.61424077,0.6229076
00015846.jpg,0.8634876,0.8984954
00021126.jpg,0.6440503,0.5183682
00023024.jpg,1.0420651,0.9442914
00009492.jpg,0.90837324,0.910095
000000235843.jpg,0.8212943,0.85858583
00050811.jpg,0.71026707,0.7354146
00058134.jpg,0.72530484,0.727361
00035032.jpg,0.7820271,0.664159
00050513.jpg,0.7467544,0.6259018
00028176.jpg,0.86118686,0.9031218
465f53e65089856c.jpg,0.8364145,0.74285716
00054495.jpg,0.8054058,0.691937
00019097.jpg,0.8333156,0.7378542
00001284.jpg,0.5904312,0.4663096
00056768.jpg,0.6750771,0.8651378
00041929.jpg,0.81055653,0.861276
00031325.jpg,0.7302816,0.736675
00009737.jpg,0.8004092,0.7564848
00048710.jpg,0.6871176,0.6477794
00049250.jpg,0.8357098,0.8630308
00027494.jpg,0.79612446,0.747538
00038103.jpg,0.64248717,0.5425178
00048317.jpg,0.6875433,0.6099504
00040779.jpg,0.78714144,0.7543576
00023431.jpg,0.6581345,0.5897404
00005382.jpg,0.7071098,0.7261526
00029753.jpg,0.52744764,0.5825648
n04349306_4626.jpg,0.7697991,0.9009901
00043272.jpg,0.7182016,0.7323968
00030041.jpg,0.86648375,0.9027568
00016011.jpg,0.7657608,0.8702996
n03384352_3478.jpg,0.8036778,0.88659793
00033720.jpg,0.9097625,0.8477966
00009567.jpg,0.63006294,0.6682806
00035849.jpg,0.7167746,0.6690734
00016883.jpg,0.8296843,0.855126
00015932.jpg,0.7059755,0.800392
00029439.jpg,0.63923275,0.6246134
n09289331_4346.jpg,0.6307484,0.49019608
00042692.jpg,0.6599362,0.6608274
00026911.jpg,0.7466396,0.59
00053348.jpg,0.78980005,0.9178488
00003418.jpg,0.67868817,0.633874
00054887.jpg,0.75813663,0.6518514
00020282.jpg,0.8972869,0.7796168
00033575.jpg,0.8309554,0.846175
8341d6c1644efe7e.jpg,0.7904982,0.81632656
00053162.jpg,0.9037993,0.8787308
00028952.jpg,0.7448877,0.750093
00052655.jpg,0.6833118,0.8089284
00013338.jpg,0.7963942,0.6737678
00024298.jpg,0.7147685,0.8720746
00035538.jpg,0.6374184,0.684167
00057234.jpg,0.75039065,0.7567314
00045695.jpg,0.79646087,0.861212
00009511.jpg,0.69778717,0.5859602
00025735.jpg,0.7939557,0.7702928
00046719.jpg,0.8628775,0.9035728
00013649.jpg,0.64113915,0.6608908
00022870.jpg,0.7674804,0.8002414
n03791053_27019.jpg,0.79896766,0.8019802
00049161.jpg,0.84275687,0.7291724
00034112.jpg,0.7562486,0.6808172
3bdb508115890d02.jpg,0.7744502,0.81578946
00012358.jpg,0.6415496,0.6800594
00051792.jpg,0.7856113,0.7744006
00038189.jpg,0.6044453,0.4075362
00005813.jpg,0.82192874,0.8915056
00030253.jpg,0.8181077,0.9607326
284d481b2a298621.jpg,0.8507848,0.8425926
n03541923_855.jpg,0.8619548,0.8543689
00045155.jpg,0.7042125,0.6679956
00047125.jpg,0.66860247,0.6970612
00020867.jpg,0.80012655,0.7434544
00051989.jpg,0.7065434,0.867244
00019310.jpg,0.9228573,0.8337562
00038469.jpg,0.70220804,0.6274524
n09359803_20911.jpg,0.6607006,0.6969697
00051284.jpg,0.77145195,0.7415436
00037768.jpg,0.5933255,0.4241054
00040626.jpg,0.75845814,0.8604198
00003267.jpg,0.7979385,0.7903516
00031685.jpg,0.8188542,0.8115372
00057668.jpg,0.73335046,0.8773846
00036957.jpg,0.6079163,0.8370654
00038012.jpg,0.6901003,0.6632326
00053730.jpg,0.8965491,0.9190454
n07753592_5569.jpg,0.8557232,0.9310345
00030072.jpg,0.90952206,0.861326
00019066.jpg,0.71557295,0.7076044
00002510.jpg,0.741603,0.8008076
n04349306_9944.jpg,0.7418121,0.83505154
00003540.jpg,0.772146,0.8780772
00012880.jpg,0.566892,0.5028148
00030713.jpg,0.80671966,0.882759
00006378.jpg,0.70746493,0.563262
00006764.jpg,0.8924191,0.8148764
00039082.jpg,0.6563285,0.725335
00010181.jpg,0.7994989,0.8669016
00022139.jpg,0.66735,0.7970214
00042323.jpg,0.72066224,0.6039062
00007251.jpg,0.8977771,0.8560612
00005845.jpg,0.6761184,0.74294
00014844.jpg,0.60327595,0.631131
00039676.jpg,0.82369196,0.8479356
00041830.jpg,0.82482374,0.7613098
00018259.jpg,0.86192995,0.9091662
00002262.jpg,0.79601645,0.8611744
00000016.jpg,0.81140363,0.6287624
00055245.jpg,0.7831327,0.784935
00012468.jpg,0.7440561,0.7948748
00022247.jpg,0.8888247,0.9308212
00049288.jpg,0.7232444,0.8516964
00040665.jpg,0.71595013,0.8287812
00003868.jpg,0.6729754,0.6905556
n09359803_44619.jpg,0.660758,0.6698113
n03541923_3937.jpg,0.7709059,0.8
00020565.jpg,0.8248804,0.897629
00017343.jpg,0.8080154,0.8169048
00012806.jpg,0.5071964,0.5655288
00051529.jpg,0.7274128,0.7441814
00044030.jpg,0.6918373,0.6611382
00000123.jpg,0.75690925,0.7086836
00046021.jpg,0.7326291,0.7774044
00004713.jpg,0.8942785,0.947204
00029482.jpg,0.7527894,0.772595
00050005.jpg,0.6454083,0.718677
00015992.jpg,0.69149566,0.5680896
00016849.jpg,0.785678,0.8584096
00022975.jpg,0.7163396,0.8173472
00018005.jpg,0.8028021,0.8262992
00003423.jpg,0.85162395,0.6830884
00010087.jpg,0.7984245,0.8764318
00036466.jpg,0.60954523,0.5453744
00029490.jpg,0.76549363,0.804315
00055152.jpg,0.7354363,0.6918812
00030793.jpg,0.8612554,0.7924012
00014606.jpg,0.7474016,0.7582134
00054623.jpg,0.7345325,0.6360058
00031404.jpg,0.68098164,0.5646152
00010121.jpg,0.7524079,0.7119806
00029759.jpg,0.7423761,0.6691184
00019222.jpg,0.8688481,0.9355426
00036681.jpg,0.6498635,0.4410176
00038812.jpg,0.919853,0.927393
ed5f342e81b7c851.jpg,0.75220317,0.74
00000139.jpg,0.5276238,0.5892192
00031326.jpg,0.60929406,0.6406038
00015130.jpg,0.78594095,0.7182384
00003545.jpg,0.76935077,0.8588552
00012157.jpg,0.62648034,0.7031004
00055559.jpg,0.7352936,0.720791
00052909.jpg,0.794495,0.9556738
00039677.jpg,0.6467837,0.5101102
00035303.jpg,0.69570875,0.6288632
00054002.jpg,0.68980014,0.673288
00019606.jpg,0.7403848,0.6453528
00045500.jpg,0.79142654,0.7606006
00024821.jpg,0.6818222,0.5948802
00029961.jpg,0.77318144,0.9427382
00008738.jpg,0.59948426,0.5275868
00026003.jpg,0.7441783,0.646277
00057490.jpg,0.6957557,0.7032236
00018806.jpg,0.63134944,0.645215
00031360.jpg,0.77711904,0.8778138
00046637.jpg,0.7123679,0.7782832
00034235.jpg,0.65592706,0.5781598
00004964.jpg,0.8275312,0.9064092
00026987.jpg,0.69398284,0.7369242
00005790.jpg,0.7871564,0.6049496
00036922.jpg,0.7842767,0.8567328
00040528.jpg,0.6899421,0.6128016
000000067082.jpg,0.66425,0.48076922
00048981.jpg,0.86877215,0.689573
00049864.jpg,0.8013804,0.8983374
00040164.jpg,0.77643716,0.7589294
000000095201.jpg,0.68141425,0.6826923
00041709.jpg,0.7376784,0.6109728
00042417.jpg,0.7091112,0.7798046
00056326.jpg,0.7221125,0.7725954
00048293.jpg,0.7372929,0.6160382
00022683.jpg,0.6817863,0.7288372
00036524.jpg,0.66115224,0.6656228
00055858.jpg,0.7595904,0.8152316
000000293543.jpg,0.8019235,0.7790698
00036542.jpg,0.6081332,0.5865708
00020068.jpg,0.73565817,0.7127086
00056775.jpg,0.7941408,0.8356816
00007527.jpg,0.63128066,0.4795448
00010754.jpg,0.770723,0.7465156
00042379.jpg,0.73886335,0.6213686
00044651.jpg,0.72554564,0.6666668
00034067.jpg,0.62169385,0.554071
n03541923_1885.jpg,0.7475182,0.69512194
00051665.jpg,0.63543177,0.629142
00023609.jpg,0.5804907,0.5658926
00000744.jpg,0.69818354,0.6120146
00034488.jpg,0.67988217,0.7116338
00048194.jpg,0.77615345,0.7358764
00019339.jpg,0.5451647,0.545176
00048587.jpg,0.66418725,0.5629362
00004040.jpg,0.77705747,0.7902128
00043939.jpg,0.7522116,0.8873986
00027727.jpg,0.86158156,0.8735766
00030225.jpg,0.79483795,0.79
00007343.jpg,0.84673274,0.8757166
n03541923_1299.jpg,0.87008333,0.90909094
00049983.jpg,0.76232135,0.8926786
00022736.jpg,0.64239895,0.5077826
ebda4cc826b4f92f.jpg,0.7645447,0.84615386
00040237.jpg,0.6652869,0.670345
00040896.jpg,0.6154194,0.5497984
00054040.jpg,0.8200246,0.807494
n02355227_15177.jpg,0.87643445,0.8202247
1f21eeca4577a562.jpg,0.72120214,0.7804878
00047621.jpg,0.7943582,0.871623
00032373.jpg,0.73286486,0.8190476
00034149.jpg,0.71391404,0.7004318
00020292.jpg,0.7781178,0.8130754
00031139.jpg,0.7913524,0.8167958
00049210.jpg,0.7601416,0.7980952
00009211.jpg,0.97551656,0.966397
00004165.jpg,0.8045516,0.9184274
00049091.jpg,0.8209115,0.8309188
00049995.jpg,0.6607287,0.6287206
00038285.jpg,0.644852,0.7092624
00001784.jpg,0.66377234,0.767657
00041381.jpg,0.7583317,0.8113508
00039860.jpg,0.88033664,0.9283222
00053803.jpg,0.776948,0.7903262
00049041.jpg,0.88916147,0.832229
n03512147_5093.jpg,0.775987,0.8217822
00003011.jpg,0.87194526,0.9908334
00015769.jpg,0.7801132,0.776286
00055676.jpg,0.7295542,0.8008018
00039844.jpg,0.7406874,0.7644886
00049635.jpg,0.74483824,0.8359512
350146445a1383f8.jpg,0.56399095,0.5319149
00038021.jpg,0.67244554,0.5694216
88bcf1c971644e86.jpg,0.85682416,0.8131868
00052939.jpg,0.8343085,0.8151118
00008262.jpg,0.6443027,0.745105
n07716358_22212.jpg,0.88008726,0.9139785
00057993.jpg,0.86886823,0.8659424
00004210.jpg,0.8351984,0.8530682
00055398.jpg,0.56422555,0.505951
00055206.jpg,0.83639324,0.864828
00013504.jpg,0.8704176,0.796587
00022693.jpg,0.78985715,0.7471248
00041707.jpg,0.85330474,0.8474828
00044441.jpg,0.6925154,0.6502254
00012670.jpg,0.7407961,0.7517538
00047416.jpg,0.78851914,0.7277768
00027538.jpg,0.6338769,0.635218
n04587559_11917.jpg,0.6360775,0.6091954
00052959.jpg,0.62952924,0.6836378
00000478.jpg,0.82085013,0.8980478
00042997.jpg,0.70007217,0.6975774
00034070.jpg,0.7485778,0.8141344
00048532.jpg,0.7892388,0.7721318
00026027.jpg,0.81679505,0.8197688
00002037.jpg,0.79367435,0.7781356
00018023.jpg,0.597805,0.5406376
00024810.jpg,0.78520554,0.808465
00051940.jpg,0.7831439,0.8403196
00034287.jpg,0.69550115,0.6247836
000000126895.jpg,0.7768321,0.7706422
000000114246.jpg,0.78210425,0.81395346
00049755.jpg,0.7671492,0.7119286
00004496.jpg,0.82308054,0.831197
00019831.jpg,0.7723812,0.7132706
00019120.jpg,0.5932302,0.626815
000000240379.jpg,0.6498637,0.5925926
000000505592.jpg,0.82888126,0.853211
n04335435_10234.jpg,0.77844274,0.7894737
00012114.jpg,0.9055244,0.955631
00001238.jpg,0.79143065,0.8900304
00038651.jpg,0.54628325,0.5372436
n02342885_13036.jpg,0.87861216,0.7837838
00047613.jpg,0.6846296,0.6593852
00005836.jpg,0.78509384,0.7911846
00018704.jpg,0.80507123,0.9639974
00013252.jpg,0.7945193,0.7488464
00009731.jpg,0.8092809,0.7727906
00018615.jpg,0.8720132,0.8698236
00021619.jpg,0.8796731,0.8334396
00026893.jpg,0.8340075,0.8060482
00025015.jpg,0.70349205,0.7327984
n07933274_31468.jpg,0.78992164,0.8557692
00048985.jpg,0.8638723,0.9352602
00006472.jpg,0.82702875,0.9288442
00021749.jpg,0.8781313,0.9143242
00016444.jpg,0.7258527,0.827855
00021530.jpg,0.7298641,0.71936
00011598.jpg,0.6940323,0.6815538
00052092.jpg,0.8183631,0.8061088
00032382.jpg,0.8917407,0.8754402
00054071.jpg,0.7800447,0.783612
00017925.jpg,0.78785646,0.8191766
00021935.jpg,0.8637402,0.8840446
00031884.jpg,0.90038,0.9290514
00027652.jpg,0.92565536,0.850423
00018554.jpg,0.7841462,0.7864178
00008717.jpg,0.7339206,0.804218
000000566432.jpg,0.8472402,0.89
00055570.jpg,0.74590254,0.80973
00058317.jpg,0.69833744,0.6936386
00052459.jpg,0.83014876,0.7926668
00007556.jpg,0.8443533,0.9011628
00035427.jpg,0.71559715,0.7399068
00008309.jpg,0.7832501,0.7396848
00009791.jpg,0.71958625,0.8003678
00000448.jpg,0.77231026,0.8042746
00005904.jpg,0.69975436,0.5898604
00011958.jpg,0.89629805,0.832612
00028119.jpg,0.6985047,0.5934336
00034721.jpg,0.5189913,0.4876098
00037938.jpg,0.70917654,0.6140058
00050104.jpg,0.5740064,0.828744
00053257.jpg,0.7906446,0.8006128
00031654.jpg,0.7161784,0.79173
00005743.jpg,0.6364287,0.677009
00008107.jpg,0.569343,0.5576686
00033932.jpg,0.6508728,0.6262782
00004734.jpg,0.8272276,0.883342
00031214.jpg,0.84390885,0.874589
00007722.jpg,0.7776166,0.7862374
00027739.jpg,0.8698281,0.846508
00052898.jpg,0.7252642,0.8048244
00020727.jpg,0.7018635,0.68901
00046767.jpg,0.6906674,0.6380568
00041641.jpg,0.6712068,0.5301968
00034060.jpg,0.72138494,0.8232628
n07716358_1018.jpg,0.90143776,0.88461536
000000093075.jpg,0.75125754,0.77678573
00037877.jpg,0.70100236,0.7214312
n09415671_14641.jpg,0.5398599,0.4642857
00047966.jpg,0.8444632,0.800066
00047447.jpg,0.6826314,0.7318188
n01514859_10948.jpg,0.8310205,0.8053097
00032541.jpg,0.55018866,0.5249228
00054014.jpg,0.8790555,0.9398494
n02396427_10266.jpg,0.6767992,0.6122449
00028732.jpg,0.8082732,0.7301508
00025004.jpg,0.69296503,0.6556216
00016495.jpg,0.56523234,0.543993
00025646.jpg,0.8057209,0.7771862
00040945.jpg,0.7243261,0.7618136
00009964.jpg,0.75487405,0.7849724
00047311.jpg,0.6685121,0.71712
00021775.jpg,0.6399075,0.7839256
00008013.jpg,0.8786273,0.9395268
00016461.jpg,0.78697693,0.7559344
00011449.jpg,0.8296638,0.8212604
00035812.jpg,0.59040236,0.5108938
00050789.jpg,0.80563927,0.8599322
00041349.jpg,0.82891047,0.8717198
00016234.jpg,0.71530306,0.8847966
00055829.jpg,0.8559383,0.8233204
00029818.jpg,0.741588,0.757742
00039519.jpg,0.7369473,0.759261
n03670208_9768.jpg,0.82179356,0.7446808
00008892.jpg,0.65200794,0.5667602
00058320.jpg,0.7928786,0.8897446
00053713.jpg,0.891507,0.8901664
00015229.jpg,0.8682445,0.9414064
2da2f8e4173ec2d8.jpg,0.50614,0.45794392
00015767.jpg,0.82253623,0.897458
00044717.jpg,0.7652615,0.8272444
00004488.jpg,0.62446415,0.6904032
00000567.jpg,0.7369381,0.7177792
00037535.jpg,0.6599858,0.6075948
00006050.jpg,0.80036,0.7979846
00011066.jpg,0.6126566,0.3847094
00017599.jpg,0.79001915,0.7843726
00037464.jpg,0.63848627,0.6725512
30c83644cca56b50.jpg,0.6038505,0.5882353
00053540.jpg,0.8398541,0.9402784
00039902.jpg,0.82166696,0.9361622
000000006068.jpg,0.6761112,0.7009346
00044487.jpg,0.7971084,0.9240926
00008764.jpg,0.86737835,0.8615194
00057591.jpg,0.65214694,0.7391928
00004870.jpg,0.7109295,0.7472668
00057084.jpg,0.74508524,0.7425364
00009917.jpg,0.9139062,0.8702192
00022577.jpg,0.7339133,0.7382908
00040579.jpg,0.66761434,0.8601782
n07929519_33208.jpg,0.8451648,0.74757284
00049476.jpg,0.71744204,0.6928424
00010319.jpg,0.7623411,0.8112246
00023148.jpg,0.8467212,0.71904
00027297.jpg,0.87638915,0.7092876
00048525.jpg,0.7299348,0.690466
00049821.jpg,0.8966546,0.8901774
00040506.jpg,0.77813554,0.851049
00013424.jpg,0.8747066,0.9115746
00052085.jpg,0.6477702,0.6597364
00039317.jpg,0.82968295,0.7595712
53821fa455b7f309.jpg,0.78144383,0.77319586
00022673.jpg,0.7957871,0.851582
00025186.jpg,0.7032486,0.6896136
00038608.jpg,0.5989762,0.7181836
00001914.jpg,0.85163563,0.9083222
00047898.jpg,0.6820085,0.7915098
00040943.jpg,0.80857766,0.7017722
00010245.jpg,0.775361,0.8525398
n02834778_11865.jpg,0.8058604,0.85087717
00019619.jpg,0.70995677,0.7686774
00002989.jpg,0.92270994,0.9424018
00053265.jpg,0.6809467,0.7322028
sun_aafufhgywldccful.jpg,0.5723127,0.5754717
00042919.jpg,0.666088,0.6955254
00042171.jpg,0.81449866,0.6582768
00005850.jpg,0.75402427,0.840053
97aaac154962a793.jpg,0.7587656,0.82051283
00011475.jpg,0.5381575,0.4719732
n02932891_32573.jpg,0.6695853,0.6111111
00017438.jpg,0.8409153,0.8353602
00052064.jpg,0.85075605,0.9071268
00003370.jpg,0.8348819,0.8676524
00007155.jpg,0.7392224,0.7482596
00018910.jpg,0.5808588,0.4900432
n04610013_2308.jpg,0.6199242,0.7173913
00043234.jpg,0.8163701,0.9257888
00011357.jpg,0.8040067,0.904129
00014817.jpg,0.73858863,0.6738586
00040942.jpg,0.7900062,0.7828058
00051452.jpg,0.8713503,0.832399
n07720875_993.jpg,0.8033141,0.8055556
00045837.jpg,0.78642523,0.6782478
00056017.jpg,0.81918323,0.8551352
d62b42c4e5e7ee36.jpg,0.791325,0.80172414
00018237.jpg,0.56081796,0.523285
00052352.jpg,0.7351724,0.8442626
00022710.jpg,0.7752937,0.8500796
00029246.jpg,0.7113339,0.6415568
00002311.jpg,0.77317643,0.7439012
00058613.jpg,0.66880286,0.5698336
00031989.jpg,0.71875525,0.7713094
00046498.jpg,0.715539,0.7691292
00044561.jpg,0.72954905,0.702089
n04231693_22406.jpg,0.68593544,0.75238097
00016002.jpg,0.78005433,0.748221
00003750.jpg,0.7161379,0.8567948
00011674.jpg,0.7585758,0.6601048
00047491.jpg,0.7857604,0.8611378
00020516.jpg,0.8712735,0.8935242
00002880.jpg,0.8246434,0.9067874
00033300.jpg,0.7938054,0.7693892
n03791053_22481.jpg,0.72707415,0.6666667
00030212.jpg,0.58196104,0.502069
00020761.jpg,0.5702892,0.7212322
00058098.jpg,0.860896,0.9810774
00005568.jpg,0.8444946,0.9191952
00025701.jpg,0.78022623,0.80252
00042678.jpg,0.76267993,0.713836
00028673.jpg,0.7799448,0.8441712
00052798.jpg,0.81485534,0.8586668
00015454.jpg,0.69596446,0.7166662
00052153.jpg,0.74715096,0.888601
00027487.jpg,0.8493048,0.8651842
n04349306_5350.jpg,0.78472924,0.875
n02431337_2676.jpg,0.7760227,0.8111111
00040899.jpg,0.8001195,0.8286362
00012100.jpg,0.62693274,0.477738
000000515355.jpg,0.85468423,0.875
00021202.jpg,0.8035046,0.9040248
sun_bfrnorowythmltyj.jpg,0.7359146,0.85106385
00002287.jpg,0.8169626,0.7624746
00015643.jpg,0.77451205,0.85755
00040050.jpg,0.7700222,0.871015
00041685.jpg,0.75882286,0.749547
00002672.jpg,0.8816502,0.8021986
00019522.jpg,0.71622944,0.6618292
00002180.jpg,0.78217006,0.7570772
000000558809.jpg,0.8152616,0.9259259
00024058.jpg,0.5673219,0.647136
00043968.jpg,0.7513058,0.8004886
00036601.jpg,0.73946023,0.7368102
00057955.jpg,0.7348114,0.8011564
00000403.jpg,0.80606294,0.8457962
000000073022.jpg,0.7326194,0.7154471
00044241.jpg,0.66555476,0.8755846
00032702.jpg,0.84481406,0.8820066
n01792640_6987.jpg,0.8767097,0.7383177
00006616.jpg,0.5938508,0.5692802
00015119.jpg,0.85837126,0.8702692
00037581.jpg,0.75837815,0.7878594
00016370.jpg,0.8752781,0.8728286
00005262.jpg,0.604042,0.600996
00039308.jpg,0.67877936,0.6443762
00045231.jpg,0.7646246,0.6822882
n03512147_1201.jpg,0.8023568,0.745283
00019477.jpg,1.0039693,0.9276326
00028488.jpg,0.709007,0.6324772
00001093.jpg,0.6109986,0.5564262
00030962.jpg,0.70055836,0.5843902
00024541.jpg,0.7436414,0.7718682
00046451.jpg,0.83269423,0.85473
00009826.jpg,0.62848663,0.6888284
00050934.jpg,0.76653016,0.8023916
n02793495_7832.jpg,0.6637261,0.7291667
00037762.jpg,0.6925396,0.7243138
00039045.jpg,0.7122829,0.8287576
00031017.jpg,0.82720006,0.797833
00017975.jpg,0.73500615,0.6415868
00020685.jpg,0.7464726,0.739067
00025348.jpg,0.78521824,0.7936338
00036258.jpg,0.7275302,0.651985
00052855.jpg,0.7905234,0.798209
00018239.jpg,0.8003968,0.8615924
000000530407.jpg,0.7927682,0.79310346
n03634034_5967.jpg,0.6434407,0.6375
00054630.jpg,0.8063648,0.8453892
00035047.jpg,0.7251191,0.737685
000000473030.jpg,0.81398785,0.7589286
00012672.jpg,0.68466926,0.562171
00021379.jpg,0.8196645,0.8524892
00028718.jpg,0.85581195,0.8870548
00043003.jpg,0.7086451,0.6252846
sun_ajtyybhnsrlhgzrj.jpg,0.608633,0.5882353
00021567.jpg,0.8538544,0.9038436
00002827.jpg,0.5786409,0.4832706
00014884.jpg,0.8373897,0.8312636
00046519.jpg,0.85266066,0.901675
000000002139.jpg,0.784709,0.8367347
00046061.jpg,0.742412,0.6542
n09308572_3437.jpg,0.70907897,0.76842105
00022148.jpg,0.82814646,0.8477146
00056353.jpg,0.7789687,0.754767
00048329.jpg,0.8048991,0.8294284
00018641.jpg,0.7356837,0.722511
00030541.jpg,0.6551542,0.678285
00055540.jpg,0.63877237,0.6234504
00031569.jpg,0.68671596,0.7069946
00010569.jpg,0.9025996,0.8668976
00017336.jpg,0.84332615,0.9152088
00045342.jpg,0.6793335,0.652338
00034376.jpg,0.61875117,0.5346864
00020614.jpg,0.7755059,0.6676662
00052298.jpg,0.8474792,0.8539296
00040023.jpg,0.7743715,0.7527962
000000307652.jpg,0.7510823,0.81914896
00032100.jpg,0.7957266,0.7104888
00054737.jpg,0.89630556,0.8541622
00028400.jpg,0.92070127,0.9556024
00002934.jpg,0.680984,0.67053
00018763.jpg,0.7839252,0.8050272
00022265.jpg,0.8588475,0.8282224
00033785.jpg,0.74669087,0.6500714
n02332755_2388.jpg,0.8957211,0.8761905
00020720.jpg,0.7213471,0.8035516
n09289331_6889.jpg,0.55621934,0.7155172
000000524140.jpg,0.80432034,0.87096775
000000133837.jpg,0.76953197,0.74747473
00057544.jpg,0.96109414,0.9433814
00033423.jpg,0.78777766,0.8717072
00026920.jpg,0.73509073,0.8448264
00002997.jpg,0.750463,0.7108586
00049599.jpg,0.8930242,0.923304
00013759.jpg,0.9518291,0.96396
00040635.jpg,0.8151827,0.905722
00009407.jpg,0.8707831,0.7554716
00005117.jpg,0.75516546,0.7732706
00019814.jpg,0.7656449,0.7591704
n09428293_42334.jpg,0.5928216,0.66972476
00004875.jpg,0.7917131,0.752979
00014544.jpg,0.7660245,0.7749742
n04610013_6077.jpg,0.6944698,0.6666667
00025529.jpg,0.78978515,0.8153886
00040424.jpg,0.7253028,0.8182806
00031311.jpg,0.8211833,0.8371608
00021394.jpg,0.8147879,0.7848046
n09415671_9090.jpg,0.55271095,0.505618
00053113.jpg,0.81589603,0.9493296
00058055.jpg,0.8288032,0.9522932
00026359.jpg,0.82400775,0.7923764
n04461696_4934.jpg,0.7417642,0.60674155
00015563.jpg,0.9042964,0.920737
00021095.jpg,0.8916069,0.8739856
00040878.jpg,0.6513032,0.6158882
00007982.jpg,0.6813698,0.5702854
00014612.jpg,0.6223378,0.5118924
00002508.jpg,0.8745289,0.819236
00038049.jpg,0.7329788,0.7466038
00049244.jpg,0.85358036,0.9157604
00003255.jpg,0.8104768,0.8998064
00009432.jpg,0.8720994,0.9573688
00037093.jpg,0.73096585,0.8394458
00017399.jpg,0.8342879,0.7809196
00021517.jpg,0.6618993,0.7749852
00038365.jpg,0.6044169,0.63875
00048081.jpg,0.76570404,0.64959
00002983.jpg,0.5835867,0.6182792
aa57164987eff0f6.jpg,0.79980755,0.9029126
00029324.jpg,0.9427953,0.9333292
00043587.jpg,0.6964828,0.7013576
b295ce363a6fc653.jpg,0.83826035,0.8
00001404.jpg,0.8054224,0.859104
00047685.jpg,0.7867887,0.734333
000000541635.jpg,0.8721659,0.9230769
00053308.jpg,0.71066946,0.8454574
00030117.jpg,0.88263786,0.8971784
00017802.jpg,0.7775737,0.8364928
00014158.jpg,0.7116716,0.5343236
00001811.jpg,0.91466236,0.8944498
00021191.jpg,0.55993545,0.560209
00017949.jpg,0.74499655,0.6340234
00023497.jpg,0.6981445,0.8045172
00041180.jpg,0.6117151,0.6548272
00050998.jpg,0.77656776,0.87688
00016959.jpg,0.88959336,0.879876
00004279.jpg,0.88791835,0.9408238
00006009.jpg,0.87177837,0.8167274
00045993.jpg,0.79761004,0.7913664
00031559.jpg,0.7057078,0.6058712
00022629.jpg,0.8232622,0.8771858
00034534.jpg,0.58528006,0.4528806
00053994.jpg,0.69368154,0.7124784
00040123.jpg,0.6874007,0.6870464
00023984.jpg,0.90569746,0.898764
00034228.jpg,0.7052859,0.7732298
71b7fc6522575582.jpg,0.7437253,0.67826086
00009260.jpg,0.73125845,0.636345
00012326.jpg,0.76980317,0.82873
00036781.jpg,0.6943544,0.498207
n09376198_20395.jpg,0.5624069,0.5504587
00005434.jpg,0.85688794,0.77607
00029326.jpg,0.53955704,0.5737054
00011439.jpg,0.83447945,0.899976
00051924.jpg,0.81075084,0.8203234
00055186.jpg,0.62252474,0.4732436
00045030.jpg,0.7452333,0.7290936
00040547.jpg,0.832796,0.8404208
00007160.jpg,0.85637724,0.8623586
n07717556_3902.jpg,0.97859347,0.975
00026687.jpg,0.6648418,0.6525398
00026937.jpg,0.8918444,0.8890438
00053775.jpg,0.68713665,0.8220946
00014813.jpg,0.70420563,0.6830304
00028894.jpg,0.7230176,0.5663124
00030221.jpg,0.7510836,0.8452552
29af2f1dd764c49f.jpg,0.8406906,0.8152174
00024775.jpg,0.567062,0.4322266
00012735.jpg,0.6797941,0.6939284
00003731.jpg,0.5441231,0.5363314
00040487.jpg,0.7921073,0.7268214
00054112.jpg,0.9158567,0.9406236
00047973.jpg,0.8394927,0.8492648
00032999.jpg,0.7271482,0.773461
00009836.jpg,0.709157,0.8141712
00010863.jpg,0.8066092,0.8489748
n02834778_7536.jpg,0.72279346,0.84158415
00053915.jpg,0.82445395,0.8744886
00012065.jpg,0.8524699,0.8943634
00015815.jpg,0.7125554,0.6973188
00005484.jpg,0.9378972,0.9736332
sun_anovxjalxvtgcqhf.jpg,0.78829014,0.6571429
00021905.jpg,0.6821759,0.8406952
00024203.jpg,0.75975627,0.6671088
00015882.jpg,0.80777013,0.8767416
00036095.jpg,0.6850486,0.6902188
00025196.jpg,0.743237,0.756111
00003432.jpg,0.743356,0.7382462
00049488.jpg,0.87150824,0.8462346
00035392.jpg,0.7096797,0.66599
n04461696_4761.jpg,0.64690757,0.6869565
00012789.jpg,0.7631707,0.8682766
00046921.jpg,0.76238465,0.7814016
n04252077_7317.jpg,0.7592932,0.71590906
00054885.jpg,0.77618724,0.8965596
00022872.jpg,0.7883611,0.9414818
00018111.jpg,0.801947,0.7566834
000000544396.jpg,0.53512174,0.51111114
00025422.jpg,0.80872846,0.8513508
00045994.jpg,0.6865151,0.686438
00030457.jpg,0.82408524,0.794376
00008982.jpg,0.82959807,0.7635078
00000727.jpg,0.9391825,1.0
00032905.jpg,0.8456079,0.713131
00016345.jpg,0.85893375,0.882118
n03351262_5274.jpg,0.70636034,0.8367347
n04587559_9739.jpg,0.69186044,0.7878788
00037698.jpg,0.77446437,0.7568838
00004373.jpg,0.8828554,0.89608
00008057.jpg,0.7725657,0.8566434
00036595.jpg,0.6479958,0.6176636
n07863374_18176.jpg,0.83085936,0.8
00009658.jpg,0.7106993,0.4828198
00024128.jpg,0.8505672,0.9449428
00055969.jpg,0.74161106,0.6471224
00015422.jpg,0.82107246,0.845949
00018297.jpg,0.81261337,0.8419696
00044248.jpg,0.6824597,0.561868
00041948.jpg,0.72663534,0.7227432
00029201.jpg,0.7557541,0.6291338
00005947.jpg,0.7123939,0.7598414
n02118333_5349.jpg,0.85570145,0.79611653
00053544.jpg,0.597167,0.5892954
n02932891_14021.jpg,0.7249683,0.7446808
n09468604_15022.jpg,0.60122,0.37190083
00030502.jpg,0.76724494,0.8239872
00017906.jpg,0.8082895,0.8730848
00031523.jpg,0.6779412,0.5557284
00042098.jpg,0.80608296,0.7979322
n07696839_10895.jpg,0.8056686,0.8452381
00028412.jpg,0.67619777,0.6018352
00026639.jpg,0.64149976,0.5608388
00054918.jpg,0.8150079,0.638956
00014618.jpg,0.85245824,0.7789106
00004366.jpg,0.760859,0.6341386
00052519.jpg,0.86076975,0.9089728
00003356.jpg,0.86655414,0.9232778
00004390.jpg,0.7865174,0.8464046
00009949.jpg,0.83020324,0.9283396
00033979.jpg,0.68166876,0.601619
000000564898.jpg,0.6752857,0.7058824
00037328.jpg,0.6456573,0.6305694
00054742.jpg,0.8472625,0.838592
00028875.jpg,0.7574626,0.74677
00006162.jpg,0.7680391,0.7025538
00005978.jpg,0.71965504,0.7833494
00046022.jpg,0.60108465,0.648567
000000010449.jpg,0.70482963,0.75
00000620.jpg,0.7943754,0.8426226
00052964.jpg,0.8099808,0.9574804
00049973.jpg,0.7426181,0.8499812
00042254.jpg,0.6767794,0.7291828
00000346.jpg,0.8380483,0.8245306
00052570.jpg,0.72560644,0.7508936
00029250.jpg,0.55885625,0.523533
00017048.jpg,0.7324939,0.5683084
n07849336_24170.jpg,0.8917955,0.9191919
00042494.jpg,0.7901696,0.7823954
n07574602_27493.jpg,0.8283889,0.8627451
00009354.jpg,0.69024265,0.560811
00041233.jpg,0.7145784,0.8260986
n07574602_23014.jpg,0.74100316,0.60747665
00030334.jpg,0.83418655,0.8239128
00036124.jpg,0.72940964,0.6559314
1c6f8910c177c94a.jpg,0.801986,0.8369565
00017618.jpg,0.74169993,0.6954276
00040009.jpg,0.88813114,0.798465
00052976.jpg,0.830593,0.9273428
00046101.jpg,0.7362906,0.7169774
00050663.jpg,0.8023999,0.808281
00041927.jpg,0.76792085,0.70215
00038808.jpg,0.64252985,0.6774554
00045614.jpg,0.7484956,0.6677346
n07806221_24625.jpg,0.7959106,0.7941176
00016068.jpg,0.7466191,0.8013888
00029926.jpg,0.76412034,0.8738902
00032301.jpg,0.4962116,0.5362404
00000230.jpg,0.8169671,0.839845
00014499.jpg,0.79420686,0.7532738
00028018.jpg,0.83172476,0.8944434
00028453.jpg,0.6205182,0.6213002
00004636.jpg,0.5679506,0.5570578
676bec8ddc1c130d.jpg,0.890252,0.875
n02088839_5834.jpg,0.8015455,0.8
00047900.jpg,0.7491745,0.7737242
00047655.jpg,0.7157706,0.750504
00024285.jpg,0.78860724,0.7800584
n03791053_11306.jpg,0.8078908,0.8064516
00052931.jpg,0.72038805,0.5742884
00039726.jpg,0.83859265,0.8086712
00050948.jpg,0.7940844,0.8237642
00028002.jpg,0.85198,0.8697832
00024395.jpg,0.80211294,0.7860846
00020466.jpg,0.7054256,0.8226898
00015532.jpg,0.66582453,0.557733
00005438.jpg,0.7596744,0.5158168
00013319.jpg,0.64626896,0.7296172
00011410.jpg,0.7079623,0.8151842
00008032.jpg,0.82119405,0.8794456
00051121.jpg,0.90581965,0.9564102
000000576206.jpg,0.7299253,0.7070707
00048901.jpg,0.81490237,0.8787786
00026496.jpg,0.5293195,0.5443
00052826.jpg,0.8467654,0.9175552
00002532.jpg,0.79963344,0.7182306
00046215.jpg,0.65542996,0.741462
00033992.jpg,0.68762374,0.8070464
00050727.jpg,0.6767739,0.7066752
00028205.jpg,0.86143905,0.8706302
00012632.jpg,0.8162513,0.8259794
00028100.jpg,0.8598937,0.9013718
00007996.jpg,0.68508583,0.6436814
00034948.jpg,0.70708907,0.499744
00017352.jpg,0.7665752,0.715217
00001648.jpg,0.9034883,0.970452
00038957.jpg,0.70395035,0.7116084
00050151.jpg,0.72046804,0.6182372
00042864.jpg,0.71328783,0.7060094
00017126.jpg,0.84947383,0.8042036
00049284.jpg,0.7970371,0.8555188
n03512147_2987.jpg,0.7860404,0.85
00041675.jpg,0.7322655,0.8242758
00053478.jpg,0.7568314,0.813506
00051220.jpg,0.8282211,0.7848062
00028052.jpg,0.6624087,0.5304176
00043004.jpg,0.79941565,0.6501284
00034387.jpg,0.6332998,0.4151558
00011186.jpg,0.8319949,0.939812
00044671.jpg,0.66346884,0.7196968
00041545.jpg,0.68409145,0.6945536
00008894.jpg,0.7083592,0.7734252
00053919.jpg,0.6362113,0.6369102
00008212.jpg,0.6466279,0.6047126
00044320.jpg,0.80699116,0.7772166
00027915.jpg,0.7631639,0.8268686
n03512147_3355.jpg,0.76669806,0.6831683
00007571.jpg,0.8495866,0.807726
00023137.jpg,0.7539779,0.8996858
00031994.jpg,0.7032362,0.7552806
00043107.jpg,0.7307079,0.7263004
00037679.jpg,0.7653506,0.8657876
00035950.jpg,0.6611277,0.620998
00021430.jpg,0.78583586,0.9118076
00012964.jpg,0.7927537,0.7450424
00053765.jpg,0.6590183,0.8612734
00050514.jpg,0.67467356,0.533093
00027607.jpg,0.6865878,0.6703142
00027567.jpg,0.82597554,0.779824
00022777.jpg,0.84616214,0.8713674
00011368.jpg,0.8984288,0.936662
00036492.jpg,0.7495258,0.6271832
00025041.jpg,0.9404781,0.916579
00033497.jpg,0.83431983,0.8369078
00012255.jpg,0.7012627,0.6698736
00003169.jpg,0.6658435,0.5403076
00014062.jpg,0.73083246,0.7216414
00031772.jpg,0.79783344,0.7997924
00050545.jpg,0.8990624,0.9006882
00027998.jpg,0.71162736,0.7034692
00004826.jpg,0.6839397,0.6036908
00024772.jpg,0.65003717,0.607207
n07583197_895.jpg,0.85925484,0.84042555
00009312.jpg,0.82681954,0.83582
00032520.jpg,0.76499665,0.8456162
00024455.jpg,0.70537084,0.5853896
000000256662.jpg,0.9089309,0.88461536
00046373.jpg,0.8347964,0.832982
00018983.jpg,0.72276497,0.7132366
00022743.jpg,0.82651174,0.9676302
00042735.jpg,0.7009889,0.626093
00006058.jpg,0.81607985,0.7874626
00003599.jpg,0.7924232,0.7145784
n09270735_28592.jpg,0.7522403,0.8666667
000000285042.jpg,0.8335986,0.8958333
00053849.jpg,0.91181374,0.8427088
00001243.jpg,0.7281277,0.6404808
00050304.jpg,0.8666879,0.8514192
00057029.jpg,0.7266412,0.8573816
00019402.jpg,0.8496702,0.8414338
00057400.jpg,0.9181086,0.9565994
00017088.jpg,0.75673085,0.5756344
00033542.jpg,0.72284985,0.7045532
n07838073_11807.jpg,0.8484193,0.9230769
00029197.jpg,0.860615,0.7666888
00004936.jpg,0.82904613,0.8468684
00001680.jpg,0.735898,0.7710204
00050271.jpg,0.7146019,0.7264798
n03541923_1152.jpg,0.81710243,0.92783505
00006060.jpg,0.88154507,0.9236014
00044079.jpg,0.6211413,0.5500906
00011342.jpg,0.71758676,0.6820346
00021872.jpg,0.713053,0.733463
00058128.jpg,0.8296105,0.9606156
00032859.jpg,0.7020025,0.5709698
00030954.jpg,0.6532332,0.7273648
00004883.jpg,0.55605954,0.6218066
n02934451_16027.jpg,0.7312413,0.7659575
00015976.jpg,0.8051832,0.9267826
00040454.jpg,0.70698655,0.742728
00018275.jpg,0.70115316,0.6408992
00019190.jpg,0.87698317,0.941586
00020524.jpg,0.86770475,0.897129
000000375205.jpg,0.92155826,0.91964287
n09415671_16184.jpg,0.6781424,0.62
00010861.jpg,0.86805415,0.8322072
00002577.jpg,0.77951586,0.796478
00055875.jpg,0.87201464,0.8925336
00019271.jpg,0.80696917,0.732829
00033975.jpg,0.7630795,0.8403308
000000019959.jpg,0.7977974,0.8876405
00003786.jpg,0.78185844,0.872806
9625bbe3a59f1688.jpg,0.6928196,0.7916667
00005466.jpg,0.81817305,0.8787814
00005742.jpg,0.8204981,0.8556672
00008008.jpg,0.6857196,0.735564
00038447.jpg,0.62959445,0.6248032
n09288635_11125.jpg,0.67721593,0.71568626
00028991.jpg,0.94689083,0.7726698
00049129.jpg,0.8225592,0.8166316
00022417.jpg,0.75477,0.8016404
00037216.jpg,0.5860295,0.6984888
00050122.jpg,0.7851671,0.7630514
00005611.jpg,0.8140733,0.8440532
00014536.jpg,0.84138334,0.863575
00056113.jpg,0.65953416,0.6934212
00010411.jpg,0.77098083,0.866428
00052532.jpg,0.7604461,0.8613874
00015626.jpg,0.6834502,0.750005
00026691.jpg,0.7792337,0.796631
000000220889.jpg,0.78767437,0.86238533
00004744.jpg,0.74470013,0.8939394
00039285.jpg,0.8122233,0.6770976
00011210.jpg,0.78720635,0.7575226
000000074883.jpg,0.7678801,0.8557692
00037693.jpg,0.60392624,0.5391594
00010976.jpg,0.86430895,0.8077354
00046103.jpg,0.8842746,0.9243084
00017217.jpg,0.7724811,0.69088
00038616.jpg,0.6610905,0.7236482
00051299.jpg,0.6418315,0.690455
00024943.jpg,0.89325273,0.887542
00001076.jpg,0.8503473,0.8717908
00032293.jpg,0.66629374,0.6760536
00002474.jpg,0.74742585,0.742821
00013304.jpg,0.81071174,0.7746044
00031622.jpg,0.63229287,0.622552
00010504.jpg,0.7082046,0.6335652
00024634.jpg,0.9462533,0.9829392
00042937.jpg,0.7241187,0.6856322
n03594945_15506.jpg,0.8193252,0.8659794
00035003.jpg,0.6562762,0.710069
00032405.jpg,0.69793093,0.8600472
00012329.jpg,0.80764806,0.798655
00006331.jpg,0.63658583,0.5677936
00042783.jpg,0.77658856,0.714136
00013728.jpg,0.70446694,0.8452212
00024971.jpg,0.82611,0.7542006
00014892.jpg,0.71574867,0.6084526
00045196.jpg,0.7147833,0.6591744
00020000.jpg,0.8006885,0.8895828
00019406.jpg,0.7911035,0.8767104
00001673.jpg,0.7787339,0.6683906
00023240.jpg,0.67295027,0.8316534
00032942.jpg,0.87688184,0.8551576
00053550.jpg,0.8241807,0.7959222
00007072.jpg,0.72793347,0.7106866
00040125.jpg,0.76991725,0.7855224
00020721.jpg,0.62091494,0.50981
00014615.jpg,0.82724935,0.77293
00044368.jpg,0.8817153,0.8982676
00001562.jpg,0.8016254,0.7227618
00005571.jpg,0.7594178,0.6730556
00009440.jpg,0.83095616,0.7181988
00034999.jpg,0.6715647,0.7480826
00036472.jpg,0.7669133,0.8550776
00013959.jpg,0.80044234,0.8306888
00012194.jpg,0.55396986,0.5639814
00026023.jpg,0.82116973,0.87485
00046249.jpg,0.7863908,0.8565428
00033044.jpg,0.65519774,0.5705618
00031006.jpg,0.87826943,0.9559302
00010084.jpg,0.75374305,0.8704292
n02123597_11551.jpg,0.7631813,0.8543689
00020530.jpg,0.795352,0.8012634
00006677.jpg,0.7772671,0.776287
00033921.jpg,0.7984524,0.9011674
00058058.jpg,0.73843014,0.7895462
a8b1b9dbb5cf0eab.jpg,0.79824317,0.86170214
6066408c8757fe60.jpg,0.8196273,0.9255319
00043045.jpg,0.7158605,0.7701696
00022385.jpg,0.8571645,0.8723154
00039486.jpg,0.79346037,0.8323472
98e8baa4d1188219.jpg,0.69576687,0.66292137
00043226.jpg,0.6736963,0.7199968
00040598.jpg,0.8238404,0.7995016
00055555.jpg,0.5969864,0.6113452
00018888.jpg,0.8986449,0.8687052
00013406.jpg,0.7500288,0.7695332
00013628.jpg,0.89498353,0.9460208
00019241.jpg,0.75982356,0.8398708
00014808.jpg,0.6825428,0.7854454
00040948.jpg,0.7483635,0.7923074
00004244.jpg,0.79526806,0.8620108
00035841.jpg,0.81244206,0.894329
00006122.jpg,0.83958787,0.9090514
00040501.jpg,0.74789804,0.761658
00030261.jpg,0.65296257,0.7024998
n02132580_13942.jpg,0.75054157,0.8317757
00058708.jpg,0.7359599,0.7666368
000000133200.jpg,0.6271076,0.70866144
00053553.jpg,0.82207096,0.975382
0766fa7959728beb.jpg,0.54318404,0.4888889
00056713.jpg,0.86430395,0.850674
00048461.jpg,0.81526387,0.813946
00023052.jpg,0.6817905,0.7004532
00030432.jpg,0.60931945,0.59092
00025018.jpg,0.806542,0.8280398
00011651.jpg,0.7868155,0.7919198
00003892.jpg,0.7021394,0.776507
00032207.jpg,0.83283293,0.843644
00011376.jpg,0.77636087,0.8790626
00053818.jpg,0.7767386,0.730246
n07929519_31431.jpg,0.8115082,0.88659793
00056676.jpg,0.97038007,0.9374012
00023686.jpg,0.8796474,0.8416418
000000500422.jpg,0.7517849,0.75510204
00022134.jpg,0.826367,0.8679314
00058339.jpg,0.88178027,0.8464562
00038980.jpg,0.72710764,0.7436592
00054035.jpg,0.84031326,0.8899346
00056395.jpg,0.7656934,0.7822804
00014305.jpg,0.7810239,0.7426238
00055751.jpg,0.6887729,0.7012684
n02924116_73811.jpg,0.8236277,0.815534
00012682.jpg,0.7512928,0.7034686
00040806.jpg,0.714285,0.7504378
00029749.jpg,0.7999589,0.6805154
00056952.jpg,0.7728152,0.8626362
00024834.jpg,0.8703631,0.8097326
00058042.jpg,0.7768824,0.776488
00052193.jpg,0.68633217,0.731091
00049429.jpg,0.8836049,0.9697506
00033186.jpg,0.84517527,0.8639798
00057996.jpg,0.8260441,0.6879124
00008282.jpg,0.72400755,0.6997524
00032322.jpg,0.57421625,0.643725
00046785.jpg,0.7440933,0.652752
00007692.jpg,0.8380017,0.835349
00055411.jpg,0.7425519,0.7219638
00026410.jpg,0.81880367,0.771872
00044293.jpg,0.699419,0.7614498
00028259.jpg,0.74955547,0.601516
a6cff7d33b841d2f.jpg,0.7393333,0.8235294
00049869.jpg,0.8357752,0.8778336
00013153.jpg,0.7821255,0.7826948
00036460.jpg,0.80500865,0.8698178
00030879.jpg,0.6841262,0.8372148
00053112.jpg,0.8176068,0.8342346
00018195.jpg,0.6581571,0.636533
n07696839_11611.jpg,0.80370104,0.82828283
00048230.jpg,0.62843406,0.6936356
00041371.jpg,0.64188564,0.5512638
000000147301.jpg,0.66253257,0.62222224
00024974.jpg,0.7222794,0.6637292
n09468604_52463.jpg,0.5462452,0.54444444
00008218.jpg,0.77398145,0.7894078
00026127.jpg,0.8794714,0.9500656
00053737.jpg,0.7871977,0.7540142
00001579.jpg,0.65083253,0.6177204
n07880968_6446.jpg,0.86271906,0.9583333
00037140.jpg,0.7471833,0.8517016
00030567.jpg,0.7773905,0.7697034
00015104.jpg,0.8023766,0.9445354
00055066.jpg,0.81145394,0.867218
00028161.jpg,0.86242425,0.9039326
00052040.jpg,0.84919906,0.8804832
00031621.jpg,0.70578265,0.6070818
00000746.jpg,0.77337873,0.813949
00032704.jpg,0.66974986,0.717668
00031003.jpg,0.8129486,0.8614828
n04166281_4975.jpg,0.756333,0.875
sun_bzmowxxstqyyqvns.jpg,0.73834276,0.7358491
00010758.jpg,0.84804785,0.7219372
00003474.jpg,0.8098032,0.8093904
00037487.jpg,0.6854861,0.5577236
00040054.jpg,0.7259798,0.4428796
00050674.jpg,0.67812896,0.8684486
00046902.jpg,0.71959436,0.6511958
00043181.jpg,0.76634157,0.87547
00049727.jpg,0.8273901,0.7836238
00035642.jpg,0.68879753,0.634902
000000577221.jpg,0.8003222,0.82653064
00021792.jpg,0.64643574,0.7122582
00047531.jpg,0.7084676,0.5502172
000000167180.jpg,0.75883305,0.7368421
00017939.jpg,0.681678,0.5813726
n01846331_7096.jpg,0.7502929,0.88
00024908.jpg,0.7749392,0.7308208
00024842.jpg,0.8851768,0.9145922
00019156.jpg,0.83985305,0.7846836
00030903.jpg,0.86838377,0.9304734
00038347.jpg,0.5630004,0.649554
00053065.jpg,0.92886615,0.9268846
00040022.jpg,0.8693019,0.8878014
n07693725_3611.jpg,0.8999827,0.8787879
00043986.jpg,0.7632276,0.8440664
00000374.jpg,0.78303635,0.6405086
00041322.jpg,0.7076342,0.607455
00005552.jpg,0.8366765,0.9018744
00027804.jpg,0.8087403,0.776256
00022482.jpg,0.6319455,0.5713994
00056314.jpg,0.82246566,0.8752914
00002352.jpg,0.8069272,0.8907178
00046931.jpg,0.7333002,0.6467986
00036526.jpg,0.6347671,0.681428
00025307.jpg,0.8161728,0.8398946
00025954.jpg,0.707234,0.6451078
00001532.jpg,0.721033,0.6064756
00034905.jpg,0.6297812,0.5386252
00057130.jpg,0.78606987,0.909913
00018255.jpg,0.842493,0.8176748
c0f5566fba5d2c67.jpg,0.8740593,0.8333333
00050963.jpg,0.9426168,0.896604
00013773.jpg,0.802413,0.827584
00055529.jpg,0.68545985,0.6972476
00049317.jpg,0.9137424,0.8781314
00023089.jpg,0.7602762,0.7480738
00026664.jpg,0.8967141,0.8860474
00026006.jpg,0.73250604,0.7379786
00035978.jpg,0.6552844,0.7027736
00001003.jpg,0.7385719,0.76666
00031522.jpg,0.8463595,0.8656076
00007205.jpg,0.87782395,0.7999558
n07838073_10386.jpg,0.7876791,0.6442308
00012212.jpg,0.67189515,0.652229
00021882.jpg,0.7281529,0.754537
00023408.jpg,0.80992556,0.8787254
00003209.jpg,0.82790285,0.857918
00046528.jpg,0.74473834,0.6399076
00035763.jpg,0.72561073,0.7233936
00007338.jpg,0.74589384,0.696986
00012422.jpg,0.8095479,0.8179158
00044458.jpg,0.71847034,0.7784128
00057641.jpg,0.7016418,0.6813888
n07720875_1529.jpg,0.91579974,0.8915663
00044670.jpg,0.6647608,0.7866158
00011634.jpg,0.84121656,0.8616278
00043921.jpg,0.7992182,0.7969202
sun_abyidesehxlvmzuc.jpg,0.57790637,0.5660377
00006696.jpg,0.7379899,0.7850078
00054512.jpg,0.7021594,0.640921
00026740.jpg,0.8157552,0.7570436
00031981.jpg,0.77630603,0.7740966
00026372.jpg,0.8224462,0.9316762
00022161.jpg,0.65551734,0.68524
00006125.jpg,0.78943044,0.7553642
00040223.jpg,0.5968715,0.6841796
00028414.jpg,0.80559576,0.727086
00005397.jpg,0.65202296,0.6423274
00047085.jpg,0.75244737,0.6988292
00018051.jpg,0.6486931,0.6526986
00057510.jpg,0.7740966,0.8216162
00023952.jpg,0.7281303,0.8628312
00000083.jpg,0.7010346,0.54496
000000458153.jpg,0.80923784,0.78846157
00040395.jpg,0.73992467,0.818865
n07583197_6873.jpg,0.83529997,0.85714287
00021439.jpg,0.8072623,0.8377198
n04335435_54242.jpg,0.7881458,0.8111111
00001525.jpg,0.7526196,0.686569
00053443.jpg,0.7940272,0.801515
n02878222_51202.jpg,0.7068145,0.6571429
00012522.jpg,0.73321414,0.852112
n02129165_4316.jpg,0.8675581,0.8613861
00027980.jpg,0.85487485,0.8316176
00027086.jpg,0.85025775,0.8028672
00014296.jpg,0.83945775,0.787143
n00480993_20080.jpg,0.81242347,0.8035714
00055400.jpg,0.87903917,0.857817
00025143.jpg,0.5824237,0.6152526
00019997.jpg,0.8845655,0.9211344
n07850329_2840.jpg,0.90788853,0.877193
00003590.jpg,0.8589425,0.845898
n09468604_23209.jpg,0.4898284,0.5212766
00046341.jpg,0.9263016,0.8723258
00029804.jpg,0.89147973,0.8262318
000000233948.jpg,0.8070756,0.9072165
00056604.jpg,0.8510441,0.885088
n02946348_15558.jpg,0.7223525,0.6923077
00024815.jpg,0.76953363,0.7816564
00023812.jpg,0.80606896,0.8428548
00026187.jpg,0.8427923,0.8967718
00051385.jpg,0.8320482,0.7341612
00043461.jpg,0.67184186,0.6743066
00043861.jpg,0.713873,0.6568982
00036298.jpg,0.66090333,0.5491188
00057922.jpg,0.8459029,0.8914578
00010621.jpg,0.79583204,0.760603
000000535679.jpg,0.84389305,0.87234044
00009109.jpg,0.79524827,0.853888
00031097.jpg,0.8635014,0.8457852
00000828.jpg,0.834551,0.798192
910c63df860a274e.jpg,0.8316232,0.8
00040673.jpg,0.6860341,0.6230884
00023635.jpg,0.7701022,0.77519
97fd040545ec747a.jpg,0.86727357,0.9047619
00045655.jpg,0.8371055,0.9148784
00040177.jpg,0.7733898,0.84152
00015467.jpg,0.6772219,0.728111
00036099.jpg,0.68250895,0.7146556
00033024.jpg,0.8370749,0.8190048
00016854.jpg,0.7750879,0.8142576
000000510596.jpg,0.9413334,0.9270833
00055702.jpg,0.7766,0.956125
00034362.jpg,0.68720496,0.4736258
00043994.jpg,0.70673823,0.6344914
00055015.jpg,0.77846324,0.7719562
00022340.jpg,0.7701514,0.8044542
00009824.jpg,0.7171799,0.6928798
00038550.jpg,0.6604562,0.5102346
5fc131efa7988d86.jpg,0.71867085,0.74509805
00023862.jpg,0.7833178,0.746506
00027393.jpg,0.83512044,0.8086366
00057706.jpg,0.83289325,0.8150492
00048637.jpg,0.6752304,0.6415794
00036661.jpg,0.7110586,0.5405418
00017161.jpg,0.8406322,0.899652
00000408.jpg,0.81846905,0.8331424
00026455.jpg,0.7231337,0.7833474
00039969.jpg,0.69879544,0.7351826
00017613.jpg,0.8898423,0.843211
00054883.jpg,0.73306155,0.669521
00050182.jpg,0.7794017,0.7941472
00022795.jpg,0.8255775,0.8181884
00055612.jpg,0.69826376,0.6710638
n07720875_2930.jpg,0.85874784,0.85106385
00042591.jpg,0.67213464,0.6197072
00004408.jpg,0.83889556,0.8739382
00044464.jpg,0.7019303,0.7813276
000000531696.jpg,0.70098567,0.7352941
00054217.jpg,0.8448221,0.9179146
sun_ajwkskkzoxfeqyqi.jpg,0.54669225,0.50549453
00049318.jpg,0.7035774,0.7579562
00055845.jpg,0.79875636,0.7053656
00043279.jpg,0.9006885,0.8619402
00040848.jpg,0.7631289,0.8307726
00018021.jpg,0.5751989,0.6087336
00048643.jpg,0.7932353,0.7880428
00055942.jpg,0.8366146,0.7703446
00034279.jpg,0.771802,0.7849314
00026876.jpg,0.7532153,0.6911904
00047056.jpg,0.7012856,0.5648236
00025048.jpg,0.65830183,0.6460214
00046107.jpg,0.8189801,0.847809
00019678.jpg,0.81975853,0.8959084
00016379.jpg,0.8218849,0.8138464
00039600.jpg,0.8315598,0.8715452
00008676.jpg,0.7593266,0.7921338
00024127.jpg,0.6912868,0.759572
00051655.jpg,0.70309126,0.7235794
00028538.jpg,0.8119254,0.9182866
00004423.jpg,0.6627536,0.5693066
00001441.jpg,0.83169997,0.8248556
00028329.jpg,0.84598106,0.8263954
00045159.jpg,0.6841742,0.4689744
00004340.jpg,0.7220708,0.8196092
00001276.jpg,0.63939047,0.7466134
00037105.jpg,0.56605333,0.6362674
00007269.jpg,0.83219373,0.6936054
00034508.jpg,0.7075043,0.6767856
00020972.jpg,0.7801082,0.8514902
00044290.jpg,0.7910236,0.8730874
c3b98b917b36a8a1.jpg,0.77891064,0.78431374
128effcd5bc60e5e.jpg,0.54011965,0.5319149
00042681.jpg,0.7080641,0.7102004
00002768.jpg,0.7920487,0.7962038
00031479.jpg,0.8758178,0.8071734
00040696.jpg,0.6746336,0.6214986
00028073.jpg,0.7981929,0.8072832
00044483.jpg,0.7503003,0.770945
00031331.jpg,0.8013511,0.6655558
00052096.jpg,0.80654275,0.8026102
n07911677_352.jpg,0.86412156,0.8815789
00032268.jpg,0.75096583,0.6918122
00014504.jpg,0.75476944,0.8460822
00058131.jpg,0.82412577,0.7832854
00045091.jpg,0.7393787,0.6705938
00019123.jpg,0.77227783,0.7687108
n01792640_11755.jpg,0.75929165,0.75454545
00035259.jpg,0.73059154,0.7635082
n01811909_2537.jpg,0.77393436,0.78125
00006098.jpg,0.8551415,0.9164856
00007893.jpg,0.7343814,0.6265244
00044788.jpg,0.7783804,0.7018226
000000263699.jpg,0.88477767,0.9339623
00036936.jpg,0.6878917,0.6792318
00026468.jpg,0.76712084,0.628882
00007451.jpg,0.77902544,0.634451
00008938.jpg,0.63242066,0.76766
00057578.jpg,0.9355639,0.8178022
n02793495_14549.jpg,0.7109785,0.70642203
00041899.jpg,0.6837727,0.5489
00022291.jpg,0.7478217,0.8525442
n01811909_7231.jpg,0.8028599,0.78431374
00013706.jpg,0.78433967,0.8745156
00012508.jpg,0.87063706,0.864816
00010365.jpg,0.843889,0.8724822
00000317.jpg,0.8052017,0.8351822
00011427.jpg,0.5913745,0.6620322
00050335.jpg,0.8660284,0.851841
00044450.jpg,0.74867463,0.7267498
00033852.jpg,0.7147622,0.736599
00006354.jpg,0.7637124,0.7829836
00019862.jpg,0.861009,0.9218308
00004971.jpg,0.80687773,0.8944282
n09359803_27560.jpg,0.5781472,0.556701
00002275.jpg,0.8150009,0.8098704
00053698.jpg,0.68504757,0.5729454
00042551.jpg,0.69787574,0.666134
00044656.jpg,0.6899681,0.7356844
00015611.jpg,0.7601528,0.7196782
00006436.jpg,0.77721643,0.7771152
00006268.jpg,0.7873508,0.8509942
00021712.jpg,0.8098129,0.8074752
00001565.jpg,0.65085876,0.6736026
00044372.jpg,0.7391484,0.6767882
00030863.jpg,0.81337893,0.8019532
00009426.jpg,0.76524556,0.4972396
00024341.jpg,0.7672283,0.7843592
00011104.jpg,0.57791734,0.6321046
00002639.jpg,0.8144983,0.8315212
00039400.jpg,0.7822356,0.7918676
00037955.jpg,0.67176795,0.566494
00042533.jpg,0.74897766,0.7034
00028125.jpg,0.73110133,0.7997502
00045557.jpg,0.7440487,0.8146596
00010441.jpg,0.83259386,0.829609
00031880.jpg,0.58402056,0.4034342
n07711569_398.jpg,0.8780422,0.82758623
00041781.jpg,0.80435044,0.7681922
000000304924.jpg,0.68098843,0.7962963
00032601.jpg,0.50603986,0.4540128
89d7a65a19cb9cff.jpg,0.72946304,0.8095238
00024345.jpg,0.974795,0.9207058
00018080.jpg,0.90123713,0.9151708
00016045.jpg,0.65171075,0.741646
00019204.jpg,0.8270854,0.8220252
00001627.jpg,0.833174,0.802234
00023033.jpg,0.63590133,0.7179146
00036405.jpg,0.5227009,0.3346346
00015736.jpg,0.8189355,0.9086346
00044924.jpg,0.7703022,0.8134882
00045537.jpg,0.7205621,0.7719626
000000421502.jpg,0.7418175,0.81395346
00048920.jpg,0.71505785,0.6217832
00026910.jpg,0.74982667,0.7729428
n07690273_22336.jpg,0.86351794,0.875
00052258.jpg,0.75551355,0.7221814
00057814.jpg,0.8778248,0.8777906
00004831.jpg,0.82374376,0.8064166
00047246.jpg,0.7925962,0.76263
sun_advruofhmqeyqmbx.jpg,0.55283386,0.5689655
00026247.jpg,0.7857115,0.7289808
n07690273_21839.jpg,0.8875238,0.89772725
00011700.jpg,0.8124852,0.7331298
sun_aualbeefqekxpoue.jpg,0.54936606,0.42105263
626a3711b885a310.jpg,0.8306656,0.78899086
n07933274_32193.jpg,0.80272174,0.8556701
00014720.jpg,0.86538374,0.8552314
00003105.jpg,0.9136344,0.9722674
00017577.jpg,0.79043984,0.7090324
000000389608.jpg,0.8377565,0.7368421
00020788.jpg,0.77657855,0.7422206
00041126.jpg,0.6923938,0.6058052
n07880968_108.jpg,0.8270776,0.7816092
00007688.jpg,0.6141667,0.5968186
00021319.jpg,0.78467643,0.8627938
00013183.jpg,0.72531486,0.8981608
00037739.jpg,0.8448485,0.8544022
00047909.jpg,0.7759394,0.7409296
n02118333_9459.jpg,0.8308096,0.8543689
n02332755_345.jpg,0.86936986,0.86725664
00024377.jpg,0.76707375,0.704113
00019300.jpg,0.696427,0.8235432
00008748.jpg,0.77119255,0.7731924
00005891.jpg,0.7299298,0.9018184
00052504.jpg,0.75962365,0.7714922
00051911.jpg,0.76974785,0.920686
00053012.jpg,0.69592226,0.7094392
00033578.jpg,0.60634446,0.524948
00043571.jpg,0.67545843,0.7138176
00004885.jpg,0.88385475,0.9342122
00034454.jpg,0.5140343,0.520568
05e82779bb9c7b6a.jpg,0.80516016,0.77894735
00057027.jpg,0.8568206,0.843823
00028527.jpg,0.7068915,0.7593034
00004142.jpg,0.88007915,0.9127214
00057960.jpg,0.72878754,0.867386
00045926.jpg,0.7626895,0.8415236
00027671.jpg,0.69379205,0.6227642
00028166.jpg,0.70670676,0.7521982
00043962.jpg,0.74418354,0.757828
c7d70655b9d3206f.jpg,0.63696563,0.6666667
00056006.jpg,0.7654252,0.8779442
00014898.jpg,0.54567647,0.6085886
00048821.jpg,0.818223,0.8587082
00054105.jpg,0.74204314,0.8494816
n07929519_32758.jpg,0.8578615,0.91150445
00005345.jpg,0.783319,0.793944
00021915.jpg,0.8410318,0.9704852
00026871.jpg,0.5419164,0.4672224
00028305.jpg,0.7344272,0.651349
00016844.jpg,0.7287861,0.7623802
00056726.jpg,0.5742805,0.7417602
00007405.jpg,0.86236286,0.9646646
00049387.jpg,0.6410023,0.5930246
00015352.jpg,0.69747996,0.707862
00033374.jpg,0.8100492,0.8116634
00052338.jpg,0.6441252,0.6810944
00044981.jpg,0.70546484,0.66423
00000206.jpg,0.6359236,0.4589062
00007213.jpg,0.8266419,0.6775596
00030182.jpg,0.6546781,0.5969942
000000351711.jpg,0.7550936,0.74358976
00041021.jpg,0.68327093,0.846913
00019571.jpg,0.771389,0.8476006
00050307.jpg,0.82609653,0.863106
00052611.jpg,0.77721214,0.654503
00016745.jpg,0.8547321,0.8620202
00040946.jpg,0.72156954,0.6920498
00014279.jpg,0.8162252,0.813473
00032499.jpg,0.864636,0.8236698
00021921.jpg,0.9175694,0.8784546
00044611.jpg,0.7077415,0.841127
00015283.jpg,0.6683463,0.6168044
00055784.jpg,0.688259,0.7303852
00048786.jpg,0.65747106,0.6445486
n02324045_30879.jpg,0.8212507,0.6526316
00038194.jpg,0.6437748,0.5218316
00044199.jpg,0.8240031,0.9465296
00008829.jpg,0.8309976,0.8012222
00043209.jpg,0.8566036,0.8774826
n02118333_8191.jpg,0.7572406,0.78571427
00044576.jpg,0.759321,0.6838412
00056139.jpg,0.8563808,0.8469176
00049808.jpg,0.77469945,0.7187904
00041593.jpg,0.6103684,0.6108308
00039132.jpg,0.86622524,0.8639036
00047890.jpg,0.84305763,0.820198
00022049.jpg,0.7386471,0.7939754
00047575.jpg,0.74947464,0.7211894
00057860.jpg,0.57035184,0.6537798
00014943.jpg,0.48135898,0.475571
00035299.jpg,0.70774174,0.74614
n09376198_16757.jpg,0.57602155,0.37864077
n07690273_20374.jpg,0.8110203,0.79569894
00034576.jpg,0.7181436,0.7067758
00014491.jpg,0.57182854,0.6433288
00029670.jpg,0.78778774,0.686161
n07863374_17641.jpg,0.8663832,0.90654206
n00480993_21657.jpg,0.8007871,0.8039216
n07806221_22135.jpg,0.77994263,0.7647059
00005477.jpg,0.85229266,0.8225566
00022671.jpg,0.70478714,0.7113322
00012875.jpg,0.7129204,0.7495508
00021494.jpg,0.78562725,0.8328884
000000184030.jpg,0.7200961,0.8131868
00012779.jpg,0.7899221,0.760773
000000312205.jpg,0.74310005,0.8181818
00026250.jpg,0.956444,0.8824558
00019202.jpg,0.8775382,0.9354244
00051166.jpg,0.801664,0.8214462
00033982.jpg,0.69197595,0.5740744
00048803.jpg,0.79970765,0.816863
00049565.jpg,0.874459,0.8422194
00022616.jpg,0.7955885,0.779604
00008434.jpg,0.7503635,0.7941094
n09217230_1761.jpg,0.6096377,0.5959596
000000178859.jpg,0.57444435,0.52
00007926.jpg,0.86882746,0.9155616
00044173.jpg,0.76997876,0.721123
n02793495_666.jpg,0.714897,0.7378641
00028882.jpg,0.79407024,0.6251676
00038224.jpg,0.84195936,0.7110524
00046389.jpg,0.75734305,0.7182872
000000132710.jpg,0.67809296,0.6938776
00052788.jpg,0.93394876,0.9327624
00004519.jpg,0.82596934,0.8084264
00033309.jpg,0.7294568,0.7366846
00032315.jpg,0.81159115,0.8154822
00012146.jpg,0.6520554,0.5867258
00053421.jpg,0.7922716,0.805204
000000288662.jpg,0.77470195,0.65346533
00015632.jpg,0.76687187,0.850545
00034054.jpg,0.7252124,0.7690598
00001492.jpg,0.80935204,0.9051436
00038943.jpg,0.773491,0.780624
00001381.jpg,0.8320992,0.8572964
00006604.jpg,0.870903,0.8399778
00049323.jpg,0.715191,0.6852422
00015630.jpg,0.7142613,0.6856676
00028506.jpg,0.7904271,0.6603814
000000216726.jpg,0.7626755,0.85714287
00001149.jpg,0.77185,0.8188936
00025615.jpg,0.6984713,0.5499856
n09217230_6883.jpg,0.6540537,0.6732673
250f5804b7e2016f.jpg,0.8308464,0.8736842
00044206.jpg,0.67867076,0.7650568
00011162.jpg,0.68999934,0.5838512
00050312.jpg,0.7994273,0.7874218
00022995.jpg,0.7200599,0.7764566
00026766.jpg,0.894271,0.8019644
00033730.jpg,0.87743986,0.8798668
00038271.jpg,0.7152227,0.6057786
00055109.jpg,0.76914907,0.8707818
00008635.jpg,0.8155557,0.8619216
00029019.jpg,0.85203934,0.8026662
00021812.jpg,0.8340771,0.9439188
00027985.jpg,0.78815687,0.6298456
00053859.jpg,0.6446294,0.612516
00036987.jpg,0.7230033,0.7015894
00057244.jpg,0.6436695,0.6067578
00019454.jpg,0.7727736,0.6694326
00009533.jpg,0.7112216,0.654444
00037265.jpg,0.66737163,0.5233018
00005310.jpg,0.5071552,0.4974368
00035586.jpg,0.6064936,0.5200246
00022152.jpg,0.7767589,0.8369658
00058038.jpg,0.82032627,0.8780254
00003361.jpg,0.6521585,0.6406728
00053250.jpg,0.66934377,0.8057638
fbf65d6448e45ad8.jpg,0.8028246,0.8
00015269.jpg,0.8127432,0.8678828
00000145.jpg,0.79113984,0.711205
00034521.jpg,0.60094917,0.4912762
00030639.jpg,0.83230704,0.8337502
00021008.jpg,0.9252993,0.890097
00056875.jpg,0.8611131,0.9472164
00019790.jpg,0.84572136,0.9425808
00000635.jpg,0.7889937,0.7691476
00054969.jpg,0.8846694,0.875471
00034052.jpg,0.6171665,0.5863816
00056682.jpg,0.73154855,0.6585596
000000118644.jpg,0.7925621,0.86585367
00040122.jpg,0.7491168,0.7981292
00009021.jpg,0.86615455,0.795306
00030593.jpg,0.7942692,0.8371904
00007337.jpg,0.79191196,0.6909702
00006093.jpg,0.87315714,0.848045
00006550.jpg,0.7746817,0.7506084
00050165.jpg,0.79941124,0.8008614
00051603.jpg,0.7825484,0.7052826
00001490.jpg,0.87938106,0.8555162
000000351154.jpg,0.7184671,0.81632656
00025502.jpg,0.61011183,0.6086508
00032034.jpg,0.85694826,0.8090176
00013494.jpg,0.6562905,0.6803864
000000109766.jpg,0.7717017,0.9009901
00029366.jpg,0.71627355,0.6694428
00044520.jpg,0.8337966,0.8958668
00056694.jpg,0.8433443,0.7038294
00005814.jpg,0.7521961,0.8310198
00030590.jpg,0.65917027,0.675854
n02132580_24520.jpg,0.8065275,0.8965517
00005936.jpg,0.6503639,0.6013964
00041131.jpg,0.8197007,0.703646
00041427.jpg,0.67689365,0.6694058
00038453.jpg,0.7709619,0.7559564
00042942.jpg,0.62002254,0.6347772
n04610013_16108.jpg,0.6733392,0.60227275
00022002.jpg,0.6934148,0.5365268
00054034.jpg,0.63342476,0.8036006
00029996.jpg,0.7252001,0.719527
00017140.jpg,0.7609167,0.8786598
00056825.jpg,0.85909915,0.8242568
00000183.jpg,0.90611446,0.9139854
00055924.jpg,0.81664526,0.8879242
00035479.jpg,0.5931727,0.5179882
n09421951_8175.jpg,0.59764844,0.75789475
00006567.jpg,0.602747,0.6199846
00039035.jpg,0.7218716,0.7750686
00013767.jpg,0.76258755,0.740654
dc64c9fa850fa7de.jpg,0.73563933,0.73333335
00009864.jpg,0.7996414,0.6967018
n02878222_16581.jpg,0.76431763,0.74509805
00001524.jpg,0.8218494,0.941199
00041328.jpg,0.9282713,0.8820234
00011193.jpg,0.5236826,0.4418394
00003514.jpg,0.91478634,0.9656526
00021054.jpg,0.7602478,0.7617072
00048488.jpg,0.7135916,0.7073278
00016785.jpg,0.6323314,0.641964
00021350.jpg,0.8196889,0.7334568
00009014.jpg,0.7093419,0.7270192
00052475.jpg,0.82075363,0.774614
00051916.jpg,0.70905226,0.731022
00019559.jpg,0.69167984,0.7549714
00020296.jpg,0.84118783,0.8466602
00011311.jpg,0.7138443,0.5955218
00033015.jpg,0.74301535,0.7833
00050682.jpg,0.63029003,0.7046562
00039974.jpg,0.85513926,0.8879162
00051312.jpg,0.64798987,0.6242562
00034707.jpg,0.85633427,0.7692464
00005093.jpg,0.8388405,0.89018
00055490.jpg,0.7162984,0.743736
00058363.jpg,0.65882456,0.5453066
00050333.jpg,0.7557415,0.778457
00022309.jpg,0.74616253,0.8085346
00023481.jpg,0.91971827,0.9328078
00049559.jpg,0.7680838,0.8139776
00021916.jpg,0.8598121,0.8957088
00021333.jpg,0.8121958,0.8946012
00030073.jpg,0.9362806,0.9498724
00052159.jpg,0.88258696,0.8856862
000000019528.jpg,0.7865387,0.91566265
00002090.jpg,0.82513034,0.8135912
n02932891_32504.jpg,0.65462536,0.6545454
00012187.jpg,0.85500544,0.8460406
n00445351_5398.jpg,0.77677965,0.80701756
00042325.jpg,0.71671516,0.7222378
00041875.jpg,0.7929789,0.7795984
00020199.jpg,0.8349072,0.8070956
n02878222_7770.jpg,0.6566927,0.6666667
00023030.jpg,0.8794342,0.9416316
00007264.jpg,0.9086875,0.8328832
00056691.jpg,0.73946786,0.8234522
00034416.jpg,0.583016,0.5687736
00021096.jpg,0.65361595,0.734082
00014694.jpg,0.8511927,0.849266
00002647.jpg,0.7213122,0.7857902
00058626.jpg,0.80174863,0.8273078
00026546.jpg,0.53310525,0.504824
00029138.jpg,0.653177,0.5594318
00031487.jpg,0.8085809,0.836095
00037108.jpg,0.70279443,0.8154712
00055175.jpg,0.78522533,0.8429622
00052697.jpg,0.6435726,0.552076
00049370.jpg,0.7714863,0.8699978
00003761.jpg,0.90595853,0.870849
00043428.jpg,0.67542726,0.7489018
00020997.jpg,0.95738244,0.9106428
00042762.jpg,0.7756206,0.857465
000000421986.jpg,0.76022923,0.8255814
000000159398.jpg,0.7869629,0.75
2611d2e7db140a46.jpg,0.8074355,0.7373737
n02396427_4362.jpg,0.65129745,0.7303371
00003300.jpg,0.8522836,0.8507712
n09359803_26838.jpg,0.5158921,0.6037736
00026522.jpg,0.51842487,0.4760588
00028152.jpg,0.77851224,0.775498
00015622.jpg,0.7503851,0.7058336
000000300264.jpg,0.77054095,0.7614679
00024019.jpg,0.8179039,0.8034432
00012003.jpg,0.85306036,0.8260814
00011681.jpg,0.8952893,0.8534776
00037152.jpg,0.7976557,0.7828558
n02132136_19256.jpg,0.7999995,0.7962963
00022111.jpg,0.6523361,0.5743746
00053079.jpg,0.69848496,0.6417944
000000065962.jpg,0.72427744,0.6976744
00024878.jpg,0.7366314,0.5221224
00017855.jpg,0.57872635,0.5891398
00021682.jpg,0.7252337,0.7874922
00021105.jpg,0.8252658,0.710036
00010381.jpg,0.93237865,0.921309
00048296.jpg,0.7095989,0.7357388
00039963.jpg,0.6546202,0.5217506
00034107.jpg,0.65585864,0.5654706
n07693725_8899.jpg,0.89738595,0.8369565
00013413.jpg,0.7215818,0.6775608
00039098.jpg,0.69407934,0.6389624
00008679.jpg,0.7015505,0.7438626
00039558.jpg,0.7151598,0.6664272
cc16b9ccba01f7ff.jpg,0.71550834,0.8039216
00013549.jpg,0.778003,0.8675664
00053125.jpg,0.76262593,0.7395476
00057385.jpg,0.8845087,0.8937596
00035152.jpg,0.6919539,0.6048372
00008238.jpg,0.73499936,0.7982288
00021168.jpg,0.7839195,0.8591346
00020964.jpg,0.88784647,0.8777738
00013956.jpg,0.683126,0.53326
00013544.jpg,0.66472626,0.6950582
00053164.jpg,0.82278776,0.9027988
00000212.jpg,0.7882141,0.672906
00039549.jpg,0.7310481,0.7806748
00020305.jpg,0.6339507,0.6017876
26eba60bf2828382.jpg,0.8398392,0.8942308
00026160.jpg,0.68500745,0.677945
00047441.jpg,0.7012067,0.73583
00033392.jpg,0.6935674,0.8848092
00027553.jpg,0.5767744,0.5459694
0fe3f79c9523477a.jpg,0.86535907,0.83908045
00013519.jpg,0.8093139,0.9050054
n02878222_13661.jpg,0.694578,0.6857143
00023632.jpg,0.7291559,0.8216614
00047673.jpg,0.6949358,0.8261912
00036761.jpg,0.84417105,0.7822462
00005270.jpg,0.798201,0.7664268
00048014.jpg,0.70412004,0.7623886
00048752.jpg,0.86636794,0.88969
00004613.jpg,0.7075769,0.7599958
00026012.jpg,0.7286718,0.7482686
00013070.jpg,0.9105073,0.9534792
00044989.jpg,0.6548383,0.7139854
00010077.jpg,0.621469,0.6258854
00050088.jpg,0.83787704,0.8646128
00002449.jpg,0.86190426,0.8048062
00005210.jpg,0.875456,0.8830094
00037074.jpg,0.7170043,0.6101712
00012737.jpg,0.77251405,0.770032
00049788.jpg,0.689713,0.797545
00045685.jpg,0.7055575,0.671615
00056573.jpg,0.6552462,0.562396
00035924.jpg,0.82843995,0.878073
00001646.jpg,0.77242553,0.8229966
00018109.jpg,0.83656603,0.857579
00028165.jpg,0.83632886,0.8794754
00036651.jpg,0.63677824,0.6250066
00036341.jpg,0.65319943,0.7111556
00011003.jpg,0.8859222,0.9352654
00032705.jpg,0.76425457,0.7486716
00040199.jpg,0.7552069,0.7696364
00031241.jpg,0.687059,0.704811
00002812.jpg,0.68459034,0.7400874
00009986.jpg,0.84800863,0.7951134
00034668.jpg,0.5849883,0.5858482
00006155.jpg,0.8627932,0.8900484
00025629.jpg,0.8429688,0.9236184
00011804.jpg,0.76515794,0.7508132
00019855.jpg,0.7692996,0.7835114
00041263.jpg,0.7799212,0.8096536
00010803.jpg,0.7990639,0.6775136
00056515.jpg,0.73694015,0.658603
00012532.jpg,0.81344926,0.6667236
00024293.jpg,0.844936,0.8629928
00027327.jpg,0.82752377,0.9087914
00025896.jpg,0.8465313,0.8763316
00012817.jpg,0.7380245,0.7817524
00042598.jpg,0.71063864,0.650209
00024538.jpg,0.9040346,0.8988372
00004338.jpg,0.6391635,0.5885762
00013417.jpg,0.6704066,0.5480752
00020944.jpg,0.8338578,0.8052428
sun_alkqpiswgzkpmocc.jpg,0.6216887,0.5625
n02946348_35242.jpg,0.81965464,0.88235295
00003595.jpg,0.7421253,0.877534
00027911.jpg,0.7731904,0.7686572
00036643.jpg,0.6672263,0.4710488
00044721.jpg,0.7345458,0.7134884
00033965.jpg,0.70102,0.6480944
00005808.jpg,0.62591314,0.4197076
00051123.jpg,0.7822672,0.7227246
00025766.jpg,0.618703,0.6059886
00057047.jpg,0.85075307,0.8504696
00051797.jpg,0.8644009,0.871724
00058622.jpg,0.6858282,0.722762
00005371.jpg,0.62516904,0.6916914
00054580.jpg,0.7335057,0.6970516
00047856.jpg,0.64309394,0.7272072
00025736.jpg,0.73155975,0.7063088
00005053.jpg,0.81375176,0.7882014
n04461696_5194.jpg,0.67958903,0.6603774
00022547.jpg,0.8214903,0.8624786
00034433.jpg,0.6718646,0.5547838
000000088382.jpg,0.7067173,0.72380954
00040430.jpg,0.6875255,0.6145746
00020382.jpg,0.79085827,0.7811286
00052999.jpg,0.56033957,0.629408
00046306.jpg,0.67037225,0.7433636
00039941.jpg,0.8410953,0.9756182
00008401.jpg,0.57139385,0.6011692
00034163.jpg,0.6553354,0.493704
00058046.jpg,0.667778,0.7992606
00043824.jpg,0.88923156,0.7980862
00016907.jpg,0.65929127,0.575591
d6e62b9cdd80cc1b.jpg,0.54942495,0.49425286
00016773.jpg,0.76599777,0.7970438
00015145.jpg,0.653067,0.6013858
00035719.jpg,0.77472293,0.827358
00030783.jpg,0.6164408,0.534449
00012849.jpg,0.8528711,0.9298128
00014445.jpg,0.8784467,0.94778
00035504.jpg,0.64459217,0.7535092
00030077.jpg,0.8877207,0.9235652
00010675.jpg,0.7071415,0.733436
00040209.jpg,0.7996689,0.6773286
00026382.jpg,0.77364945,0.8175828
00044133.jpg,0.7868742,0.7159914
00036753.jpg,0.53871804,0.6437522
00004273.jpg,0.85032153,0.8434502
00050528.jpg,0.5696031,0.6327898
55700669b39ef49c.jpg,0.6279869,0.5754717
00041540.jpg,0.8123002,0.9056132
00025457.jpg,0.79049575,0.8802174
00043002.jpg,0.6948491,0.7362712
00016023.jpg,0.8064426,0.764638
00038691.jpg,0.5821429,0.7019876
00055097.jpg,0.7352121,0.841801
00039886.jpg,0.71824116,0.787717
00019867.jpg,0.80435383,0.7832266
00025082.jpg,0.76427233,0.876336
00027126.jpg,0.83936155,0.8201384
00001465.jpg,0.8330997,0.9120878
00025642.jpg,0.7554709,0.8018016
cf17b05921c0ee47.jpg,0.7341812,0.7830189
000000294008.jpg,0.7226485,0.8543689
00055534.jpg,0.8262414,0.852812
00041689.jpg,0.61851686,0.5804452
00016756.jpg,0.69225717,0.784788
00035399.jpg,0.6189935,0.585272
00035190.jpg,0.6864916,0.7588754
00047476.jpg,0.7021028,0.6863744
00036056.jpg,0.7254356,0.563588
00012950.jpg,0.7213888,0.7355526
00004239.jpg,0.75891995,0.769193
00039104.jpg,0.7298938,0.8387192
00008419.jpg,0.8125746,0.7849194
00034786.jpg,0.65870523,0.5705052
00054724.jpg,0.6788023,0.6565678
00026529.jpg,0.71598494,0.7842526
00011289.jpg,0.7341144,0.7217704
000000563458.jpg,0.77222335,0.77
00024195.jpg,0.7208501,0.6821894
00018331.jpg,0.5645001,0.4728874
00044008.jpg,0.7801904,0.7997258
00003782.jpg,0.8785976,0.9320062
00053377.jpg,0.71000004,0.7574264
00037383.jpg,0.70914626,0.6282082
00043874.jpg,0.67853475,0.6621046
00004281.jpg,0.79547143,0.8858058
00023796.jpg,0.72049534,0.7044882
00027639.jpg,0.79422605,0.7767914
00018850.jpg,0.7689736,0.8174358
00033190.jpg,0.7555059,0.8971702
00035585.jpg,0.6814726,0.6738988
00023970.jpg,0.88992214,0.9105342
00006943.jpg,0.73733795,0.5682646
n09468604_18945.jpg,0.6291492,0.68
00048121.jpg,0.7666746,0.6860194
00003035.jpg,0.8112765,0.6865472
00014301.jpg,0.6056267,0.8015854
00009741.jpg,0.8204396,0.7763396
00038923.jpg,0.7502301,0.6714438
00058169.jpg,0.65882456,0.5104396
00024742.jpg,0.75773764,0.7392444
00015746.jpg,0.72568417,0.7041252
00014390.jpg,0.5593889,0.554017
00035437.jpg,0.7651911,0.7623564
00016746.jpg,0.79919416,0.7438706
f3cd7f313b9db562.jpg,0.7232971,0.6407767
00043852.jpg,0.68319094,0.6886944
00000578.jpg,0.8506235,0.8912064
00056525.jpg,0.8543532,0.8976368
00040672.jpg,0.88307714,0.8915754
00009939.jpg,0.7715565,0.8539022
00056422.jpg,0.79662895,0.9315148
00032065.jpg,0.8268485,0.764932
00027627.jpg,0.5322412,0.596534
n00468480_10911.jpg,0.622141,0.6666667
00014960.jpg,0.6809429,0.5994446
00027966.jpg,0.72320914,0.7969074
00037115.jpg,0.629566,0.6150866
00001044.jpg,0.89771605,0.8441084
00021913.jpg,0.7235784,0.8155636
00042705.jpg,0.71145785,0.6625318
00034325.jpg,0.7155119,0.7934676
00026724.jpg,0.74354815,0.7335966
00009074.jpg,0.921039,0.875979
00033056.jpg,0.5755865,0.647291
00052953.jpg,0.8051356,0.8086272
00046511.jpg,0.6423743,0.7651116
00035284.jpg,0.57749283,0.5266192
00024495.jpg,0.79674745,0.7098872
00052510.jpg,0.78124774,0.7442774
00001334.jpg,0.6691843,0.5684968
00025261.jpg,0.8415079,0.9149862
00019431.jpg,0.8132967,0.8032684
n07711569_1651.jpg,0.847597,0.83653843
00005459.jpg,0.8255939,0.8124882
00027977.jpg,0.7584975,0.567343
00037657.jpg,0.5737432,0.4281112
00006013.jpg,0.75595486,0.8252678
n01846331_14212.jpg,0.84817266,0.73195875
00008689.jpg,0.8021382,0.8435462
00051408.jpg,0.7984142,0.8616704
00019497.jpg,0.8204498,0.823518
00010752.jpg,0.8302145,0.8242602
00028300.jpg,0.6471925,0.6790968
00032290.jpg,0.7810613,0.7716768
00046720.jpg,0.69809294,0.717907
00040535.jpg,0.69296134,0.7355312
00005580.jpg,0.7381655,0.7656798
00019405.jpg,0.7906118,0.8913558
00011077.jpg,0.77865666,0.7577816
00002220.jpg,0.6174881,0.7584944
000000136512.jpg,0.71747255,0.6363636
n09468604_47515.jpg,0.567227,0.5568182
00050326.jpg,0.5882827,0.635457
00040612.jpg,0.7918924,0.6438472
00046952.jpg,0.7128171,0.6640162
00016596.jpg,0.57213914,0.548338
00047214.jpg,0.66106486,0.7049722
00050242.jpg,0.8082583,0.8154276
000000268481.jpg,0.77063394,0.83157897
00013805.jpg,0.7138326,0.7584468
00043179.jpg,0.8582476,0.8842662
00000941.jpg,0.6902888,0.6343078
00045597.jpg,0.69296134,0.6734352
00029243.jpg,0.6600392,0.7326338
00013251.jpg,0.6734755,0.7760006
00046529.jpg,0.81799877,0.8533196
00030068.jpg,0.8637861,0.9183364
00002634.jpg,0.6720444,0.7108832
00019323.jpg,0.6847477,0.769588
00013600.jpg,0.83286476,0.8881538
00046143.jpg,0.8214685,0.8385866
00030537.jpg,0.73229766,0.7830164
00057613.jpg,0.79967785,0.8885868
n02878222_4730.jpg,0.72714746,0.77319586
00026968.jpg,0.7336744,0.7054558
00037616.jpg,0.69442797,0.5601352
00013329.jpg,0.86769736,0.8085566
00012930.jpg,0.6725428,0.5759228
00023942.jpg,0.75824183,0.6834788
00051255.jpg,0.67002463,0.7429228
00019992.jpg,0.8266888,0.8333408
00030440.jpg,0.8458678,0.7653354
00031581.jpg,0.783219,0.8095244
00016164.jpg,0.79699993,0.773112
00001789.jpg,0.74854624,0.8312996
00039740.jpg,0.7358691,0.8526722
00041422.jpg,0.68074214,0.7579636
00017242.jpg,0.73995817,0.678268
00036303.jpg,0.60503304,0.6364908
n02430045_5804.jpg,0.7943678,0.8803419
00052203.jpg,0.88911295,0.9208852
00025212.jpg,0.8196892,0.7270068
00045306.jpg,0.6812738,0.7003722
00049331.jpg,0.80311245,0.849699
00028196.jpg,0.92433476,0.8290556
00056690.jpg,0.8140983,0.7781696
00027964.jpg,0.70139587,0.5986224
00000115.jpg,0.7538864,0.8384186
3e5f7dc48d210ad0.jpg,0.7460107,0.9255319
00027356.jpg,0.8622254,0.8887128
00007388.jpg,0.7255612,0.6567494
00030674.jpg,0.8112495,0.7730672
00032736.jpg,0.8173717,0.9009968
00007454.jpg,0.73496246,0.8192856
n02387722_10980.jpg,0.76165235,0.7291667
00008167.jpg,0.626171,0.4832716
00055275.jpg,0.56420547,0.5361174
00023556.jpg,0.8070184,0.7889864
n04610013_5869.jpg,0.68169045,0.76744187
n09393605_13641.jpg,0.6753644,0.5254237
00033892.jpg,0.6746533,0.686339
00042899.jpg,0.8593405,0.9237148
00038320.jpg,0.6260079,0.5659268
00023921.jpg,0.8505491,0.7983086
00012372.jpg,0.7709925,0.9061092
n04166281_7105.jpg,0.7161888,0.70652175
00037961.jpg,0.7533896,0.7884904
00017063.jpg,0.75998276,0.7644052
00008526.jpg,0.7022917,0.7620314
00045757.jpg,0.72378826,0.7918364
00039748.jpg,0.84981525,0.8496008
00053479.jpg,0.73473084,0.8294372
00003739.jpg,0.6371741,0.6339202
00029667.jpg,0.90479505,0.9310424
00030977.jpg,0.8216026,0.869006
00057708.jpg,0.8447341,0.893363
00035569.jpg,0.68544793,0.6531802
00006118.jpg,0.78980607,0.8465558
00037484.jpg,0.707343,0.6551084
00047591.jpg,0.81935006,0.896867
n07574602_27219.jpg,0.7352389,0.6179775
000000189600.jpg,0.82877123,0.8902439
00018521.jpg,0.76426864,0.7160608
n02324045_31803.jpg,0.8191943,0.8235294
00015188.jpg,0.790985,0.7892304
00028843.jpg,0.83789563,0.8597818
00044141.jpg,0.7997911,0.7556984
00005226.jpg,0.6946761,0.5334902
00057492.jpg,0.7830411,0.7294384
n07863374_18430.jpg,0.8144525,0.7446808
00003603.jpg,0.77862525,0.8707778
00014632.jpg,0.78345364,0.8657194
00025885.jpg,0.70906824,0.7824778
00034504.jpg,0.7754587,0.8636126
00057195.jpg,0.8254191,0.860378
00018097.jpg,0.5663383,0.7130602
00057386.jpg,0.7428328,0.8675404
00002572.jpg,0.69541377,0.7628656
00052712.jpg,0.8018546,0.8339158
00052718.jpg,0.8498502,0.8674784
00046768.jpg,0.8074554,0.8364156
00006894.jpg,0.854573,0.7236952
n04610013_17480.jpg,0.76190615,0.84615386
00039595.jpg,0.66688156,0.5510608
00012202.jpg,0.699594,0.6143462
00053158.jpg,0.79186285,0.9230556
00029082.jpg,0.77647114,0.8363192
00022851.jpg,0.8997389,0.7839952
ec79dfe1948600e6.jpg,0.8720659,0.78571427
00009472.jpg,0.75622046,0.8269698
00004895.jpg,0.7487335,0.7661772
00007767.jpg,0.96651506,0.8394148
00011432.jpg,0.6522738,0.708536
00022275.jpg,0.771612,0.801069
00043147.jpg,0.9038081,0.8766078
000000223757.jpg,0.7869668,0.8148148
00031795.jpg,0.74243575,0.7224294
00024167.jpg,0.7836441,0.6726268
00031262.jpg,0.91233814,0.9082188
00050634.jpg,0.90125847,0.8687212
00058034.jpg,0.7469349,0.7148584
00047980.jpg,0.6475567,0.6513594
6b27b3ffb904f51f.jpg,0.83300877,0.7625
00032264.jpg,0.6403624,0.532118
00045240.jpg,0.8786446,0.9253108
00011652.jpg,0.8440989,0.7807492
n02433925_23052.jpg,0.7123432,0.53781515
00000030.jpg,0.8215291,0.8381114
00034565.jpg,0.73021483,0.795188
00007638.jpg,0.7258755,0.7857596
00048797.jpg,0.815084,0.7047834
00021746.jpg,0.57410336,0.5744382
00043094.jpg,0.79221845,0.8495378
00058568.jpg,0.8371843,0.9580462
n04461696_6719.jpg,0.76406825,0.82653064
n07720875_10155.jpg,0.88781106,0.8981481
00007498.jpg,0.6365171,0.6405296
00016463.jpg,0.7903212,0.7789024
00048583.jpg,0.81172323,0.9111172
00016178.jpg,0.801107,0.755756
000000167811.jpg,0.7375841,0.7692308
n09303008_26126.jpg,0.5401121,0.52040815
00029074.jpg,0.6896862,0.7739068
00027227.jpg,0.7491427,0.793086
00012897.jpg,0.85521615,0.8553684
00055260.jpg,0.86111474,0.9261024
00016230.jpg,0.58891183,0.6758648
00044198.jpg,0.6971494,0.7922372
00042862.jpg,0.6758758,0.526147
00052533.jpg,0.8325567,0.9260646
00050551.jpg,0.7935555,0.7325172
00031239.jpg,0.81685424,0.719502
00049451.jpg,0.88461924,0.8989486
00035143.jpg,0.61058986,0.5316934
00001477.jpg,0.7811372,0.6173856
n02450034_11093.jpg,0.7822087,0.82300884
00040291.jpg,0.79142594,0.7630884
00047677.jpg,0.84477234,0.9506058
00048506.jpg,0.78383505,0.7602728
00027035.jpg,0.7118783,0.7495502
n03790512_12076.jpg,0.79767823,0.7809524
00029269.jpg,0.81690437,0.7808
00026196.jpg,0.85165167,0.8835612
00049117.jpg,0.6647117,0.6139024
00041433.jpg,0.69018424,0.6706768
00015842.jpg,0.81148076,0.9023658
00024615.jpg,0.66096056,0.6377942
00041396.jpg,0.6394954,0.5456644
00013398.jpg,0.92588985,0.9127216
00021042.jpg,0.7778328,0.8403634
00046460.jpg,0.6652552,0.7262284
00025674.jpg,0.7649976,0.9600538
00054530.jpg,0.79150057,0.8223584
00018991.jpg,0.59345734,0.5108778
00022757.jpg,0.7244599,0.7779456
00007442.jpg,0.73206955,0.7055446
00051992.jpg,0.60961616,0.6505846
00056818.jpg,0.7967955,0.8192996
00045750.jpg,0.6942607,0.5694592
00038143.jpg,0.65405476,0.769282
00035449.jpg,0.5416989,0.5598452
00046097.jpg,0.69851714,0.7040612
n09468604_55932.jpg,0.5843984,0.6952381
n04610013_9444.jpg,0.72146964,0.75
00018390.jpg,0.6631833,0.4409626
00044562.jpg,0.80433667,0.7405328
00019911.jpg,0.81404775,0.8485738
9f0a2313d27cfdc4.jpg,0.7718934,0.7307692
000000323258.jpg,0.6864817,0.6909091
00035166.jpg,0.735795,0.7099946
n09376198_32430.jpg,0.66282547,0.64356434
00011155.jpg,0.9115976,0.8822662
n09308572_152.jpg,0.673005,0.7943925
0af7495ce8c2f098.jpg,0.7622589,0.74
00011031.jpg,0.73565507,0.8478074
00028647.jpg,0.87643003,0.9194502
00052330.jpg,0.81799364,0.8307212
n07680932_56466.jpg,0.831972,0.92
00009340.jpg,0.7462789,0.7401306
bab0c4f8e845c304.jpg,0.6747986,0.7083333
n02355227_13267.jpg,0.85047555,0.9285714
544cf56975736880.jpg,0.7819829,0.8064516
00052243.jpg,0.7448146,0.67785
00026737.jpg,0.8455696,0.6967966
00005267.jpg,0.91037536,0.856214
000000125979.jpg,0.8451402,0.9009901
00034197.jpg,0.58985543,0.5328894
00034035.jpg,0.6929136,0.7252508
00008517.jpg,0.6381571,0.6895162
00005249.jpg,0.835129,0.88277
00044954.jpg,0.7929181,0.9218832
00040176.jpg,0.80832326,0.9083394
00028573.jpg,0.84623754,0.7953386
00044544.jpg,0.67801714,0.647397
00058208.jpg,0.79736996,0.86079
00003780.jpg,0.7039337,0.6415778
00023532.jpg,0.7875936,0.9461882
00022153.jpg,0.8234618,0.880367
00015032.jpg,0.6883442,0.733629
00027161.jpg,0.77037466,0.6966344
00032659.jpg,0.8386973,0.9129238
00037947.jpg,0.7470194,0.8777006
00041334.jpg,0.72374153,0.7721698
00005592.jpg,0.738397,0.8511262
00052128.jpg,0.8058213,0.8284136
00010159.jpg,0.7952175,0.8672528
00052070.jpg,0.71389914,0.8192954
00022797.jpg,0.80276954,0.8694366
00009005.jpg,0.6493875,0.643129
00016921.jpg,0.82357,0.8618918
db2d4827104ccd7b.jpg,0.8420098,0.8796296
n07893642_24480.jpg,0.77379775,0.85087717
00009948.jpg,0.7684189,0.7706728
00032177.jpg,0.69303906,0.711091
00018665.jpg,0.91143274,0.9648754
00046096.jpg,0.62276256,0.687513
00026423.jpg,0.72984546,0.5547006
00018056.jpg,0.8580982,0.8257346
00042531.jpg,0.8278333,0.9095316
00000555.jpg,0.7912953,0.8215346
42daecc83058cdc9.jpg,0.67332757,0.5555556
00056698.jpg,0.84718287,0.868425
00033039.jpg,0.8225629,0.8240254
00043454.jpg,0.766166,0.7676626
00001102.jpg,0.67400384,0.6662734
00056490.jpg,0.8355431,0.9167026
00053254.jpg,0.8542165,0.9288212
00032077.jpg,0.79611194,0.7876536
00025688.jpg,0.8030902,0.8072706
00051933.jpg,0.842451,0.9138688
00047761.jpg,0.76254797,0.7898554
00045823.jpg,0.6645973,0.6691502
00029705.jpg,0.6484966,0.520393
00022496.jpg,0.7414652,0.8164852
00038780.jpg,0.7384094,0.7024262
00011383.jpg,0.7769462,0.7975668
00055772.jpg,0.7137632,0.6267362
00015258.jpg,0.6807145,0.66593
00038646.jpg,0.60199,0.6658572
00032683.jpg,0.6028733,0.6705646
00001209.jpg,0.6823453,0.6603446
00001350.jpg,0.60088897,0.4934062
00052674.jpg,0.7562001,0.7878818
00053271.jpg,0.90898466,0.8946056
00042758.jpg,0.76673895,0.795542
00049235.jpg,0.6687356,0.8650612
00003009.jpg,0.77567685,0.8568782
00001797.jpg,0.83637273,0.8800436
00057973.jpg,0.8097718,0.8410752
00027203.jpg,0.8033453,0.8307118
00033378.jpg,0.7819241,0.7103052
00033812.jpg,0.75766635,0.6704266
00032002.jpg,0.82542443,0.9442548
00014288.jpg,0.759709,0.5688492
00037684.jpg,0.77063084,0.9094372
00052759.jpg,0.66829956,0.6404556
000000025951.jpg,0.84601474,0.93
n02355227_14189.jpg,0.8696655,0.9
00032560.jpg,0.7712931,0.757551
00016550.jpg,0.63838315,0.680537
00031431.jpg,0.670915,0.6290946
00015404.jpg,0.7662353,0.7511036
00037809.jpg,0.67300946,0.7434892
n00464894_13320.jpg,0.7552016,0.7326733
00007314.jpg,0.88959455,0.8145918
00001580.jpg,0.6925121,0.783941
00012846.jpg,0.9143826,0.9391854
n02396427_22180.jpg,0.71526694,0.6448598
00030529.jpg,0.58315396,0.594728
00030466.jpg,0.677585,0.7733708
00015198.jpg,0.8178967,0.8581596
00042579.jpg,0.7415138,0.695974
00027901.jpg,0.7423725,0.700164
00051171.jpg,0.86075246,0.842283
00035828.jpg,0.66836476,0.7505828
00009028.jpg,0.64063257,0.6453606
n07911677_771.jpg,0.8420305,0.93457943
00040297.jpg,0.72769403,0.7245222
n07753592_3854.jpg,0.9854467,0.92156863
00032019.jpg,0.6716838,0.740354
00002339.jpg,0.73213387,0.8591642
00024853.jpg,0.7388892,0.718528
00030251.jpg,0.8179749,0.7715308
00041896.jpg,0.787192,0.8036076
00021209.jpg,0.8584893,0.867771
n03594945_7558.jpg,0.7594766,0.7032967
00010625.jpg,0.8778205,0.8630484
00055085.jpg,0.7170011,0.936389
sun_axhmqffemaohcdle.jpg,0.569789,0.48214287
00032952.jpg,0.76064575,0.6527234
00019464.jpg,0.7635153,0.8050062
00034949.jpg,0.8628902,0.9597932
00026257.jpg,0.75092447,0.7321062
n01846331_4392.jpg,0.8335713,0.9108911
00020992.jpg,0.64448214,0.6369918
00023615.jpg,0.77584517,0.7312418
n04349306_2279.jpg,0.7390783,0.75789475
00037271.jpg,0.72954154,0.7932174
00032307.jpg,0.7530932,0.6703038
00021743.jpg,0.7834128,0.7968426
00012467.jpg,0.84876144,0.8851612
00021495.jpg,0.774402,0.8049218
00029267.jpg,0.61860514,0.5957498
00051222.jpg,0.625576,0.6852902
00004416.jpg,0.83455145,0.785339
00010469.jpg,0.7375659,0.6321722
00021390.jpg,0.712116,0.616381
00009538.jpg,0.66937613,0.7013428
00018351.jpg,0.8248718,0.8239094
00056707.jpg,0.6495522,0.4921938
00024950.jpg,0.7934152,0.8855582
00020057.jpg,0.8240315,0.8392356
n02355227_12389.jpg,0.86939967,0.8715596
00057597.jpg,0.90184534,0.8977688
00053828.jpg,0.78825927,0.8086106
00029075.jpg,0.67874646,0.7569078
00012785.jpg,0.8332714,0.8996632
00038187.jpg,0.5826663,0.6361506
00022739.jpg,0.803823,0.7585824
00003324.jpg,0.7607517,0.8003724
00024612.jpg,0.7845485,0.7993722
00021226.jpg,0.8098854,0.8002464
00009181.jpg,0.69926125,0.8056816
00050810.jpg,0.80253184,0.7516306
n03594945_19367.jpg,0.77001935,0.78494626
00010939.jpg,0.53785217,0.4236578
00031383.jpg,0.5750518,0.6191284
00022613.jpg,0.8121972,0.8783526
00023875.jpg,0.6646626,0.6602868
00042468.jpg,0.6788622,0.7808302
00044959.jpg,0.6878542,0.588681
00057830.jpg,0.7888984,0.7716428
00015339.jpg,0.8047127,0.8504666
00021811.jpg,0.7803191,0.799564
000000227855.jpg,0.7593496,0.75789475
00008078.jpg,0.55479544,0.3500164
00013622.jpg,0.69767684,0.822142
000000432657.jpg,0.68980825,0.77884614
00049058.jpg,0.7492198,0.847011
00024115.jpg,0.7261954,0.6903364
00008046.jpg,0.9689243,0.9083032
00049131.jpg,0.7187308,0.7180542
00058478.jpg,0.7545284,0.6973608
00056652.jpg,0.5498446,0.630506
00034842.jpg,0.6890826,0.590759
b3f716ade97c3333.jpg,0.79526913,0.8080808
n04349306_6213.jpg,0.8282863,0.85470086
00004844.jpg,0.68294525,0.6430102
n07911677_374.jpg,0.8582756,0.9
00047787.jpg,0.77593005,0.808917
00006787.jpg,0.6255853,0.7281436
00028737.jpg,0.894053,0.860992
00018687.jpg,0.83225584,0.7381748
00040035.jpg,0.81593513,0.8014698
00057802.jpg,0.87208784,0.8793118
00031538.jpg,0.67335695,0.566224
000000566672.jpg,0.72154903,0.78494626
00008223.jpg,0.83638334,0.7925458
00005739.jpg,0.6676065,0.456376
00043021.jpg,0.7466928,0.8696032
n01793435_7070.jpg,0.8300787,0.8108108
00030866.jpg,0.8409257,0.828894
00046676.jpg,0.8325325,0.8851226
00051295.jpg,0.8529248,0.7447754
n03670208_8336.jpg,0.7069117,0.6781609
n04252077_3698.jpg,0.75934064,0.8608696
00020012.jpg,0.7631785,0.6556326
00054338.jpg,0.798933,0.8766584
sun_aniklgtqehhkmkze.jpg,0.5166055,0.6893204
00034316.jpg,0.71400917,0.7509526
00027933.jpg,0.7695106,0.6729308
00034295.jpg,0.695557,0.6798176
00058100.jpg,0.77169657,0.8702172
000000019579.jpg,0.76962376,0.8173077
00031677.jpg,0.7681143,0.7905742
00011200.jpg,0.61811805,0.674017
e02a4720aa913ac8.jpg,0.65270114,0.6666667
00003332.jpg,0.80566746,0.7928424
00030468.jpg,0.9039055,0.8787638
00044843.jpg,0.8052274,0.8517664
00033327.jpg,0.7674514,0.7748706
00046919.jpg,0.612672,0.7138094
00031312.jpg,0.60178,0.735679
00049127.jpg,0.8498672,0.8339872
00007661.jpg,0.7501427,0.6507868
00011116.jpg,0.8069695,0.79312
n07849336_32099.jpg,0.82440877,0.8761905
00050249.jpg,0.86744046,0.8549966
00001072.jpg,0.7349395,0.5767084
00037132.jpg,0.6478094,0.6903966
00041617.jpg,0.73781514,0.7209874
00001629.jpg,0.72487557,0.712675
n07711569_5492.jpg,0.79096967,0.6904762
00052862.jpg,0.8131131,0.780875
f3d6f9c54b2fbd9c.jpg,0.8527216,0.8165138
00046343.jpg,0.7156712,0.64718
00000137.jpg,0.80570996,0.8574836
sun_aqjctcdzynstdphs.jpg,0.59891844,0.53846157
00049011.jpg,0.8314419,0.7022044
n07698672_1483.jpg,0.82635653,0.66292137
00030683.jpg,0.8519875,0.914328
00026752.jpg,0.7479801,0.6815664
00055027.jpg,0.77279085,0.874447
00028802.jpg,0.8238385,0.8173108
00019752.jpg,0.77827585,0.8597594
00047619.jpg,0.8056834,0.7940932
00040743.jpg,0.7622973,0.7171522
00050490.jpg,0.6815693,0.7469564
00025117.jpg,0.7474549,0.663896
00050820.jpg,0.7307941,0.8224902
00012878.jpg,0.8094646,0.8372488
00012128.jpg,0.86921775,0.9050482
00007397.jpg,0.8177515,0.7758638
00003040.jpg,0.7735525,0.7539472
00022364.jpg,0.6899891,0.6779836
00037000.jpg,0.87840414,0.8693002
00022059.jpg,0.7892126,0.716336
00018978.jpg,0.8003651,0.6692082
00026641.jpg,0.7492949,0.8087534
00043194.jpg,0.66350305,0.7843862
n04461696_6970.jpg,0.7252213,0.736
00001871.jpg,0.7614625,0.8302228
00014966.jpg,0.7789494,0.6046478
00025336.jpg,0.8486279,0.8941362
00037432.jpg,0.7136346,0.4785776
00008261.jpg,0.86319673,0.764085
00000309.jpg,0.56116605,0.4056044
00044163.jpg,0.7640233,0.8337146
00036615.jpg,0.62624305,0.479648
00016996.jpg,0.7951919,0.7765256
00029367.jpg,0.837219,0.8822086
00005007.jpg,0.7614016,0.7324512
00047780.jpg,0.7733129,0.714917
00013605.jpg,0.85116065,0.8329286
00057097.jpg,0.79313636,0.8526328
00042964.jpg,0.7745683,0.8595198
f89f1c0793c6947f.jpg,0.7819728,0.92134833
00051170.jpg,0.85999405,0.8551308
00002195.jpg,0.7821578,0.7952602
00013783.jpg,0.9404639,0.8930892
00003958.jpg,0.83764625,0.8990406
00053137.jpg,0.87490416,0.8818762
00035203.jpg,0.6301707,0.6114404
00027841.jpg,0.7957035,0.8714256
00053203.jpg,0.71710885,0.4944884
00042064.jpg,0.75580657,0.7713632
00016071.jpg,0.57712734,0.5368504
00031346.jpg,0.8514332,0.8709674
00051770.jpg,0.64322305,0.7321942
00001116.jpg,0.7428709,0.7992208
00009347.jpg,0.7347742,0.7255274
00000334.jpg,0.6816051,0.6009482
00043654.jpg,0.7141739,0.561964
00008949.jpg,0.729427,0.712428
00053087.jpg,0.80395675,0.8462144
00027692.jpg,0.75376284,0.6683952
00043085.jpg,0.66953444,0.769454
00026657.jpg,0.81420183,0.7132114
00018480.jpg,0.79879534,0.7920668
00033691.jpg,0.6720331,0.5548912
n03670208_4237.jpg,0.79384005,0.8
00026155.jpg,0.6975088,0.5371088
00041202.jpg,0.6956203,0.766888
00050076.jpg,0.9390625,0.9611712
00041834.jpg,0.747422,0.865939
00052683.jpg,0.6838041,0.6795978
00029389.jpg,0.7390173,0.7074906
00040481.jpg,0.7402662,0.6427522
n09308572_3703.jpg,0.6486385,0.7311828
00010174.jpg,0.8694986,0.8490324
000000306363.jpg,0.75584257,0.8
00010893.jpg,0.7727196,0.7876352
00028776.jpg,0.75291646,0.678492
n07753592_9134.jpg,0.9130956,0.875
00020100.jpg,0.8411388,0.896093
00048597.jpg,0.6667204,0.5829442
00029651.jpg,0.7683443,0.8479422
00057601.jpg,0.7535405,0.767427
00050607.jpg,0.8224232,0.8646654
n02430045_6289.jpg,0.789366,0.75213677
00001956.jpg,0.74934286,0.8605294
000000559695.jpg,0.8936893,0.9270833
00043498.jpg,0.7208184,0.7982922
00036371.jpg,0.63718045,0.5075538
00055025.jpg,0.7224444,0.6815722
00014795.jpg,0.7630887,0.7334432
5c5e8f097fa56b06.jpg,0.61925423,0.4528302
n07693725_1211.jpg,0.860075,0.84810126
00042897.jpg,0.75794464,0.8987276
00040602.jpg,0.780959,0.7777284
00017724.jpg,0.53953373,0.5626478
00053015.jpg,0.60494876,0.5454648
00012952.jpg,0.59907156,0.6998342
00032335.jpg,0.8586333,0.9835254
00050168.jpg,0.7360633,0.6331156
00027867.jpg,0.7613914,0.8476718
00002349.jpg,0.73997116,0.7608644
00014034.jpg,0.8337612,0.7879436
00030330.jpg,0.69764304,0.6427732
00033463.jpg,0.72978544,0.7526836
00004377.jpg,0.9093343,0.8324862
00008520.jpg,0.7260964,0.6540294
ea22da2b9fa06829.jpg,0.83944875,0.85470086
00020902.jpg,0.6539694,0.7274578
00030888.jpg,0.7638817,0.842184
00007135.jpg,0.77835715,0.8575022
00002561.jpg,0.84322155,0.8617172
000000497199.jpg,0.7042618,0.74311924
00034904.jpg,0.67438257,0.7368168
sun_akvekvlcibmjxdeu.jpg,0.5979944,0.43678162
00019251.jpg,0.691802,0.605479
00022845.jpg,0.7584082,0.730249
00031564.jpg,0.56144094,0.6313864
00006601.jpg,0.76489466,0.740755
00004553.jpg,0.6995375,0.6610238
00019963.jpg,0.74176383,0.6927872
00041754.jpg,0.6865531,0.7149624
00037921.jpg,0.7907121,0.8534742
00006898.jpg,0.8129982,0.8907738
00044498.jpg,0.77349436,0.7465326
000000411182.jpg,0.89104474,0.9009009
00018507.jpg,0.8062962,0.8759168
00004342.jpg,0.77101904,0.8632486
00044249.jpg,0.77884674,0.8051644
00011165.jpg,0.8854399,0.8586146
00054569.jpg,0.9225941,0.9469338
00000178.jpg,0.7167109,0.6561634
00007268.jpg,0.88076055,0.8789596
00051518.jpg,0.73756397,0.558887
00000238.jpg,0.79364014,0.8873878
00001807.jpg,0.7996421,0.7803212
n04231693_22459.jpg,0.7135197,0.76666665
00020030.jpg,0.69958377,0.7962824
00055172.jpg,0.6549355,0.6491938
00016275.jpg,0.8806069,0.9111888
00039802.jpg,0.76447713,0.6760042
00046403.jpg,0.70083475,0.7971582
00040400.jpg,0.73769665,0.7300748
00007682.jpg,0.7980449,0.6663252
00007202.jpg,0.84920454,0.7487094
00038204.jpg,0.56868315,0.5236912
00022822.jpg,0.9168947,0.8423082
00019391.jpg,0.70676255,0.7713032
00013036.jpg,0.80229485,0.7899092
000000157049.jpg,0.7407197,0.79569894
00025478.jpg,0.844501,0.8474938
00056988.jpg,0.66295195,0.733887
00006385.jpg,0.7786763,0.705204
00007063.jpg,0.6949936,0.7041612
00005934.jpg,0.6854235,0.7263178
00003785.jpg,0.7320188,0.8099828
00020370.jpg,0.7723229,0.6412102
00053436.jpg,0.5931171,0.5356422
00038011.jpg,0.66299963,0.5928344
00044919.jpg,0.67431045,0.756434
00049389.jpg,0.8851849,0.8535042
00008857.jpg,0.72789896,0.7548778
00002277.jpg,0.5630994,0.4221798
00012617.jpg,0.66147476,0.5177754
00050721.jpg,0.7869338,0.7680974
00035170.jpg,0.6328902,0.7504404
00054891.jpg,0.69605255,0.814112
00016113.jpg,0.78889215,0.6849646
n00468480_8753.jpg,0.7999471,0.8137255
00026080.jpg,0.87496364,0.9004584
00001029.jpg,0.75735915,0.6493842
00056829.jpg,0.74935836,0.7583904
00005256.jpg,0.8105603,0.707576
n03791053_8496.jpg,0.78974354,0.7604167
00033770.jpg,0.7486036,0.8211638
00017003.jpg,0.6273144,0.6044998
00042080.jpg,0.6760201,0.6621598
00005463.jpg,0.66934294,0.7058026
00054548.jpg,0.62153375,0.6705084
00002254.jpg,0.8422559,0.82633
00047402.jpg,0.81413245,0.9313074
947a61e750f23ce9.jpg,0.7273538,0.76086956
000000257214.jpg,0.7599691,0.8761062
00004814.jpg,0.7318166,0.7821626
00048919.jpg,0.85173845,0.9368526
n01846331_7718.jpg,0.793452,0.84615386
00024399.jpg,0.63246465,0.633352
00015448.jpg,0.9114257,0.8246118
00019167.jpg,0.7461587,0.8986094
00030392.jpg,0.78032243,0.7135472
00056126.jpg,0.7393378,0.6657454
00011603.jpg,0.7613873,0.7627744
00045054.jpg,0.72186047,0.6684432
00048824.jpg,0.6814163,0.7459328
00010952.jpg,0.686728,0.7255496
000000182496.jpg,0.92269194,0.9777778
00022097.jpg,0.8871224,0.9598132
00007102.jpg,0.79988456,0.8122884
00025416.jpg,0.78363943,0.7663926
00034797.jpg,0.6376282,0.5100746
00040389.jpg,0.6717,0.8090922
00047660.jpg,0.6941123,0.75401
00004363.jpg,0.7038013,0.6578088
000000352418.jpg,0.7772639,0.8117647
n01811909_8210.jpg,0.7544136,0.66071427
n09421951_22443.jpg,0.536842,0.5233645
00013865.jpg,0.8035088,0.7709362
00031509.jpg,0.6496242,0.7615766
00058101.jpg,0.81843054,0.783971
n02878222_30942.jpg,0.7384697,0.7070707
00044369.jpg,0.73207295,0.5257468
00013947.jpg,0.78514206,0.82871
00042051.jpg,0.8198518,0.8219188
00001304.jpg,0.6910616,0.723245
n02118333_6923.jpg,0.80175614,0.80172414
00027771.jpg,0.6016383,0.6135222
00006993.jpg,0.5847703,0.5662256
000000373021.jpg,0.7782219,0.75
00022242.jpg,0.71548843,0.6776478
sun_aioxamlvtxhpnzzt.jpg,0.6468439,0.65
00035199.jpg,0.7617725,0.7803648
00026377.jpg,0.8179802,0.8746316
00042165.jpg,0.6909616,0.7820228
00050995.jpg,0.7755765,0.6958092
00036294.jpg,0.6583166,0.695397
00022405.jpg,0.7629125,0.8047212
00042981.jpg,0.8115289,0.7767594
00029790.jpg,0.6322582,0.6505388
n03512147_2782.jpg,0.784989,0.81904763
deb4d11e1ecbab40.jpg,0.7395729,0.7606838
n07933274_30442.jpg,0.8516743,0.8021978
n02132136_7468.jpg,0.86301965,0.84347826
00008314.jpg,0.7648692,0.8350444
00040467.jpg,0.6405475,0.6639188
n02878222_12402.jpg,0.674626,0.6535433
00003439.jpg,0.8298918,0.8438664
00014875.jpg,0.80730116,0.8886492
00024317.jpg,0.80153483,0.8499494
00039734.jpg,0.83415216,0.9080546
sun_aoxgfainbiglwchn.jpg,0.6789384,0.56880736
00023326.jpg,0.56012166,0.5339128
00026037.jpg,0.7879548,0.8367764
00030595.jpg,0.7971406,0.6960808
00001742.jpg,0.9666983,0.9470736
00044696.jpg,0.7172781,0.6582018
00037101.jpg,0.77432203,0.7277354
00047018.jpg,0.8442844,0.8947986
00021580.jpg,0.80073667,0.9274862
00056586.jpg,0.625474,0.7518582
00027833.jpg,0.8444997,0.8044494
00000474.jpg,0.85540044,0.6874146
00001564.jpg,0.6561707,0.7617124
00044823.jpg,0.6858227,0.715812
00027576.jpg,0.850628,0.81905
00018717.jpg,0.7714775,0.9118278
00038360.jpg,0.7010771,0.653572
n04467665_70894.jpg,0.708511,0.74509805
00054354.jpg,0.85665935,0.9618132
000000010900.jpg,0.79316556,0.8956522
00008790.jpg,0.7729791,0.703389
00041414.jpg,0.7665373,0.8918202
f7dce233924abacf.jpg,0.599598,0.5609756
00058557.jpg,0.6461724,0.6506282
00018133.jpg,0.8327941,0.8824478
n07806221_23808.jpg,0.76139987,0.59782606
00002703.jpg,0.63153064,0.6488722
00028867.jpg,0.6671833,0.5852536
00006841.jpg,0.6193321,0.5524032
00050697.jpg,0.8453083,0.8326486
00025707.jpg,0.8126414,0.769968
eeb542fae008dadf.jpg,0.62598455,0.7113402
00031123.jpg,0.9130974,0.878726
00033344.jpg,0.70704544,0.762786
00057051.jpg,0.8247151,0.7528624
00023101.jpg,0.800273,0.8734598
00049202.jpg,0.63824654,0.7321266
00013380.jpg,0.89920354,0.8337374
00044632.jpg,0.67160165,0.7530398
00004736.jpg,0.6743802,0.716554
00023183.jpg,0.8383447,0.8400706
00026264.jpg,0.6670363,0.8374694
00037545.jpg,0.67223597,0.8411882
00023263.jpg,0.81219506,0.894975
00054886.jpg,0.79243857,0.9024356
00034570.jpg,0.7801354,0.8523554
00058515.jpg,0.72740793,0.8903992
00027357.jpg,0.6058191,0.62813
00045401.jpg,0.7233627,0.6272394
00039629.jpg,0.70264196,0.7488844
00053021.jpg,0.62475646,0.7215828
00003180.jpg,0.7742002,0.8907318
00018876.jpg,0.7636882,0.6252004
00023013.jpg,0.75933945,0.7526404
00003623.jpg,0.8690828,0.8150126
00012181.jpg,0.7902808,0.8910402
00047502.jpg,0.7270585,0.7312424
00003795.jpg,0.76510334,0.791494
00038217.jpg,0.49859604,0.7472248
00013708.jpg,0.753515,0.7301402
00052241.jpg,0.6243334,0.77481
n12345899_17176.jpg,0.70367754,0.8125
00031764.jpg,0.86368227,0.901622
00051961.jpg,0.8052299,0.8603818
00057571.jpg,0.6642307,0.5957574
00003110.jpg,0.8411722,0.685451
000000143234.jpg,0.72898215,0.8113208
00047520.jpg,0.81194997,0.8125306
00013854.jpg,0.8536409,0.801881
00057775.jpg,0.77155674,0.7990554
00046820.jpg,0.78489685,0.6935766
00021194.jpg,0.69156134,0.6487916
n07806221_23732.jpg,0.76092625,0.7878788
n02932891_23097.jpg,0.71336544,0.52136755
00028541.jpg,0.7229357,0.7169564
00007510.jpg,0.8302126,0.9061294
00045973.jpg,0.9502256,0.9894078
00032488.jpg,0.7304902,0.7542162
00032120.jpg,0.7326046,0.6714684
00054849.jpg,0.90398335,0.902181
00008912.jpg,0.8726188,0.8207228
00054727.jpg,0.5851711,0.6064768
00039909.jpg,0.70681024,0.7492094
00011420.jpg,0.92306304,0.9496824
00016601.jpg,0.6395195,0.7709294
00026745.jpg,0.8686509,0.859004
00048537.jpg,0.7695137,0.6380094
8fd5b6376d5e15d2.jpg,0.77203035,0.76404494
00015031.jpg,0.86669123,0.9792994
00047346.jpg,0.772298,0.8178494
n04610013_9276.jpg,0.7138151,0.54901963
efd6e2c6544a1fff.jpg,0.7823973,0.7878788
00022911.jpg,0.79803944,0.7430574
00016384.jpg,0.7319045,0.7000312
00050668.jpg,0.8379414,0.8951226
00014482.jpg,0.8086958,0.7468674
00020409.jpg,0.87800026,0.9558852
00044195.jpg,0.70097893,0.5908394
00001333.jpg,0.8203635,0.7765092
00031172.jpg,0.8511362,0.7888846
00014126.jpg,0.6285947,0.4753944
00034072.jpg,0.666898,0.7106982
00052926.jpg,0.8338553,0.7964242
00034768.jpg,0.6344304,0.47334
00032886.jpg,0.8236799,0.8373686
00008400.jpg,0.8142371,0.840054
00013927.jpg,0.739141,0.7922536
00006355.jpg,0.558431,0.611693
00045532.jpg,0.7614375,0.6749428
00039144.jpg,0.8308265,0.8255782
00025846.jpg,0.70786774,0.8261154
00027835.jpg,0.8210874,0.9257442
00034000.jpg,0.71432436,0.8693848
00017170.jpg,0.7224009,0.5469436
00031077.jpg,0.8323915,0.8319202
00038516.jpg,0.66211593,0.74975
00041874.jpg,0.7984159,0.7544238
00030247.jpg,0.82438254,0.7646608
00008155.jpg,0.8423902,0.8856706
00038467.jpg,0.72076166,0.8084298
00043186.jpg,0.77561605,0.7504546
00026815.jpg,0.69524056,0.478601
00031356.jpg,0.62168884,0.5456318
00021401.jpg,0.66922593,0.841196
00028985.jpg,0.7845708,0.7700708
00050793.jpg,0.743085,0.7881636
00049698.jpg,0.7043179,0.624632
00012420.jpg,0.6944704,0.730924
00047811.jpg,0.68391955,0.7477196
00003518.jpg,0.7849263,0.8260146
000000364973.jpg,0.84485304,0.8901099
00051207.jpg,0.6706512,0.804388
sun_ampjnwubvqspkvul.jpg,0.6259749,0.47474748
00002291.jpg,0.8415109,0.8364942
00033791.jpg,0.87020457,0.8643274
00022393.jpg,0.81382763,0.8717596
00032253.jpg,0.85902417,0.8602172
00009895.jpg,0.71572316,0.8444186
00017822.jpg,0.5928798,0.6043734
00019257.jpg,0.8137828,0.7762512
00045106.jpg,0.68346,0.6503788
00023621.jpg,0.8244211,0.7119664
00058157.jpg,0.90081954,0.7802262
00053839.jpg,0.72594786,0.7698538
00007920.jpg,0.8890687,0.8924212
n04349306_12612.jpg,0.7648949,0.8783784
00041235.jpg,0.6690129,0.6349992
000000308806.jpg,0.8895016,0.9270833
00033067.jpg,0.85414326,0.802636
00050909.jpg,0.82546645,0.7219634
00006763.jpg,0.78370845,0.90145
00053795.jpg,0.78845346,0.7548074
00018464.jpg,0.8235458,0.9073356
00000782.jpg,0.8514607,0.8792352
n09472597_33772.jpg,0.63663185,0.78640777
00046848.jpg,0.806174,0.7423398
00055981.jpg,0.73300767,0.6341916
00027260.jpg,0.7722668,0.6209726
00025292.jpg,0.72271574,0.8530902
00049302.jpg,0.77136344,0.8339014
00044295.jpg,0.7172772,0.715967
00011563.jpg,0.7811015,0.8395244
00005298.jpg,0.6221957,0.7352252
00041009.jpg,0.7398411,0.7327644
00043310.jpg,0.8077675,0.842883
00045157.jpg,0.7689426,0.7156364
00004295.jpg,0.8676261,0.8503208
000000448205.jpg,0.77496874,0.77319586
n09270735_13703.jpg,0.7995131,0.62184876
00008837.jpg,0.6536956,0.5593956
00046371.jpg,0.74532545,0.7430736
n01846331_2857.jpg,0.80220747,0.79611653
00043588.jpg,0.80932105,0.8473448
00024624.jpg,0.87009466,0.859975
00047943.jpg,0.86996984,0.959091
00046699.jpg,0.74946606,0.7235604
00054537.jpg,0.76951957,0.735312
00016093.jpg,0.7498146,0.7248854
00037332.jpg,0.7297425,0.7666788
00009026.jpg,0.75015545,0.8389162
00014963.jpg,0.8653745,0.8876048
00036543.jpg,0.74090147,0.7655672
00028569.jpg,0.7031857,0.762587
00018821.jpg,0.71700597,0.7396356
00047456.jpg,0.8203036,0.8433504
00056737.jpg,0.6530589,0.7279248
00028093.jpg,0.7414353,0.7699166
00031219.jpg,0.6967964,0.6680362
00037664.jpg,0.6969826,0.7773704
00058256.jpg,0.8191633,0.8119056
00038754.jpg,0.6532676,0.7249452
00010031.jpg,0.54856557,0.6057542
00031888.jpg,0.60139436,0.6288148
00021735.jpg,0.7496073,0.815874
00031008.jpg,0.8354229,0.8465386
00025444.jpg,0.7221163,0.7881374
00003346.jpg,0.7364444,0.604036
00010703.jpg,0.7948797,0.760533
00009438.jpg,0.7304745,0.8084624
00015807.jpg,0.8046047,0.8519538
00030656.jpg,0.77807486,0.9148082
n04467665_12032.jpg,0.706916,0.74157304
n07849336_22458.jpg,0.8342113,0.9157895
00003341.jpg,0.8561231,0.851427
00024382.jpg,0.6510563,0.6192938
00023681.jpg,0.5314097,0.4887448
00037815.jpg,0.5800982,0.6913386
n03790512_10899.jpg,0.78065515,0.84313726
00018158.jpg,0.73742545,0.7494006
00035302.jpg,0.7302437,0.7286858
00040156.jpg,0.7145556,0.7870338
00026598.jpg,0.82471275,0.868929
00026118.jpg,0.80194914,0.7530936
00056093.jpg,0.8191744,0.8945868
00054843.jpg,0.7666081,0.7477924
00047116.jpg,0.75478566,0.8160208
00055659.jpg,0.6490238,0.6057576
00049798.jpg,0.61946005,0.7102856
00017272.jpg,0.7546102,0.7442234
00023855.jpg,0.86257374,0.8338278
n04465501_2353.jpg,0.8189386,0.83653843
00043240.jpg,0.6738099,0.6893674
00053126.jpg,0.65882456,0.6261636
00030298.jpg,0.8891765,0.8875594
00015116.jpg,0.6710643,0.551752
00019182.jpg,0.8417175,0.9106788
00038959.jpg,0.7737261,0.7968524
00047450.jpg,0.87956345,0.9460998
00045633.jpg,0.7959081,0.796422
n09303008_920.jpg,0.5783269,0.75510204
00023265.jpg,0.85090244,0.8471354
1b9c7e12abbe940e.jpg,0.7535765,0.815534
00050633.jpg,0.8262322,0.8801746
00002988.jpg,0.93014693,0.8971724
00010600.jpg,0.6323025,0.7609768
00041078.jpg,0.7124475,0.6525464
d24a3c9f1ee2c89f.jpg,0.5746485,0.4245283
00037524.jpg,0.6885252,0.6988402
00057110.jpg,0.83688414,0.8452434
n07850329_22927.jpg,0.7899055,0.875
00036130.jpg,0.70620215,0.7467518
00010326.jpg,0.7597365,0.759631
00056478.jpg,0.8977382,0.8842372
00000536.jpg,0.8049054,0.6621952
4df59b387b10f876.jpg,0.85189575,0.79787236
00031507.jpg,0.88193774,0.7990994
00030096.jpg,0.8769319,0.8717546
00044177.jpg,0.6933787,0.7707416
00046991.jpg,0.7519716,0.831124
00055887.jpg,0.7866361,0.765184
00023367.jpg,0.84109056,0.7680974
n07893642_27773.jpg,0.80864,0.8712871
00025448.jpg,0.80747736,0.9243548
00018517.jpg,0.6084429,0.6176972
00045787.jpg,0.8621845,0.8433518
00053575.jpg,0.85711396,0.8867536
n03351262_2266.jpg,0.6907592,0.44705883
00008750.jpg,0.84672534,0.915214
00033951.jpg,0.6794523,0.4922768
00001973.jpg,0.8034502,0.8669906
00048897.jpg,0.72855103,0.6426024
00025255.jpg,0.93433774,0.8840444
00014811.jpg,0.76702434,0.7145414
00016119.jpg,0.6999259,0.7375416
00052996.jpg,0.77689326,0.8616146
00008158.jpg,0.82125044,0.7405276
000000141376.jpg,0.80754435,0.9166667
00016859.jpg,0.7899262,0.8025396
00043489.jpg,0.7228808,0.7300148
00015857.jpg,0.79858315,0.8029208
000000383662.jpg,0.8471116,0.94
00025561.jpg,0.7060816,0.7933288
00039589.jpg,0.76407623,0.8971518
00056756.jpg,0.8748976,0.834362
00038964.jpg,0.6306169,0.4481498
n09468604_14047.jpg,0.50997233,0.6
00003293.jpg,0.6774849,0.5876414
n02118333_7642.jpg,0.8647164,0.9247312
00042151.jpg,0.6176239,0.721867
00039390.jpg,0.5935663,0.7069552
00013510.jpg,0.91111493,0.8921038
00017064.jpg,0.8260537,0.8692412
00011096.jpg,0.75352156,0.7298984
n04610013_4943.jpg,0.6835433,0.7234042
00010310.jpg,0.8423463,0.8781444
00048223.jpg,0.8165685,0.9083878
00051624.jpg,0.7364216,0.7989134
00025934.jpg,0.76490307,0.8455692
00026826.jpg,0.7728778,0.7690584
00007930.jpg,0.80920017,0.7810258
00006879.jpg,0.69256973,0.6640212
00005079.jpg,0.6647196,0.6803622
00047752.jpg,0.7061473,0.725112
000000254882.jpg,0.8956826,0.9047619
00035541.jpg,0.6474725,0.5655378
00013489.jpg,0.6694334,0.6799428
00047326.jpg,0.7627286,0.7701218
00034780.jpg,0.67242575,0.68905
00048371.jpg,0.7182983,0.7534516
n07716358_11986.jpg,0.9361484,0.94545454
00039928.jpg,0.8801315,0.9373854
00050797.jpg,0.7748494,0.828044
n04461696_5363.jpg,0.7157519,0.72727275
00054254.jpg,0.71921384,0.7922582
n03512147_438.jpg,0.7576034,0.8545455
n02342885_184.jpg,0.82754207,0.87777776
00030758.jpg,0.8029943,0.838737
00015174.jpg,0.71795905,0.8925072
00048104.jpg,0.7718006,0.6241312
000000195748.jpg,0.6963577,0.57843137
00038172.jpg,0.8020073,0.7782506
n02691156_10151.jpg,0.7601005,0.7721519
00020386.jpg,0.60069096,0.596765
00009943.jpg,0.84353137,0.892711
00037504.jpg,0.5956169,0.5616638
00034855.jpg,0.61592853,0.4980274
00052174.jpg,0.95383155,0.9239182
00022308.jpg,0.776453,0.8248282
00022004.jpg,0.8564414,0.843759
a4dd58611e612080.jpg,0.7582407,0.7909091
00038674.jpg,0.66555107,0.5058824
00018745.jpg,0.5848892,0.5855144
00042527.jpg,0.71849203,0.7137014
00054386.jpg,0.7896991,0.8002524
00040486.jpg,0.6879661,0.7050618
00000141.jpg,0.7524797,0.6988222
00007105.jpg,0.792262,0.767779
00035549.jpg,0.7054255,0.6931434
00008168.jpg,0.84985006,0.8371694
00000449.jpg,0.7380835,0.7231552
00007463.jpg,0.89282084,0.9574288
00036887.jpg,0.76734394,0.7453118
n02932891_5942.jpg,0.6246729,0.6831683
n07850329_32381.jpg,0.8686565,0.9326923
n03594945_9793.jpg,0.82982635,0.7264151
00038921.jpg,0.7526709,0.7411508
00016217.jpg,0.763028,0.8654972
00022535.jpg,0.8122308,0.8189104
00049243.jpg,0.74132574,0.8392182
000000472874.jpg,0.773184,0.67256635
00011824.jpg,0.8609129,0.7960068
00000244.jpg,0.8259952,0.8508036
00057008.jpg,0.92612493,0.9023812
cc1482ab9b518746.jpg,0.82120067,0.8039216
00033464.jpg,0.58573025,0.4800334
n09376198_19558.jpg,0.6140184,0.5595238
00036035.jpg,0.64801204,0.5210148
00056417.jpg,0.71082413,0.5704256
n07838073_20510.jpg,0.7600334,0.8064516
00010806.jpg,0.7838266,0.7508624
00055846.jpg,0.78907907,0.779323
00051256.jpg,0.7902672,0.7668784
00054329.jpg,0.84243524,0.9320986
00029018.jpg,0.70833385,0.79838
00024363.jpg,0.8815583,0.9784526
00050584.jpg,0.945889,0.953553
00024993.jpg,0.8145448,0.8577972
00026835.jpg,0.6581296,0.4508522
n02396427_2194.jpg,0.8169992,0.85393256
00053539.jpg,0.7510761,0.760369
00023917.jpg,0.7047032,0.548611
00045618.jpg,0.7988883,0.8976378
000000374451.jpg,0.8194163,0.7604167
00006434.jpg,0.8292223,0.6964622
00043846.jpg,0.69454527,0.7205364
n07720875_8359.jpg,0.79339993,0.84210527
00031833.jpg,0.8723084,0.916181
00002036.jpg,0.80170834,0.767437
00042195.jpg,0.75722635,0.7671124
00034987.jpg,0.6158765,0.7945382
00026708.jpg,0.7529139,0.7561922
00055089.jpg,0.84188634,0.8984276
n09393605_55115.jpg,0.549218,0.6666667
00046454.jpg,0.73013794,0.7053454
00013038.jpg,0.7874687,0.8494034
00058467.jpg,0.58437335,0.7796754
00012778.jpg,0.7550247,0.8056012
00049763.jpg,0.8462292,0.8048168
00049135.jpg,0.8728163,0.821832
00021586.jpg,0.7532164,0.8515612
00011975.jpg,0.834128,0.8041686
00014505.jpg,0.95356643,0.9036902
00042879.jpg,0.7822349,0.7914264
00007054.jpg,0.96709776,0.9342132
00041405.jpg,0.86939585,0.9862332
00032114.jpg,0.8163668,0.9288604
00017354.jpg,0.7303927,0.6237346
00017124.jpg,0.7085384,0.7050336
00007971.jpg,0.8074876,0.7617346
00054860.jpg,0.7282746,0.7278248
00041643.jpg,0.7594038,0.788576
00008932.jpg,0.7941965,0.8609686
00056028.jpg,0.5824531,0.7428966
00025276.jpg,0.6754527,0.8887284
00015322.jpg,0.54828227,0.5887144
00033116.jpg,0.81933415,0.9037236
00004172.jpg,0.7117398,0.760458
sun_avzsmdjhuczsjesf.jpg,0.6629964,0.4368932
00020911.jpg,0.74416804,0.720707
000000445267.jpg,0.7718798,0.8857143
00057125.jpg,0.67556727,0.8093016
000000402245.jpg,0.7786195,0.7222222
00049743.jpg,0.83624053,0.8392676
00055991.jpg,0.8486333,0.9118472
n02332755_10401.jpg,0.819146,0.86315787
00031980.jpg,0.6112371,0.6467538
00014981.jpg,0.80187654,0.813749
00009971.jpg,0.69971716,0.7524172
00010270.jpg,0.6791868,0.6763224
00035681.jpg,0.69008934,0.5844262
00008050.jpg,0.7930543,0.7981978
00055948.jpg,0.8375782,0.871985
00023309.jpg,0.881559,0.925946
00005636.jpg,0.84111273,0.6663752
00010208.jpg,0.79866296,0.920828
00025704.jpg,0.85103667,0.907265
00004760.jpg,0.7903985,0.6377472
00001515.jpg,0.87596,0.9181226
00040213.jpg,0.6621642,0.6399422
00030687.jpg,0.71187115,0.6278508
00047580.jpg,0.6865485,0.6078764
00019451.jpg,0.86228746,0.7479436
00005912.jpg,0.84143776,0.833134
00041425.jpg,0.6422483,0.6493408
n09217230_2843.jpg,0.7289963,0.6981132
00026831.jpg,0.827652,0.8651654
00002548.jpg,0.8320845,0.7091478
n04467665_51690.jpg,0.6893439,0.7943925
00053058.jpg,0.8150228,0.9206576
00037369.jpg,0.6804708,0.729088
00000606.jpg,0.62128854,0.6253032
n02355227_8561.jpg,0.8661791,0.8333333
n01846331_10874.jpg,0.76423025,0.71590906
00018375.jpg,0.91468096,0.8977612
00042656.jpg,0.6249056,0.6137932
00022804.jpg,0.7027702,0.7911214
00057001.jpg,0.7721572,0.814027
00041432.jpg,0.73279476,0.587124
00015036.jpg,0.70954764,0.848447
00042755.jpg,0.80265796,0.7828942
00052632.jpg,0.83406794,0.818419
00000774.jpg,0.57545376,0.5818552
00058158.jpg,0.8024385,0.9329636
00041991.jpg,0.6422471,0.5992546
00057046.jpg,0.9100965,0.9097274
00025141.jpg,0.82024133,0.811474
00013106.jpg,0.86514974,0.8865496
00045800.jpg,0.75188386,0.8888078
n03351262_5021.jpg,0.6176016,0.56989247
00052891.jpg,0.8516034,0.8931248
00020515.jpg,0.7506661,0.7621388
00048672.jpg,0.68472505,0.6287656
00043202.jpg,0.79331553,0.8158952
00023224.jpg,0.656342,0.6792026
n03670208_7028.jpg,0.8485497,0.82222223
00009000.jpg,0.86324954,0.8319912
00028317.jpg,0.6737441,0.666456
00044851.jpg,0.6497109,0.602269
00016434.jpg,0.72017634,0.6443344
n03541923_3253.jpg,0.8686054,0.81632656
00011381.jpg,0.8904153,0.9808412
00004841.jpg,0.92830217,1.0
00011859.jpg,0.8131759,0.8475978
00044625.jpg,0.7997956,0.7366346
n02342885_1313.jpg,0.78782356,0.6875
00012377.jpg,0.8043572,0.8091702
00054043.jpg,0.7019378,0.7242292
00037154.jpg,0.71895635,0.822776
00013516.jpg,0.8891263,0.9378132
00055915.jpg,0.79148245,0.864604
00007886.jpg,0.8151622,0.7909756
00004752.jpg,0.86927414,0.9112084
00014104.jpg,0.7787436,0.7964308
00057711.jpg,0.90454924,0.8612534
00012322.jpg,0.8875791,0.8941102
n07880968_4577.jpg,0.8510186,0.82608694
00047886.jpg,0.6620389,0.6969542
000000170348.jpg,0.7280965,0.8130841
00037853.jpg,0.7615199,0.7146674
00023928.jpg,0.8944535,0.9713868
00033956.jpg,0.6532542,0.5986106
000000083142.jpg,0.74137944,0.8606557
00023742.jpg,0.82262474,0.8019122
00048906.jpg,0.77558154,0.8989876
00031348.jpg,0.74707466,0.6473814
00023066.jpg,0.8255677,0.8425106
00024269.jpg,0.7936113,0.7741942
00019426.jpg,0.7847973,0.842246
00015956.jpg,0.49635482,0.5287258
00055766.jpg,0.76693904,0.6988168
00056459.jpg,0.6997694,0.6580294
00048095.jpg,0.7449068,0.718896
00023225.jpg,0.7903521,0.9055966
00042070.jpg,0.82780886,0.9021014
00003566.jpg,0.6461278,0.5410452
00008148.jpg,0.74252784,0.7586818
00033254.jpg,0.7613574,0.8166342
00048422.jpg,0.7285787,0.7797042
00014939.jpg,0.7687681,0.8459826
000000219653.jpg,0.7008072,0.8598131
n07929519_33894.jpg,0.88968813,0.91150445
00026829.jpg,0.7111689,0.563237
00040438.jpg,0.7619884,0.8027862
00041399.jpg,0.752449,0.7230166
00014040.jpg,0.77930546,0.7488004
00037736.jpg,0.66207486,0.5590498
00034998.jpg,0.6384096,0.5390534
00058496.jpg,0.6774869,0.8031076
00051382.jpg,0.65501654,0.5468704
00055566.jpg,0.7553763,0.7834326
00032953.jpg,0.71125877,0.8032326
00042863.jpg,0.8800323,0.8241796
n07679356_30519.jpg,0.8889886,0.8796296
00050379.jpg,0.92093813,0.927752
00005091.jpg,0.8003319,0.769524
00043764.jpg,0.8474231,0.8808788
00026073.jpg,0.8079914,0.8666764
00058603.jpg,0.74510777,0.7273982
00048192.jpg,0.79736435,0.6965768
00055511.jpg,0.70870423,0.5856366
n07720875_9394.jpg,0.87923527,0.9292929
00027800.jpg,0.8494921,0.9118904
00014538.jpg,0.8762456,0.9455206
00045050.jpg,0.59830546,0.5561634
n09468604_51842.jpg,0.5437671,0.55932206
n07801508_11409.jpg,0.848714,0.82828283
00041107.jpg,0.684687,0.6845184
00045819.jpg,0.73864317,0.6284616
00011472.jpg,0.884346,0.9324522
00039584.jpg,0.7158381,0.6224608
00018840.jpg,0.6575998,0.5742236
00023352.jpg,0.8496448,0.8550276
00037911.jpg,0.6411761,0.61828
00005014.jpg,0.79390955,0.6736002
n03384352_377.jpg,0.77744925,0.75247526
n02878222_4389.jpg,0.6356629,0.6969697
00055938.jpg,0.83730626,0.8950736
00043838.jpg,0.785835,0.698105
000000238881.jpg,0.71056175,0.6
00032281.jpg,0.8431196,0.905683
00029553.jpg,0.76462543,0.8821424
00008137.jpg,0.77929467,0.7769318
00017891.jpg,0.5065353,0.5597368
00019362.jpg,0.8308749,0.8022406
00032360.jpg,0.5514004,0.4071854
00050415.jpg,0.8887458,0.7844458
00009092.jpg,0.78662384,0.8245864
00055472.jpg,0.71903026,0.7160118
00008544.jpg,0.8121877,0.8513178
00031938.jpg,0.61387146,0.5441072
n07753592_7598.jpg,0.8601482,0.875
00042180.jpg,0.7455808,0.7184692
n03541923_3397.jpg,0.79918003,0.8454546
00009126.jpg,0.6527735,0.6601762
00026028.jpg,0.9021697,0.8765206
sun_auqcoxcgyzzillpg.jpg,0.68359053,0.45945945
00047614.jpg,0.758775,0.7252028
00011489.jpg,0.75237453,0.8384154
00001836.jpg,0.8390817,0.915604
00052154.jpg,0.76160455,0.8254328
00040797.jpg,0.65454197,0.7009782
00022785.jpg,0.6140053,0.6050768
00025801.jpg,0.66485703,0.7010518
00032938.jpg,1.028777,0.8910378
00008570.jpg,0.8087241,0.8424288
00012062.jpg,0.79901886,0.8169114
00011028.jpg,0.80417377,0.88892
00049847.jpg,0.73462605,0.6816822
00034238.jpg,0.7730137,0.813604
00033411.jpg,0.70547175,0.7276482
00029773.jpg,0.6872221,0.774574
00001401.jpg,0.5831758,0.532986
00019288.jpg,0.70478565,0.7474016
n09376198_12294.jpg,0.59541225,0.60215056
00001448.jpg,0.77334505,0.8620846
00010071.jpg,0.87987125,0.9480384
00024627.jpg,0.9487592,0.9465626
00002123.jpg,0.6368036,0.4266794
00026134.jpg,0.7710049,0.7514868
00006891.jpg,0.7068331,0.7972624
00029162.jpg,0.84048414,0.8807212
n02934451_2999.jpg,0.69698536,0.6893204
00012404.jpg,0.8135004,0.8815498
000000004936.jpg,0.81711626,0.7373737
00013568.jpg,0.73037106,0.503745
00054120.jpg,0.8469771,0.900627
n07696625_1403.jpg,0.79091966,0.712963
00011275.jpg,0.6013533,0.5953522
00036100.jpg,0.6490797,0.6891944
00042538.jpg,0.7493675,0.6785432
00047727.jpg,0.68401575,0.751772
00021873.jpg,0.7830521,0.809736
00044822.jpg,0.7220762,0.6436054
00003973.jpg,0.50888115,0.4711198
00054990.jpg,0.85410595,0.8445258
00002850.jpg,0.7501607,0.954656
00053139.jpg,0.65882456,0.5775092
00058633.jpg,0.8529836,0.8432448
n02118333_7524.jpg,0.78922623,0.7912088
00053852.jpg,0.85125357,0.8656682
n07880968_5357.jpg,0.7722844,0.8854167
n03541923_1765.jpg,0.846058,0.86585367
00036497.jpg,0.6847501,0.6541142
00056095.jpg,0.7813473,0.8663436
00036082.jpg,0.80280447,0.8659034
00006817.jpg,0.86069787,0.8783458
00048949.jpg,0.74117863,0.840034
00038486.jpg,0.694295,0.6307144
00036574.jpg,0.6072061,0.5532468
00052523.jpg,0.7925514,0.8478892
00013591.jpg,0.7080623,0.5948414
00033013.jpg,0.76387805,0.788557
00015271.jpg,0.6783103,0.7946356
00052771.jpg,0.73517597,0.6605602
70db1b2825f4088c.jpg,0.73283803,0.6545454
00043476.jpg,0.70659757,0.7703418
00034273.jpg,0.54590476,0.6604378
00041767.jpg,0.689903,0.7093952
dc58527c9d626af4.jpg,0.8083343,0.8214286
n07753592_7261.jpg,0.87173104,0.8811881
00010214.jpg,0.65576994,0.6585734
00007295.jpg,0.7776232,0.7338126
00048349.jpg,0.76744765,0.7948484
00016344.jpg,0.5587226,0.5442994
n07720875_8705.jpg,0.9175538,0.8876405
00006595.jpg,0.6133044,0.735137
00027463.jpg,0.5621415,0.5747288
00008554.jpg,0.7933937,0.786185
00003373.jpg,0.7329012,0.7636414
00031028.jpg,0.8233762,0.7502892
00014316.jpg,0.6471417,0.7880048
00052111.jpg,0.7681949,0.8708174
00058531.jpg,0.70836794,0.671947
n02129165_2648.jpg,0.8192878,0.8910891
00049719.jpg,0.8297701,0.8031272
00026537.jpg,0.6213921,0.5630312
00040543.jpg,0.75746346,0.7223994
00029012.jpg,0.7231529,0.8823618
00031073.jpg,0.8348485,0.9323092
00026477.jpg,0.884107,0.853581
00023757.jpg,0.8296622,0.9113992
00009512.jpg,0.70791066,0.6972018
00002907.jpg,0.899886,0.9147022
00024207.jpg,0.8827205,0.9144934
00058272.jpg,0.6179504,0.5087254
00045931.jpg,0.6737977,0.5059718
000000099336.jpg,0.7845634,0.82828283
00023429.jpg,0.88295865,0.8340448
n07929519_32767.jpg,0.86331666,0.8235294
n04231693_7368.jpg,0.6583239,0.72380954
00010849.jpg,0.72225726,0.60954
00000901.jpg,0.90707684,0.907371
00002296.jpg,0.7817085,0.769482
00029657.jpg,0.82193696,0.9430548
00047419.jpg,0.72797304,0.5637736
00023849.jpg,0.7699542,0.8588602
00047008.jpg,0.651312,0.6810322
n04335435_25115.jpg,0.8376556,0.83
00031152.jpg,0.81346273,0.7073074
00042818.jpg,0.7034062,0.7771538
00054938.jpg,0.65750504,0.6107276
00006317.jpg,0.7842967,0.7824584
00009325.jpg,0.88746774,0.7469826
00033236.jpg,0.76351726,0.7730418
00037269.jpg,0.6279254,0.6093378
00014057.jpg,0.72146803,0.721821
00029498.jpg,0.6399512,0.6193218
00054095.jpg,0.78683066,0.8135442
00007821.jpg,0.731707,0.5148158
00032474.jpg,0.76831996,0.8670772
00045415.jpg,0.77550244,0.6668616
00030751.jpg,0.8559053,0.8282244
00001891.jpg,0.85738057,0.8623472
00040523.jpg,0.73695374,0.8065656
00020414.jpg,0.9083612,0.8650794
00006868.jpg,0.7190623,0.8409022
00041210.jpg,0.7659327,0.788266
00055950.jpg,0.8244904,0.771098
00025067.jpg,0.7271316,0.8028658
00021525.jpg,0.6394478,0.5304044
00043292.jpg,0.79104614,0.6512968
00002357.jpg,0.7604896,0.7448734
00052057.jpg,0.7010608,0.7756848
00011482.jpg,0.71820486,0.831274
00050853.jpg,0.79302883,0.8009764
000000342004.jpg,0.76143634,0.9101124
00043200.jpg,0.80324817,0.701365
00008859.jpg,0.84640527,0.8487242
00048719.jpg,0.6764586,0.5821358
00029850.jpg,0.914675,0.8770948
00042489.jpg,0.80160415,0.8770086
00014683.jpg,0.5799528,0.5849752
00020576.jpg,0.8654119,0.7938124
00057914.jpg,0.8545517,0.9160376
00004848.jpg,0.7737556,0.8924418
00032075.jpg,0.8413534,0.8081748
00035464.jpg,0.66520786,0.7279582
00048557.jpg,0.78753066,0.7448902
00032090.jpg,0.7719137,0.714407
00016546.jpg,0.83428836,0.8257762
00039107.jpg,0.72334194,0.5565304
00052321.jpg,0.89485776,0.7868892
000000541474.jpg,0.70212024,0.6630435
00019631.jpg,0.67425275,0.7104086
n02129165_17974.jpg,0.8019472,0.77884614
00022781.jpg,0.69741154,0.6424696
00012527.jpg,0.843346,0.7545508
00016581.jpg,0.73391455,0.8491914
00014145.jpg,0.85011923,0.7874824
00030379.jpg,0.5408245,0.5707458
00050806.jpg,0.7646924,0.7668678
00012061.jpg,0.6445149,0.7592536
00028082.jpg,0.8482647,0.9138156
00007301.jpg,0.7136744,0.7445318
00015889.jpg,0.923661,0.90761
n07849336_20724.jpg,0.9315355,0.9266055
00053757.jpg,0.75957286,0.8045242
00020415.jpg,0.76863825,0.8218722
n07880968_3235.jpg,0.84242857,0.9411765
00020700.jpg,0.739172,0.7248764
6a71ffc629306ddb.jpg,0.60923266,0.34
00056701.jpg,0.77001965,0.8606592
000000335451.jpg,0.73267245,0.7614679
00021523.jpg,0.684675,0.7921736
00046900.jpg,0.7640563,0.7557346
00037713.jpg,0.6176256,0.5645194
00023485.jpg,0.77934015,0.875091
00006822.jpg,0.7145977,0.6815196
00034432.jpg,0.7362933,0.6985714
00055086.jpg,0.912128,0.959971
00026025.jpg,0.8442849,0.9324774
00037887.jpg,0.71103835,0.7607646
5878ed597cc52e6e.jpg,0.5282203,0.5102041
00006249.jpg,0.7766142,0.628199
00011180.jpg,0.99133694,0.980488
00030233.jpg,0.6492388,0.6924914
n02946348_31339.jpg,0.8416642,0.83870965
00035342.jpg,0.733891,0.7254978
00021376.jpg,0.7257885,0.4935066
00012479.jpg,0.5621531,0.5218352
00015238.jpg,0.91082,0.801888
00010963.jpg,0.81017756,0.788884
n03512147_5976.jpg,0.6608112,0.6034483
000000515695.jpg,0.8091569,0.6636364
000000334751.jpg,0.7771902,0.9279279
00016292.jpg,0.7706719,0.8294948
n02132580_23336.jpg,0.7802594,0.7714286
00001222.jpg,0.69867676,0.7385278
00007514.jpg,0.6508687,0.56063
00001270.jpg,0.89956975,0.8938984
sun_akzatmmwjirnsqtm.jpg,0.57815945,0.44
n07720875_1314.jpg,0.8864776,0.9032258
00013062.jpg,0.73577857,0.8148066
00010541.jpg,0.7401935,0.7019494
n01514668_18729.jpg,0.8105054,0.8942308
00030527.jpg,0.77460694,0.7659692
00053197.jpg,0.8212502,0.7632414
n02691156_8876.jpg,0.7709961,0.7352941
00002268.jpg,0.7439933,0.7830348
00056661.jpg,0.94310117,0.9047436
00043395.jpg,0.82505405,0.6665032
00039416.jpg,0.78707635,0.87974
00028717.jpg,0.7549422,0.749747
00000519.jpg,0.7893634,0.8812022
00000417.jpg,0.6109564,0.538186
00007303.jpg,0.6966953,0.6384478
00004853.jpg,0.7463397,0.6667452
00040893.jpg,0.78554165,0.8054722
00054894.jpg,0.819859,0.7692194
00049094.jpg,0.7008159,0.7039254
00052228.jpg,0.8419689,0.8380104
00007762.jpg,0.6879647,0.7868654
00033731.jpg,0.7742177,0.7202788
00001429.jpg,0.9703264,0.9308618
00029941.jpg,0.91605055,0.9230424
00032047.jpg,0.83038545,0.7958218
00053496.jpg,0.75550795,0.759605
7faf6bfb7bc1487e.jpg,0.525559,0.5882353
00008081.jpg,0.7834622,0.8130504
00055833.jpg,0.8585125,0.8324028
00016155.jpg,0.7220367,0.6802768
00045635.jpg,0.64354235,0.5974078
00030548.jpg,0.55580556,0.5208462
00007815.jpg,0.6931872,0.634126
00003304.jpg,0.77832496,0.744193
00016448.jpg,0.853778,0.9006446
bac7289f09513b2f.jpg,0.77771425,0.8695652
00046724.jpg,0.8195323,0.900744
00013452.jpg,0.7128757,0.5016234
00023452.jpg,0.74733835,0.7642742
00034910.jpg,0.7101934,0.641564
00018022.jpg,0.7698245,0.8092252
00037397.jpg,0.73162925,0.7787492
00043835.jpg,0.84895957,0.8341354
00053594.jpg,0.7791114,0.8885474
00045976.jpg,0.6919024,0.8011592
00033722.jpg,0.7060722,0.6843632
n04252077_1066.jpg,0.694644,0.6020408
000000521064.jpg,0.7826972,0.8367347
00010260.jpg,0.7259282,0.7741382
00058732.jpg,0.63323784,0.6700904
n04587559_11388.jpg,0.63984275,0.67469877
c0256abf502efa34.jpg,0.81286204,0.8214286
00040107.jpg,0.7174758,0.6756846
00018834.jpg,0.5933989,0.5989724
00018853.jpg,0.72667027,0.7638784
n00464894_16290.jpg,0.79119575,0.78571427
00008747.jpg,0.868214,0.9008118
n02089973_1846.jpg,0.7859646,0.64705884
00025789.jpg,0.5223166,0.5957002
00054576.jpg,0.84358853,0.8048704
000000336077.jpg,0.7437173,0.8229167
00025126.jpg,0.7772985,0.8109194
00036769.jpg,0.6111194,0.5303682
00022310.jpg,0.7952783,0.8209474
00012029.jpg,0.72502786,0.7473372
n04467665_25374.jpg,0.786156,0.6542056
00019721.jpg,0.6710824,0.7924698
00031093.jpg,0.8818039,0.861963
00056896.jpg,0.59675217,0.6637182
n03512147_38622.jpg,0.75485134,0.7876106
00045491.jpg,0.87894523,0.8527598
00027701.jpg,0.7462586,0.8453856
n02434954_1883.jpg,0.7310411,0.67777777
00037715.jpg,0.7518796,0.7589584
n09393605_57575.jpg,0.6431409,0.7567568
f296d771d7167afc.jpg,0.83302057,0.86021507
00010167.jpg,0.6920346,0.642075
00014068.jpg,0.6799693,0.696182
00010191.jpg,0.7719518,0.6688616
00048658.jpg,0.7585834,0.8891622
00056763.jpg,0.7503414,0.7119314
00041779.jpg,0.71040654,0.581952
00017116.jpg,0.7593686,0.7543052
00034503.jpg,0.5887618,0.612109
00011084.jpg,0.8371542,0.86912
00023727.jpg,0.71670496,0.605745
00054699.jpg,0.6676535,0.8145482
00029546.jpg,0.7535596,0.801777
00036170.jpg,0.72008216,0.6739394
00033043.jpg,0.76720095,0.717742
00015196.jpg,0.817145,0.8277168
00048030.jpg,0.71172786,0.7087114
00025380.jpg,0.83864266,0.7451384
00054763.jpg,0.93554616,0.9818088
00033058.jpg,0.66901124,0.6811128
sun_anithpynqsbzxojv.jpg,0.62238264,0.57272726
00014781.jpg,0.50564027,0.5358296
00038368.jpg,0.7399099,0.8533072
00027132.jpg,0.7880559,0.7428346
00038659.jpg,0.6846105,0.5721552
00038863.jpg,0.7788043,0.8543338
00022298.jpg,0.84496665,0.8131598
n09376198_14571.jpg,0.618209,0.6037736
n01846331_13568.jpg,0.6848931,0.5714286
00002752.jpg,0.7440088,0.8323878
00029280.jpg,0.8054099,0.8987604
00047465.jpg,0.7305152,0.9243314
00041609.jpg,0.6525395,0.741342
00037868.jpg,0.6324687,0.6838506
n07880968_5554.jpg,0.8124409,0.872549
00013631.jpg,0.6437214,0.7409618
00007925.jpg,0.73126554,0.7568798
00013915.jpg,0.66145647,0.536511
00012215.jpg,0.53312325,0.6065176
00049929.jpg,0.88206863,0.912171
00024199.jpg,0.8048564,0.8174518
00057431.jpg,0.8050175,0.9358374
00027988.jpg,0.74064505,0.5991908
f85c058e1b60c705.jpg,0.8344116,0.8787879
00053405.jpg,0.8650247,0.9095242
sun_acjgmeycvyfhcccn.jpg,0.5526893,0.4347826
00003272.jpg,0.7974454,0.7796002
00026441.jpg,0.7751818,0.7654276
00032261.jpg,0.7408525,0.8176144
00012189.jpg,0.82206357,0.8835714
000000227270.jpg,0.8160627,0.8181818
00049475.jpg,0.89996994,0.8367608
34b4b1e00c8e05ce.jpg,0.7724004,0.575
00043856.jpg,0.68977404,0.6675522
n03670208_33811.jpg,0.8200184,0.8556701
00047181.jpg,0.7804196,0.728824
00022989.jpg,0.77589774,0.813634
n01514668_20239.jpg,0.8331475,0.7264151
00044689.jpg,0.6871923,0.6999488
00019185.jpg,0.7739409,0.8467416
00033142.jpg,0.7853668,0.7631362
00057117.jpg,0.699497,0.8942882
00052721.jpg,0.8008727,0.7172818
00012637.jpg,0.83053327,0.799632
00018559.jpg,0.7987678,0.8360354
00032493.jpg,0.7675159,0.8075794
00015383.jpg,0.88399696,0.8988136
00036659.jpg,0.6623341,0.78725
00010402.jpg,0.67295194,0.6502772
000000533979.jpg,0.84531236,0.77272725
00058121.jpg,0.8715724,0.86738
n07583197_6753.jpg,0.8468957,0.7669903
00018126.jpg,0.6937425,0.8494094
00041722.jpg,0.7938061,0.8150496
00037824.jpg,0.7378925,0.6058302
00026570.jpg,0.8586803,0.9453658
00004132.jpg,0.7575947,0.8165768
00028612.jpg,0.8628996,0.9388394
00045134.jpg,0.7375636,0.786645
00028257.jpg,0.80569863,0.6844654
00045735.jpg,0.6911483,0.779886
00008100.jpg,0.7497428,0.7853884
00058486.jpg,0.7234454,0.9071774
00003500.jpg,0.62940127,0.7030964
000000484214.jpg,0.73450136,0.8372093
00023666.jpg,0.84844613,0.8586284
00035622.jpg,0.75907946,0.8048136
00014659.jpg,0.61223507,0.573582
00016759.jpg,0.8224208,0.8350808
00026670.jpg,0.6646726,0.6819842
00040781.jpg,0.63036436,0.6333936
00028182.jpg,0.62536037,0.7662762
00029743.jpg,0.7611779,0.7265362
00016167.jpg,0.79076576,0.7593846
00057933.jpg,0.7567235,0.766187
00047126.jpg,0.7559129,0.666186
000000258402.jpg,0.76365924,0.8235294
c6337c21f8473269.jpg,0.7920201,0.6862745
00012825.jpg,0.7187836,0.7245022
00013822.jpg,0.8448541,0.9048196
00050276.jpg,0.9198711,0.9154414
00017973.jpg,0.51566166,0.6382672
00005363.jpg,0.8513428,0.9216706
00031961.jpg,0.7188226,0.7484166
n04467665_39726.jpg,0.6761228,0.47959185
00043627.jpg,0.75014675,0.7637852
00041517.jpg,0.8101198,0.7785232
00043990.jpg,0.78425825,0.6828464
00034406.jpg,0.70495445,0.8598288
00029982.jpg,0.6982768,0.6283822
00003694.jpg,0.8779372,0.8686862
00029971.jpg,0.8278742,0.7785004
000000250924.jpg,0.777652,0.75757575
00015993.jpg,0.5118757,0.4634968
00013128.jpg,0.89460504,0.906543
00016089.jpg,0.9000039,0.8428412
n04461696_14074.jpg,0.7589534,0.79268295
00052277.jpg,0.6538944,0.5838896
00021726.jpg,0.7735603,0.8401628
00026428.jpg,0.6916288,0.5418416
00019309.jpg,0.7801268,0.7450376
00018423.jpg,0.757354,0.813363
n07911677_5488.jpg,0.881652,0.82828283
00041952.jpg,0.74936426,0.6504888
00046934.jpg,0.68581474,0.675636
00005918.jpg,0.8246558,0.78268
00056808.jpg,0.75524235,0.9791574
00004330.jpg,0.74732834,0.7817252
00025838.jpg,0.9219276,0.9388372
00055034.jpg,0.7998289,0.7906016
00044832.jpg,0.77647305,0.8125406
000000313148.jpg,0.80942726,0.8888889
85911581bcb18f88.jpg,0.8302108,0.9166667
00031781.jpg,0.8032851,0.9361404
00003313.jpg,0.7248353,0.7408208
00018368.jpg,0.6796212,0.6948568
000000369820.jpg,0.76747906,0.7826087
00007146.jpg,0.8792176,0.9457478
000000244451.jpg,0.6412704,0.57
00056708.jpg,0.77657014,0.7919384
00017501.jpg,0.78667235,0.8412734
00008003.jpg,0.87649083,0.9605694
00054200.jpg,0.81094176,0.8343108
000000414314.jpg,0.7465769,0.8494624
00030868.jpg,0.85009986,0.906026
00028386.jpg,0.7723136,0.8656738
00021023.jpg,0.8129755,0.916454
00038760.jpg,0.7105786,0.5562118
00049442.jpg,0.8919252,0.8821934
00037723.jpg,0.6579472,0.566416
00048578.jpg,0.75245655,0.53558
00012665.jpg,0.67828023,0.697383
b6bead8e3f65991b.jpg,0.58952785,0.3883495
00012531.jpg,0.8128078,0.8698214
n02793495_3658.jpg,0.7344459,0.8137255
00020330.jpg,0.6684247,0.590131
00030053.jpg,0.9458339,0.8926202
n03791053_20338.jpg,0.8345785,0.7830189
00054076.jpg,0.80940855,0.7502652
00043625.jpg,0.6981307,0.8721084
00049700.jpg,0.803437,0.8181566
00021492.jpg,0.6460911,0.608394
00027353.jpg,0.7625209,0.7987318
00015285.jpg,0.7938309,0.794817
00028750.jpg,0.79221284,0.9356864
00030438.jpg,0.7823223,0.8223516
00052930.jpg,0.8028933,0.8378966
00046705.jpg,0.7479334,0.828253
00025436.jpg,0.8579892,0.8392874
00014198.jpg,0.8693569,0.8001662
00034309.jpg,0.6371436,0.6650988
00020166.jpg,0.7634978,0.8678526
00007917.jpg,0.8025478,0.8113896
00041192.jpg,0.92667806,0.9662468
00009752.jpg,0.5636705,0.5214874
00009744.jpg,0.6671125,0.73415
00058097.jpg,0.8010449,0.8520784
000000011373.jpg,0.8175726,0.9411765
00050280.jpg,0.85687673,0.9016574
00003437.jpg,0.80448544,0.8072446
00013022.jpg,0.8324462,0.917558
00058199.jpg,0.8344816,0.9155184
n07717556_4346.jpg,0.89549434,0.9150943
00033063.jpg,0.77170634,0.9184862
00018122.jpg,0.75715435,0.9066782
00054077.jpg,0.87993884,0.8340032
n07801508_7989.jpg,0.89774895,0.9313725
n02834778_2018.jpg,0.80559444,0.75
00026855.jpg,0.81315124,0.7382048
00052671.jpg,0.82056665,0.7878734
n02431628_6756.jpg,0.74071264,0.82417583
00008066.jpg,0.7503679,0.845938
n02342885_6824.jpg,0.8821392,0.93846154
00030915.jpg,0.6871049,0.9452206
00026821.jpg,0.75110614,0.7728522
00042975.jpg,0.84724796,0.89125
6022a450df278025.jpg,0.7495302,0.6666667
n02332755_6363.jpg,0.8444387,0.8659794
n01811909_10326.jpg,0.8455757,0.8426966
00030203.jpg,0.64374673,0.7569404
00058648.jpg,0.7322437,0.654098
00029015.jpg,0.8992876,0.95163
00027287.jpg,0.6751493,0.5566274
00001430.jpg,0.6967629,0.7459124
00022005.jpg,0.7342663,0.7328364
000000521874.jpg,0.81610143,0.7804878
00015202.jpg,0.7441994,0.881948
00033343.jpg,0.6405202,0.5835792
00038234.jpg,0.7141741,0.7830532
00042765.jpg,0.8810768,0.7931028
00003357.jpg,0.788515,0.7696738
00032892.jpg,0.77454925,0.8210816
00020799.jpg,0.7866157,0.83159
00051666.jpg,0.88632774,0.8290986
00025302.jpg,0.7446383,0.7825538
00015264.jpg,0.8366829,0.9078696
00030391.jpg,0.80136365,0.705758
00025827.jpg,0.81991065,0.8616156
00052248.jpg,0.68041086,0.5975274
n09421951_5438.jpg,0.6067381,0.46601942
00018060.jpg,0.7857151,0.7447818
00005391.jpg,0.6908032,0.6768844
00019095.jpg,0.6721265,0.6964774
00017674.jpg,0.7347367,0.8577804
00035330.jpg,0.71369445,0.7738084
00007383.jpg,0.6206244,0.4964692
00051341.jpg,0.74182665,0.8526818
000000395591.jpg,0.6981858,0.6216216
956de88eec561f18.jpg,0.6568756,0.62765956
00038284.jpg,0.76460266,0.6694222
00016692.jpg,0.7540806,0.7748156
n07717556_4888.jpg,0.8801776,0.89411765
00028251.jpg,0.8673774,0.9027468
00035148.jpg,0.6106538,0.6684296
00017462.jpg,0.83500564,0.8992536
00034884.jpg,0.7135217,0.660896
00004468.jpg,0.7922512,0.6540006
00014228.jpg,0.93128526,0.8835084
000000126595.jpg,0.79938346,0.7352941
00035972.jpg,0.6295649,0.7808372
00056309.jpg,0.75097203,0.8748748
00029655.jpg,0.7401997,0.7457142
00033473.jpg,0.73820996,0.6080072
00037292.jpg,0.60813886,0.5694252
00039853.jpg,0.7135674,0.5201684
n04610013_25569.jpg,0.71372056,0.7090909
00029067.jpg,0.86145175,0.655048
00042903.jpg,0.7713244,0.7795508
00009526.jpg,0.70360637,0.8259722
00001822.jpg,0.6419874,0.5082926
00018556.jpg,0.664349,0.7063802
00021497.jpg,0.9179597,0.893778
00026898.jpg,0.7388474,0.6218548
00040333.jpg,0.6632558,0.6461074
00027605.jpg,0.6582484,0.7854098
n07863374_15528.jpg,0.7847534,0.71428573
00002485.jpg,0.7633711,0.7261178
00041036.jpg,0.7366073,0.779874
00015516.jpg,0.7737808,0.7675088
00010480.jpg,0.8114505,0.8792354
00050763.jpg,0.7951798,0.6927428
00040652.jpg,0.78138065,0.824654
00012822.jpg,0.5690664,0.746321
00004772.jpg,0.7881479,0.8298344
00011811.jpg,0.54311746,0.6062652
00018930.jpg,0.71675444,0.8417384
00047843.jpg,0.8625052,0.914476
00018996.jpg,0.85096467,0.840914
00002951.jpg,0.77167326,0.785439
n09303008_21092.jpg,0.52689093,0.53061223
00038067.jpg,0.5704402,0.5024112
00027211.jpg,0.8706386,0.8882036
00039307.jpg,0.66929007,0.7309344
n07717556_5574.jpg,0.92697465,0.9117647
n09288635_173.jpg,0.6053402,0.76106197
n04231693_18458.jpg,0.6880164,0.8333333
00025386.jpg,0.6770448,0.6427128
00011920.jpg,0.76085925,0.7744896
00022082.jpg,0.84586465,0.967536
00013347.jpg,0.7472891,0.7473978
00032718.jpg,0.83047473,0.7343824
00032213.jpg,0.6889619,0.8333574
00009222.jpg,0.7547078,0.7388482
00049581.jpg,0.7964129,0.8377112
00032507.jpg,0.85682905,0.7473406
00023941.jpg,0.7055999,0.6683474
00032400.jpg,0.8155441,0.8425534
00045259.jpg,0.72060406,0.7900866
00051088.jpg,0.75221837,0.7642092
00032675.jpg,0.7379377,0.8476856
00041895.jpg,0.81259334,0.940168
00032588.jpg,0.8821759,0.8772234
00044020.jpg,0.5877945,0.4839322
00035423.jpg,0.6241859,0.6327756
00014143.jpg,0.816936,0.8612846
00055182.jpg,0.6971518,0.6525074
00050865.jpg,0.8771174,0.9208778
00045849.jpg,0.6593741,0.6258344
00052557.jpg,0.8555137,0.815672
00026824.jpg,0.79771876,0.6823304
n07720875_4206.jpg,0.83079934,0.8857143
00051583.jpg,0.94623685,0.9609174
00002257.jpg,0.90934944,0.8685258
00018134.jpg,0.82617164,0.8888686
00026601.jpg,0.85360885,0.912244
520938b2c3a0bd8e.jpg,0.72860503,0.8
00037378.jpg,0.70470405,0.717508
00011882.jpg,0.84974605,0.8618342
000000273106.jpg,0.8040857,0.78651685
00058152.jpg,0.91643536,0.9668664
00023933.jpg,0.7662082,0.7254704
00002167.jpg,0.84906673,0.7952958
00055268.jpg,0.676684,0.7529934
00013400.jpg,0.6578388,0.5199698
00056299.jpg,0.79191923,0.7742392
00043425.jpg,0.8339232,0.7960252
00039120.jpg,0.65570915,0.6204056
00051772.jpg,0.7927429,0.6273048
n07929519_32498.jpg,0.8756243,0.954023
00008418.jpg,0.66132796,0.6481962
00036139.jpg,0.60743374,0.4844098
00053814.jpg,0.9398776,0.792746
00000173.jpg,0.9281235,0.879508
00006885.jpg,0.72851753,0.8345986
sun_auldcjwiqhhhwcld.jpg,0.58890426,0.41463414
n02396427_21669.jpg,0.7825072,0.8227848
00022380.jpg,0.8492398,0.820457
00006297.jpg,0.8945973,0.9661884
00005211.jpg,0.66343236,0.6284674
00002371.jpg,0.7447915,0.8377232
00039188.jpg,0.8623326,0.8031016
00015228.jpg,0.85011625,0.877994
n03594945_16102.jpg,0.7878834,0.7802198
00022520.jpg,0.90401435,0.865347
00010977.jpg,0.7539588,0.7861796
00012133.jpg,0.91218567,0.763328
00004738.jpg,0.7434349,0.825715
00012399.jpg,0.6751369,0.7676616
sun_aicvecccjhfzcjnt.jpg,0.7638991,0.7625
00017108.jpg,0.7206969,0.8126166
7d9a7e679b39765c.jpg,0.7526469,0.6446281
n03791053_22113.jpg,0.8254541,0.7979798
00055050.jpg,0.7509762,0.8028632
n00468480_9051.jpg,0.7710655,0.74
00031203.jpg,0.89615524,0.9162586
00055549.jpg,0.83679533,0.837007
00012820.jpg,0.7299366,0.675385
00001551.jpg,0.7517278,0.735392
00033564.jpg,0.7770939,0.8084462
00042746.jpg,0.6028185,0.521912
00034591.jpg,0.6651794,0.7990812
00023648.jpg,0.82276225,0.8000962
n07698672_5118.jpg,0.8085674,0.7941176
00035491.jpg,0.6857765,0.6323296
00014954.jpg,0.6628821,0.689308
00050065.jpg,0.7812694,0.8240202
00019495.jpg,0.6191275,0.5546062
00034528.jpg,0.53757256,0.6592054
00035927.jpg,0.6652142,0.6922016
00007253.jpg,0.7731142,0.7172772
n02396427_17712.jpg,0.8137368,0.9550562
00019372.jpg,0.7553176,0.88187
000000112486.jpg,0.8365807,0.8131868
n02324045_28693.jpg,0.8891642,0.96153843
00004582.jpg,0.62221026,0.6685546
n07693725_13403.jpg,0.80749625,0.7809524
00038529.jpg,0.65405333,0.6512988
00002754.jpg,0.8684256,0.8382216
00011666.jpg,0.7538275,0.4812436
00016287.jpg,0.93032646,0.9947368
00036824.jpg,0.6420281,0.7032786
00027676.jpg,0.8643584,0.935334
00028283.jpg,0.61490643,0.5123848
000000291894.jpg,0.8098868,0.88785046
00042547.jpg,0.6970174,0.6568392
4575138b6f7a9772.jpg,0.77194965,0.78571427
00032436.jpg,0.7384521,0.8199876
00045738.jpg,0.7850582,0.860543
00045910.jpg,0.7503915,0.5680434
00017717.jpg,0.6466342,0.4851426
00045571.jpg,0.6593826,0.7544678
00029626.jpg,0.6800288,0.7706808
00027091.jpg,0.7953135,0.8344572
00018272.jpg,0.7489896,0.841022
n07711569_1696.jpg,0.7912278,0.88235295
00022576.jpg,0.74185723,0.8734
00027326.jpg,0.878158,0.9299124
