image_path,pred_score,true_score
00027097.jpg,0.75211287,0.738393
00018024.jpg,0.66456443,0.6024226
00037699.jpg,0.7584436,0.7298452
00013932.jpg,0.6725805,0.6393164
00015270.jpg,0.8361043,0.7789512
00057062.jpg,0.6591048,0.6091584
00002467.jpg,0.8091655,0.8722292
528f777d7d6da589.jpg,0.8178216,0.8367347
00002273.jpg,0.7692816,0.843515
00035969.jpg,0.6089264,0.6112804
00047017.jpg,0.79745746,0.9329606
00006788.jpg,0.82863617,0.7267482
00014918.jpg,0.58621776,0.4982912
00007574.jpg,0.7759418,0.796555
7304355d2a3f76b0.jpg,0.81576264,0.85714287
00002235.jpg,0.7358077,0.7578368
00042412.jpg,0.75089645,0.7016898
00032757.jpg,0.8239477,0.8314218
00012136.jpg,0.74080026,0.75513
00047993.jpg,0.7218237,0.6718966
00030568.jpg,0.74639416,0.667747
00034818.jpg,0.7374595,0.5997724
00056662.jpg,0.6570141,0.7483458
00013604.jpg,0.67230535,0.7223048
00036501.jpg,0.7465222,0.853845
00035570.jpg,0.56540644,0.722706
00039299.jpg,0.8846356,0.9581036
n07801091_41884.jpg,0.6218889,0.5697674
00018198.jpg,0.5572087,0.6127708
00008837.jpg,0.6064328,0.5593956
00033839.jpg,0.63603085,0.6946232
n02396427_10306.jpg,0.8517129,0.7920792
00026086.jpg,0.72120494,0.5727424
00017080.jpg,0.83769774,0.9335348
00052333.jpg,0.71780246,0.7002878
00001656.jpg,0.7249081,0.627291
000000505093.jpg,0.72318625,0.6666667
00047575.jpg,0.7239456,0.7211894
00020090.jpg,0.83713514,0.7307234
00048052.jpg,0.79286224,0.6444542
00035150.jpg,0.65373296,0.6402466
00039839.jpg,0.7590907,0.810608
00040851.jpg,0.73258424,0.6075398
00058435.jpg,0.81463814,0.807227
n07929519_36895.jpg,0.83341646,0.8194444
00012745.jpg,0.74423635,0.7459916
00058138.jpg,0.63417584,0.584027
00026743.jpg,0.8725593,0.8463094
00047210.jpg,0.6902996,0.6102244
00029747.jpg,0.5348505,0.4749166
00005972.jpg,0.80872756,0.9092288
00027553.jpg,0.5617355,0.5459694
n07880968_241.jpg,0.8406654,0.8118812
00049367.jpg,0.7856641,0.761665
00051080.jpg,0.6057711,0.5604644
00044863.jpg,0.7855998,0.9204012
00046651.jpg,0.76825976,0.820695
00022078.jpg,0.8294645,0.8054064
00015959.jpg,0.81582594,0.7555038
n07696839_13649.jpg,0.85983735,0.8695652
00045951.jpg,0.7611491,0.7756108
00016746.jpg,0.78420186,0.7438706
00025980.jpg,0.80827415,0.8005486
00053484.jpg,0.91655314,0.8840484
00003584.jpg,0.7894435,0.8547938
00019386.jpg,0.88765436,0.9146036
00018978.jpg,0.8005068,0.6692082
00017203.jpg,0.8688828,0.8059136
00036415.jpg,0.63484156,0.685659
00020168.jpg,0.8628254,0.7951624
00011658.jpg,0.7754259,0.6396164
00010736.jpg,0.7496774,0.6707842
00032090.jpg,0.7880854,0.714407
00006390.jpg,0.85143924,0.8485688
00026376.jpg,0.73664105,0.7590476
00011938.jpg,0.5065708,0.5296022
00027390.jpg,0.7558282,0.7957076
00028206.jpg,0.71097875,0.7983492
n00464894_9191.jpg,0.80639315,0.7378641
00045679.jpg,0.7798829,0.7353252
00032669.jpg,0.87203425,0.8878336
n04465501_602.jpg,0.69043696,0.72115386
00013479.jpg,0.81748873,0.9092526
00025434.jpg,0.8215688,0.7964482
00026373.jpg,0.7953123,0.7745748
00020167.jpg,0.77651745,0.7412332
00018404.jpg,0.73238474,0.7651204
00046921.jpg,0.7810575,0.7814016
00018577.jpg,0.55923414,0.5733216
00012573.jpg,0.7754618,0.7416768
00006998.jpg,0.79713774,0.8678524
00048551.jpg,0.74609566,0.7401752
00032908.jpg,0.88541067,0.8238538
00011569.jpg,0.88977265,0.8959064
00008618.jpg,0.98037505,0.9901098
00000636.jpg,0.7174047,0.69438
88d6c8356cfa5cbe.jpg,0.7979978,0.90909094
00023082.jpg,0.8693645,0.785754
00023226.jpg,0.7629647,0.7027888
00031846.jpg,0.81694007,0.7870178
00016262.jpg,0.79858994,0.6968332
00006838.jpg,0.8225273,0.7828602
00056412.jpg,0.8305386,0.8159444
00002432.jpg,0.9331098,0.8733928
00036028.jpg,0.6300833,0.7481728
00047731.jpg,0.70773625,0.612098
00042522.jpg,0.7667098,0.690599
00001952.jpg,0.5611113,0.6498404
00044007.jpg,0.7283939,0.66082
00045210.jpg,0.76431775,0.6457532
n04231693_1225.jpg,0.7734146,0.7714286
00046100.jpg,0.7045072,0.7854856
00037467.jpg,0.8022633,0.7336426
00055170.jpg,0.7138356,0.6814676
00018962.jpg,0.6158824,0.540423
00026547.jpg,0.59417874,0.5111142
00042564.jpg,0.71920514,0.7764956
00024654.jpg,0.79611254,0.9303082
00051303.jpg,0.8370067,0.8662034
00007359.jpg,0.7527518,0.7071914
00003188.jpg,0.8371682,0.7626212
00040891.jpg,0.80322945,0.7467888
00018480.jpg,0.789734,0.7920668
00007356.jpg,0.4872849,0.4558098
00014181.jpg,0.83725107,0.9255412
00053225.jpg,0.648901,0.6616356
00008602.jpg,0.74023855,0.6563376
00019947.jpg,0.8073603,0.9343534
00040781.jpg,0.66463,0.6333936
00001091.jpg,0.87395215,0.9427634
00056019.jpg,0.7758482,0.7860658
00043430.jpg,0.78840166,0.8534126
00057237.jpg,0.82828903,0.9086456
00023239.jpg,0.8469738,0.8083856
00043293.jpg,0.7735294,0.7474796
00017425.jpg,0.8135905,0.8261752
n07711569_1189.jpg,0.75239766,0.6571429
00025391.jpg,0.749324,0.772823
00026063.jpg,0.7785943,0.8569704
00044399.jpg,0.6185505,0.671021
00051093.jpg,0.7294762,0.7163704
00006614.jpg,0.86441827,0.9005434
00044661.jpg,0.8000728,0.8846394
00035465.jpg,0.8318787,0.8179922
00028903.jpg,0.89097,0.9011742
00014804.jpg,0.83608764,0.8911798
00025284.jpg,0.6706394,0.5802934
00027418.jpg,0.6959514,0.5516188
n09288635_13197.jpg,0.66348535,0.70642203
426f6b665d06fbaf.jpg,0.80038136,0.75
00034508.jpg,0.70808256,0.6767856
00051073.jpg,0.8387144,0.947235
00057850.jpg,0.8234076,0.7676026
00022658.jpg,0.85921204,0.759303
00052618.jpg,0.8577289,0.9509772
00016155.jpg,0.74567807,0.6802768
00051969.jpg,0.57667124,0.6287802
00045017.jpg,0.6846671,0.8708056
00032992.jpg,0.7813256,0.6949982
00006144.jpg,0.86358005,0.8340482
00023907.jpg,0.73084736,0.7362696
00029126.jpg,0.82755697,0.9370148
00025100.jpg,0.577962,0.8028866
00052972.jpg,0.87970424,0.8345352
00053914.jpg,0.77884996,0.7752406
00005023.jpg,0.80837524,0.7701332
00057046.jpg,0.898112,0.9097274
00029997.jpg,0.6125901,0.538039
00014448.jpg,0.8448688,0.8260272
00044291.jpg,0.7578162,0.7099528
00020868.jpg,0.7945542,0.7730682
00000485.jpg,0.7609631,0.75533
000000503575.jpg,0.73034966,0.5955056
00052438.jpg,0.76183164,0.697999
00047796.jpg,0.6440692,0.7073826
n07838073_16035.jpg,0.8385372,0.88297874
00045268.jpg,0.7069365,0.620532
00053461.jpg,0.8184643,0.8369978
00026046.jpg,0.91973805,0.9319
00039115.jpg,0.675002,0.5308522
00049889.jpg,0.7128033,0.8258244
00000067.jpg,0.5218953,0.567937
00031961.jpg,0.7421033,0.7484166
00008829.jpg,0.8362659,0.8012222
00008313.jpg,0.9209639,0.8473094
00058731.jpg,0.5339258,0.4581192
00049239.jpg,0.764709,0.745574
00011651.jpg,0.7947587,0.7919198
00022628.jpg,0.6757462,0.7411932
00015862.jpg,0.6815603,0.6317692
000000227855.jpg,0.787982,0.75789475
00013461.jpg,0.7226902,0.6865418
000000299869.jpg,0.7511302,0.85555553
00025870.jpg,0.6434872,0.5684028
00028500.jpg,0.8407756,0.9462158
00027711.jpg,0.82215613,0.7610318
00007639.jpg,0.89903784,0.8292578
aa8e2b1c612805d3.jpg,0.86725616,0.9381443
00017316.jpg,0.6439009,0.6307194
00005890.jpg,0.70980346,0.5901056
00054703.jpg,0.7653297,0.691688
000000531594.jpg,0.78424764,0.71428573
00045536.jpg,0.76349556,0.8949358
00019151.jpg,0.8283059,0.8492106
00049085.jpg,0.8179698,0.8367992
00025954.jpg,0.7337093,0.6451078
000000056868.jpg,0.7214801,0.6097561
00014789.jpg,0.8176192,0.7748358
00013242.jpg,0.62357926,0.6501718
00001794.jpg,0.8561192,0.8352688
n02924116_43906.jpg,0.84356,0.8425926
00019414.jpg,0.71754384,0.6819562
00007527.jpg,0.6307523,0.4795448
00014252.jpg,0.8170148,0.8344512
00017954.jpg,0.7847447,0.7939372
00047046.jpg,0.76442444,0.613063
00050971.jpg,0.74768865,0.687085
00024577.jpg,0.71777475,0.8066914
00046121.jpg,0.787668,0.8058262
00038551.jpg,0.7841147,0.8454754
n02450034_4350.jpg,0.7780117,0.7297297
00050456.jpg,0.7561593,0.8329332
00032545.jpg,0.7959354,0.9182316
00023258.jpg,0.763775,0.7068056
00008284.jpg,0.90185845,0.9325134
00003600.jpg,0.90575576,0.8604658
00055572.jpg,0.6840687,0.708554
sun_aqydmedkuzlsybwd.jpg,0.66844755,0.68686867
00055784.jpg,0.67386353,0.7303852
00025415.jpg,0.89331365,0.8850836
00050941.jpg,0.8563083,0.9029014
00042620.jpg,0.5852363,0.5860242
00045062.jpg,0.69417953,0.6017992
00017675.jpg,0.83788455,0.8367108
00025796.jpg,0.80452657,0.8644632
00017535.jpg,0.8165536,0.7043344
00058214.jpg,0.77218616,0.6356838
00004246.jpg,0.59961474,0.6006916
00052584.jpg,0.8460292,0.823405
00021998.jpg,0.56572706,0.6063944
00042511.jpg,0.6950381,0.8072978
00036036.jpg,0.5909796,0.6142032
00020189.jpg,0.7063682,0.6813258
000000408965.jpg,0.7505424,0.6494845
00015417.jpg,0.78803366,0.8051134
n02396427_23932.jpg,0.70296425,0.516129
00033359.jpg,0.75630116,0.7163258
00058252.jpg,0.83600664,0.9154084
00047926.jpg,0.7796061,0.746305
00034249.jpg,0.6565896,0.8040734
00024961.jpg,0.8861253,0.7984778
000000455960.jpg,0.781147,0.7227723
00018445.jpg,0.8978243,0.8573368
00046346.jpg,0.7748146,0.6517376
00054474.jpg,0.6605885,0.6472856
00022376.jpg,0.82611436,0.8676892
00048015.jpg,0.65307486,0.667603
00012381.jpg,0.729969,0.6410258
00046116.jpg,0.80670863,0.8233694
00010926.jpg,0.8361916,0.8783524
00002750.jpg,0.74053705,0.7384746
000000200611.jpg,0.77353597,0.8113208
00027060.jpg,0.82244766,0.8463216
00019127.jpg,0.7607577,0.7173728
00035963.jpg,0.71022844,0.6084038
00039428.jpg,0.7247077,0.6278292
00046136.jpg,0.67551786,0.6276038
00038980.jpg,0.72456324,0.7436592
00050482.jpg,0.7993871,0.839762
sun_awwfkbrvfgrhwznp.jpg,0.7085353,0.8194444
00030492.jpg,0.7954181,0.9506434
00007090.jpg,0.69453543,0.6025486
00037863.jpg,0.8426476,0.9119968
00023025.jpg,0.7847545,0.734803
00010209.jpg,0.6755278,0.7110848
n01846331_13568.jpg,0.6853444,0.5714286
00056926.jpg,0.77076864,0.8281532
00045799.jpg,0.7666229,0.8252744
00034787.jpg,0.77667,0.799385
00058050.jpg,0.663852,0.6761832
00038700.jpg,0.606864,0.5971868
00008536.jpg,0.8133366,0.7845286
00043897.jpg,0.68794096,0.7652852
00031087.jpg,0.80439484,0.9321406
00049113.jpg,0.788726,0.880965
00054097.jpg,0.72307086,0.7678282
00042435.jpg,0.68278134,0.7501204
00012208.jpg,0.83240545,0.8378054
00048488.jpg,0.69702035,0.7073278
00031028.jpg,0.81613326,0.7502892
00035312.jpg,0.7500747,0.6473842
00005968.jpg,0.878283,0.96289
00014238.jpg,0.8167581,0.837065
00042148.jpg,0.7356758,0.8419106
00036873.jpg,0.5408086,0.6382086
00050091.jpg,0.80809444,0.7698062
n02129165_22697.jpg,0.8189943,0.7980769
00006551.jpg,0.65579563,0.4942114
00053209.jpg,0.85498536,0.9043788
n07863374_18632.jpg,0.8989982,0.8867925
00002069.jpg,0.9793641,0.9234412
00040961.jpg,0.7928771,0.7673112
00016859.jpg,0.7974807,0.8025396
00003567.jpg,0.8408964,0.7727368
00017732.jpg,0.73899984,0.7818968
00027249.jpg,0.7968356,0.698434
00035009.jpg,0.7949695,0.894857
00026845.jpg,0.63120973,0.6210066
00055136.jpg,0.8480711,0.92001
00025520.jpg,0.7806168,0.8575386
00031136.jpg,0.77502924,0.8438554
00038135.jpg,0.6888877,0.5093736
00041238.jpg,0.7953676,0.8506234
00014596.jpg,0.7503694,0.8252758
00019266.jpg,0.71869665,0.883408
00056868.jpg,0.7651287,0.6663986
00051191.jpg,0.7781264,0.6880644
00022156.jpg,0.6401869,0.6354624
00004424.jpg,0.7100549,0.5872996
60bf5bc547dec918.jpg,0.8039887,0.88659793
00014496.jpg,0.9194966,0.8782106
00056249.jpg,0.7841684,0.7103664
n02924116_82453.jpg,0.8103002,0.7373737
c6789c5bd0d392a6.jpg,0.7359327,0.74766356
00014394.jpg,0.711318,0.6795956
00032831.jpg,0.95108616,0.9795534
00034363.jpg,0.6429579,0.6412932
00013842.jpg,0.6669089,0.672965
00043845.jpg,0.7733256,0.8422152
00022539.jpg,0.82774556,0.8076364
00056606.jpg,0.7490103,0.7646728
00039874.jpg,0.82838076,0.8481764
00053396.jpg,0.6715618,0.7525818
000000446303.jpg,0.79589725,0.8131868
00050085.jpg,0.6307534,0.781974
00015053.jpg,0.78140587,0.8454352
00009592.jpg,0.81299424,0.7050806
00050821.jpg,0.7330973,0.6712456
00031325.jpg,0.72989535,0.736675
00043157.jpg,0.8389279,0.8518832
00008179.jpg,0.7790473,0.7864218
00053499.jpg,0.84057283,0.776109
00048174.jpg,0.8188075,0.8825942
00050004.jpg,0.7623949,0.7430268
00054342.jpg,0.84479105,0.9191954
n09428293_17140.jpg,0.5584581,0.46938777
00045351.jpg,0.84773487,0.7556714
00007570.jpg,0.7149951,0.7489354
00015132.jpg,0.8803681,0.7924428
000000212507.jpg,0.7747725,0.7745098
n07838073_22476.jpg,0.84829277,0.7719298
4f5fcdbccb70fe17.jpg,0.8005682,0.77227724
00037585.jpg,0.78905916,0.6675156
00009880.jpg,0.79732287,0.781394
00038426.jpg,0.50985575,0.559134
00053612.jpg,0.90221286,0.981086
n07929519_36240.jpg,0.8906641,0.8214286
00020795.jpg,0.8560108,0.8664792
n01514668_20239.jpg,0.8403654,0.7264151
n03790512_14100.jpg,0.73628485,0.68235296
00026814.jpg,0.81696033,0.8157674
00022955.jpg,0.76560116,0.6720712
00039657.jpg,0.76565206,0.8262122
00050373.jpg,0.79716456,0.7714558
00047802.jpg,0.69355106,0.6637854
00046864.jpg,0.8301318,0.8968352
00032000.jpg,0.80895543,0.9073998
00010641.jpg,0.9237963,0.919132
00015514.jpg,0.95071393,0.8965756
00028025.jpg,0.8747458,0.8183004
000000366379.jpg,0.74499255,0.6744186
00019397.jpg,0.72792053,0.7606962
00022253.jpg,0.80643505,0.7869242
00043428.jpg,0.72430557,0.7489018
00053777.jpg,0.8173168,0.8135854
000000117105.jpg,0.8841933,0.9009901
00028299.jpg,0.83617413,0.844842
00041242.jpg,0.83922654,0.9164402
00020229.jpg,0.5990834,0.7721422
00048276.jpg,0.74853516,0.7797724
00022745.jpg,0.782192,0.734663
00034163.jpg,0.642297,0.493704
00020122.jpg,0.7096208,0.67073
000000350051.jpg,0.7948034,0.9126214
00010076.jpg,0.88324827,0.8924606
n07696839_14469.jpg,0.7952546,0.8446602
00010593.jpg,0.6216895,0.6036792
00019159.jpg,0.82369775,0.922914
00021852.jpg,0.6352935,0.6949592
00007452.jpg,0.68615395,0.6395738
00013223.jpg,0.79376405,0.7439296
00019757.jpg,0.80879205,0.8413328
00023902.jpg,0.72801876,0.9165288
00041876.jpg,0.7397387,0.6011616
00013972.jpg,0.77723706,0.7148982
00049460.jpg,0.63820136,0.7894602
00000066.jpg,0.8734321,0.8496258
00055144.jpg,0.769451,0.6329892
00046411.jpg,0.7570365,0.6018068
00024920.jpg,0.7339854,0.7007698
00053613.jpg,0.6297191,0.5874486
00035980.jpg,0.7164051,0.7188792
00050338.jpg,0.82955724,0.8520152
00014076.jpg,0.5959654,0.6228914
00031924.jpg,0.784577,0.7739674
00056187.jpg,0.8051324,0.7908162
00033307.jpg,0.79010504,0.7489988
n04335435_20838.jpg,0.8066,0.85858583
00045947.jpg,0.67874694,0.6214094
00001233.jpg,0.76885366,0.8412746
00036165.jpg,0.69468856,0.6589622
00051144.jpg,0.75845546,0.7240552
000000506710.jpg,0.73279834,0.8981481
00044997.jpg,0.727342,0.7329502
00004075.jpg,0.64604235,0.66616
00002791.jpg,0.74773145,0.7630756
00009512.jpg,0.71548855,0.6972018
00030683.jpg,0.86772436,0.914328
00028839.jpg,0.81371844,0.6904892
00058664.jpg,0.8057772,0.7944574
00049125.jpg,0.96781945,0.9903488
00030873.jpg,0.756475,0.6865672
00054126.jpg,0.75342035,0.76785
00040044.jpg,0.7842528,0.8455926
00014344.jpg,0.6991563,0.7669348
00012999.jpg,0.7201483,0.6590384
00018357.jpg,0.7287756,0.6522912
00015447.jpg,0.8128526,0.8772798
00052138.jpg,0.75323945,0.6664674
00019974.jpg,0.8788707,0.9193868
00008154.jpg,0.7687106,0.8338912
00029396.jpg,0.8077729,0.868533
00057145.jpg,0.76622313,0.738796
00022228.jpg,0.77937096,0.7797664
n03791053_8023.jpg,0.76360327,0.6756757
00057137.jpg,0.7639365,0.6700166
00038909.jpg,0.7761667,0.7266432
00006976.jpg,0.62286425,0.569761
00038992.jpg,0.8816395,0.8725152
00032414.jpg,0.7825107,0.8776228
00015047.jpg,0.84414494,0.82117
00046569.jpg,0.8325541,0.8778802
00015748.jpg,0.7587396,0.826713
sun_aawrgbknzaichelh.jpg,0.7022811,0.6494845
00032924.jpg,0.6764045,0.5956932
00005152.jpg,0.7911624,0.7665286
00053955.jpg,0.70893574,0.8141128
00021476.jpg,0.85162264,0.8723618
00021904.jpg,0.90967417,0.866381
00041357.jpg,0.81168514,0.7880192
00017877.jpg,0.9184145,0.8146964
00036629.jpg,0.5848502,0.6908234
00042466.jpg,0.80909675,0.8711264
00050754.jpg,0.7363065,0.9376978
00014468.jpg,0.8423419,0.9430858
df85986ebb487f15.jpg,0.9020625,0.86915886
00006097.jpg,0.746202,0.5843876
00048405.jpg,0.75095356,0.6958842
00007114.jpg,0.7205887,0.8541624
00039716.jpg,0.823083,0.7881588
00044967.jpg,0.76703715,0.6757992
00039948.jpg,0.8330321,0.8377116
00046669.jpg,0.7302222,0.6574044
00037727.jpg,0.4502644,0.4739502
00022589.jpg,0.8296657,0.834987
00044359.jpg,0.65066123,0.6363026
00026714.jpg,0.5432338,0.40983
00002759.jpg,0.818722,0.8275996
00018855.jpg,0.81037086,0.814798
n07753592_8891.jpg,0.837044,0.8913044
00029292.jpg,0.83676124,0.8100592
00022312.jpg,0.83981395,0.9445044
00027466.jpg,0.66060984,0.7955478
00037483.jpg,0.6712071,0.7968166
00016917.jpg,0.77603096,0.8610292
00037986.jpg,0.7547024,0.7988724
00055055.jpg,0.9191623,0.9358628
00044327.jpg,0.8207658,0.9494032
00048115.jpg,0.8061477,0.814781
00037341.jpg,0.74194026,0.761431
00039094.jpg,0.7148584,0.8082946
00027121.jpg,0.7649159,0.6872982
n01514668_4832.jpg,0.809504,0.8118812
00029412.jpg,0.84062535,0.950072
00040210.jpg,0.87401444,0.849487
n09393605_38089.jpg,0.7188258,0.55445546
00022347.jpg,0.68654025,0.6686486
00036499.jpg,0.75676167,0.613953
6d8a20a69d1f2667.jpg,0.8657085,0.85
00016993.jpg,0.7930509,0.8893226
00024166.jpg,0.7398764,0.7987264
00020085.jpg,0.7578791,0.5917516
00057578.jpg,0.8730956,0.8178022
00009026.jpg,0.7491091,0.8389162
00006115.jpg,0.7957449,0.5128318
00056582.jpg,0.76475,0.5924818
00043877.jpg,0.7587867,0.739347
00024740.jpg,0.5794688,0.6749136
00015458.jpg,0.8332592,0.8064502
00012217.jpg,0.7703186,0.671523
00015738.jpg,0.74609673,0.7168246
00032832.jpg,0.5679914,0.66902
00025116.jpg,0.90820897,0.8297164
00036469.jpg,0.77987266,0.788654
00056416.jpg,0.7998532,0.7288936
00038953.jpg,0.7395373,0.694861
00032572.jpg,0.7062633,0.7993986
00007094.jpg,0.7818848,0.8655792
00027780.jpg,0.56121016,0.6745354
00010365.jpg,0.8316749,0.8724822
00021732.jpg,0.68239987,0.7032386
00001123.jpg,0.6388377,0.6297376
00000917.jpg,0.77158487,0.6863216
00015957.jpg,0.781458,0.8583716
00045368.jpg,0.82923573,0.7971244
00030503.jpg,0.5718152,0.4604416
00019122.jpg,0.59607804,0.4789336
00015915.jpg,0.80200064,0.764287
00035248.jpg,0.69888484,0.7273772
00054953.jpg,0.88238,0.8816408
00016533.jpg,0.68681836,0.7486834
00017550.jpg,0.5188826,0.4061428
00007848.jpg,0.6901343,0.7491452
00005167.jpg,0.78347594,0.7914946
00056769.jpg,0.7579447,0.7817896
00022646.jpg,0.81900597,0.8643356
00058583.jpg,0.68692136,0.7261744
000000332724.jpg,0.91273034,0.975
00047967.jpg,0.80545396,0.781484
000000201134.jpg,0.79357755,0.8214286
00036038.jpg,0.7521484,0.7084984
n02878222_13661.jpg,0.6973828,0.6857143
00024928.jpg,0.6672118,0.5310434
00044269.jpg,0.7772136,0.796422
00000746.jpg,0.7980048,0.813949
00002951.jpg,0.79800117,0.785439
00058534.jpg,0.8322121,0.750872
00053028.jpg,0.8362503,0.8842544
00021950.jpg,0.7312045,0.5930978
00019609.jpg,0.8901642,0.9333604
eacf12733f79d8e5.jpg,0.7734512,0.77678573
00014130.jpg,0.8033117,0.8557058
000000010478.jpg,0.8406609,0.8118812
00035014.jpg,0.76960945,0.8679548
00014744.jpg,0.7725501,0.7636294
00002331.jpg,0.8321272,0.8400762
00041000.jpg,0.7741152,0.8170298
00046023.jpg,0.6667438,0.68603
00007293.jpg,0.70222074,0.7807284
00047842.jpg,0.6518821,0.5511544
n02342885_250.jpg,0.91539115,0.91346157
00053109.jpg,0.76930624,0.740529
000000154770.jpg,0.79618204,0.7029703
00013942.jpg,0.7738751,0.7794444
00020992.jpg,0.64963305,0.6369918
00013421.jpg,0.79129726,0.947988
00017086.jpg,0.8424056,0.7438596
00032933.jpg,0.9374239,0.957525
00013209.jpg,0.8144087,0.8192472
00054532.jpg,0.8499075,0.7809768
00029284.jpg,0.7476502,0.6347462
00045302.jpg,0.7806299,0.8388326
00017592.jpg,0.8135086,0.8326706
n07911677_777.jpg,0.82261217,0.84782606
00010812.jpg,0.795362,0.8215638
00046333.jpg,0.82353085,0.7325958
00048498.jpg,0.66449237,0.7496098
8368df58858084dd.jpg,0.7998968,0.87234044
000000150080.jpg,0.83464736,0.8684211
00053305.jpg,0.84826016,0.8301918
00048477.jpg,0.7735098,0.7567432
00007710.jpg,0.75815296,0.6541618
00023563.jpg,0.74457407,0.6523424
00014605.jpg,0.733773,0.6827468
00029164.jpg,0.6620674,0.7476754
00006731.jpg,0.77273184,0.8240032
00046776.jpg,0.7762661,0.8084328
00006121.jpg,0.87184304,0.7663048
00021504.jpg,0.6936035,0.7332586
00028109.jpg,0.726706,0.7269302
654d741e1d80fd43.jpg,0.77666056,0.71428573
00035834.jpg,0.52090335,0.355706
00051112.jpg,0.6227151,0.59711
5ba82a78da57b025.jpg,0.8563651,0.83928573
1de1c35c00ce3111.jpg,0.62890273,0.73394495
00004163.jpg,0.8258412,0.7716538
00042582.jpg,0.8652587,0.8340128
00002861.jpg,0.8073686,0.8144566
00005960.jpg,0.749592,0.7782584
00003806.jpg,0.7351865,0.7833808
00035377.jpg,0.62363756,0.5921092
00002137.jpg,0.8791547,0.870298
00016217.jpg,0.77316296,0.8654972
00000864.jpg,0.72428447,0.6007392
00047825.jpg,0.79766583,0.70619
00027229.jpg,0.7428941,0.7475584
00035792.jpg,0.67982495,0.6652034
00015682.jpg,0.81073433,0.7874076
00025345.jpg,0.7101377,0.792991
00009017.jpg,0.80635834,0.85482
000000035485.jpg,0.7556471,0.8
00031079.jpg,0.6859762,0.6789316
n07690273_20948.jpg,0.8647416,0.9052632
00014898.jpg,0.55921406,0.6085886
00056481.jpg,0.775311,0.679947
00012120.jpg,0.7880391,0.8484656
000000133200.jpg,0.6177277,0.70866144
00000473.jpg,0.7777804,0.844475
00052447.jpg,0.501843,0.4732768
00041683.jpg,0.64003026,0.5334988
00006328.jpg,0.6844599,0.7902364
00050995.jpg,0.7701739,0.6958092
00025925.jpg,0.6315444,0.6147048
00025450.jpg,0.8504945,0.848943
00010634.jpg,0.7290913,0.8082334
00025665.jpg,0.8239646,0.8873072
00000152.jpg,0.68954754,0.6755618
00049844.jpg,0.6263933,0.7550438
00001638.jpg,0.6887967,0.7891426
00039118.jpg,0.80730975,0.7849574
00010218.jpg,0.73717904,0.784091
n07911677_539.jpg,0.86322176,0.9183673
00034316.jpg,0.7093961,0.7509526
00038391.jpg,0.73521125,0.8472146
n07863374_18396.jpg,0.8060177,0.8125
00048842.jpg,0.77975553,0.8745626
00054835.jpg,0.56894934,0.6723332
n07716358_11514.jpg,0.93956816,0.9361702
00045626.jpg,0.7081845,0.584467
00020289.jpg,0.7890497,0.8419072
00050642.jpg,0.5141734,0.4722984
00044539.jpg,0.8344721,0.8076192
00008734.jpg,0.7685763,0.6192116
sun_aualbeefqekxpoue.jpg,0.55477065,0.42105263
n07838073_8064.jpg,0.8164816,0.7758621
00026777.jpg,0.6760729,0.6081464
00052978.jpg,0.70068073,0.7156116
000000330513.jpg,0.76355076,0.8446602
00008833.jpg,0.7010466,0.6217776
00006158.jpg,0.782007,0.8259028
00034733.jpg,0.6714088,0.6902916
00007432.jpg,0.8591453,0.8668898
00011997.jpg,0.7582642,0.6358936
00015752.jpg,0.81067955,0.812746
00019308.jpg,0.68377167,0.6365352
000000084356.jpg,0.6826436,0.82653064
00009094.jpg,0.7938666,0.8547758
n07923748_1966.jpg,0.85921764,0.8269231
00049986.jpg,0.71507883,0.648521
00007242.jpg,0.742406,0.6029942
00026267.jpg,0.8809694,0.894696
00049597.jpg,0.5998672,0.6765262
00042053.jpg,0.78915507,0.8202586
00037260.jpg,0.5756126,0.6987658
00040055.jpg,0.73102456,0.7834056
n02324045_30280.jpg,0.83527124,0.80508476
00052753.jpg,0.7554762,0.6513244
00010539.jpg,0.75570863,0.5198738
00007078.jpg,0.7610135,0.750359
00047496.jpg,0.8107332,0.732023
00028592.jpg,0.81440794,0.8341218
00041190.jpg,0.7006294,0.638834
00013017.jpg,0.7538942,0.7113654
00033877.jpg,0.6382077,0.5745538
00036982.jpg,0.6941589,0.772847
00028582.jpg,0.60280544,0.597387
00041719.jpg,0.7956928,0.760613
00039791.jpg,0.8436955,0.8164614
00049040.jpg,0.8772156,0.94048
5c2cb88d3566e522.jpg,0.87464726,0.8640777
00056578.jpg,0.6310831,0.6471988
00038204.jpg,0.5836022,0.5236912
000000414679.jpg,0.80185664,0.85263157
00038441.jpg,0.5392311,0.4292158
00034756.jpg,0.73473674,0.5979608
00042351.jpg,0.75094414,0.7728154
00035424.jpg,0.69594395,0.6156498
00006667.jpg,0.84717625,0.9018708
00039342.jpg,0.81942886,0.8537522
00024902.jpg,0.72029746,0.6916394
000000032059.jpg,0.72751033,0.6506024
2cc511fa46b55b76.jpg,0.78776664,0.8396226
00023267.jpg,0.7887322,0.8709466
00031430.jpg,0.69261444,0.553579
00000907.jpg,0.8135087,0.8304418
n02946348_30706.jpg,0.83523875,0.8611111
00026565.jpg,0.7154863,0.691226
00003792.jpg,0.8383873,0.8507542
n03670208_3857.jpg,0.6991967,0.74757284
00012453.jpg,0.70391876,0.6955568
00057273.jpg,0.96580976,0.9497266
00049961.jpg,0.8231731,0.7682104
00039893.jpg,0.7612144,0.7412758
00002149.jpg,0.614558,0.696148
000000450961.jpg,0.89005685,0.8736842
00020663.jpg,0.7913635,0.7598106
00054180.jpg,0.790273,0.873896
00050247.jpg,0.84263325,0.8753618
000000376746.jpg,0.8034706,0.8433735
00054024.jpg,0.69244397,0.766296
n09468604_15022.jpg,0.61635983,0.37190083
00006385.jpg,0.7782047,0.705204
00038262.jpg,0.59141403,0.6554912
00035712.jpg,0.6473544,0.513678
00035612.jpg,0.7600058,0.6287888
00000821.jpg,0.679315,0.7696934
00039757.jpg,0.71812403,0.7263416
00045209.jpg,0.78769374,0.7529434
000000212824.jpg,0.7806709,0.8495575
00046303.jpg,0.72090346,0.6539458
00013801.jpg,0.73181105,0.7109332
00048443.jpg,0.7632462,0.828719
00030048.jpg,0.70367455,0.7104038
00037360.jpg,0.6546139,0.6230332
00036673.jpg,0.67961836,0.6595866
00035100.jpg,0.57285506,0.4530384
00035931.jpg,0.627246,0.5733152
00009073.jpg,0.84922206,0.878729
n03541923_2351.jpg,0.7699972,0.5980392
00029450.jpg,0.8059746,0.7999164
00046374.jpg,0.81822795,0.8477048
00022385.jpg,0.85202664,0.8723154
00022188.jpg,0.8670481,0.8075926
00028561.jpg,0.74358934,0.6788912
00034876.jpg,0.66563034,0.5291146
00037058.jpg,0.7590305,0.711587
00009112.jpg,0.8588257,0.865574
00017322.jpg,0.72018236,0.8603908
00027519.jpg,0.6237091,0.563523
00012626.jpg,0.7375301,0.8037628
00050039.jpg,0.82385033,0.863431
00040871.jpg,0.78263307,0.758708
00037377.jpg,0.73967606,0.694944
00034907.jpg,0.6598572,0.6551988
00003838.jpg,0.78389454,0.821367
00030396.jpg,0.74909276,0.7827044
00021045.jpg,0.83059645,0.9371702
n07911677_5425.jpg,0.842165,0.83157897
00014107.jpg,0.79362,0.8023518
00032197.jpg,0.8349679,0.8488738
00024540.jpg,0.6168761,0.7263072
00042103.jpg,0.8182719,0.8580256
00050225.jpg,0.79671144,0.8536044
00044144.jpg,0.8307586,0.7874286
00009912.jpg,0.8279194,0.878586
00014675.jpg,0.68866956,0.7368168
n07753592_1991.jpg,0.8647658,0.85858583
00017701.jpg,0.68767166,0.7296948
00053186.jpg,0.8709469,0.8693524
00047052.jpg,0.7293017,0.6956358
00018138.jpg,0.6796807,0.7259882
00016076.jpg,0.7622743,0.890284
00025175.jpg,0.79974985,0.773875
00010888.jpg,0.68175364,0.6662072
00027523.jpg,0.54030997,0.5897336
00014684.jpg,0.90447223,0.859546
00025374.jpg,0.5932738,0.6583114
00007111.jpg,0.76082814,0.7677176
n04166281_623.jpg,0.78634393,0.86734694
00027739.jpg,0.8538767,0.846508
00013001.jpg,0.89018667,0.7876188
00027464.jpg,0.7980858,0.8259936
n09376198_20394.jpg,0.6095,0.63
00046867.jpg,0.76427287,0.8497022
n09393605_55896.jpg,0.5035405,0.37142858
00029085.jpg,0.76057005,0.6623692
00018617.jpg,0.9153471,0.7938256
00020069.jpg,0.7492602,0.7216714
00006340.jpg,0.67495215,0.7247108
00032223.jpg,0.77044487,0.768432
00000524.jpg,0.7275431,0.696786
00054140.jpg,0.7747061,0.8122546
00018701.jpg,0.8287574,0.8483704
n02450034_10349.jpg,0.75236136,0.6631579
00043488.jpg,0.72886634,0.7349012
00008321.jpg,0.81170535,0.792895
00029300.jpg,0.7681439,0.7433048
42daecc83058cdc9.jpg,0.7029114,0.5555556
00006475.jpg,0.7941104,0.7901614
00043135.jpg,0.7381597,0.717854
00001927.jpg,0.76117545,0.6781508
00052882.jpg,0.83822984,0.9336792
00045608.jpg,0.7396851,0.596595
00011262.jpg,0.7569504,0.756698
00054392.jpg,0.89362013,0.8995774
00005116.jpg,0.84190136,0.9003966
00046939.jpg,0.7406188,0.7018218
00015823.jpg,0.7919527,0.8344252
00030776.jpg,0.8689061,0.6934912
00006814.jpg,0.86149985,0.8940346
00019617.jpg,0.7735334,0.819739
00010464.jpg,0.7963529,0.681638
00003256.jpg,0.6632952,0.6593326
00056649.jpg,0.5655119,0.6637868
00005374.jpg,0.7066164,0.7085036
00043149.jpg,0.82006127,0.7951212
00020240.jpg,0.8406267,0.8167814
00005607.jpg,0.9134893,0.9046842
00041792.jpg,0.7478596,0.727879
00000579.jpg,0.69007605,0.6516368
00000557.jpg,0.561733,0.4995332
00041180.jpg,0.58298165,0.6548272
00009361.jpg,0.889779,0.827736
00021079.jpg,0.7947662,0.8160602
00009145.jpg,0.7826614,0.7810414
00051000.jpg,0.6583226,0.650038
00008447.jpg,0.9017017,0.8039764
00058044.jpg,0.84266645,0.7891316
000000293254.jpg,0.8251041,0.90178573
00004546.jpg,0.8872489,0.978926
n07806221_24585.jpg,0.7716068,0.78846157
00014335.jpg,0.7686204,0.7559602
00000109.jpg,0.6557115,0.6641968
00025335.jpg,0.82126033,0.8168022
n02396427_7162.jpg,0.84618455,0.75949365
1b1e98b5f9cc8b50.jpg,0.779413,0.5980392
00053193.jpg,0.876719,0.9720434
00056744.jpg,0.8228938,0.8714588
00026220.jpg,0.76115775,0.5686742
00025785.jpg,0.75650346,0.765768
00034104.jpg,0.7453977,0.7986112
00013979.jpg,0.83664984,0.8670232
00039179.jpg,0.7014886,0.680489
00000373.jpg,0.8121768,0.8051544
00038839.jpg,0.7801813,0.7754174
00026295.jpg,0.7444901,0.7883488
000000299734.jpg,0.7920701,0.8791209
00028801.jpg,0.8115423,0.8767574
00020888.jpg,0.7686267,0.716751
00020051.jpg,0.82428384,0.8001044
00057039.jpg,0.8184846,0.8552914
00050680.jpg,0.7460782,0.7730036
00027840.jpg,0.9001942,0.8380752
00049484.jpg,0.77919775,0.8833312
00033292.jpg,0.8684374,0.8976376
00005295.jpg,0.7775012,0.6850702
00012969.jpg,0.7084802,0.6896274
00051630.jpg,0.7568448,0.8441362
00003516.jpg,0.7245015,0.7970512
00003065.jpg,0.7545286,0.626087
00049722.jpg,0.6151196,0.5571558
00006824.jpg,0.7552813,0.4924424
00057192.jpg,0.9638018,0.9032294
16a6efc582ed6144.jpg,0.7346237,0.7920792
7b96be62afaaac4d.jpg,0.6583117,0.79545456
00013792.jpg,0.8429859,0.8664884
000000147762.jpg,0.7803607,0.72727275
00057417.jpg,0.85190713,0.8257426
00012894.jpg,0.7535429,0.7593286
00049923.jpg,0.7478064,0.6984682
00020097.jpg,0.83794177,0.811444
00050645.jpg,0.8452234,0.9407128
00014476.jpg,0.6868343,0.8035068
00051372.jpg,0.8376691,0.7689314
n02432983_25342.jpg,0.7875506,0.75268817
00021966.jpg,0.70876545,0.693721
00013187.jpg,0.67130816,0.7435684
000000075611.jpg,0.74953324,0.77227724
00031242.jpg,0.8484651,0.7986936
00003972.jpg,0.8451495,0.9134112
00020912.jpg,0.5812221,0.708145
00053112.jpg,0.8122097,0.8342346
00049894.jpg,0.78433985,0.910522
00011291.jpg,0.8622444,0.921268
00050857.jpg,0.87247723,0.845886
00026038.jpg,0.7215183,0.7542484
00030192.jpg,0.5911756,0.482663
00046381.jpg,0.7970566,0.7753202
00006794.jpg,0.8213792,0.8376236
00007682.jpg,0.7933854,0.6663252
00008532.jpg,0.9380956,0.8328104
00053710.jpg,0.8854494,0.8758676
00002254.jpg,0.83267134,0.82633
00016710.jpg,0.6108237,0.729085
00007792.jpg,0.7887018,0.8962196
00020393.jpg,0.86088026,0.648561
00007332.jpg,0.9771013,0.759944
00058640.jpg,0.8168005,0.8649826
00057551.jpg,0.71845037,0.695352
00009601.jpg,0.8065137,0.904257
00010144.jpg,0.7274626,0.6248468
00001691.jpg,0.89300644,0.8805936
00006459.jpg,0.82989776,0.8484744
00020024.jpg,0.7722385,0.7406306
00005179.jpg,0.8557514,0.790526
00017170.jpg,0.7233014,0.5469436
n07911677_2899.jpg,0.79710186,0.814433
00055822.jpg,0.82222813,0.9042248
000000132161.jpg,0.8530947,0.90625
00027386.jpg,0.7933763,0.6846944
00024492.jpg,0.78842086,0.7370436
sun_aspvmwpnzvvxbbft.jpg,0.58863586,0.5233645
00006813.jpg,0.7079822,0.7427202
00052054.jpg,0.88768375,0.9174954
00002577.jpg,0.77700627,0.796478
n09270735_8128.jpg,0.7873672,0.81914896
00050830.jpg,0.6936168,0.766897
00037348.jpg,0.7670128,0.7508698
00008753.jpg,0.723624,0.4445484
00009331.jpg,0.8747439,0.9109432
00017105.jpg,0.7791772,0.7724786
00053191.jpg,0.82339513,0.915044
00002578.jpg,0.7665304,0.7476714
00056098.jpg,0.7647527,0.7457296
811f66de9aa9bbf0.jpg,0.57987386,0.51578945
59acd4646a0920a3.jpg,0.58013284,0.6851852
00011545.jpg,0.8503207,0.8578038
00002031.jpg,0.7644188,0.6355444
00009195.jpg,0.6190256,0.5795658
00011358.jpg,0.8586323,0.8133236
00022177.jpg,0.73594517,0.8443218
00004335.jpg,0.69011503,0.7028966
000000382374.jpg,0.82486296,0.86734694
00014357.jpg,0.87465024,0.8510736
00041161.jpg,0.7390405,0.699085
00043476.jpg,0.73685706,0.7703418
00008558.jpg,0.8012438,0.8585778
00034936.jpg,0.7119869,0.6506128
00040743.jpg,0.79017127,0.7171522
00015356.jpg,0.5500261,0.6428306
000000039098.jpg,0.732167,0.77227724
00008398.jpg,0.7323939,0.8877264
00055613.jpg,0.469439,0.4633648
00007369.jpg,0.8295685,0.829612
00057238.jpg,0.84301233,0.9180568
00022320.jpg,0.8610481,0.8677094
00025692.jpg,0.8828804,0.7272406
00007949.jpg,0.8158391,0.7838048
00000886.jpg,0.8027066,0.7856958
00012189.jpg,0.8257971,0.8835714
00035805.jpg,0.8395513,0.8604884
00031825.jpg,0.6452327,0.7439732
n03791053_22762.jpg,0.8365197,0.8695652
n07838073_8810.jpg,0.9141331,0.8962264
00053799.jpg,0.8372767,0.8711652
00055358.jpg,0.86078274,0.7099996
00001559.jpg,0.6541375,0.467168
00006660.jpg,0.73924804,0.7637162
00053115.jpg,0.7433752,0.6201506
00024591.jpg,0.9646716,0.9845326
00049495.jpg,0.93235755,0.9012494
00013787.jpg,0.7806818,0.7852198
00053080.jpg,0.80150867,0.8534946
00011696.jpg,0.8738807,0.7949956
n09303008_33870.jpg,0.6185133,0.4716981
00009865.jpg,0.8557384,0.931989
00031977.jpg,0.573092,0.514856
5c5e8f097fa56b06.jpg,0.6213217,0.4528302
00028726.jpg,0.6949119,0.6355834
00058377.jpg,0.761531,0.7647446
000000451356.jpg,0.73253506,0.65
n07880968_3916.jpg,0.8097452,0.76086956
00021861.jpg,0.85525244,0.9191208
00056348.jpg,0.73272103,0.9233208
00007397.jpg,0.80880374,0.7758638
00053801.jpg,0.7734058,0.7814536
00026424.jpg,0.869205,0.890195
00014950.jpg,0.76576424,0.763257
00035132.jpg,0.7436204,0.58983
00014887.jpg,0.80741274,0.8142074
00036682.jpg,0.7620392,0.7666886
00001409.jpg,0.78622496,0.7894766
n04252077_5929.jpg,0.6875316,0.6320755
00013057.jpg,0.7761506,0.8040538
00006585.jpg,0.5991676,0.4690956
00014796.jpg,0.62770766,0.6056948
00044677.jpg,0.77558255,0.828111
00055011.jpg,0.79323375,0.81222
00056257.jpg,0.7773,0.775372
00002740.jpg,1.0127606,0.8577588
00046493.jpg,0.7859491,0.727309
00015411.jpg,0.7519268,0.7493148
n09270735_19117.jpg,0.59896916,0.5940594
00051418.jpg,0.86117613,0.9005688
00040738.jpg,0.76913875,0.7782012
00014377.jpg,0.7472182,0.6979068
n07574602_25330.jpg,0.83125377,0.7938144
00029157.jpg,0.6664047,0.5628572
n09393605_32817.jpg,0.52004737,0.32743362
00011633.jpg,0.8259231,0.8368562
00050981.jpg,0.90394056,0.8583448
00028043.jpg,0.8449441,0.9221548
00017137.jpg,0.88331157,0.9231954
00011149.jpg,0.6514939,0.6252432
00041297.jpg,0.7187484,0.6518456
00004189.jpg,0.77778685,0.8725502
00052721.jpg,0.78824943,0.7172818
00046981.jpg,0.7219074,0.7181698
00031723.jpg,0.7910882,0.7605604
00025281.jpg,0.84902036,0.855006
00051641.jpg,0.6978915,0.7455934
00031761.jpg,0.83968425,0.8064742
sun_bmttjuwgtvkkmovh.jpg,0.77468866,0.6969697
n07693725_3156.jpg,0.8667523,0.9347826
00022707.jpg,0.8367941,0.8858386
00024766.jpg,0.74435526,0.7965612
00041285.jpg,0.7853807,0.8096166
00029127.jpg,0.7497822,0.8296378
00038646.jpg,0.66019154,0.6658572
00000173.jpg,0.9163599,0.879508
00052469.jpg,0.82976764,0.8274128
000000268547.jpg,0.7340294,0.58677685
00038316.jpg,0.650161,0.6503068
00020313.jpg,0.8147663,0.8168588
00055985.jpg,0.6728163,0.693718
00006421.jpg,0.78274876,0.6567516
00033841.jpg,0.5684436,0.6573866
00047490.jpg,0.76589656,0.5697086
00032949.jpg,0.63979834,0.4450962
00012604.jpg,0.8462774,0.8189144
00024854.jpg,0.7616097,0.7925096
00046881.jpg,0.8045865,0.8866964
00047705.jpg,0.74552846,0.7060244
00018770.jpg,0.9459456,0.9583528
00001417.jpg,0.8445904,0.9478146
00027320.jpg,0.83862686,0.8255598
00030561.jpg,0.82877815,0.81792
00004783.jpg,0.83533955,0.818283
00013262.jpg,0.7835332,0.8974998
00056897.jpg,0.78383243,0.8088018
00027826.jpg,0.7344867,0.7177194
00003322.jpg,0.7644673,0.6992244
00027126.jpg,0.80279803,0.8201384
00041310.jpg,0.689414,0.5766404
n02118333_14906.jpg,0.91752887,0.97849464
00048762.jpg,0.76745224,0.7337626
00000435.jpg,0.7070812,0.7082516
3d1b2e53cd24ce90.jpg,0.79577446,0.59770113
n09270735_19890.jpg,0.6056459,0.62637365
00026803.jpg,0.78833336,0.8165554
00047283.jpg,0.74937034,0.5786362
00056508.jpg,0.73614144,0.8668596
00029113.jpg,0.8003828,0.888868
00028122.jpg,0.7963977,0.7977512
00041391.jpg,0.74819857,0.7838502
00013356.jpg,0.8451039,0.9277408
00033822.jpg,0.7533328,0.6940752
00006323.jpg,0.6448486,0.6188098
00024280.jpg,0.78460234,0.7974412
00011715.jpg,0.59651977,0.507618
00042459.jpg,0.7690415,0.7682216
00038587.jpg,0.6013829,0.5625594
2a9c95d441f4958e.jpg,0.7607572,0.68041235
000000358297.jpg,0.8935587,0.88372093
00046645.jpg,0.8086274,0.7785336
n07717556_4579.jpg,0.89935464,0.95652175
00020246.jpg,0.7457676,0.7114958
00049281.jpg,0.83220434,0.8364434
n02834778_9585.jpg,0.8056409,0.81632656
00010678.jpg,0.76315296,0.7408714
00013169.jpg,0.86926997,0.9541112
00044078.jpg,0.7878347,0.893965
00058651.jpg,0.7317351,0.7830598
00022079.jpg,0.7115541,0.760414
00010146.jpg,0.7963313,0.7485318
0af7495ce8c2f098.jpg,0.7855367,0.74
00042698.jpg,0.58560044,0.4841196
00002169.jpg,0.5316694,0.5150804
000000196912.jpg,0.76753545,0.82828283
00002204.jpg,0.8212126,0.7689104
00031771.jpg,0.8613068,0.8791538
00025690.jpg,0.7548133,0.746518
00036831.jpg,0.67767817,0.6133096
000000078354.jpg,0.6635339,0.6781609
000000483833.jpg,0.7390906,0.7752809
00033521.jpg,0.7999997,0.82979
00009839.jpg,1.001132,0.944811
00046789.jpg,0.59923005,0.6246146
00013995.jpg,0.50439245,0.5037258
00041151.jpg,0.74347216,0.7924414
00042864.jpg,0.7369197,0.7060094
00045883.jpg,0.74172413,0.7441304
00040175.jpg,0.7373749,0.7467954
00045500.jpg,0.79339474,0.7606006
00035538.jpg,0.60154974,0.684167
00045693.jpg,0.85012275,0.8012834
00031928.jpg,0.6797812,0.4816994
00053108.jpg,0.82729316,0.8262206
00044063.jpg,0.7582593,0.8165174
00037953.jpg,0.65848404,0.57529
00034574.jpg,0.6033911,0.5666854
00007343.jpg,0.8560235,0.8757166
00002437.jpg,0.79033595,0.9340544
00013163.jpg,0.8243062,0.9140752
0ca3663d4e237556.jpg,0.8119474,0.8989899
00034303.jpg,0.756836,0.679432
00026473.jpg,0.77490914,0.7790422
00045548.jpg,0.8679658,0.8982574
n07880968_2001.jpg,0.83197707,0.86238533
n04335435_25682.jpg,0.8071792,0.84042555
00009524.jpg,0.8799977,0.8750778
00004124.jpg,0.88036996,0.9184762
00012764.jpg,0.7706093,0.8425506
00005845.jpg,0.6555381,0.74294
00023262.jpg,0.72747767,0.7591174
00015349.jpg,0.8255913,0.7456956
00024376.jpg,0.769052,0.8383892
00042833.jpg,0.7071347,0.663007
00046785.jpg,0.7329123,0.652752
00016644.jpg,0.7265872,0.6303412
00039011.jpg,0.8456552,0.8219632
00041203.jpg,0.732051,0.6839484
00030662.jpg,0.5878232,0.6869712
00042913.jpg,0.77659804,0.9110462
sun_axznoffzbgavlaei.jpg,0.65868247,0.5862069
000000349408.jpg,0.6654332,0.6
00023469.jpg,0.7936573,0.7781552
00039871.jpg,0.73147523,0.8567154
n09376198_16065.jpg,0.49297515,0.4680851
00015782.jpg,0.8410629,0.877776
00033795.jpg,0.6161837,0.6723012
00041536.jpg,0.69230866,0.5868826
00008490.jpg,0.6990298,0.7191388
n03384352_4289.jpg,0.7732793,0.63829786
00018635.jpg,0.6754949,0.6272618
00027607.jpg,0.67297447,0.6703142
00025433.jpg,0.48979977,0.5838192
00029980.jpg,0.4915967,0.504596
00007877.jpg,0.7165345,0.7033524
00046199.jpg,0.66452,0.7276632
00039580.jpg,0.73542786,0.827343
00053154.jpg,0.71942365,0.6446154
00042659.jpg,0.7445076,0.750309
00052448.jpg,0.5885637,0.619138
00012346.jpg,0.6684798,0.7622834
00042271.jpg,0.79744786,0.7748736
00054319.jpg,0.7659969,0.7841026
00050236.jpg,0.7921555,0.8514306
00002925.jpg,0.7523049,0.8189558
00000978.jpg,0.82061625,0.9283052
00007634.jpg,0.6856687,0.7368698
f60ba3e737ee431c.jpg,0.7841842,0.7078652
00029877.jpg,0.84237784,0.8539976
00038000.jpg,0.5441886,0.4847622
00027018.jpg,0.80697715,0.8227438
00033475.jpg,0.72916925,0.8519076
00033490.jpg,0.8369927,0.8608154
00028068.jpg,0.8633656,0.8431634
00042666.jpg,0.65376186,0.5852134
00055401.jpg,0.8022977,0.8079522
00042428.jpg,0.7707416,0.7438934
000000358088.jpg,0.6277221,0.6666667
00020951.jpg,0.7568942,0.7022256
5fc131efa7988d86.jpg,0.7254969,0.74509805
00033513.jpg,0.7488368,0.895013
00035946.jpg,0.7143335,0.7693322
00052948.jpg,0.8273612,0.8095332
00028789.jpg,0.78243166,0.8551898
00029647.jpg,0.77887607,0.691673
00000161.jpg,0.67078656,0.7318668
f8de6c925b0dc353.jpg,0.7797564,0.875
00019961.jpg,0.90914124,0.9697184
00031354.jpg,0.8947291,0.7752986
00054656.jpg,0.77130187,0.7412182
00018177.jpg,0.60140765,0.5636538
00051612.jpg,0.76114035,0.8259442
00022218.jpg,0.5290017,0.5575786
n04467665_1015.jpg,0.74001527,0.78494626
00013532.jpg,0.9329288,0.8711102
n04465501_477.jpg,0.70387363,0.65909094
00039848.jpg,0.68403065,0.7116158
00000617.jpg,0.7415868,0.6274386
00016269.jpg,0.7843559,0.8254744
n03351262_1903.jpg,0.7186265,0.7083333
000000325646.jpg,0.7377486,0.65686274
00031634.jpg,0.71579194,0.7957874
00000697.jpg,0.8105974,0.8392662
00055361.jpg,0.54059255,0.7152802
00007217.jpg,0.7814004,0.8270434
00041256.jpg,0.78389204,0.7422066
00004775.jpg,0.86144173,0.9101488
00000355.jpg,0.72992575,0.6736616
00026169.jpg,0.8796034,0.8245026
00034598.jpg,0.73891073,0.6462696
00038903.jpg,0.75153947,0.8210422
00004177.jpg,0.8649334,0.8170176
00026198.jpg,0.7521479,0.7480002
00027350.jpg,0.7855935,0.8479096
00035479.jpg,0.560735,0.5179882
00009712.jpg,0.8009374,0.8057158
n09415671_17814.jpg,0.5885943,0.4673913
00000846.jpg,0.64142656,0.4425396
00051290.jpg,0.85007805,0.7904034
00010553.jpg,0.76285017,0.7175002
00033507.jpg,0.8254143,0.838294
00026100.jpg,0.7725649,0.8878244
n07711569_6019.jpg,0.79454464,0.82051283
00057820.jpg,0.753567,0.680313
00031801.jpg,0.8339069,0.8009756
00013503.jpg,0.68174493,0.714534
n07654148_22977.jpg,0.81892514,0.7625
00051374.jpg,0.8046807,0.949104
00016228.jpg,0.85335696,0.9558024
n07654148_22848.jpg,0.839,0.89772725
00039476.jpg,0.7499935,0.7483136
00033111.jpg,0.55149615,0.645409
00047951.jpg,0.76464295,0.5800846
00017875.jpg,0.58592826,0.5451864
00027307.jpg,0.8376334,0.7316486
00013115.jpg,0.7541601,0.7430886
00007580.jpg,0.74136126,0.7428992
00056221.jpg,0.7539991,0.770318
n09376198_14485.jpg,0.65508294,0.6060606
n04335435_3759.jpg,0.74246013,0.83516484
00014868.jpg,0.78566253,0.8255858
00013061.jpg,0.5958558,0.6041962
n07923748_4376.jpg,0.86341095,0.88297874
00052652.jpg,0.7889652,0.8189862
00053409.jpg,0.72333103,0.742841
00017762.jpg,0.7928024,0.7189766
00029794.jpg,0.61900616,0.4088888
00028331.jpg,0.8767425,0.7728618
00015800.jpg,0.6340525,0.7526442
00028776.jpg,0.75522375,0.678492
00014964.jpg,0.70717746,0.77722
00048633.jpg,0.8167726,0.8111522
00047399.jpg,0.6992777,0.5376902
00003867.jpg,0.8387795,0.8370322
00012534.jpg,0.6992628,0.687813
00012033.jpg,0.5678426,0.7020634
00021531.jpg,0.72595394,0.7798636
00055291.jpg,0.76469696,0.8285096
00052674.jpg,0.7718003,0.7878818
00005830.jpg,0.4712926,0.6214654
n07849336_32431.jpg,0.78906155,0.8888889
00056838.jpg,0.7242597,0.8263126
00056214.jpg,0.87206185,0.8693038
n04349306_2904.jpg,0.8153519,0.85470086
00058628.jpg,0.8346546,0.849365
00018318.jpg,0.57484764,0.791304
00039055.jpg,0.76969814,0.6486368
00031179.jpg,0.85664475,0.8824828
00035944.jpg,0.67437905,0.7483448
00006470.jpg,0.7909376,0.7602136
00011792.jpg,0.6396251,0.6364376
00001646.jpg,0.8161377,0.8229966
00052055.jpg,0.89619154,0.8163502
87cd2486757696e5.jpg,0.68695617,0.6442308
00052611.jpg,0.7761915,0.654503
00032891.jpg,0.6795492,0.5450674
00046278.jpg,0.7107495,0.68319
00011672.jpg,0.8081665,0.8319496
00057975.jpg,0.54262906,0.6593048
00029920.jpg,0.77239203,0.8197062
00012071.jpg,0.8214007,0.8671764
00019420.jpg,0.6433972,0.5882856
00050364.jpg,0.5685536,0.6146126
00032346.jpg,0.62970877,0.6153526
00049187.jpg,0.8212594,0.9176388
000000337446.jpg,0.7519139,0.7619048
00032337.jpg,0.85166204,0.8391482
00050254.jpg,0.78571844,0.8203612
000000364364.jpg,0.80688304,0.85333335
00013966.jpg,0.8476893,0.9365418
00000901.jpg,0.90894574,0.907371
00014904.jpg,0.64334834,0.5405286
n03594945_18298.jpg,0.79219425,0.83146065
9e9704ca22736914.jpg,0.7401858,0.67676765
n02374451_17392.jpg,0.6313021,0.6106195
00005568.jpg,0.8656684,0.9191952
00009969.jpg,0.6109456,0.7657452
00022041.jpg,0.8890154,0.9015514
00044200.jpg,0.7761103,0.80175
00027764.jpg,0.8305057,0.8770324
00043446.jpg,0.81938803,0.6920666
00004933.jpg,0.730199,0.7188446
00004148.jpg,0.75323224,0.5963044
00038197.jpg,0.64505035,0.6907272
00024118.jpg,0.8630637,0.827451
00007274.jpg,0.46789545,0.4810164
00022206.jpg,0.6816839,0.8657386
n03634034_2582.jpg,0.5534592,0.53846157
n09468604_12333.jpg,0.65018964,0.8181818
00055778.jpg,0.80917966,0.9352964
00001857.jpg,0.7754787,0.8674274
00005138.jpg,0.72952914,0.7238756
00036312.jpg,0.71103466,0.7615392
00009979.jpg,0.59650385,0.806624
00044429.jpg,0.67502445,0.656158
00000177.jpg,0.69110584,0.5797944
00004893.jpg,0.8106607,0.7596058
00018235.jpg,0.8193265,0.9326876
00039402.jpg,0.78592706,0.8018596
00018319.jpg,0.8696604,0.893992
00042409.jpg,0.7138767,0.7122572
00036513.jpg,0.7111498,0.7384806
00025064.jpg,0.801929,0.8806782
00056467.jpg,0.7714535,0.8072032
00042081.jpg,0.82953,0.8228672
00052679.jpg,0.74424934,0.6539066
00009791.jpg,0.74550545,0.8003678
00050745.jpg,0.90319824,0.9345136
00050462.jpg,0.6298208,0.7165412
00021468.jpg,0.7306853,0.6490912
00014208.jpg,0.78296006,0.7826928
n04231693_18458.jpg,0.7247604,0.8333333
00010162.jpg,0.735025,0.7817944
00012522.jpg,0.7460335,0.852112
00006068.jpg,0.649964,0.6589588
00023448.jpg,0.81697506,0.8404264
00014895.jpg,0.8243845,0.84508
00030907.jpg,0.7359172,0.821602
00052954.jpg,0.76292574,0.734991
00002758.jpg,0.7388079,0.6718292
00050514.jpg,0.6505943,0.533093
00030304.jpg,0.84695536,0.8546958
00032292.jpg,0.79978335,0.7649608
00052385.jpg,0.7701048,0.7663972
00052395.jpg,0.8796825,0.9292616
00022810.jpg,0.7134259,0.8528508
00035616.jpg,0.55494434,0.6968056
00046280.jpg,0.648345,0.8326456
00027083.jpg,0.7240263,0.4906146
00046338.jpg,0.86255103,0.8121502
00033529.jpg,0.7909219,0.8554044
00010237.jpg,0.65259266,0.6401502
00029089.jpg,0.78059596,0.8553114
00007663.jpg,0.7525386,0.7666706
00024804.jpg,0.74637204,0.7565474
00008378.jpg,0.79679227,0.756076
n03790512_40609.jpg,0.79682803,0.84
00000084.jpg,0.86173487,0.9445564
af37e50ad04c4749.jpg,0.8162435,0.7906977
00022237.jpg,0.7505961,0.9009128
00019133.jpg,0.80552995,0.8522202
00053075.jpg,0.8815377,0.9581888
00044115.jpg,0.72243637,0.698887
00022751.jpg,0.8225435,0.8553652
00050508.jpg,0.6427109,0.6585262
sun_axftaijddzvbjaik.jpg,0.6424314,0.6727273
00035985.jpg,0.5955575,0.6136546
00055890.jpg,0.7734623,0.856494
00018173.jpg,0.7931688,0.873985
00011175.jpg,0.72358036,0.8095466
1e2d358378956a37.jpg,0.6531384,0.60194176
00009111.jpg,0.7435771,0.8319374
00056270.jpg,0.7597345,0.8393876
00002557.jpg,0.954383,0.8778688
00037465.jpg,0.7122051,0.7552092
00047577.jpg,0.773795,0.8817428
00019230.jpg,0.6460749,0.6362962
00020037.jpg,0.62588614,0.5368782
000000520679.jpg,0.8093368,0.7659575
00003413.jpg,0.7818536,0.8791538
00039225.jpg,0.7913485,0.6967062
00023493.jpg,0.66906226,0.6136986
n02834778_10155.jpg,0.8118809,0.8105263
00040955.jpg,0.7200712,0.4786202
00048948.jpg,0.7640643,0.7005484
00050018.jpg,0.477759,0.515051
000000392148.jpg,0.7916746,0.89320385
00040151.jpg,0.8217591,0.8078916
00049606.jpg,0.82088405,0.8604502
00026455.jpg,0.7403224,0.7833474
00021648.jpg,0.6749947,0.6514374
00020219.jpg,0.74935853,0.7906452
00007049.jpg,0.5437422,0.5902418
00036403.jpg,0.70068383,0.5409536
00040638.jpg,0.63008857,0.6959154
00055400.jpg,0.88945365,0.857817
00019229.jpg,0.86944807,0.875998
n02396427_18261.jpg,0.7990416,0.71428573
00005024.jpg,0.8734894,0.8863996
00045781.jpg,0.67611516,0.5972502
n02118333_8931.jpg,0.87940234,0.68421054
00032347.jpg,0.8964715,0.8725854
00006200.jpg,0.7766081,0.7588532
00021851.jpg,0.8602399,0.9181984
00029792.jpg,0.7276735,0.6288806
00033274.jpg,0.81182045,0.7886772
00002973.jpg,0.8219247,0.8374972
00018873.jpg,0.8665314,0.9177846
00043036.jpg,0.71107966,0.713225
00004355.jpg,0.7002739,0.678049
00027179.jpg,0.5562047,0.7698294
00004483.jpg,0.74036205,0.8264162
00050884.jpg,0.8293276,0.8043552
00048175.jpg,0.8108771,0.764296
00039883.jpg,0.8363847,0.8366454
00029389.jpg,0.7595882,0.7074906
00007567.jpg,0.7747877,0.7342156
00030038.jpg,0.6972376,0.6306924
00032184.jpg,0.8348496,0.811056
00031458.jpg,0.8490469,0.9624602
00034999.jpg,0.6513388,0.7480826
00050846.jpg,0.6736898,0.596634
00001771.jpg,0.8072012,0.7352734
n07574602_25400.jpg,0.8790842,0.9010989
00044848.jpg,0.84956473,0.9239558
000000194381.jpg,0.7617649,0.75652176
00044170.jpg,0.84286535,0.933604
00048963.jpg,0.74097353,0.8910108
00031150.jpg,0.86544436,0.91839
00021455.jpg,0.74660385,0.8353716
00029394.jpg,0.68194735,0.6837482
00039566.jpg,0.84767216,0.7166542
00014451.jpg,0.769176,0.8140114
00040920.jpg,0.75994456,0.7505594
00002386.jpg,0.9042261,0.9197004
000000019959.jpg,0.81609523,0.8876405
n03512147_5820.jpg,0.7941248,0.8235294
00003661.jpg,0.83661735,0.8350258
n03594945_11684.jpg,0.7763345,0.6695652
00002403.jpg,0.78131676,0.8411566
00049570.jpg,0.75501204,0.6536814
00025518.jpg,0.8772038,0.9716054
00005647.jpg,0.69455403,0.8057154
n02355227_13741.jpg,0.8560714,0.8202247
00027847.jpg,0.8280315,0.7507736
00048774.jpg,0.8637866,0.7872994
00056121.jpg,0.8368688,0.822392
00034290.jpg,0.7741267,0.8527388
00057355.jpg,0.82124525,0.9236632
00031646.jpg,0.7968796,0.7403832
n02396427_22536.jpg,0.8276353,0.7980769
00029314.jpg,0.86902666,0.8925472
n03594945_4768.jpg,0.7560716,0.7457627
00039107.jpg,0.73445666,0.5565304
00001576.jpg,0.7339367,0.7772368
00009227.jpg,0.70775974,0.7756582
00051715.jpg,0.68396336,0.6910744
00046593.jpg,0.7658604,0.702089
00042705.jpg,0.71364945,0.6625318
00013848.jpg,0.79528517,0.7416362
00015109.jpg,0.82987225,0.8144948
00014712.jpg,0.934681,0.816205
00007139.jpg,0.5636096,0.7049978
00055514.jpg,0.79393476,0.7498716
00018369.jpg,0.84077454,0.9142428
n02342885_13036.jpg,0.86947936,0.7837838
00006774.jpg,0.7722556,0.8843288
00049392.jpg,0.7549624,0.665916
00003309.jpg,0.80059695,0.7755678
00047191.jpg,0.7979423,0.8528788
2f823f61672c9629.jpg,0.7773023,0.814433
00041656.jpg,0.757326,0.7886652
a9bb39df7e78a550.jpg,0.82897425,0.72527474
00018606.jpg,0.75217915,0.7817536
00015578.jpg,0.7797679,0.944514
00023857.jpg,0.7399254,0.8519626
000000120021.jpg,0.7974175,0.73
00018597.jpg,0.81517875,0.7935696
00023457.jpg,0.506528,0.4708996
n04587559_11917.jpg,0.60609734,0.6091954
00010622.jpg,0.88589525,0.9216796
00056808.jpg,0.7807143,0.9791574
00032641.jpg,0.60800576,0.6332468
00010770.jpg,0.74027896,0.7036738
00007216.jpg,0.72155535,0.7645124
00011460.jpg,0.8456256,0.7507612
00034144.jpg,0.75633633,0.7461864
00034549.jpg,0.7124512,0.663704
00048149.jpg,0.7580358,0.6866008
00044605.jpg,0.73932636,0.7448648
00022520.jpg,0.89375526,0.865347
00051246.jpg,0.81376743,0.7625446
00057711.jpg,0.891158,0.8612534
00051515.jpg,0.76399827,0.893153
a73d5ae43671e30c.jpg,0.6950915,0.7570093
00027874.jpg,0.88281333,0.899972
00025951.jpg,0.75376785,0.9248592
n02450034_1513.jpg,0.771394,0.8695652
n07717556_762.jpg,0.76818705,0.8490566
00014920.jpg,0.7440866,0.7925458
00014991.jpg,0.7820059,0.7176414
00005446.jpg,0.8280548,0.8887744
00002370.jpg,0.7286221,0.7873424
00003302.jpg,0.8288933,0.8437786
00006283.jpg,0.8779341,0.890751
00004975.jpg,0.7646215,0.6552878
n07923748_11512.jpg,0.8152975,0.8229167
00056319.jpg,0.7848613,0.8586746
00044784.jpg,0.7944435,0.775404
00041685.jpg,0.7608038,0.749547
00017050.jpg,0.8811304,0.9259272
00040162.jpg,0.7001445,0.6954662
n04610013_10548.jpg,0.69157577,0.74489796
00014865.jpg,0.8199132,0.8159984
00038661.jpg,0.6655788,0.4472404
000000292993.jpg,0.81485677,0.8876405
00012918.jpg,0.83894265,0.8911584
00014265.jpg,0.7790099,0.8764728
n02129165_16401.jpg,0.7565092,0.7009346
00008993.jpg,0.8072529,0.8188744
00053636.jpg,0.6944928,0.6853112
n03541923_1509.jpg,0.67210746,0.7933884
00054141.jpg,0.6655131,0.722255
00022734.jpg,0.7447382,0.7494688
00017871.jpg,0.73547864,0.8133848
00035879.jpg,0.684291,0.6356498
5a247b7851af5b38.jpg,0.6954521,0.53846157
00024569.jpg,0.52381086,0.3515276
00001254.jpg,0.79701966,0.8426834
00029728.jpg,0.58713764,0.4544658
00017145.jpg,0.7033067,0.7846268
00052604.jpg,0.73454905,0.782919
00008450.jpg,0.7403643,0.5613262
00003931.jpg,0.7686202,0.8953092
00004127.jpg,0.88220453,0.7032444
00023722.jpg,0.79328233,0.8480606
00056704.jpg,0.68592244,0.7030888
00031379.jpg,0.8133696,0.8290884
n02450034_2862.jpg,0.75431687,0.86868685
00054510.jpg,0.78187674,0.6725958
00024347.jpg,0.7493783,0.8468764
00031560.jpg,0.84967005,0.8527246
00047277.jpg,0.8183749,0.876721
00053256.jpg,0.69799775,0.7008658
00030748.jpg,0.6500213,0.7287856
00050947.jpg,0.80621684,0.805487
00021945.jpg,0.82779866,0.850748
00053702.jpg,0.8230744,0.7892404
00040194.jpg,0.76866925,0.7145094
00058489.jpg,0.634766,0.7024478
00028026.jpg,0.8016262,0.8322148
00020871.jpg,0.72364134,0.7838476
00025966.jpg,0.80810094,0.851119
00054901.jpg,0.75527346,0.6656614
n02834778_12279.jpg,0.8092453,0.78504676
00020742.jpg,0.8488045,0.89779
00036771.jpg,0.6371391,0.6308892
n04335435_21915.jpg,0.7786803,0.6893204
000000362737.jpg,0.83928686,0.82474226
00001529.jpg,0.7771956,0.73688
00050850.jpg,0.8298121,0.850314
00031690.jpg,0.7750535,0.7839928
00023930.jpg,0.73871785,0.7232512
28653ee89a48f848.jpg,0.5326766,0.52577317
00021238.jpg,0.5913037,0.605841
00041133.jpg,0.7543443,0.5717542
00026552.jpg,0.90942943,0.9023094
00021964.jpg,0.8474941,0.790147
00050709.jpg,0.85789126,0.8436866
00020496.jpg,0.85115737,0.9522442
00017933.jpg,0.87004006,0.895584
00006337.jpg,0.7737243,0.818677
00003638.jpg,0.86202997,0.8779136
n02934451_5019.jpg,0.7791772,0.8053097
000000185248.jpg,0.89653414,0.94285715
sun_axaiskupvdvcgywi.jpg,0.5541126,0.627451
00047787.jpg,0.7825202,0.808917
n04610013_751.jpg,0.6068655,0.5
00027646.jpg,0.74912906,0.7922112
00023411.jpg,0.8837784,0.913901
00029254.jpg,0.6228521,0.6808364
00048061.jpg,0.7444317,0.7232826
00048391.jpg,0.78714633,0.7822578
00012412.jpg,0.6101146,0.5724034
n07690273_22243.jpg,0.81160307,0.82
00006945.jpg,0.7766932,0.7445296
00041646.jpg,0.716559,0.82112
00045155.jpg,0.75941515,0.6679956
00047193.jpg,0.71272707,0.6447132
00042076.jpg,0.76113456,0.6312822
00025280.jpg,0.84064794,0.8677758
00005004.jpg,0.7275766,0.7499144
00047001.jpg,0.66600835,0.7785108
n02450034_12504.jpg,0.76422983,0.7395833
n09468604_37892.jpg,0.6283735,0.6770833
00002689.jpg,0.7818824,0.6980234
00019628.jpg,0.9110714,0.8286148
00047660.jpg,0.708794,0.75401
00017118.jpg,0.6027191,0.6226546
00033410.jpg,0.7259079,0.5554456
00041298.jpg,0.7171942,0.7582884
00024653.jpg,0.79844964,0.8827558
00006773.jpg,0.90941155,0.9403198
00043641.jpg,0.7543303,0.6132614
00030444.jpg,0.6920611,0.6349794
00017520.jpg,0.7493932,0.7997556
00004300.jpg,0.80470634,0.809257
00019955.jpg,0.8220495,0.7942452
n09376198_5120.jpg,0.71050334,0.4408602
00053106.jpg,0.91708815,0.8242196
00049320.jpg,0.8818703,0.9062688
00011655.jpg,0.76097,0.6951102
00028879.jpg,0.72978395,0.75197
00008423.jpg,0.8383029,0.7932062
00037321.jpg,0.4694164,0.6034882
00056757.jpg,0.7776483,0.8005602
00030818.jpg,0.82688725,0.8168574
000000468193.jpg,0.7044375,0.69148934
00037074.jpg,0.6938448,0.6101712
00038818.jpg,0.74814177,0.7347734
00055617.jpg,0.769248,0.8955982
00026439.jpg,0.7787049,0.793974
00058053.jpg,0.8474863,0.7106746
00017598.jpg,0.88687867,0.833692
00010968.jpg,0.8444688,0.8350144
n01514859_12292.jpg,0.77928036,0.7592593
00054695.jpg,0.55322695,0.6836968
00012204.jpg,0.8490499,0.8467414
00035698.jpg,0.6429042,0.730991
00043421.jpg,0.7921913,0.8155282
n02793495_14549.jpg,0.72107595,0.70642203
00036660.jpg,0.700223,0.5575252
00001389.jpg,0.7649313,0.833282
00033423.jpg,0.8085487,0.8717072
00026067.jpg,0.7119609,0.7627276
00056976.jpg,0.7350188,0.6481512
00015455.jpg,0.46657455,0.5988296
00029906.jpg,0.8049916,0.848171
00045275.jpg,0.83395165,0.7881048
00046360.jpg,0.7160677,0.661919
00001169.jpg,0.7459142,0.7308116
00017690.jpg,0.7799854,0.8856684
00035793.jpg,0.6286916,0.5510116
00018266.jpg,0.81851435,0.8107804
00002995.jpg,0.58088917,0.6527974
00015452.jpg,0.7629235,0.7033368
00029921.jpg,0.74700737,0.8211702
00009978.jpg,0.5250032,0.455701
00006497.jpg,0.73839295,0.653307
00031010.jpg,0.8597725,0.8646054
00038377.jpg,0.5954004,0.7018666
00022389.jpg,0.8536866,0.8358596
00001203.jpg,0.7212655,0.7376286
n02129530_2199.jpg,0.8592087,0.827957
00058198.jpg,0.59114903,0.7688484
00058000.jpg,0.75453556,0.762628
00029738.jpg,0.7555729,0.7106194
00009931.jpg,0.7165721,0.7226464
000000157886.jpg,0.8321139,0.9223301
00032364.jpg,0.818641,0.7634916
sun_bntcgmzpfvbsrugd.jpg,0.51797044,0.5247525
00032239.jpg,0.75472236,0.7646128
00046559.jpg,0.770827,0.712061
00010017.jpg,0.7968403,0.8518128
00050052.jpg,0.829787,0.7774332
n02118333_10534.jpg,0.8392104,0.79130435
00051700.jpg,0.6765791,0.617254
00002619.jpg,0.773545,0.81928
c0b448197bb26158.jpg,0.73594916,0.6571429
00036773.jpg,0.70401895,0.7171628
00021292.jpg,0.8051599,0.7199824
00030506.jpg,0.8423735,0.8323994
00006869.jpg,0.71424234,0.6522126
00021538.jpg,0.77124727,0.8393242
n07863374_17596.jpg,0.8679088,0.9292929
00025511.jpg,0.7754494,0.7070308
00017971.jpg,0.8689415,0.8473426
00039504.jpg,0.81512123,0.7924762
00052778.jpg,0.7924195,0.863139
00033141.jpg,0.72938806,0.8809594
00052020.jpg,0.7041943,0.7180938
00043460.jpg,0.8285671,0.867591
00056865.jpg,0.8580121,0.9563982
00024188.jpg,0.6938685,0.6898966
00029382.jpg,0.85845804,0.892191
00039866.jpg,0.8098055,0.812859
sun_axsymjusrygftnzi.jpg,0.6024607,0.5731707
00026259.jpg,0.804631,0.934772
00038809.jpg,0.6736719,0.6146306
00021246.jpg,0.7962465,0.8819406
00058186.jpg,0.79584724,0.787623
00009189.jpg,0.8010614,0.8080266
00024522.jpg,0.87100315,0.8380824
00042534.jpg,0.7671323,0.7191796
00015975.jpg,0.7504094,0.8902324
00007510.jpg,0.81290805,0.9061294
00013019.jpg,0.58150506,0.5528428
00024907.jpg,0.8424326,0.9389448
00032062.jpg,0.8260769,0.8609642
00035773.jpg,0.5742735,0.3939698
00004215.jpg,0.7327838,0.8030392
00014896.jpg,0.9222022,0.907447
00025432.jpg,0.6047584,0.6587334
00048545.jpg,0.7332715,0.7145416
00038722.jpg,0.6059663,0.5836658
00028965.jpg,0.5805643,0.7151342
00044868.jpg,0.7374438,0.7201082
00056069.jpg,0.7702245,0.8006216
00043666.jpg,0.85745,0.8785512
00001744.jpg,0.6398992,0.6277992
00043109.jpg,0.7457637,0.6886424
00005290.jpg,0.79431325,0.879042
00043389.jpg,0.645571,0.5979142
00037245.jpg,0.7314092,0.7968926
00044085.jpg,0.7191691,0.6292446
00051070.jpg,0.6530158,0.4676636
00046132.jpg,0.66137403,0.8118026
00008312.jpg,0.8391865,0.8056104
n03670208_52450.jpg,0.86760753,0.8989899
00009160.jpg,0.7563385,0.8313426
000000153428.jpg,0.7314869,0.78651685
00027283.jpg,0.8582924,0.9028112
00032950.jpg,0.7894683,0.8164438
00014663.jpg,0.78256685,0.7614596
00006834.jpg,0.7787026,0.7647482
00047187.jpg,0.7633675,0.7260086
00015949.jpg,0.8270513,0.8726488
00009244.jpg,0.62434477,0.5789158
00018436.jpg,0.7503346,0.7936974
00032744.jpg,0.7352504,0.7142592
00052071.jpg,0.7864145,0.7724222
00014054.jpg,0.74302185,0.837014
00001812.jpg,0.6842745,0.7278984
00044256.jpg,0.8218851,0.856689
000000089320.jpg,0.79063296,0.75789475
00034779.jpg,0.66529554,0.5984858
00002211.jpg,0.89321655,0.8524714
00032682.jpg,0.7650549,0.6246414
00057546.jpg,0.81906354,0.8212166
00004850.jpg,0.61236316,0.6111138
00046905.jpg,0.7654438,0.755079
00045386.jpg,0.70857966,0.7806254
00002993.jpg,0.67694426,0.574952
00013668.jpg,0.70669305,0.8618394
00038709.jpg,0.649511,0.6409528
00006443.jpg,0.57903326,0.4831538
00004279.jpg,0.8723897,0.9408238
00030121.jpg,0.68386924,0.7708068
00008230.jpg,0.5939859,0.6695524
00022009.jpg,0.76006323,0.7356798
00026586.jpg,0.87104136,0.9130316
00044857.jpg,0.7817583,0.840258
00038552.jpg,0.74258494,0.7891958
00032498.jpg,0.82673216,0.848816
00014189.jpg,0.7330167,0.7083052
00019434.jpg,0.7722756,0.7929754
00025738.jpg,0.7328025,0.6126492
00006291.jpg,0.7738373,0.794368
00003215.jpg,0.74657804,0.8147516
sun_aaquttcuxwjcswwz.jpg,0.6457707,0.51086956
00000370.jpg,0.56599116,0.6198264
00011605.jpg,0.87599427,0.8195236
00009878.jpg,0.8199745,0.8863456
00037077.jpg,0.57962346,0.4705752
00018277.jpg,0.6187642,0.4732828
n02946348_15558.jpg,0.7233883,0.6923077
00004629.jpg,0.762632,0.7567214
9e0b50b69b095d1d.jpg,0.7963104,0.65
00043311.jpg,0.7561624,0.7829142
00033696.jpg,0.73654926,0.4790892
00036835.jpg,0.66719246,0.7699756
00008257.jpg,0.7873335,0.790773
00045529.jpg,0.77523255,0.9338076
00018901.jpg,0.7676071,0.7826766
n04467665_4791.jpg,0.74219805,0.71428573
00014175.jpg,0.5805604,0.6896112
00030403.jpg,0.5910878,0.5765716
00045596.jpg,0.7957774,0.798581
00048173.jpg,0.71568096,0.7609336
00016347.jpg,0.8096712,0.7835506
00030166.jpg,0.7014345,0.5547408
00057268.jpg,0.8656649,0.887686
00055265.jpg,0.88001513,0.936253
00032914.jpg,0.8653233,0.6259712
00037046.jpg,0.57615614,0.5924576
00018976.jpg,0.6360421,0.7285254
00047844.jpg,0.6620939,0.7838088
00038300.jpg,0.6103717,0.3620448
00042549.jpg,0.8379263,0.9948718
00005507.jpg,0.8207426,0.8581328
00016512.jpg,0.8799972,0.9151612
00028290.jpg,0.8207946,0.71429
00041221.jpg,0.7545997,0.7009232
00058384.jpg,0.6298337,0.6990532
00054876.jpg,0.5787825,0.726499
00019550.jpg,0.733902,0.788937
00000297.jpg,0.79095,0.7389652
00026863.jpg,0.65614027,0.5783556
00002532.jpg,0.7937803,0.7182306
n07880968_1068.jpg,0.8337779,0.81914896
00046467.jpg,0.8602659,0.9375716
00058147.jpg,0.754266,0.778075
00034140.jpg,0.880476,0.9716332
n04349306_14092.jpg,0.76665974,0.8429752
00010865.jpg,0.7993503,0.8476334
00026798.jpg,0.8387387,0.8499368
00025970.jpg,0.73372316,0.7791964
00043905.jpg,0.7292963,0.6880732
00028160.jpg,0.6072191,0.7411906
00055189.jpg,0.8787894,0.9315134
00057214.jpg,0.8250285,0.8418634
00008534.jpg,0.7427584,0.763893
00009967.jpg,0.73751605,0.8208572
00049605.jpg,0.67807513,0.6839528
00047123.jpg,0.62630963,0.701865
00015082.jpg,0.7330642,0.7901422
00031836.jpg,0.82545066,0.891165
00013691.jpg,0.49156734,0.426292
n07679356_30345.jpg,0.9091658,0.88095236
00048236.jpg,0.76765347,0.782358
00032850.jpg,0.89994794,0.8664856
00058683.jpg,0.8798001,0.9127664
00016094.jpg,0.8034549,0.8253498
00042229.jpg,0.80859363,0.6948532
00002255.jpg,0.7812232,0.7560666
00053162.jpg,0.9254494,0.8787308
00054077.jpg,0.87157464,0.8340032
00026042.jpg,0.6683079,0.6747222
00027333.jpg,0.9010671,0.835819
n07933274_32452.jpg,0.8184268,0.90909094
00026796.jpg,0.83600223,0.8959098
000000326420.jpg,0.80400395,0.86734694
00033313.jpg,0.7989176,0.8806946
00017108.jpg,0.74620736,0.8126166
00040522.jpg,0.67964506,0.6981654
00043948.jpg,0.71304005,0.7266384
n07801508_4232.jpg,0.8574581,0.8301887
00047543.jpg,0.6559944,0.6374642
n02118333_11887.jpg,0.9115742,0.90654206
00010119.jpg,0.82158583,0.6219812
35669675caf4ebe9.jpg,0.76456696,0.8039216
ea8f9fc441045158.jpg,0.7006583,0.6052632
00020411.jpg,0.8861698,0.921947
00004266.jpg,0.8359829,0.7691684
00035299.jpg,0.6850673,0.74614
00031927.jpg,0.72292686,0.8670472
00042449.jpg,0.6397252,0.6314382
00057567.jpg,0.8776879,0.8705678
00058086.jpg,0.721607,0.6240716
00016468.jpg,0.5776853,0.751748
sun_adzygjwtekacvdto.jpg,0.51613563,0.3904762
n03634034_7346.jpg,0.519175,0.28
00016058.jpg,0.740058,0.7233778
00010724.jpg,0.8373474,0.7805124
n02793495_6199.jpg,0.55788136,0.5833333
00018044.jpg,0.49673957,0.5672032
n03512147_6451.jpg,0.77509916,0.83495146
e98d463e02434aba.jpg,0.7008639,0.66346157
00005928.jpg,0.7773671,0.7184858
00052192.jpg,0.8964212,0.8340564
00052419.jpg,0.7266456,0.738436
00030967.jpg,0.800326,0.790293
3595f889f4ca2d60.jpg,0.80609447,0.752809
00052095.jpg,0.78514653,0.7929866
00036248.jpg,0.65704596,0.678879
00015032.jpg,0.69264185,0.733629
00029365.jpg,0.7817534,0.775887
00010544.jpg,0.7370928,0.6791682
00039875.jpg,0.6301399,0.7487614
00014148.jpg,0.8368882,0.7843288
00017391.jpg,0.660159,0.565277
00007781.jpg,0.78389317,0.7619446
00051013.jpg,0.78088653,0.9276796
00058032.jpg,0.8523525,0.941068
00046800.jpg,0.7271078,0.6911414
00008982.jpg,0.84603477,0.7635078
00004833.jpg,0.8119959,0.801376
00013305.jpg,0.5524007,0.4787806
00019552.jpg,0.6772343,0.7064418
00029621.jpg,0.8265098,0.9111712
00011197.jpg,0.81582206,0.822223
00057303.jpg,0.8214401,0.8698822
00042322.jpg,0.7966572,0.8539556
n03512147_6213.jpg,0.8031025,0.86315787
00017628.jpg,0.66568595,0.6672004
00008194.jpg,0.8011528,0.8925362
00016357.jpg,0.87343484,0.8278996
00056940.jpg,0.5135804,0.4141768
00020581.jpg,0.900917,0.9114498
00012844.jpg,0.74152607,0.5492944
00054135.jpg,0.74020565,0.8510448
00016221.jpg,0.7032381,0.6453924
00028369.jpg,0.84957963,0.8777542
00043415.jpg,0.7727665,0.7231768
00014867.jpg,0.66371894,0.5506694
00015906.jpg,0.8014618,0.8836894
00016029.jpg,0.82775456,0.8097596
000000555493.jpg,0.8570964,0.91
00025004.jpg,0.7274811,0.6556216
00047488.jpg,0.72897375,0.7496084
00008782.jpg,0.72469944,0.6664782
00042473.jpg,0.8287642,0.8246706
00036116.jpg,0.76017916,0.7051622
00054597.jpg,0.7945829,0.8438014
n07583197_13.jpg,0.8642514,0.8877551
00036694.jpg,0.6142305,0.5869558
00058537.jpg,0.79680306,0.8938256
00056298.jpg,0.77660435,0.818809
00014152.jpg,0.7389151,0.683392
00011550.jpg,0.7470592,0.7419072
00001787.jpg,0.7553991,0.8640722
000000491558.jpg,0.8048905,0.78350514
00048667.jpg,0.7729846,0.7736452
6b8e4184771dd22a.jpg,0.84748334,0.89361703
00002742.jpg,0.51249087,0.6113204
000000066255.jpg,0.64488727,0.63265306
000000050786.jpg,0.7710072,0.7083333
00033881.jpg,0.8388434,0.9009024
00009567.jpg,0.58202624,0.6682806
00019027.jpg,0.7060063,0.7444776
n03541923_1890.jpg,0.79911524,0.7307692
00020737.jpg,0.9054312,0.8780634
00010100.jpg,0.9076259,0.840042
00030702.jpg,0.8277009,0.7086406
00040148.jpg,0.76765144,0.8287564
00058134.jpg,0.7400535,0.727361
00030377.jpg,0.6647314,0.763534
00043162.jpg,0.803957,0.918885
000000050910.jpg,0.9014084,0.89361703
00033301.jpg,0.56692266,0.5184474
00000624.jpg,0.83680034,0.8045994
00016033.jpg,0.726734,0.7461408
00038569.jpg,0.6230833,0.5588862
00050145.jpg,0.8216784,0.7437912
00022868.jpg,0.6565445,0.5951304
00015446.jpg,0.51595527,0.5704118
n02118333_12879.jpg,0.9307733,0.93877554
00057848.jpg,0.8180673,0.8010134
00015245.jpg,0.84741485,0.8892376
00021735.jpg,0.7310398,0.815874
00023378.jpg,0.84372824,0.8486804
00051200.jpg,0.80459386,0.6927212
00014312.jpg,0.76266956,0.815105
00051502.jpg,0.87428635,0.941541
00016682.jpg,0.842406,0.848527
00015803.jpg,0.7766682,0.681306
00032590.jpg,0.77119523,0.8323834
00028037.jpg,0.7391226,0.710231
00053847.jpg,0.83121914,0.7355042
00046440.jpg,0.75038725,0.7993902
00006371.jpg,0.88490194,0.9195392
00052073.jpg,0.71892995,0.7338304
n02450034_11752.jpg,0.7785157,0.76086956
00029529.jpg,0.8351136,0.7987994
00040556.jpg,0.8095898,0.7330686
00056326.jpg,0.7647517,0.7725954
4ec1db0726dc0eb9.jpg,0.53294456,0.5555556
00003084.jpg,0.60536814,0.7442984
00027479.jpg,0.6220515,0.7224564
00040478.jpg,0.75598395,0.7568578
000000390463.jpg,0.8331664,0.9217391
sun_bobxnovrewlskesl.jpg,0.6469309,0.6931818
00035192.jpg,0.60704285,0.5584742
00044934.jpg,0.666829,0.563868
00036869.jpg,0.6353032,0.6129542
00045700.jpg,0.7851367,0.850134
n09308572_1901.jpg,0.67741674,0.7717391
00016101.jpg,0.9055625,0.8924652
00042612.jpg,0.8127969,0.8512518
00008909.jpg,0.8466135,0.9086118
00036860.jpg,0.7446786,0.6193934
00023362.jpg,0.7510286,0.8676606
00036458.jpg,0.71759415,0.730212
00052317.jpg,0.9426618,0.9373232
00044710.jpg,0.767745,0.662944
00038360.jpg,0.715526,0.653572
00046615.jpg,0.7585487,0.6174952
00046619.jpg,0.6632103,0.7553168
00008005.jpg,0.77955496,0.7876006
00027021.jpg,0.7349254,0.7934568
00043054.jpg,0.6844703,0.7077634
a90ab7e806e3a62b.jpg,0.85010743,0.74489796
00020302.jpg,0.75227916,0.7950394
00032127.jpg,0.8020141,0.7785736
n04467665_49656.jpg,0.7872897,0.83870965
00014327.jpg,0.77855736,0.7206932
00057369.jpg,0.9407991,0.950491
06ab03d651ae501b.jpg,0.74080896,0.67676765
00018032.jpg,0.78047246,0.8697
n01792640_13474.jpg,0.798385,0.82978725
00045603.jpg,0.8207546,0.7626884
00008350.jpg,0.76480883,0.6593384
00024779.jpg,0.83360386,0.7175092
00052695.jpg,0.76869243,0.8008904
00009239.jpg,0.92422634,0.8269714
00055885.jpg,0.82593024,0.7737408
00030229.jpg,0.7498619,0.8037312
00033251.jpg,0.81778437,0.8069408
00010834.jpg,0.778833,0.5425274
00013474.jpg,0.7342873,0.7803894
00032214.jpg,0.8310715,0.8639166
00018982.jpg,0.90691245,0.954782
000000252810.jpg,0.7897128,0.7980769
00005341.jpg,0.7843829,0.7953318
00058574.jpg,0.76749647,0.6856516
00041217.jpg,0.78354126,0.7098412
00034246.jpg,0.69931996,0.7156554
00056837.jpg,0.7206962,0.6218494
00054628.jpg,0.6769174,0.715707
00039750.jpg,0.73142636,0.6874912
00000675.jpg,0.87109935,0.8756466
00041364.jpg,0.7827684,0.7288186
00008900.jpg,0.6886869,0.6445376
00047760.jpg,0.83643854,0.8889012
00029913.jpg,0.77518785,0.780209
00015478.jpg,0.8250468,0.7712684
n02342885_2213.jpg,0.8925903,0.86725664
00054701.jpg,0.86405593,0.9138392
n03541923_1834.jpg,0.88521504,0.8681319
00016772.jpg,0.79636496,0.7540356
00020551.jpg,0.8038596,0.9057326
00015298.jpg,0.606406,0.7068614
00055968.jpg,0.6788863,0.6772956
00033295.jpg,0.8612272,0.9079576
00024158.jpg,0.7921823,0.6277456
00004352.jpg,0.8717216,0.8452494
00057093.jpg,0.90140283,0.9434666
00003389.jpg,0.82148194,0.7741912
00052158.jpg,0.7166067,0.5076584
000000558822.jpg,0.7478055,0.80582523
00007360.jpg,0.7502362,0.7041668
n09468604_1698.jpg,0.52041,0.5106383
00031668.jpg,0.7810075,0.7357198
00035631.jpg,0.7155187,0.8150572
00058635.jpg,0.8643684,0.7948804
00015908.jpg,0.6637152,0.7276984
00041504.jpg,0.70417345,0.6299716
00022327.jpg,0.74608135,0.6398902
00055426.jpg,0.5496571,0.521419
42c4b0a5b46cc4a8.jpg,0.7801441,0.73333335
00045581.jpg,0.7931864,0.907996
00026658.jpg,0.7708769,0.7298428
00052449.jpg,0.71020377,0.6789572
00043680.jpg,0.741002,0.825934
000000234475.jpg,0.7909028,0.87288135
00049291.jpg,0.7597681,0.7724958
00057781.jpg,0.64145184,0.8367656
00028740.jpg,0.8217062,0.8485204
00052698.jpg,0.78614175,0.8003438
00013645.jpg,0.82316923,0.7696014
000000233366.jpg,0.7493092,0.55789477
00015462.jpg,0.73320854,0.8767238
00018015.jpg,0.85180116,0.8966638
00006975.jpg,0.56957704,0.7805908
00036397.jpg,0.80550563,0.9015156
00045138.jpg,0.65409076,0.6248122
00053432.jpg,0.81512356,0.8775422
00051261.jpg,0.7961893,0.7935636
n02793495_5293.jpg,0.60180014,0.5670103
00001840.jpg,0.6357561,0.6933998
00018034.jpg,0.7078545,0.7453688
00056896.jpg,0.55441713,0.6637182
00030252.jpg,0.8860996,0.874365
00025575.jpg,0.7782726,0.794165
00025910.jpg,0.7862804,0.894324
n02793495_1647.jpg,0.54707766,0.63917524
00010431.jpg,0.75396943,0.7602782
00033182.jpg,0.70243734,0.6184866
00054001.jpg,0.8379854,0.809934
00033927.jpg,0.7476356,0.8232508
00029733.jpg,0.83891773,0.9257644
00009075.jpg,0.6950469,0.8203006
00055565.jpg,0.74886584,0.7762212
00018197.jpg,0.84496206,0.9851098
00043934.jpg,0.5979397,0.7333836
00003912.jpg,0.6202838,0.438641
00007450.jpg,0.84688497,0.9158096
00039384.jpg,0.8664246,0.7281244
00036331.jpg,0.74192333,0.6284656
00005172.jpg,0.64265764,0.5765962
00027997.jpg,0.95195484,0.8345226
00018947.jpg,0.75207186,0.7545578
00023519.jpg,0.81942683,0.8218818
00017151.jpg,0.7104249,0.68191
00053096.jpg,0.8056058,0.8298554
00047813.jpg,0.81865895,0.7916494
00026741.jpg,0.7320178,0.5819606
00010938.jpg,0.7367811,0.718833
00045789.jpg,0.8232707,0.7798306
00004753.jpg,0.6837791,0.6769056
00011290.jpg,0.80923253,0.8336518
00020931.jpg,0.8905135,0.7838528
b5f45353f2e7bd92.jpg,0.5525816,0.6542056
00039288.jpg,0.7110646,0.747485
00031633.jpg,0.8069978,0.8793504
00031131.jpg,0.8536139,0.8173842
00036195.jpg,0.59473073,0.5829612
00006816.jpg,0.71627057,0.5228718
00053306.jpg,0.659666,0.6495882
00048934.jpg,0.7839684,0.7206638
00048537.jpg,0.7502849,0.6380094
00007364.jpg,0.83158875,0.8056066
00050433.jpg,0.82971656,0.885316
ab2578ac27d1ad5d.jpg,0.5939822,0.5368421
00041059.jpg,0.7804963,0.671361
000000546693.jpg,0.79764223,0.8252427
00037114.jpg,0.7341571,0.6949586
00051742.jpg,0.776212,0.6728542
00012021.jpg,0.9278558,0.9648916
00046959.jpg,0.83777314,0.9323398
00036953.jpg,0.74108875,0.8611714
00002410.jpg,0.82332414,0.8452194
00058204.jpg,0.8832973,0.8982866
00053691.jpg,0.66278356,0.6703758
00041105.jpg,0.72622555,0.76407
00056599.jpg,0.8561807,0.802671
00010849.jpg,0.7255434,0.60954
00010526.jpg,0.71966815,0.752708
00014023.jpg,0.83341384,0.7735378
00051386.jpg,0.60147655,0.5959172
00048081.jpg,0.7628267,0.64959
00041978.jpg,0.7782249,0.6947344
00009802.jpg,0.86316335,0.816922
00030552.jpg,0.7062954,0.8130502
00009385.jpg,0.89256227,0.8747244
00020017.jpg,0.7986145,0.767835
00029007.jpg,0.7567203,0.6720272
00041844.jpg,0.7465791,0.7862058
00045115.jpg,0.8811686,0.9148856
000000385381.jpg,0.84789807,0.83838385
00051743.jpg,0.83054376,0.888449
00025282.jpg,0.6923779,0.8149724
00011060.jpg,0.78405654,0.873106
00022980.jpg,0.85252935,0.760654
dfd2423518569f4f.jpg,0.78880656,0.8988764
00003235.jpg,0.74981487,0.758494
00052293.jpg,0.83753836,0.8465164
00041021.jpg,0.68914247,0.846913
00051682.jpg,0.6382431,0.5324766
n07679356_31549.jpg,0.8713226,0.9047619
00002338.jpg,0.65593934,0.680349
00028583.jpg,0.76936936,0.7835848
00007391.jpg,0.8972209,0.9510634
00016403.jpg,0.80475307,0.8577568
00053405.jpg,0.8840046,0.9095242
00053167.jpg,0.8753483,0.8251424
00019218.jpg,0.5956355,0.6011016
00016956.jpg,0.81347525,0.8155094
00042038.jpg,0.7281062,0.9089896
00043040.jpg,0.69071364,0.8892574
00033285.jpg,0.87675273,0.9070136
n03512147_2036.jpg,0.6239977,0.78350514
00016124.jpg,0.77292013,0.732271
00010201.jpg,0.82772565,0.8012122
000000445218.jpg,0.79280126,0.5416667
00041339.jpg,0.8315046,0.760808
n02430045_5913.jpg,0.764406,0.83870965
00009114.jpg,0.9019405,0.8653176
00037720.jpg,0.81199294,0.8191808
00015220.jpg,0.9090488,0.929418
00005027.jpg,0.73811936,0.7432436
00019841.jpg,0.56946874,0.7575596
00057233.jpg,0.70709616,0.7892744
00037533.jpg,0.6029756,0.6013768
00056823.jpg,0.8075131,0.9039648
00007161.jpg,0.64970636,0.4622946
00016618.jpg,0.6791619,0.610985
00028617.jpg,0.82299787,0.8663034
00022040.jpg,0.83679783,0.8164264
00011328.jpg,0.7210374,0.7113154
00003979.jpg,0.7615688,0.7996414
00007885.jpg,0.7040011,0.5287426
00002747.jpg,0.88592035,0.8884094
00035808.jpg,0.51379055,0.5311576
n07933274_33706.jpg,0.9325589,0.82474226
00032607.jpg,0.7496302,0.7159522
00024639.jpg,0.9113072,0.8802114
00039528.jpg,0.7203934,0.7814958
00012854.jpg,0.768327,0.562939
00042999.jpg,0.65883446,0.7538628
00005997.jpg,0.8488765,0.9130878
00005980.jpg,0.67118615,0.4365532
00043735.jpg,0.7131701,0.7363022
00042576.jpg,0.6352198,0.5862168
00044025.jpg,0.6167581,0.5693088
00030806.jpg,0.8731439,0.8881436
00011929.jpg,0.79559803,0.7621234
00017683.jpg,0.8423908,0.8503848
00046837.jpg,0.6890316,0.7203056
00012741.jpg,0.78783727,0.834109
n09468604_54577.jpg,0.62889206,0.6203704
00009879.jpg,0.8628811,0.9030102
00033782.jpg,0.6534698,0.6568156
00035011.jpg,0.6120984,0.483548
00041968.jpg,0.70292294,0.7316098
00020322.jpg,0.87460494,0.858428
00039741.jpg,0.7377173,0.682275
00018581.jpg,0.7331097,0.766668
00001247.jpg,0.8271168,0.775778
00018498.jpg,0.68632835,0.787392
00018699.jpg,0.5664223,0.4517944
00000750.jpg,0.8551222,0.870156
00031251.jpg,0.74991906,0.7392586
00006818.jpg,0.7743509,0.8054314
00029275.jpg,0.809206,0.7631228
00008249.jpg,0.7108706,0.6857234
00014398.jpg,0.788127,0.8330548
00003019.jpg,0.82437885,0.9081366
00022769.jpg,0.8083345,0.8420432
00017695.jpg,0.5428155,0.599093
00027087.jpg,0.8686552,0.867018
00025976.jpg,0.7510429,0.7938008
00021236.jpg,0.79092133,0.868966
00008886.jpg,0.8680062,0.7619782
00031161.jpg,0.6216853,0.5265592
00021920.jpg,0.7324716,0.8560348
00026436.jpg,0.5204539,0.5494874
00050502.jpg,0.8051151,0.8117922
00037759.jpg,0.71696854,0.7051892
00035993.jpg,0.74998796,0.8812826
00027929.jpg,0.71126914,0.731772
00003658.jpg,0.7441624,0.782472
00024196.jpg,0.792244,0.8294818
00047120.jpg,0.77814484,0.6563364
00044138.jpg,0.72494155,0.835946
ebda4cc826b4f92f.jpg,0.7981124,0.84615386
00016605.jpg,0.83485985,0.7664136
00052659.jpg,0.8082854,0.7890922
00058443.jpg,0.7764398,0.785925
00005555.jpg,0.9094598,0.8668686
00007107.jpg,0.82457554,0.881255
00019849.jpg,0.838253,0.7425758
000000468416.jpg,0.8450367,0.8494624
00051032.jpg,0.72882473,0.8526794
00049975.jpg,0.58103997,0.6346932
00026500.jpg,0.77081823,0.7022022
00031233.jpg,0.82288647,0.9248204
5526b69113f74659.jpg,0.85925937,0.86170214
000000381282.jpg,0.734866,0.8981481
a4aee15c257b1c08.jpg,0.8436506,0.84210527
00016487.jpg,0.7234324,0.7006232
00018994.jpg,0.71972996,0.6896118
00029822.jpg,0.7803853,0.681702
00003540.jpg,0.7975742,0.8780772
00049779.jpg,0.89429057,0.8366978
00054212.jpg,0.5943316,0.6819526
000000055458.jpg,0.74618053,0.7757009
00004738.jpg,0.77683127,0.825715
n04335435_2973.jpg,0.6918342,0.74157304
00044881.jpg,0.79294944,0.7645276
00028423.jpg,0.7582177,0.6969336
00026212.jpg,0.8584743,0.8752064
00006203.jpg,0.8526301,0.8537704
de8c1602324aa20a.jpg,0.69241923,0.6041667
000000219523.jpg,0.90577406,0.9468085
00012889.jpg,0.78648597,0.6443838
000000251702.jpg,0.85907906,0.875
00001300.jpg,0.6883496,0.509022
00040729.jpg,0.724549,0.7502744
00021963.jpg,0.82092416,0.899792
00019145.jpg,0.7408238,0.799761
00009333.jpg,0.63806826,0.5359448
00048109.jpg,0.77567303,0.7199296
00031427.jpg,0.9035413,0.9069528
00042384.jpg,0.7845083,0.830071
00050606.jpg,0.8353163,0.8709728
n09289331_7730.jpg,0.49843168,0.33333334
00022222.jpg,0.8852725,0.9139072
n07838073_16757.jpg,0.88677466,0.90588236
n07680932_2352.jpg,0.83212507,0.78899086
00001009.jpg,0.72119576,0.5858694
00053504.jpg,0.8954114,0.8288598
00004504.jpg,0.8374565,0.869734
00025716.jpg,0.72291005,0.70903
00014414.jpg,0.9101529,0.8920778
00014180.jpg,0.8500639,0.8795326
00047033.jpg,0.78677225,0.7885646
00005083.jpg,0.7467059,0.5888472
26c881a4fad723e9.jpg,0.77509415,0.7207207
00029344.jpg,0.9246248,0.9802938
00024762.jpg,0.829382,0.8373754
00030634.jpg,0.80678535,0.7785312
00005859.jpg,0.79878104,0.810708
00019482.jpg,0.7968808,0.8271682
00030867.jpg,0.7837664,0.8422964
00043153.jpg,0.798942,0.8066574
00023578.jpg,0.69823825,0.661069
00056238.jpg,0.75955975,0.8027052
00007810.jpg,0.797155,0.7943818
00037835.jpg,0.5650033,0.619698
00023120.jpg,0.80156815,0.6630488
00058614.jpg,0.69883925,0.8400724
00058303.jpg,0.8099923,0.8068608
00030426.jpg,0.7539486,0.6548692
00017465.jpg,0.78128517,0.761885
00057396.jpg,0.8496908,0.9369046
00016596.jpg,0.56916416,0.548338
00017265.jpg,0.84020334,0.7248374
00002459.jpg,0.7186945,0.7314336
n09303008_19525.jpg,0.6501699,0.59770113
00039640.jpg,0.6556562,0.6533424
00032742.jpg,0.88970184,0.8268352
00047768.jpg,0.75777686,0.6971642
00000878.jpg,0.73295355,0.6429708
00040860.jpg,0.7601433,0.6338794
00001749.jpg,0.7990655,0.645271
00033790.jpg,0.5716769,0.6206112
00058073.jpg,0.7766695,0.8058656
00023468.jpg,0.798803,0.7943192
00046236.jpg,0.81239784,0.8183454
00001359.jpg,0.8085456,0.702457
00003559.jpg,0.84808004,0.8339142
n04252077_6724.jpg,0.7230842,0.7821782
00010896.jpg,0.53462976,0.5346054
00002836.jpg,0.55589896,0.7060908
00021102.jpg,0.7834983,0.8849592
00003980.jpg,0.8257905,0.7315008
00009019.jpg,0.73463047,0.748894
00000779.jpg,0.73366946,0.7072512
00056937.jpg,0.8309683,0.9289032
00009014.jpg,0.7309578,0.7270192
00024354.jpg,0.82445025,0.8387534
00016146.jpg,0.80449104,0.7741382
00039973.jpg,0.81372476,0.8769218
00005145.jpg,0.6650383,0.693839
n07863374_15612.jpg,0.7820394,0.8433735
00031681.jpg,0.82507825,0.8031302
00052429.jpg,0.81891906,0.8688934
00000239.jpg,0.7096658,0.7050772
00013131.jpg,0.85157007,0.8730636
00044406.jpg,0.795509,0.7230078
00044666.jpg,0.8560761,0.8768224
00045602.jpg,0.79600936,0.77818
00026206.jpg,0.81467915,0.878643
00000399.jpg,0.8210257,0.8050042
00056135.jpg,0.7246808,0.8265934
00005018.jpg,0.76594526,0.755709
00057252.jpg,0.7459895,0.75803
n03541923_2426.jpg,0.873218,0.85714287
00039367.jpg,0.76171386,0.7226126
00056678.jpg,0.74434555,0.7200828
00040318.jpg,0.76909363,0.7008746
00052113.jpg,0.8598173,0.8668136
00020093.jpg,0.8064252,0.6651598
n07693725_8841.jpg,0.8015107,0.83168316
00005906.jpg,0.7027676,0.8232528
00041912.jpg,0.74815863,0.8300084
00053062.jpg,0.58724684,0.5041452
00054195.jpg,0.7920333,0.7381116
00051373.jpg,0.86757654,0.8402362
00030071.jpg,0.8399488,0.8845828
00057431.jpg,0.8156818,0.9358374
00038847.jpg,0.83618075,0.8963714
00007779.jpg,0.7481829,0.5832992
00011954.jpg,0.659755,0.7043344
00015285.jpg,0.78931135,0.794817
00015537.jpg,0.713927,0.7084432
00000786.jpg,0.81304926,0.8552784
00004537.jpg,0.7699296,0.725352
80e5bd3f023a302d.jpg,0.8815912,0.8666667
00000366.jpg,0.7488712,0.7317304
00021184.jpg,0.7550554,0.7809128
n07583197_3989.jpg,0.8234022,0.86170214
00005414.jpg,0.62743586,0.5885026
00030745.jpg,0.7869051,0.8059996
00040822.jpg,0.7191933,0.7112898
00041807.jpg,0.7649805,0.702566
00018710.jpg,0.7807102,0.85221
00035484.jpg,0.76188904,0.7792386
00000686.jpg,0.7944082,0.7637568
00004481.jpg,0.86955774,0.9618316
00032048.jpg,0.756479,0.7482594
00043216.jpg,0.7417048,0.7038412
n02878222_23074.jpg,0.705723,0.78350514
00008119.jpg,0.8264764,0.8649118
00030870.jpg,0.79395163,0.6928854
000000326264.jpg,0.87834126,0.877551
00021034.jpg,0.76684153,0.6394766
00014617.jpg,0.73629403,0.8098518
00017033.jpg,0.79783636,0.886599
00004880.jpg,0.88377166,0.8239172
00011179.jpg,0.78146815,0.8245302
n07933274_30326.jpg,0.7926516,0.77272725
00020230.jpg,0.85371006,0.7622026
00032698.jpg,0.7749091,0.7538512
00019904.jpg,0.903623,0.8573396
00057108.jpg,0.9027127,0.886735
00031335.jpg,0.66956496,0.7138596
00052711.jpg,0.8554295,0.7391282
00056711.jpg,0.8406786,0.7338716
00031364.jpg,0.78622264,0.8740476
00046202.jpg,0.7740172,0.908323
00052354.jpg,0.7066643,0.7109628
00029654.jpg,0.7970794,0.8414162
00034914.jpg,0.6736338,0.5871864
00058101.jpg,0.8530431,0.783971
00052694.jpg,0.8114922,0.8972842
00019661.jpg,0.82653964,0.8498966
00006380.jpg,0.72160655,0.5894714
00009660.jpg,0.552119,0.4958144
00041101.jpg,0.7467616,0.8087844
00047142.jpg,0.7835576,0.7945928
00036016.jpg,0.65889597,0.6032824
00058496.jpg,0.6975599,0.8031076
00011078.jpg,0.7448047,0.6658472
00039665.jpg,0.76728433,0.7808102
00030827.jpg,0.8325592,0.8149962
00045656.jpg,0.85238546,0.9774874
00031086.jpg,0.73875594,0.7058782
00021560.jpg,0.72597414,0.8460334
00027695.jpg,0.7981263,0.625399
00010569.jpg,0.91117775,0.8668976
000000341209.jpg,0.9031567,0.9456522
00008332.jpg,0.7600263,0.837918
00040242.jpg,0.81522006,0.753592
00043332.jpg,0.7782569,0.8090872
00013895.jpg,0.7375321,0.5957844
00039955.jpg,0.79036266,0.6666666
00041216.jpg,0.78130114,0.5745056
00023388.jpg,0.7720244,0.7295906
00015017.jpg,0.80006397,0.8877128
00015971.jpg,0.86758727,0.8366984
00008251.jpg,0.67376566,0.778253
00012601.jpg,0.8557604,0.7808232
00036120.jpg,0.59936696,0.5619682
00005330.jpg,0.94366264,0.910804
00044072.jpg,0.8310791,0.7293428
00027469.jpg,0.84816957,0.9314552
00024034.jpg,0.853815,0.8384648
00049459.jpg,0.83914864,0.9760992
00005929.jpg,0.79474026,0.8500612
eeb542fae008dadf.jpg,0.6384557,0.7113402
00040890.jpg,0.8021032,0.9473962
00005067.jpg,0.8423605,0.845761
00047014.jpg,0.784204,0.8768146
n01846331_1753.jpg,0.7898541,0.84158415
00058518.jpg,0.76488,0.8344182
00014020.jpg,0.79798007,0.8745488
00019708.jpg,0.55268323,0.5485154
00013989.jpg,0.8902773,0.954012
00031848.jpg,0.81944597,0.8637844
000000117417.jpg,0.7978335,0.8105263
00052553.jpg,0.76972944,0.5854086
00044570.jpg,0.7869793,0.7973826
00045104.jpg,0.79065484,0.762614
sun_awesiopwrhjoojme.jpg,0.68339014,0.6372549
00054055.jpg,0.915673,0.890737
00025236.jpg,0.740734,0.6748286
00009720.jpg,0.77535486,0.7629538
00042192.jpg,0.768267,0.664071
00020705.jpg,0.6973635,0.6620698
00045645.jpg,0.7500571,0.8172162
00002061.jpg,0.7506021,0.7455762
00013433.jpg,0.7603108,0.8971722
00032745.jpg,0.78554183,0.6660762
n04335435_427.jpg,0.7343408,0.7157895
n02450034_2991.jpg,0.7645894,0.8080808
00013284.jpg,0.4889667,0.6427684
n07838073_13455.jpg,0.8069652,0.7790698
00002475.jpg,0.793448,0.750415
00008962.jpg,0.6576381,0.7271376
00015595.jpg,0.6508242,0.5851158
00011885.jpg,0.8747602,0.7695456
00019147.jpg,0.68067366,0.729863
00026203.jpg,0.7983003,0.7786382
00011005.jpg,0.71063197,0.6053842
00052358.jpg,0.81587476,0.7981776
00033096.jpg,0.8369813,0.788766
00026034.jpg,0.5691613,0.5647592
00044246.jpg,0.7861141,0.888326
00008299.jpg,0.82645714,0.767648
n04461696_1691.jpg,0.7130989,0.60194176
00014039.jpg,0.81601125,0.8732
00058445.jpg,0.87310433,0.8105814
00026871.jpg,0.53604835,0.4672224
00031035.jpg,0.7477875,0.8459096
00044959.jpg,0.72396505,0.588681
00037079.jpg,0.6061793,0.4908948
00017195.jpg,0.7068882,0.6511958
00025523.jpg,0.8708964,0.8795254
00030158.jpg,0.76647997,0.7682502
488cc63f98ddd990.jpg,0.8196017,0.8131868
00007366.jpg,0.87642664,0.7799568
00032855.jpg,0.85672617,0.8895092
00039101.jpg,0.8587052,0.8372738
00052867.jpg,0.88666683,0.8126858
00045525.jpg,0.6926372,0.812784
00052451.jpg,0.88004535,0.8185704
n03594945_3068.jpg,0.75908065,0.697479
00048802.jpg,0.6846168,0.7310162
00014304.jpg,0.8476907,0.9425226
00033335.jpg,0.75943744,0.8213934
00041363.jpg,0.71845436,0.6870208
00031122.jpg,0.6725419,0.702594
00035757.jpg,0.7039834,0.6695022
00013696.jpg,0.84774894,0.8380328
00013957.jpg,0.849154,0.8094116
n09421951_11329.jpg,0.7295008,0.7093023
00024161.jpg,0.6753541,0.6300796
00014590.jpg,0.74409664,0.6519428
00031436.jpg,0.8008125,0.852621
000000284805.jpg,0.77610224,0.8181818
00035282.jpg,0.60803354,0.582336
00040468.jpg,0.73813945,0.5577438
00038852.jpg,0.7508342,0.8313066
00049211.jpg,0.7512677,0.743341
00005893.jpg,0.81038475,0.846222
00023926.jpg,0.81647086,0.8672984
00017977.jpg,0.7460475,0.6116898
00004585.jpg,0.768798,0.6668808
00027850.jpg,0.7445507,0.7987786
n07863374_18230.jpg,0.8053645,0.8363636
00011426.jpg,0.7560921,0.7577804
00032001.jpg,0.8112504,0.624234
00020590.jpg,0.6560225,0.6052738
00025070.jpg,0.82616526,0.8068856
00015257.jpg,0.75389886,0.597567
00031592.jpg,0.8038423,0.7942826
00053958.jpg,0.8637612,0.7319908
00000825.jpg,0.5263729,0.455293
00050314.jpg,0.8300111,0.7998536
00020646.jpg,0.57674277,0.4478814
00019029.jpg,0.7473798,0.6910596
00019581.jpg,0.7271839,0.742657
00039062.jpg,0.78623223,0.821706
00032124.jpg,0.6949308,0.6025496
00030314.jpg,0.83699894,0.9349534
00041583.jpg,0.7456112,0.7353746
00010928.jpg,0.78485715,0.7094882
00015116.jpg,0.656578,0.551752
n07801508_12576.jpg,0.89603233,0.9183673
00048016.jpg,0.70927614,0.6815262
00028353.jpg,0.6072411,0.4711034
00034276.jpg,0.7215069,0.7967312
00008018.jpg,0.73015153,0.8135826
00021439.jpg,0.8106139,0.8377198
00054872.jpg,0.85485566,0.8569138
00010103.jpg,0.8213852,0.8338612
00004888.jpg,0.8624203,0.8996346
00055641.jpg,0.7889576,0.8983596
00023222.jpg,0.6499685,0.5022064
00005655.jpg,0.7919594,0.8432168
n02389128_1421.jpg,0.83128697,0.7281553
00054287.jpg,0.60599893,0.6666386
00028848.jpg,0.80148745,0.6990198
00020135.jpg,0.7056876,0.7156232
00048698.jpg,0.7656036,0.7747366
00050973.jpg,0.7166677,0.6681562
00028191.jpg,0.55343497,0.6583268
00000899.jpg,0.7786564,0.6580588
00051260.jpg,0.7211174,0.5963132
00021740.jpg,0.6061195,0.6606946
n09359803_25012.jpg,0.5361674,0.5463917
00002645.jpg,0.7511176,0.6759808
n07696839_11221.jpg,0.8201802,0.7659575
00014649.jpg,0.81589496,0.841403
00004528.jpg,0.5345262,0.6072818
00038644.jpg,0.6334404,0.6414882
00024081.jpg,0.8164116,0.7511566
00016797.jpg,0.81445646,0.790465
00020748.jpg,0.7265297,0.8027284
963f9636a96553de.jpg,0.7454821,0.85858583
00024493.jpg,0.79892266,0.8824896
00008480.jpg,0.579601,0.5647926
00032675.jpg,0.7671686,0.8476856
00008569.jpg,0.83527195,0.8408912
00013279.jpg,0.81554866,0.9126308
00023783.jpg,0.5873716,0.5830536
00034656.jpg,0.68977726,0.7198028
00053656.jpg,0.6297191,0.6841868
00049731.jpg,0.70710504,0.7469144
00046405.jpg,0.79354244,0.8253626
00011269.jpg,0.84902406,0.8436296
00050646.jpg,0.8245048,0.7471146
00004183.jpg,0.7076432,0.6507292
00006837.jpg,0.64381635,0.7033522
00017453.jpg,0.80970395,0.7788988
00040931.jpg,0.7865128,0.8184708
00008499.jpg,0.8786111,0.9249682
sun_agqnaqaigkgpfvia.jpg,0.5720834,0.42990655
00029073.jpg,0.7775787,0.7755062
00036604.jpg,0.62774557,0.6129416
sun_atfudzdjdouzqtgp.jpg,0.67395294,0.78571427
00013237.jpg,0.5646578,0.505104
00029967.jpg,0.7042577,0.6375932
00008747.jpg,0.8511913,0.9008118
00032668.jpg,0.59056324,0.5928268
sun_ambyixvpmdimogbn.jpg,0.648199,0.6315789
00003052.jpg,0.85454965,0.8728982
00041154.jpg,0.7808234,0.8088082
00006873.jpg,0.728435,0.565731
00004064.jpg,0.7908756,0.83309
00025255.jpg,0.91006017,0.8840444
00024939.jpg,0.8672528,0.7593114
00024176.jpg,0.6648199,0.4601958
n09376198_10640.jpg,0.48366618,0.53846157
00022351.jpg,0.8229254,0.8324966
00029866.jpg,0.75357234,0.797901
00042065.jpg,0.7391582,0.7352776
00002161.jpg,0.80003047,0.8938018
00042343.jpg,0.91974413,0.8297618
00052001.jpg,0.49713933,0.516628
00039223.jpg,0.71152383,0.586276
00008852.jpg,0.6540315,0.640524
00005133.jpg,0.7621926,0.7156778
00005444.jpg,0.62464225,0.5227456
00004203.jpg,0.78738225,0.6802162
00006344.jpg,0.7501804,0.8088278
n02946348_16367.jpg,0.70057434,0.76829267
00044968.jpg,0.72054905,0.7937452
00001530.jpg,0.69258183,0.752687
n07693725_5683.jpg,0.867359,0.93939394
00022548.jpg,0.7407309,0.8529512
00024936.jpg,0.81463176,0.7899036
00038790.jpg,0.8071188,0.7983308
00004230.jpg,0.795717,0.5987662
00023342.jpg,0.7444279,0.6793462
sun_ahvfcrleejszjfde.jpg,0.43571356,0.36290324
00031678.jpg,0.7591071,0.6427734
00047307.jpg,0.6736226,0.5808054
00044809.jpg,0.6543429,0.671079
00023558.jpg,0.800379,0.7940442
00020887.jpg,0.6909065,0.7556468
00025978.jpg,0.7725933,0.8948438
00023455.jpg,0.7562164,0.8290178
00019996.jpg,0.8418788,0.8067936
00043064.jpg,0.8173411,0.839638
00015251.jpg,0.7766829,0.845267
00020501.jpg,0.8693795,0.8363564
00053316.jpg,0.5270168,0.6610638
00006613.jpg,0.7406674,0.6040672
sun_aioxamlvtxhpnzzt.jpg,0.64810526,0.65
n01846331_13327.jpg,0.826228,0.8
00002091.jpg,0.61894953,0.5100638
00020150.jpg,0.91969836,0.9734058
00038389.jpg,0.5677923,0.3963308
00054851.jpg,0.82950974,0.8166956
n07911677_135.jpg,0.843253,0.9174312
00018260.jpg,0.8045437,0.742759
00053349.jpg,0.8070223,0.8536614
00055004.jpg,0.7818293,0.857908
00025301.jpg,0.8143536,0.8639374
00043874.jpg,0.69157445,0.6621046
00048589.jpg,0.80351806,0.805009
00009303.jpg,0.91101974,0.8902046
00004234.jpg,0.7566234,0.7090744
n01792640_10135.jpg,0.8089503,0.7346939
00030859.jpg,0.516343,0.6709408
00001866.jpg,0.7336292,0.8076422
00049162.jpg,0.97024304,0.9734604
00047322.jpg,0.75264597,0.6580884
00047170.jpg,0.81488013,0.9153218
5582e1b92da31e68.jpg,0.69075036,0.7126437
00010535.jpg,0.83477795,0.8824576
00017604.jpg,0.7841149,0.8065882
00011604.jpg,0.76685023,0.7772572
n02090827_160.jpg,0.8219795,0.79591835
00023702.jpg,0.5881813,0.7216312
00017051.jpg,0.78474516,0.799349
00056489.jpg,0.88229674,0.9250786
000000125458.jpg,0.87544966,0.88349515
00037989.jpg,0.61047566,0.6402972
00016625.jpg,0.9645726,0.96274
00004621.jpg,0.539157,0.546308
00008289.jpg,0.7711053,0.7587834
00031332.jpg,0.7375604,0.613169
00023512.jpg,0.7740165,0.7243026
n03384352_3142.jpg,0.79658115,0.8301887
n02324045_4563.jpg,0.86263806,0.8804348
00029754.jpg,0.93992126,0.919895
00029440.jpg,0.79066205,0.8391792
00056610.jpg,0.69248235,0.8068138
00033390.jpg,0.6708198,0.5486032
00021647.jpg,0.6556808,0.5255484
000000396770.jpg,0.72969997,0.67777777
00053464.jpg,0.7514825,0.7721552
00030294.jpg,0.7275726,0.7695506
00032751.jpg,0.8388669,0.903663
00034724.jpg,0.582677,0.6155858
00052282.jpg,0.8147069,0.7434064
00041742.jpg,0.79056907,0.707676
00036985.jpg,0.7201555,0.7614468
00038291.jpg,0.8324774,0.8242946
n02450034_4223.jpg,0.7644326,0.7373737
00055179.jpg,0.71740633,0.7920824
00000376.jpg,0.8458056,0.8562528
00047201.jpg,0.711002,0.6944114
n09472597_11576.jpg,0.5713722,0.6516854
n02946348_3118.jpg,0.66791415,0.6666667
00008892.jpg,0.6971401,0.5667602
00058710.jpg,0.8277334,0.8133628
00009406.jpg,0.8145387,0.7409822
000000569223.jpg,0.8281242,0.88659793
00021855.jpg,0.65450805,0.7054142
00021224.jpg,0.82307285,0.8485918
00003902.jpg,0.8532507,0.8157536
00036244.jpg,0.64614695,0.6480588
00046520.jpg,0.74507475,0.5346512
n04587559_10942.jpg,0.7405355,0.635514
00040539.jpg,0.64625883,0.7285814
00033870.jpg,0.8743208,0.8999442
00017986.jpg,0.733556,0.5991434
00058233.jpg,0.788625,0.7915314
00035949.jpg,0.6302623,0.6519684
00055834.jpg,0.68727237,0.6785246
00048863.jpg,0.9181772,0.9855304
00017256.jpg,0.8470166,0.8882758
00004213.jpg,0.5774556,0.529896
00002042.jpg,0.7492464,0.7279904
00044205.jpg,0.69177973,0.7050946
00020513.jpg,0.8230921,0.7915874
00020855.jpg,0.78803337,0.933442
00056966.jpg,0.76808,0.7457392
00001853.jpg,0.6724644,0.8217946
00039417.jpg,0.76426965,0.5555282
00023939.jpg,0.743768,0.7655124
00025475.jpg,0.839391,0.7153602
00010466.jpg,0.8295047,0.7976428
00019382.jpg,0.7974682,0.7678644
00007023.jpg,0.87188303,0.9058854
00042152.jpg,0.71833277,0.68821
00053798.jpg,0.8124945,0.8991182
00041634.jpg,0.8140551,0.646356
00056440.jpg,0.8136292,0.8533064
00037278.jpg,0.7441065,0.5570562
00049899.jpg,0.7398968,0.7938026
00053010.jpg,0.75753343,0.7670242
00037805.jpg,0.6501713,0.5107498
00008267.jpg,0.79679036,0.8140956
00013137.jpg,0.81227434,0.8533552
00044010.jpg,0.5910479,0.6010664
00045769.jpg,0.79390347,0.7362514
00053453.jpg,0.66631615,0.7515014
00004028.jpg,0.63411236,0.7729822
00020921.jpg,0.7488853,0.8048014
00055797.jpg,0.8334565,0.8408268
00040464.jpg,0.74079883,0.8015484
00037020.jpg,0.6872743,0.732809
00041041.jpg,0.7040647,0.6938288
00023482.jpg,0.7228879,0.8335354
00039181.jpg,0.58723634,0.6799374
00053022.jpg,0.7111351,0.7471616
00045865.jpg,0.7828136,0.6556496
00055733.jpg,0.7933197,0.7885666
00043437.jpg,0.7649609,0.679393
00015956.jpg,0.47258234,0.5287258
00035719.jpg,0.7915935,0.827358
00058152.jpg,0.9250803,0.9668664
00056977.jpg,0.6506971,0.6962942
n04467665_59974.jpg,0.78066015,0.6813187
000000352276.jpg,0.7646967,0.6526316
00017294.jpg,0.8467016,0.9146754
c7d70655b9d3206f.jpg,0.5803436,0.6666667
00027724.jpg,0.87110543,0.7982654
00042809.jpg,0.59337,0.64392
00030293.jpg,0.5906879,0.5862822
00028141.jpg,0.90055525,0.9760016
00033431.jpg,0.57989657,0.7010388
00014538.jpg,0.88536716,0.9455206
00000731.jpg,0.87989765,0.7185156
00056831.jpg,0.8496641,0.8314516
00038927.jpg,0.7070352,0.69361
00023158.jpg,0.7792022,0.7382032
00018639.jpg,0.5209788,0.7121896
n09393605_65534.jpg,0.61008203,0.51960784
00024501.jpg,0.8088266,0.7777376
00048437.jpg,0.7381375,0.703136
00055820.jpg,0.812958,0.8517442
000000579699.jpg,0.7619705,0.6952381
00029575.jpg,0.6536392,0.4640376
00018800.jpg,0.74815655,0.7065156
00037300.jpg,0.7830857,0.774674
00032930.jpg,0.84178984,0.756878
00036619.jpg,0.6284355,0.5972752
00052921.jpg,0.70763505,0.60962
00000365.jpg,0.6810696,0.61109
00050618.jpg,0.80811584,0.8684298
000000125979.jpg,0.83461225,0.9009901
00015178.jpg,0.65484905,0.6824702
00007980.jpg,0.6561767,0.5999706
00025182.jpg,0.83155966,0.8483332
00046435.jpg,0.838891,0.8572476
00034809.jpg,0.55608857,0.6008082
00050774.jpg,0.80836356,0.7487238
00008911.jpg,0.75332916,0.7465188
2b70d9312b233b85.jpg,0.5579434,0.55172414
00032796.jpg,0.78793186,0.8857054
00032171.jpg,0.79780555,0.887078
00053649.jpg,0.8209353,0.7890564
00006332.jpg,0.8174724,0.8029746
00035002.jpg,0.7948996,0.8972252
00041128.jpg,0.7389331,0.846653
00055042.jpg,0.72961175,0.7071538
00031348.jpg,0.7453295,0.6473814
00043022.jpg,0.6969504,0.5786096
00029203.jpg,0.71536374,0.8149752
n02450034_11093.jpg,0.79689115,0.82300884
00037794.jpg,0.6591593,0.5198668
n07583197_6416.jpg,0.8400633,0.8039216
00002722.jpg,0.77210426,0.70875
00036152.jpg,0.6936959,0.7339998
00019892.jpg,0.6826745,0.6356788
00022504.jpg,0.8008573,0.6906914
00000861.jpg,0.90520346,0.846273
00031918.jpg,0.8115975,0.8319872
00046697.jpg,0.7332044,0.7659032
00016170.jpg,0.73598206,0.7691218
00054802.jpg,0.74850124,0.6820286
000000162215.jpg,0.62432027,0.5841584
00037426.jpg,0.5896703,0.6375848
00035691.jpg,0.7224909,0.667273
c94be4a43769a5bb.jpg,0.654673,0.55172414
00042783.jpg,0.79343677,0.714136
00001736.jpg,0.8437516,0.9125376
00048458.jpg,0.7048597,0.6855332
00018705.jpg,0.8286824,0.7941786
00029515.jpg,0.855269,0.914667
00056025.jpg,0.85306406,0.7296132
00023821.jpg,0.6926587,0.7105916
000000032893.jpg,0.77823097,0.8659794
n09288635_1591.jpg,0.69504714,0.7368421
00044849.jpg,0.73293144,0.6534986
00007338.jpg,0.7437379,0.696986
00022796.jpg,0.69401175,0.7615296
00021430.jpg,0.79977286,0.9118076
00040482.jpg,0.80852133,0.6438712
n07654148_11187.jpg,0.89902234,0.9166667
00046668.jpg,0.7841299,0.7004064
n02396427_3134.jpg,0.85818493,0.9705882
00040590.jpg,0.8755112,0.9035126
00047712.jpg,0.747815,0.8419848
00045487.jpg,0.75177824,0.7464388
n04610013_6191.jpg,0.69203866,0.79310346
00034313.jpg,0.5850205,0.4044444
00039789.jpg,0.7516797,0.654979
n02431441_4277.jpg,0.75111544,0.77319586
00043759.jpg,0.69825363,0.7064278
00052450.jpg,0.7631149,0.7968894
00014583.jpg,0.90257657,0.8778102
00029512.jpg,0.75815535,0.5375304
00030981.jpg,0.8314279,0.827119
00056957.jpg,0.80272055,0.8722418
00029534.jpg,0.95169175,0.9433614
00024964.jpg,0.75376,0.8472842
00036321.jpg,0.6938193,0.605728
00042045.jpg,0.74307,0.6547282
00009505.jpg,0.6100063,0.80901
00007840.jpg,0.7186358,0.6420174
00022142.jpg,0.84796566,0.81518
n07680932_48861.jpg,0.9064894,0.9166667
00009811.jpg,0.52712125,0.5838358
000000074883.jpg,0.76946926,0.8557692
00054343.jpg,0.8821092,0.774774
00000188.jpg,0.7654877,0.7356404
00013854.jpg,0.85534394,0.801881
00014272.jpg,0.81537974,0.8434968
n07849336_22947.jpg,0.7736162,0.75268817
00038703.jpg,0.8075564,0.8519118
00016223.jpg,0.8270976,0.748088
00042656.jpg,0.6247765,0.6137932
000000338474.jpg,0.69979805,0.5319149
00022268.jpg,0.88298625,0.9908902
00001439.jpg,0.7343128,0.693374
00057003.jpg,0.82791555,0.8395676
00032759.jpg,0.9215553,0.9379828
00031652.jpg,0.8218757,0.8654382
00004720.jpg,0.8428718,0.818026
00001950.jpg,0.871159,0.908086
ac213e6c25e62cc0.jpg,0.74934274,0.7473684
00012932.jpg,0.85982484,0.8483872
00014730.jpg,0.7966145,0.9086218
00052067.jpg,0.5785573,0.5536552
00016516.jpg,0.86869216,0.9258838
00003501.jpg,0.76009536,0.7905372
00019866.jpg,0.56154406,0.3583196
00033674.jpg,0.94267863,0.9206924
00052710.jpg,0.8176872,0.881665
00038287.jpg,0.741101,0.7151546
00017387.jpg,0.8428374,0.9033386
00029753.jpg,0.51907486,0.5825648
00054254.jpg,0.7658853,0.7922582
00043990.jpg,0.7918123,0.6828464
sun_bdnhffttgbnjqrxj.jpg,0.48074552,0.48623854
00039882.jpg,0.6869004,0.7639566
n02118333_14064.jpg,0.7620757,0.7920792
00006573.jpg,0.84266096,0.7278568
00049343.jpg,0.8521012,0.8178988
00030455.jpg,0.9137288,0.9109574
00021407.jpg,0.7360979,0.7201368
00050631.jpg,0.84311306,0.8613818
00058241.jpg,0.8553726,0.786525
00020724.jpg,0.7233414,0.7026344
00026766.jpg,0.86934143,0.8019644
00056637.jpg,0.73851186,0.7164028
00057905.jpg,0.81111157,0.8753792
00013824.jpg,0.7291709,0.7988022
00047130.jpg,0.7791039,0.8123212
00055261.jpg,0.5492777,0.5367612
00054757.jpg,0.7204727,0.707164
00041508.jpg,0.8066696,0.7783474
00029904.jpg,0.81574744,0.8594936
00005310.jpg,0.49843022,0.4974368
00044985.jpg,0.6941594,0.7476558
00032967.jpg,0.881682,0.8677348
00028503.jpg,0.7903409,0.7539706
00030691.jpg,0.8007769,0.8088706
00055713.jpg,0.8373006,0.8472134
00045954.jpg,0.7779659,0.7765998
00057653.jpg,0.7672789,0.8503108
00029366.jpg,0.72804594,0.6694428
00029988.jpg,0.8696674,0.8922754
00015579.jpg,0.7663355,0.8204896
00014190.jpg,0.790635,0.801809
000000331230.jpg,0.81110716,0.9148936
00034791.jpg,0.6863898,0.6913362
00045519.jpg,0.72648966,0.5827834
00019562.jpg,0.5622283,0.6728034
00028494.jpg,0.7565595,0.807958
00031234.jpg,0.76396215,0.9012792
000000069424.jpg,0.6378294,0.62376237
00025180.jpg,0.5421742,0.3961196
00014511.jpg,0.73977387,0.6693162
00024643.jpg,0.58677,0.7887556
00014226.jpg,0.53541374,0.5177934
00051590.jpg,0.77578825,0.7218458
00014543.jpg,0.8755211,0.8511532
00020643.jpg,0.8114375,0.9004662
00022266.jpg,0.8879515,0.914639
00036343.jpg,0.7863249,0.766031
00053238.jpg,0.84109294,0.9037336
00034688.jpg,0.7417037,0.8879144
00043331.jpg,0.74431336,0.695653
00032521.jpg,0.74348927,0.7502234
00028061.jpg,0.7084591,0.504756
00014255.jpg,0.7875257,0.8016842
00045025.jpg,0.5667641,0.5923614
00030443.jpg,0.8457807,0.889821
00057068.jpg,0.78973645,0.7879286
00044404.jpg,0.760694,0.7355114
00048441.jpg,0.7147776,0.7099892
00041546.jpg,0.72273153,0.6534632
00005336.jpg,0.8051542,0.8512722
00000298.jpg,0.9411312,0.9183586
00021337.jpg,0.75261486,0.808816
00043294.jpg,0.71476233,0.713276
00004932.jpg,0.755642,0.8059488
00008245.jpg,0.8416025,0.8907934
00017087.jpg,0.8035088,0.7363486
a4371ed7681b31f4.jpg,0.7364931,0.6138614
0d6607be1e0a79d2.jpg,0.7458687,0.7721519
9ed6211c70cdd276.jpg,0.8315842,0.85148513
00051671.jpg,0.7275589,0.8757386
00041939.jpg,0.71166384,0.7747484
00049780.jpg,0.7778628,0.8241916
n09468604_88070.jpg,0.70649964,0.6796116
000000383662.jpg,0.8513701,0.94
00025361.jpg,0.6204294,0.5836356
00017122.jpg,0.6677854,0.6941888
00000131.jpg,0.7818688,0.7468896
00052933.jpg,0.7718483,0.901981
00032096.jpg,0.79756284,0.7808736
00024480.jpg,0.82509875,0.8957648
68a485c6716902c2.jpg,0.7509892,0.6434783
00005404.jpg,0.7890231,0.773718
n02878222_5314.jpg,0.66359264,0.74
8495ab3a5a40c791.jpg,0.7448414,0.6262626
00014074.jpg,0.7745978,0.7292042
n04335435_10562.jpg,0.7819996,0.85714287
00015274.jpg,0.7210641,0.7905944
000000325517.jpg,0.821473,0.8979592
00027710.jpg,0.6910956,0.71966
00040292.jpg,0.8068699,0.8435362
00039748.jpg,0.8644073,0.8496008
00051153.jpg,0.66266274,0.661935
00035341.jpg,0.7325702,0.7348878
n02793495_3658.jpg,0.766937,0.8137255
n07717556_5341.jpg,0.90046436,0.9787234
00025367.jpg,0.8733216,0.8708242
00046725.jpg,0.7803259,0.810708
00056734.jpg,0.8272189,0.8861668
00034491.jpg,0.61817837,0.4795956
00037733.jpg,0.592915,0.6320532
n03384352_4118.jpg,0.81976044,0.7
00000402.jpg,0.74949896,0.782038
00018899.jpg,0.6163736,0.5927736
00030099.jpg,0.7077617,0.7449544
00003537.jpg,0.83141863,0.9234568
00037497.jpg,0.64385533,0.6289962
00015267.jpg,0.70192236,0.834652
00040050.jpg,0.79117715,0.871015
n07933274_35003.jpg,0.84712756,0.8021978
n04231693_20199.jpg,0.62689626,0.5568182
00021954.jpg,0.7544817,0.6870272
00017784.jpg,0.7901927,0.7596936
n07880968_2090.jpg,0.78938115,0.85393256
n09270735_9551.jpg,0.8189051,0.74444443
00006040.jpg,0.695892,0.4758316
00034500.jpg,0.78391373,0.8046262
00000665.jpg,0.72513115,0.5795634
00010227.jpg,0.76531106,0.82311
00043623.jpg,0.64550054,0.7034402
00006661.jpg,0.6807477,0.7531396
00012419.jpg,0.7210009,0.681523
00045307.jpg,0.7505889,0.7051246
00041251.jpg,0.7408191,0.6859276
00042479.jpg,0.75693357,0.6697008
00041723.jpg,0.7597307,0.828045
00005512.jpg,0.6211891,0.7899628
00030914.jpg,0.75124145,0.6918258
00019895.jpg,0.7810933,0.7854888
00048814.jpg,0.8468617,0.8622918
n07863374_18813.jpg,0.8859092,0.8425926
00019817.jpg,0.76017094,0.6779112
00039401.jpg,0.7480814,0.607763
00046555.jpg,0.6855898,0.7059494
00026836.jpg,0.6448636,0.5355708
00049699.jpg,0.80980986,0.934638
00019351.jpg,0.73552364,0.7916444
00019835.jpg,0.7947655,0.8839846
00004580.jpg,0.751364,0.6439356
00023498.jpg,0.75601405,0.7173764
00034338.jpg,0.645028,0.5598664
000000421639.jpg,0.78826445,0.82222223
00023832.jpg,0.8771586,0.8539172
00024557.jpg,0.70723695,0.6517622
00036176.jpg,0.5225763,0.4504404
00027866.jpg,0.86390924,0.8863216
00048058.jpg,0.7702265,0.8155514
00055219.jpg,0.77318347,0.7428412
00024521.jpg,0.86843944,0.924443
00017011.jpg,0.6890999,0.6812864
00005873.jpg,0.8474588,0.7935156
00052269.jpg,0.66657275,0.7655302
00056640.jpg,0.912202,0.938829
00038881.jpg,0.8850062,0.938157
00056468.jpg,0.64811766,0.7021772
00019869.jpg,0.6688003,0.726485
00052198.jpg,0.81861496,0.9234018
00022937.jpg,0.90269315,0.9629196
00006141.jpg,0.76934093,0.7693698
000000554486.jpg,0.8874162,0.88990825
00053126.jpg,0.6297191,0.6261636
00045070.jpg,0.8414037,0.8685654
00040131.jpg,0.7699144,0.678474
00024206.jpg,0.8591363,0.8768902
00038626.jpg,0.58718866,0.650845
00048949.jpg,0.733636,0.840034
00025574.jpg,0.5926428,0.5106944
00031603.jpg,0.6461605,0.631755
000000126255.jpg,0.8150779,0.9099099
00056841.jpg,0.91695595,0.879314
00038856.jpg,0.7388718,0.6327824
00047364.jpg,0.83575857,0.7582208
00012309.jpg,0.80987227,0.8535712
00016471.jpg,0.677875,0.703054
00013618.jpg,0.80353963,0.7628134
n03351262_15090.jpg,0.7534405,0.6421053
00057033.jpg,0.8470696,0.8295576
00006948.jpg,0.80893314,0.8057358
00026319.jpg,0.77271765,0.7482614
00022409.jpg,0.81406504,0.8128108
47c3c79be6aa0974.jpg,0.8539056,0.67676765
00032476.jpg,0.9013591,0.8204434
000000067786.jpg,0.8251693,0.8202247
00006377.jpg,0.8901356,0.9378678
00046894.jpg,0.7377502,0.714393
00021070.jpg,0.83119583,0.9301498
00041789.jpg,0.80682886,0.8110072
00036440.jpg,0.70500684,0.726578
00037389.jpg,0.7154658,0.5911818
00024630.jpg,0.9336721,0.8990828
00038774.jpg,0.7655138,0.7439454
00027344.jpg,0.7696545,0.7720706
00014249.jpg,0.8475885,0.8783882
n09428293_2560.jpg,0.60079193,0.7160494
00023056.jpg,0.84406954,0.8852324
00002416.jpg,0.531192,0.516685
00000580.jpg,0.8253435,0.8224452
n07849336_25149.jpg,0.826275,0.91071427
00048688.jpg,0.72071743,0.5674682
00040161.jpg,0.77963805,0.7245476
00043559.jpg,0.76751757,0.8129448
803df0dee9e9e1d7.jpg,0.81434476,0.8152174
00033772.jpg,0.6933305,0.7417958
00029074.jpg,0.73003674,0.7739068
00000803.jpg,0.7159504,0.8041274
00055232.jpg,0.7877125,0.7169688
00032153.jpg,0.76255804,0.7866366
00032393.jpg,0.7147244,0.8287288
00048156.jpg,0.6550426,0.6583276
00032889.jpg,0.7877139,0.836515
00055123.jpg,0.73587793,0.88219
sun_annigentdnxzfcct.jpg,0.6157041,0.31683168
00049943.jpg,0.8266244,0.7757334
00018828.jpg,0.6952481,0.5755848
00020369.jpg,0.80101436,0.8157412
00049901.jpg,0.9446723,0.9350664
00016729.jpg,0.7477459,0.5739558
00038139.jpg,0.6435634,0.5663892
00041469.jpg,0.83049774,0.7253568
00006143.jpg,0.70145893,0.5946696
00001618.jpg,0.6880911,0.7449386
00038417.jpg,0.64070183,0.5011642
00035654.jpg,0.57466036,0.673978
00020591.jpg,0.8073615,0.8063562
00032236.jpg,0.8305768,0.804557
n03594945_12279.jpg,0.76962733,0.7567568
4bf766d6039e7e27.jpg,0.7075708,0.6964286
37fc6aef44db3fe0.jpg,0.804954,0.7383177
00056602.jpg,0.59575343,0.611203
00045396.jpg,0.66421396,0.7366666
00038895.jpg,0.6837712,0.6627994
00034676.jpg,0.79044104,0.814173
00044091.jpg,0.8242928,0.9045778
00018622.jpg,0.77233845,0.8632012
n03791053_7319.jpg,0.81812334,0.81707317
00053048.jpg,0.8117601,0.821179
00042510.jpg,0.7603916,0.8223058
00054993.jpg,0.7914051,0.8949134
n04349306_4886.jpg,0.81580985,0.84821427
00040429.jpg,0.7141281,0.7319516
00052298.jpg,0.839124,0.8539296
00010545.jpg,0.7088144,0.8146714
00002157.jpg,0.58171725,0.5266814
00017599.jpg,0.7902235,0.7843726
00047775.jpg,0.6201171,0.802027
00007960.jpg,0.97569644,0.926009
00004020.jpg,0.8507118,0.8896918
00023181.jpg,0.70322204,0.7506182
00022931.jpg,0.71985,0.7987518
00028011.jpg,0.85173166,0.911678
00043876.jpg,0.71812993,0.7350662
00039352.jpg,0.728313,0.595737
00001387.jpg,0.7638328,0.901807
sun_ahzxnldgajgrwhyd.jpg,0.67183554,0.50877196
00023449.jpg,0.72285515,0.7255534
00039048.jpg,0.748786,0.8224912
00004042.jpg,0.6089633,0.4476616
00002603.jpg,0.8036447,0.7868792
00033864.jpg,0.73112136,0.7834834
00014542.jpg,0.7371199,0.6858542
00019748.jpg,0.7595546,0.8278094
00026747.jpg,0.80232936,0.8311608
00008958.jpg,0.82553625,0.814961
00056154.jpg,0.7781404,0.7029264
00023758.jpg,0.84443206,0.9238412
00057988.jpg,0.9110505,0.8774558
00019864.jpg,0.8035718,0.8133444
00021867.jpg,0.8159219,0.945704
00036491.jpg,0.6973227,0.7479496
00032803.jpg,0.78765893,0.7671826
00040663.jpg,0.7792995,0.7619428
00026879.jpg,0.9199369,0.8358024
00032629.jpg,0.72472245,0.7334096
00012263.jpg,1.0052853,0.9444598
1a0734e1d6dad26d.jpg,0.71406174,0.7659575
00050940.jpg,0.60392606,0.7186006
00053056.jpg,0.7051262,0.7659958
00036926.jpg,0.5676859,0.5806374
00055950.jpg,0.8174958,0.771098
00013699.jpg,0.624387,0.6761616
n09376198_22448.jpg,0.5721113,0.58653843
00039963.jpg,0.66201586,0.5217506
00041411.jpg,0.82472783,0.9095728
00010450.jpg,0.7870021,0.781427
00012163.jpg,0.7074492,0.6657884
00020370.jpg,0.7383758,0.6412102
00007880.jpg,0.6717684,0.5765402
00040337.jpg,0.79496276,0.7086564
n09472597_30060.jpg,0.6407794,0.5283019
00036291.jpg,0.77587235,0.8370798
00025541.jpg,0.8228781,0.973266
00029442.jpg,0.8802774,0.8763434
00033338.jpg,0.77012265,0.7857294
00012860.jpg,0.85408956,0.8791062
00002284.jpg,0.8749197,0.842758
00053227.jpg,0.7446355,0.6650002
n02332755_5387.jpg,0.753145,0.725
00011717.jpg,0.812521,0.8434876
00007991.jpg,0.76348656,0.7620918
00033567.jpg,0.91396743,0.8377228
n07720875_1586.jpg,0.84892476,0.9259259
00005986.jpg,0.72576684,0.5982798
00038180.jpg,0.5362035,0.4739442
00010853.jpg,0.85680187,0.8965552
00022740.jpg,0.89085376,0.9020598
00037053.jpg,0.7738275,0.7214566
00005485.jpg,0.8881662,0.866236
00030778.jpg,0.8831556,0.6913756
00024587.jpg,0.81371164,0.9315372
00053607.jpg,0.79608124,0.7532016
00015435.jpg,0.82473034,0.8640846
00040440.jpg,0.81676465,0.8833194
00056070.jpg,0.6089512,0.62411
00051367.jpg,0.8984603,0.9080944
00032694.jpg,0.6310231,0.5884604
00049712.jpg,0.8162194,0.8986978
00023792.jpg,0.7383448,0.7346484
00022742.jpg,0.81785953,0.8460488
00041002.jpg,0.754104,0.4746882
00011247.jpg,0.7888428,0.864709
00028458.jpg,0.7752056,0.6973292
00028074.jpg,0.7957467,0.8207614
00020893.jpg,0.77768844,0.8235908
00030575.jpg,0.69904065,0.61874
00010794.jpg,0.7065038,0.811708
00037481.jpg,0.67106557,0.6542216
00042418.jpg,0.7779414,0.6278888
00029745.jpg,0.81856024,0.8695332
n04335435_9552.jpg,0.8111761,0.90361446
00012690.jpg,0.83213603,0.917169
00037568.jpg,0.55317485,0.5911162
n02396427_14454.jpg,0.8131328,0.8659794
00035992.jpg,0.6592564,0.5989482
00016159.jpg,0.85462,0.8230584
00021539.jpg,0.84477687,0.8257524
171cccd184d0af1e.jpg,0.8256088,0.87931037
00009105.jpg,0.7570306,0.7546466
00056183.jpg,0.6224582,0.5617318
00032040.jpg,0.7741455,0.7951392
n09472597_40572.jpg,0.71527463,0.7058824
00041698.jpg,0.7990601,0.860456
n07574602_25609.jpg,0.807114,0.92771083
00006106.jpg,0.76031697,0.741462
00001514.jpg,0.8258355,0.9169882
00037683.jpg,0.6258813,0.6751032
n03384352_2419.jpg,0.75961417,0.85294116
00050124.jpg,0.78403425,0.7400792
00044121.jpg,0.81250846,0.9152818
00011667.jpg,0.55980515,0.555633
00009837.jpg,0.80088043,0.7843058
00023098.jpg,0.73491615,0.7684754
00022591.jpg,0.84819645,0.8937204
00018776.jpg,0.8156706,0.8542016
00048519.jpg,0.6933228,0.6876976
00048581.jpg,0.6993308,0.5814824
00022905.jpg,0.8500426,0.8859606
00017340.jpg,0.74128366,0.8485384
00030447.jpg,0.7687706,0.77507
00010512.jpg,0.82740957,0.8981324
00052201.jpg,0.6742496,0.6138354
00000709.jpg,0.6000907,0.5082042
00013310.jpg,0.7837078,0.7249216
00053526.jpg,0.6916802,0.728215
00023163.jpg,0.8186617,0.8888878
00040558.jpg,0.74209964,0.812243
00021131.jpg,0.783085,0.7945472
00047691.jpg,0.82760435,0.795839
00045478.jpg,0.57548404,0.6503758
00057330.jpg,0.76517534,0.762564
00052224.jpg,0.7373737,0.6061478
00047685.jpg,0.81094223,0.734333
n09472597_446.jpg,0.65948707,0.5714286
00009704.jpg,0.8111775,0.7620948
00003386.jpg,0.8609982,0.8951484
n03791053_623.jpg,0.80021393,0.8877551
00053224.jpg,0.639299,0.7137744
00054070.jpg,0.7749301,0.7295766
00053672.jpg,0.79610085,0.8195476
00023087.jpg,0.8273379,0.8685542
00048160.jpg,0.85570794,0.8589204
00033755.jpg,0.54763883,0.606015
00041753.jpg,0.7799721,0.7608858
00010588.jpg,0.799743,0.6836898
00043221.jpg,0.77686954,0.7168718
00033438.jpg,0.7044583,0.6115554
00033005.jpg,0.6789651,0.6357412
00010788.jpg,0.5375386,0.571827
00018670.jpg,0.7581393,0.773193
00032083.jpg,0.6971283,0.6946602
fbc5c2af6663843f.jpg,0.80034024,0.85046726
00014876.jpg,0.831446,0.7863988
00031124.jpg,0.5963519,0.4369682
00005976.jpg,0.793088,0.8429138
00022847.jpg,0.7722634,0.770165
00034825.jpg,0.8285558,0.7100806
6f68c04b56476d1c.jpg,0.7566667,0.7303371
n00470966_18523.jpg,0.81724316,0.8113208
00010630.jpg,0.78576946,0.695098
00043343.jpg,0.71152854,0.6897398
00033729.jpg,0.77352643,0.8134422
00027244.jpg,0.86100405,0.8574404
00016381.jpg,0.7871762,0.7265966
c2255c3aaf4113a0.jpg,0.74053526,0.74390244
00035611.jpg,0.6665828,0.7231768
00026577.jpg,0.56619334,0.7458154
00007334.jpg,0.76608396,0.7063822
n07923748_2109.jpg,0.8071265,0.92156863
00032976.jpg,0.6130011,0.6041794
00042878.jpg,0.5411214,0.6062354
00035238.jpg,0.61948866,0.5049956
n09289331_8957.jpg,0.76752806,0.65
1e688fd4c90bf62d.jpg,0.8179562,0.7821782
000000409126.jpg,0.62965226,0.48192772
d7e97fa9559f44c9.jpg,0.78232265,0.78640777
00053203.jpg,0.7220172,0.4944884
00051057.jpg,0.5918672,0.5958818
00055559.jpg,0.7508207,0.720791
00030342.jpg,0.8388834,0.8977148
00013941.jpg,0.6737295,0.7013138
00051345.jpg,0.67636955,0.6455216
00038511.jpg,0.62610435,0.643537
00012560.jpg,0.7063706,0.6635292
00008479.jpg,0.73591274,0.7403146
00029459.jpg,0.87244564,0.8111022
n07717556_129.jpg,0.98111963,0.95614034
00006870.jpg,0.7278364,0.62905
00032301.jpg,0.47983962,0.5362404
00012732.jpg,0.8225565,0.9197726
00026444.jpg,0.7132581,0.7338894
00003255.jpg,0.7999764,0.8998064
00036201.jpg,0.7750957,0.8136892
00035962.jpg,0.6744569,0.6409826
00040917.jpg,0.75158167,0.7066532
00019526.jpg,0.85990477,0.838499
00013232.jpg,0.84102225,0.9309218
00044932.jpg,0.6840205,0.7443056
00050150.jpg,0.7946278,0.8297708
00032836.jpg,0.84309185,0.7529458
00049151.jpg,0.7997852,0.786296
00032480.jpg,0.58872354,0.628376
00033882.jpg,0.6321852,0.7599972
00041449.jpg,0.86407137,0.937763
00040033.jpg,0.7557137,0.669428
00052368.jpg,0.79466176,0.82957
00051201.jpg,0.755173,0.7704456
00014598.jpg,0.70921946,0.797255
00046458.jpg,0.679474,0.6899542
00041107.jpg,0.7072129,0.6845184
6bfa9f4a0f1a3bac.jpg,0.79878944,0.8695652
000000273190.jpg,0.7468781,0.7113402
00051449.jpg,0.5530578,0.7645886
00029103.jpg,0.7411689,0.6534886
00011616.jpg,0.86794984,0.8771682
n07929519_31135.jpg,0.894209,0.9626168
00033973.jpg,0.64514387,0.6671592
00046357.jpg,0.77467984,0.7692224
00001195.jpg,0.7942471,0.8409434
00038900.jpg,0.67934716,0.765349
00050999.jpg,0.7733722,0.7876498
00045305.jpg,0.7816278,0.831178
00055389.jpg,0.7615154,0.8708448
00039588.jpg,0.74810493,0.7189608
00051760.jpg,0.78934515,0.816754
00055427.jpg,0.48264724,0.510677
00045776.jpg,0.68424296,0.8573556
00048278.jpg,0.80409795,0.77677
00054793.jpg,0.6459712,0.6682338
00040049.jpg,0.719335,0.58959
00041476.jpg,0.7540984,0.7691492
00002845.jpg,0.7372418,0.7992854
00005948.jpg,0.782248,0.6269394
000000541474.jpg,0.7202358,0.6630435
00041565.jpg,0.71016395,0.7309162
00018964.jpg,0.837822,0.896431
00033566.jpg,0.6894777,0.6854914
00051193.jpg,0.8278934,0.845346
00003348.jpg,0.47514978,0.4341154
00049108.jpg,0.7917616,0.791563
00031042.jpg,0.77593637,0.7697282
00005484.jpg,0.92442703,0.9736332
n09415671_15977.jpg,0.67524827,0.57731956
00007523.jpg,0.65301144,0.6801294
00018475.jpg,0.69686234,0.5964416
00021734.jpg,0.84801173,0.8870252
00010290.jpg,0.7361099,0.6961904
00019636.jpg,0.59605783,0.6902218
00023845.jpg,0.63623595,0.6611066
00045710.jpg,0.6606592,0.737345
00001785.jpg,0.80054057,0.7125426
00025744.jpg,0.7995716,0.72181
00021572.jpg,0.67496747,0.824146
00056814.jpg,0.8057536,0.8434038
00009367.jpg,0.812413,0.8146532
00044830.jpg,0.74265194,0.662006
00011902.jpg,0.6486392,0.6305272
00032042.jpg,0.65368015,0.7099432
00036075.jpg,0.67436785,0.6959684
n07717556_1745.jpg,0.77185607,0.8817204
00023634.jpg,0.89028186,0.7476104
00042508.jpg,0.8852855,0.9080128
00004599.jpg,0.8313049,0.865861
00053687.jpg,0.7543681,0.8505174
00043632.jpg,0.7335241,0.6082978
00026282.jpg,0.8813968,0.8582468
00024632.jpg,0.8829594,0.9377612
00009193.jpg,0.78210133,0.6802634
00036029.jpg,0.6731637,0.5293458
00055095.jpg,0.70377856,0.7826266
00012402.jpg,0.7827084,0.7792952
00043531.jpg,0.64469033,0.5446828
00057603.jpg,0.70112807,0.6275602
00000736.jpg,0.83069795,0.83633
00041188.jpg,0.8206369,0.7499194
00056484.jpg,0.8033137,0.771966
00016310.jpg,0.7806824,0.8039014
00056286.jpg,0.7950296,0.7343292
00018437.jpg,0.734261,0.6916592
000000515695.jpg,0.8075497,0.6636364
00022223.jpg,0.8278618,0.9261768
00038423.jpg,0.74327815,0.922305
00020457.jpg,0.5487425,0.633437
00051141.jpg,0.61426747,0.60701
n02834778_11865.jpg,0.81098044,0.85087717
00031851.jpg,0.67038,0.6482596
00056988.jpg,0.6821156,0.733887
00038754.jpg,0.67330503,0.7249452
316f00e286d5a624.jpg,0.82526153,0.88235295
00015090.jpg,0.63809884,0.631734
00029757.jpg,0.7791014,0.7364614
00013146.jpg,0.8038587,0.8520926
00055277.jpg,0.70706606,0.7149882
00026256.jpg,0.6460308,0.484238
00043376.jpg,0.6614698,0.586824
00045993.jpg,0.81398916,0.7913664
00026406.jpg,0.7496916,0.6814602
00042841.jpg,0.78372484,0.8663304
00043547.jpg,0.7401253,0.7640064
000000338488.jpg,0.8022473,0.79591835
00041987.jpg,0.72530866,0.6903394
00031588.jpg,0.7050442,0.6604108
00016639.jpg,0.73588836,0.7881742
00024295.jpg,0.81311893,0.7665072
00025454.jpg,0.7696336,0.773484
00021826.jpg,0.69548106,0.6175692
00008182.jpg,0.77817124,0.7054256
00030732.jpg,0.775558,0.7030022
00057421.jpg,0.8870985,0.8748226
00013155.jpg,0.5831044,0.7488964
00015574.jpg,0.81889796,0.6378018
00028759.jpg,0.86226964,0.9224584
00039680.jpg,0.82228386,0.8085706
00018265.jpg,0.5612315,0.4445614
00031808.jpg,0.6006464,0.5987856
00043937.jpg,0.86443067,0.8069808
00048521.jpg,0.7438574,0.5552864
00007613.jpg,0.7085917,0.84
00023590.jpg,0.6225079,0.5933334
00057135.jpg,0.8431926,0.9631576
000000159196.jpg,0.7525375,0.5625
n03790512_14881.jpg,0.85204256,0.75
00045513.jpg,0.7248094,0.7817174
00024374.jpg,0.67315567,0.6161192
00048305.jpg,0.74794424,0.7816216
00055310.jpg,0.8209958,0.9080474
00051533.jpg,0.8345928,0.8546858
00043297.jpg,0.8214508,0.7987912
00056251.jpg,0.58330643,0.6589018
00024190.jpg,0.76213706,0.7896112
00055571.jpg,0.75995964,0.7437278
00017603.jpg,0.7461518,0.795762
00006923.jpg,0.55031115,0.6310596
n01514668_3668.jpg,0.8520573,0.85470086
00027768.jpg,0.666597,0.519623
00050197.jpg,0.95072776,0.8472826
00003161.jpg,0.83889765,0.9083368
00045077.jpg,0.70189935,0.735497
00017026.jpg,0.76513946,0.867787
sun_acecbesdnsqijtva.jpg,0.7217252,0.42222223
00007484.jpg,0.7779084,0.7513192
00050785.jpg,0.9553212,0.8507184
00030354.jpg,0.7584851,0.7503958
00043354.jpg,0.8312003,0.8319786
00018877.jpg,0.7334573,0.7075578
00016079.jpg,0.6857873,0.5869112
00032044.jpg,0.8448119,0.9148808
00017497.jpg,0.7781461,0.6435472
00039602.jpg,0.728642,0.7107142
00035072.jpg,0.8077799,0.952977
00031014.jpg,0.86173916,0.9055438
00009161.jpg,0.6449938,0.5055946
00023325.jpg,0.7961005,0.9025466
00001972.jpg,0.90520203,0.983166
00007130.jpg,0.72540605,0.7651348
n03670208_12964.jpg,0.8598986,0.875
00005951.jpg,0.7780175,0.7732726
00041380.jpg,0.7422167,0.799886
00009090.jpg,0.7615819,0.6980676
00008880.jpg,0.7712934,0.8246394
00044405.jpg,0.76708823,0.7470116
00050163.jpg,0.74618125,0.7532386
00039758.jpg,0.70570433,0.7319144
00048882.jpg,0.7820854,0.8289924
00012504.jpg,0.76079583,0.905356
00029110.jpg,0.5889652,0.6636442
00047743.jpg,0.71434844,0.6602382
000000489186.jpg,0.7776737,0.59183675
00044252.jpg,0.83993244,0.8544362
00054078.jpg,0.70625055,0.82496
00050993.jpg,0.75074905,0.7978024
000000422341.jpg,0.79852176,0.86206895
00003260.jpg,0.86830616,0.8445414
00025874.jpg,0.81045914,0.8153804
n02932891_28174.jpg,0.7049918,0.6847826
n04166281_6626.jpg,0.8273951,0.81578946
00020146.jpg,0.858724,0.9571434
00030474.jpg,0.66295016,0.6297082
00021666.jpg,0.80272233,0.8348442
00013758.jpg,0.8492668,0.7613064
00055644.jpg,0.7771081,0.6790086
00029869.jpg,0.75904405,0.791464
00005364.jpg,0.6988154,0.6248494
00037415.jpg,0.8885,0.8701668
00034259.jpg,0.58711565,0.555305
000000110697.jpg,0.9195851,0.92391306
00000372.jpg,0.68827844,0.5486888
00047099.jpg,0.7634347,0.6210918
00033052.jpg,0.95109093,0.951037
00021503.jpg,0.8935469,0.9033516
00027542.jpg,0.79356015,0.8212608
00013378.jpg,0.82348573,0.7412158
00001843.jpg,0.56423163,0.7135716
00053124.jpg,0.82158405,0.9056118
00015717.jpg,0.705624,0.6733542
00011546.jpg,0.81088674,0.9142758
00048515.jpg,0.8471978,0.8071868
000000088173.jpg,0.86163914,0.9130435
00002448.jpg,0.82208663,0.8962316
00030725.jpg,0.565892,0.6983484
00040152.jpg,0.7328443,0.7647626
b693aa62adfef666.jpg,0.781025,0.78688526
b1638dbd347d7993.jpg,0.81056607,0.85294116
n07711569_5653.jpg,0.9098319,0.9396552
00002253.jpg,0.68628085,0.696737
n02355227_7881.jpg,0.7354939,0.8469388
00003180.jpg,0.8050009,0.8907318
00011818.jpg,0.74205613,0.5528116
00037587.jpg,0.7793964,0.6123948
n00470966_4644.jpg,0.7801947,0.64705884
00005128.jpg,0.75264883,0.7371248
00013973.jpg,0.79755455,0.8652162
00001262.jpg,0.8067514,0.8468248
00050183.jpg,0.712981,0.5069486
00028707.jpg,0.7868053,0.716554
00042767.jpg,0.6706884,0.5911306
00017345.jpg,0.8489071,0.8701968
00012462.jpg,0.914473,0.9011868
00038415.jpg,0.71509945,0.6533682
00013013.jpg,0.72063243,0.7670536
00005605.jpg,0.9085659,0.8549372
00051875.jpg,0.68526155,0.61365
00033142.jpg,0.7888613,0.7631362
00044158.jpg,0.6351367,0.5941414
00016598.jpg,0.6102076,0.6433324
00026738.jpg,0.82251847,0.8438138
00042613.jpg,0.7266295,0.7032804
00008472.jpg,0.7876752,0.7487246
00049443.jpg,0.8643607,0.8657444
00018742.jpg,0.89575243,0.8884894
00047964.jpg,0.7594465,0.7425428
00024283.jpg,0.7040207,0.7931636
00057604.jpg,0.53992105,0.6241742
00017472.jpg,0.5836518,0.5832678
00040284.jpg,0.7258288,0.8199698
00025194.jpg,0.79249036,0.8419968
00007972.jpg,0.82531404,0.8577678
n02878222_37557.jpg,0.70320845,0.6413044
00017589.jpg,0.7424097,0.8918846
00030517.jpg,0.7038107,0.7097912
n09270735_19361.jpg,0.5854863,0.6732673
00050734.jpg,0.80529094,0.7965216
00014483.jpg,0.7691127,0.8451786
00043067.jpg,0.764983,0.7893652
00051934.jpg,0.67984235,0.5510704
00007059.jpg,0.856735,0.8667336
000000098871.jpg,0.78876233,0.84375
00015922.jpg,0.7969414,0.8148948
00006345.jpg,0.6645816,0.605736
00017100.jpg,0.6958751,0.689164
sun_ajnwquklxhjymhnh.jpg,0.5085007,0.42201835
00047278.jpg,0.70413744,0.5910112
00057013.jpg,0.75759286,0.826903
n03791053_12105.jpg,0.7859326,0.86206895
00003199.jpg,0.9027387,0.8931528
00009038.jpg,0.7249962,0.7868164
00046966.jpg,0.6993631,0.6208396
n07880968_2771.jpg,0.86646557,0.9507042
00018028.jpg,0.7202265,0.7867138
00016132.jpg,0.8167601,0.7674988
00048415.jpg,0.69490355,0.8002022
00041963.jpg,0.8901383,0.9254796
00004987.jpg,0.8108099,0.8290784
00025608.jpg,0.8075334,0.8458684
00021481.jpg,0.6808538,0.5463578
00031404.jpg,0.7237468,0.5646152
65be698e9bedbe8c.jpg,0.62888515,0.4488189
n03594945_8323.jpg,0.7315874,0.6727273
000000538844.jpg,0.7540752,0.8965517
n02946348_11568.jpg,0.7951361,0.79012346
000000451559.jpg,0.7597368,0.73493975
00019789.jpg,0.7458252,0.8108172
n07583197_1377.jpg,0.8232476,0.79545456
00032528.jpg,0.8794629,0.8874112
00007858.jpg,0.8049617,0.838851
00036256.jpg,0.71375114,0.7319354
00056272.jpg,0.8686279,0.666859
00053369.jpg,0.7919758,0.8475522
00002375.jpg,0.77006197,0.790785
00029522.jpg,0.5557496,0.6039182
n00439826_6812.jpg,0.79605913,0.8426966
00016500.jpg,0.7555052,0.84331
00024735.jpg,0.67022836,0.5934168
00037248.jpg,0.74323916,0.6926494
00033381.jpg,0.7354466,0.8311304
00022855.jpg,0.8302997,0.8532676
00008620.jpg,0.7766534,0.6083076
00048913.jpg,0.77284235,0.8819702
00025922.jpg,0.825227,0.8144348
00010521.jpg,0.75810516,0.9375898
00012927.jpg,0.6804434,0.7547544
00027048.jpg,0.90335757,0.9095482
00009083.jpg,0.8412299,0.8161492
00010648.jpg,0.73001873,0.7843774
00036969.jpg,0.49616453,0.5337804
00008184.jpg,0.6545082,0.7028526
00030089.jpg,0.63143766,0.5867478
00047683.jpg,0.7557714,0.8164144
00001675.jpg,0.7958399,0.8065316
00031194.jpg,0.7377895,0.7447328
00036610.jpg,0.7245878,0.7107902
00028144.jpg,0.8370595,0.7821798
00004966.jpg,0.8511324,0.8741088
00049045.jpg,0.53436977,0.5279284
00022199.jpg,0.77877176,0.730428
00003833.jpg,0.5636562,0.5885494
00040457.jpg,0.7622045,0.75989
00023753.jpg,0.71677494,0.6763076
00029346.jpg,0.8218765,0.7816438
00051749.jpg,0.76224005,0.8149122
00036258.jpg,0.75622094,0.651985
00034235.jpg,0.6836999,0.5781598
00024274.jpg,0.8556552,0.9091842
00013383.jpg,0.7628771,0.8029294
00016198.jpg,0.78508735,0.7452764
00023620.jpg,0.6551426,0.8201972
00005460.jpg,0.6769581,0.6307972
000000033633.jpg,0.80732095,0.94285715
00038524.jpg,0.7399877,0.6274208
00046378.jpg,0.68505996,0.708776
00052039.jpg,0.63430554,0.5576896
00013779.jpg,0.7846672,0.8202628
00046900.jpg,0.75328135,0.7557346
00039167.jpg,0.87805176,0.8784052
00011754.jpg,0.5642973,0.5987376
00024542.jpg,0.76160896,0.7901174
00052487.jpg,0.79260886,0.6881702
1c6f8910c177c94a.jpg,0.82177764,0.8369565
00022841.jpg,0.72924596,0.744335
00047650.jpg,0.6086047,0.6500882
00010320.jpg,0.83569896,0.8001626
00047556.jpg,0.6764946,0.625371
00055530.jpg,0.83172745,0.922499
00009452.jpg,0.8683604,0.864464
00020836.jpg,0.7382411,0.7234642
00005349.jpg,0.72350216,0.6544162
00024612.jpg,0.8112963,0.7993722
00056116.jpg,0.85180044,0.8093468
00036129.jpg,0.60186726,0.6998396
00053422.jpg,0.744159,0.7772028
00042619.jpg,0.8531147,0.7865592
00026421.jpg,0.5678374,0.6317698
00056330.jpg,0.8622219,0.8798328
00003323.jpg,0.82376194,0.8575902
n07574602_23014.jpg,0.74297106,0.60747665
00031060.jpg,0.85471153,0.916145
00020298.jpg,0.65767,0.8455436
00013432.jpg,0.88814306,0.8709348
00030995.jpg,0.8288115,0.7637754
00038598.jpg,0.7146112,0.7119052
00054169.jpg,0.8156877,0.8476286
00043077.jpg,0.72299075,0.800626
n07806221_24286.jpg,0.8089388,0.9032258
00054913.jpg,0.8374269,0.9077924
00009562.jpg,0.68684685,0.7783282
n03670208_5603.jpg,0.8857449,0.9266055
00050950.jpg,0.82435334,0.82035
00057187.jpg,0.7792062,0.8249298
00036192.jpg,0.748438,0.6664928
n02878222_6607.jpg,0.7731811,0.74698794
00047012.jpg,0.7131748,0.52613
00007192.jpg,0.6030465,0.651575
n07753592_14958.jpg,0.9218359,0.9369369
00003520.jpg,0.7752745,0.6341108
00043504.jpg,0.7437786,0.7930566
00036346.jpg,0.69882786,0.6581992
000000534036.jpg,0.75874054,0.7752809
00005539.jpg,0.8680676,0.8553564
00018548.jpg,0.8121749,0.7843104
00016632.jpg,0.656459,0.695703
00023288.jpg,0.75464773,0.7783374
00029693.jpg,0.8232446,0.7922182
9ff2f0382e09681f.jpg,0.82449186,0.8660714
00036632.jpg,0.68994296,0.6139298
00034479.jpg,0.731797,0.7264166
00001097.jpg,0.8052123,0.7739848
00035404.jpg,0.65856177,0.558579
00014196.jpg,0.5204991,0.5746252
00031802.jpg,0.7068755,0.8233718
00038245.jpg,0.78070384,0.7445004
000000115635.jpg,0.8177758,0.88
00032893.jpg,0.7963104,0.872672
00010430.jpg,0.82709855,0.6848476
00014810.jpg,0.8518132,0.940524
00029653.jpg,0.70577776,0.5473714
00032385.jpg,0.8488782,0.8789358
00010314.jpg,0.7386576,0.6703982
00051005.jpg,0.7815687,0.9395508
00016548.jpg,0.8340059,0.8899314
00003398.jpg,0.7939259,0.8248692
n00480993_11616.jpg,0.7857448,0.8090909
00034780.jpg,0.6273545,0.68905
00021276.jpg,0.91629755,0.9081854
00044843.jpg,0.80667377,0.8517664
00021595.jpg,0.7302803,0.8047714
00047281.jpg,0.80596054,0.7862028
n07717556_886.jpg,0.87571615,0.94949496
00037266.jpg,0.6976498,0.5918714
000000225731.jpg,0.83778477,0.88095236
00004984.jpg,0.6764443,0.6973424
00055573.jpg,0.8256165,0.8989132
00033406.jpg,0.56159604,0.5866486
00001464.jpg,0.8120637,0.9869446
00047539.jpg,0.5799748,0.648463
00034151.jpg,0.7069393,0.538644
00036886.jpg,0.809208,0.8159746
00018898.jpg,0.70293,0.7608344
00041337.jpg,0.76784337,0.7846972
00033675.jpg,0.7139555,0.7001936
00037722.jpg,0.5072752,0.5266592
n01514859_4910.jpg,0.7856258,0.8317757
00043266.jpg,0.7311712,0.7430756
00039694.jpg,0.78197277,0.8690756
00043002.jpg,0.6820607,0.7362712
00007367.jpg,0.69852734,0.5934002
00052302.jpg,0.6406631,0.7997872
00005110.jpg,0.6495662,0.7306934
00056586.jpg,0.63628,0.7518582
00018833.jpg,0.8474203,0.8597184
00041946.jpg,0.7508996,0.6981744
00003959.jpg,0.839913,0.8439842
c7664b0fa8cf14c0.jpg,0.63373595,0.60784316
00001193.jpg,0.8816509,0.8487468
00026988.jpg,0.7955272,0.9194206
sun_asmuwsqhwjdxgbnv.jpg,0.68088907,0.65555555
00015258.jpg,0.689955,0.66593
00033467.jpg,0.82179415,0.883847
00050643.jpg,0.86351234,0.8006172
n02793495_12207.jpg,0.7511488,0.82
00014625.jpg,0.6833947,0.6412352
00003268.jpg,0.8353603,0.91058
00003556.jpg,0.6959907,0.6946938
00048529.jpg,0.7649635,0.7978508
00014587.jpg,0.7093568,0.6710898
00007227.jpg,0.7003511,0.7275178
00039272.jpg,0.7804778,0.7467176
00005141.jpg,0.8626146,0.8810024
00021587.jpg,0.61999047,0.6649198
00002327.jpg,0.74767995,0.5884578
00012940.jpg,0.6646211,0.685523
00054631.jpg,0.82014686,0.8113804
00014005.jpg,0.5925356,0.6574412
00008293.jpg,0.79733837,0.81931
00013987.jpg,0.732034,0.6856312
00013562.jpg,0.78153145,0.7805128
00030865.jpg,0.7444223,0.6095818
00003935.jpg,0.82781506,0.866119
00048357.jpg,0.7320936,0.6121578
00027064.jpg,0.76686287,0.7767726
00029655.jpg,0.74256504,0.7457142
00004181.jpg,0.91608584,0.9463232
00003780.jpg,0.7210506,0.6415778
00023357.jpg,0.8157822,0.8817058
00038168.jpg,0.73264277,0.774237
n09393605_61672.jpg,0.70820934,0.7264151
00008262.jpg,0.63630694,0.745105
00044889.jpg,0.7087937,0.7066516
00055727.jpg,0.73411834,0.6567062
00021829.jpg,0.5969202,0.6804782
00030199.jpg,0.81734705,0.8507096
00021653.jpg,0.83760655,0.901698
00044556.jpg,0.6965417,0.6199072
00041577.jpg,0.82717866,0.731075
00056465.jpg,0.73112583,0.6988114
00052214.jpg,0.78571564,0.835155
00008582.jpg,0.93951833,0.978894
00016940.jpg,0.80512476,0.726985
00058488.jpg,0.94437367,0.8785346
00008820.jpg,0.76479185,0.840337
00034439.jpg,0.6922186,0.6652584
00050688.jpg,0.8154684,0.8667112
00016491.jpg,0.80657494,0.7201188
00051348.jpg,0.8160932,0.8574484
00022990.jpg,0.65861636,0.5594456
00021006.jpg,0.72151804,0.8327628
00011024.jpg,0.85198337,0.8387464
00040914.jpg,0.77523124,0.6999776
00003950.jpg,0.83692855,0.9652526
00041988.jpg,0.7550498,0.5817994
abc73b796c792656.jpg,0.85586613,0.8681319
000000484384.jpg,0.7440391,0.72477067
00050889.jpg,0.82656586,0.8304546
00044694.jpg,0.73733145,0.644629
00047801.jpg,0.8103466,0.910181
00032168.jpg,0.79315186,0.8325888
00021612.jpg,0.87621576,0.9041732
00036186.jpg,0.8133606,0.7907576
00036264.jpg,0.6347856,0.5711386
00034056.jpg,0.820081,0.7888052
00023018.jpg,0.77423877,0.6502416
00032312.jpg,0.7526682,0.7741824
00017602.jpg,0.5887503,0.5178168
00000576.jpg,0.86373645,0.8391544
00011620.jpg,0.87877595,0.8327876
00025775.jpg,0.7610348,0.8126702
00046720.jpg,0.71485764,0.717907
n04252077_3731.jpg,0.6558482,0.55454546
00034423.jpg,0.6575284,0.6291926
00009995.jpg,0.7902334,0.8927074
00042098.jpg,0.8030826,0.7979322
54401066098de1aa.jpg,0.47202736,0.30337077
00058517.jpg,0.8157177,0.9077194
00051744.jpg,0.71568507,0.5491438
00001145.jpg,0.77196234,0.8750526
00050809.jpg,1.0401624,0.931981
00046672.jpg,0.62324274,0.8198686
000000357386.jpg,0.7960485,0.76344085
00004603.jpg,0.78276575,0.668193
00016677.jpg,0.8133882,0.8757568
00034164.jpg,0.700404,0.8631602
00027020.jpg,0.7314857,0.7726474
00054621.jpg,0.77902055,0.8569544
00014351.jpg,0.79445153,0.831128
00011551.jpg,0.7793169,0.7449376
00008473.jpg,0.8566065,0.9071932
00016244.jpg,0.8217149,0.8309268
00022924.jpg,0.5938071,0.5935362
00017193.jpg,0.6703926,0.6318634
n09415671_19975.jpg,0.6915697,0.6761905
00010300.jpg,0.83049595,0.6789468
00007422.jpg,0.8279247,0.8924062
00003565.jpg,0.8033381,0.8093448
00012738.jpg,0.9585076,0.9250502
00008521.jpg,0.7732269,0.729511
000000504341.jpg,0.8445064,0.89320385
00012830.jpg,0.6912346,0.4313408
00056796.jpg,0.76447356,0.9070338
00001600.jpg,0.7109364,0.6896016
00040129.jpg,0.7303148,0.7734182
00057379.jpg,0.6882098,0.7769804
00003103.jpg,0.8136705,0.9597524
00044260.jpg,0.8117944,0.6959184
00051325.jpg,0.55691767,0.6091402
00015052.jpg,0.7611661,0.8257928
sun_bbvrdmjbnzoaqrmp.jpg,0.7391834,0.6630435
00031511.jpg,0.7879003,0.9117482
00044303.jpg,0.86833024,0.762031
00001808.jpg,0.76022005,0.689919
00046038.jpg,0.8358933,0.8475746
00014032.jpg,0.80230576,0.748667
00009726.jpg,0.8540759,0.9018044
00042281.jpg,0.80625314,0.841414
00024543.jpg,0.8518175,0.6268864
00019600.jpg,0.79299784,0.9151896
00023124.jpg,0.78099656,0.7105826
00057322.jpg,0.6336171,0.7286706
sun_ahksbkeqopdxmskp.jpg,0.5377915,0.4065934
00045052.jpg,0.728276,0.7590914
00001289.jpg,0.736406,0.8155578
00027873.jpg,0.78570056,0.847968
n00480993_13943.jpg,0.73796344,0.8269231
n02091831_1565.jpg,0.8007803,0.96428573
00030720.jpg,0.768013,0.8408268
00048225.jpg,0.70819986,0.6051976
000000150477.jpg,0.73290807,0.7307692
00003109.jpg,0.79990923,0.855602
00005073.jpg,0.77659005,0.804392
00009889.jpg,0.702074,0.6543742
00042492.jpg,0.77000105,0.7424664
00038886.jpg,0.7879576,0.840297
00022547.jpg,0.83631194,0.8624786
00016652.jpg,0.8384342,0.8560226
00018465.jpg,0.6443325,0.7484458
00055998.jpg,0.9089236,0.8245274
00053635.jpg,0.7698288,0.822114
00003617.jpg,0.81721705,0.8708412
00025446.jpg,0.7995931,0.7973672
00050663.jpg,0.8144872,0.808281
00017910.jpg,0.53913844,0.6245734
00003043.jpg,0.68460035,0.6261338
00056020.jpg,0.77164614,0.793686
00003359.jpg,0.78653395,0.7401468
n02396427_2484.jpg,0.8307176,0.81609195
00012699.jpg,0.88726187,0.7905762
000000039958.jpg,0.7034055,0.6666667
000000464871.jpg,0.84024096,0.8064516
00004594.jpg,0.75085443,0.864919
00051915.jpg,0.53108126,0.6185146
00025487.jpg,0.9684069,0.9369506
00015273.jpg,0.83538634,0.8172394
00013776.jpg,0.7486619,0.5821454
00009345.jpg,0.6491271,0.569045
n00480993_14248.jpg,0.7318778,0.7809524
00046685.jpg,0.7693378,0.7775096
00032535.jpg,0.7057929,0.8041812
00042542.jpg,0.7299553,0.7733006
00058225.jpg,0.79725814,0.8812664
00010426.jpg,0.84390765,0.8583616
00003913.jpg,0.78868526,0.7734512
00014672.jpg,0.84512067,0.893681
00058603.jpg,0.7635091,0.7273982
00000522.jpg,0.68116826,0.5855122
00044046.jpg,0.7590069,0.8757106
00048947.jpg,0.75963175,0.832449
00042502.jpg,0.7461307,0.7876176
00026835.jpg,0.5980093,0.4508522
00044237.jpg,0.8139057,0.6911976
00003380.jpg,0.8502198,0.9340938
00019334.jpg,0.55835557,0.5337356
000000519475.jpg,0.8184576,0.79569894
00019385.jpg,0.84676075,0.8100438
00037462.jpg,0.73111653,0.6868124
00026724.jpg,0.7378104,0.7335966
00012079.jpg,0.8154246,0.8663072
00057075.jpg,0.68315506,0.791534
00042748.jpg,0.6280856,0.5633078
n03791053_15334.jpg,0.8824931,0.91588783
00013607.jpg,0.63733387,0.6709444
00046157.jpg,0.59227294,0.6580088
00009654.jpg,0.72909504,0.6445508
00001419.jpg,0.83591115,0.9010968
00043669.jpg,0.769285,0.8361898
00003717.jpg,0.88735855,0.725163
00032356.jpg,0.9299418,0.9154728
00011814.jpg,0.8440901,0.7686552
n03790512_4715.jpg,0.81626177,0.7692308
00016541.jpg,0.70036525,0.7458564
00022393.jpg,0.8208319,0.8717596
00041432.jpg,0.7433107,0.587124
00019123.jpg,0.779402,0.7687108
00054583.jpg,0.91829836,0.9005372
00045909.jpg,0.76395243,0.7135436
00048588.jpg,0.77615637,0.7206262
00021839.jpg,0.7289256,0.5466128
00027612.jpg,0.6745666,0.7070984
00034538.jpg,0.8068614,0.79221
000000267797.jpg,0.75776345,0.625
00038570.jpg,0.77948207,0.799098
n07806221_23555.jpg,0.80268645,0.87628865
n07717556_1822.jpg,0.8736753,0.8556701
00026526.jpg,0.7536374,0.6772896
5064374c390ed632.jpg,0.55222595,0.58426964
00005916.jpg,0.75858057,0.60945
00020208.jpg,0.7553552,0.6200836
00020833.jpg,0.65335274,0.6624148
00037966.jpg,0.6952034,0.684134
00057142.jpg,0.6684971,0.6083192
00058057.jpg,0.80415374,0.8454242
00003090.jpg,0.799253,0.8892984
00039802.jpg,0.7517798,0.6760042
00002533.jpg,0.86005473,0.7914164
00055336.jpg,0.7351794,0.8592848
00043788.jpg,0.8019136,0.8213686
00035796.jpg,0.7086848,0.5678752
00004935.jpg,0.72106993,0.6928764
00038550.jpg,0.64046246,0.5102346
00052215.jpg,0.7848249,0.7263454
00044216.jpg,0.8404211,0.8349962
00051049.jpg,0.74837303,0.808489
00056281.jpg,0.72933936,0.6476156
00026609.jpg,0.70799077,0.8011358
00001443.jpg,0.7848705,0.7122392
00041061.jpg,0.8231881,0.827171
00050158.jpg,0.7638588,0.7319046
00020864.jpg,0.8071016,0.8103434
00027774.jpg,0.887889,0.7876182
00004665.jpg,0.76281536,0.7945454
00054813.jpg,0.7913116,0.7888938
00045442.jpg,0.741043,0.787857
00055747.jpg,0.68908775,0.6549514
00058253.jpg,0.5696931,0.7053714
00054303.jpg,0.7855105,0.7700306
00041321.jpg,0.83889604,0.8740412
00006234.jpg,0.7400917,0.7874916
00008847.jpg,0.7224151,0.6480788
00018384.jpg,0.7007639,0.5804328
00034118.jpg,0.72188115,0.9336678
n07720875_5449.jpg,0.80883425,0.90909094
00001907.jpg,0.7998252,0.840171
00007189.jpg,0.801204,0.8083038
00013313.jpg,0.49066666,0.633597
00017331.jpg,0.66531605,0.6440248
00043237.jpg,0.8637865,0.8454832
n07680932_7947.jpg,0.9022293,0.90384614
n07893642_25055.jpg,0.91467714,0.814433
00012900.jpg,0.80969846,0.8173236
00039925.jpg,0.62805897,0.63175
00056918.jpg,0.8082012,0.754815
00034142.jpg,0.5812142,0.5647044
00022285.jpg,0.77278745,0.8389082
00053996.jpg,0.58783454,0.664312
28461166e51f8217.jpg,0.8626819,0.85294116
24894a47677b09b4.jpg,0.8070817,0.83809525
n07680932_5574.jpg,0.91768986,0.83505154
n02355227_13518.jpg,0.81978744,0.9444444
00031062.jpg,0.7594619,0.9015252
00024627.jpg,0.950803,0.9465626
n02324045_14257.jpg,0.7824941,0.71428573
00006397.jpg,0.7419886,0.7287756
00047777.jpg,0.80394644,0.692615
00003772.jpg,0.85022223,0.8528048
00028343.jpg,0.7539343,0.5762128
00017396.jpg,0.8638729,0.8193518
00053031.jpg,0.77802944,0.745559
00006282.jpg,0.9074681,0.9228916
00005553.jpg,0.80431354,0.8086912
00011427.jpg,0.5673633,0.6620322
00049893.jpg,0.82638013,0.8308412
00041398.jpg,0.72400093,0.6471706
00036777.jpg,0.6245224,0.6922356
00048368.jpg,0.6701442,0.5395948
00050907.jpg,0.8737105,0.9421034
00048536.jpg,0.853032,0.9553624
00047720.jpg,0.7192617,0.6793574
00040447.jpg,0.82568,0.8675398
ab3255d92dfcb5ab.jpg,0.5683706,0.43
00045475.jpg,0.5611166,0.4843742
00022497.jpg,0.9121857,0.9120604
00057313.jpg,0.7678752,0.7665048
00023555.jpg,0.8638884,0.8691076
00019047.jpg,0.629497,0.4069918
00046456.jpg,0.8107548,0.7463978
00020883.jpg,0.5256574,0.5525154
00018822.jpg,0.73607624,0.6755
00007241.jpg,0.83796316,0.9385388
00017084.jpg,0.7764645,0.8335856
00012145.jpg,0.8308291,0.900895
00050978.jpg,0.8883154,0.8612348
00039673.jpg,0.66461825,0.697315
00056615.jpg,0.80095524,0.6557228
00053512.jpg,0.7354295,0.7373538
00051419.jpg,0.8079378,0.8913106
00019566.jpg,0.8061836,0.8825222
00012487.jpg,0.9698703,0.9453218
00035564.jpg,0.80411977,0.867306
00025787.jpg,0.75718296,0.7113664
00046662.jpg,0.7605483,0.8301008
00003181.jpg,0.7713579,0.6863832
00056053.jpg,0.6874335,0.7474084
00057769.jpg,0.8831153,0.8638248
00028158.jpg,0.60981125,0.5615644
00015262.jpg,0.7697797,0.887915
00011788.jpg,0.73841643,0.6325416
00020966.jpg,0.72484255,0.6981396
00016850.jpg,0.58655524,0.542425
00023952.jpg,0.7418188,0.8628312
00042005.jpg,0.78715587,0.8174252
00020765.jpg,0.5828013,0.6111782
00029862.jpg,0.8009475,0.7921962
n07716358_16986.jpg,0.8706461,0.90625
00006498.jpg,0.8139291,0.7581644
00009597.jpg,0.79238987,0.8350294
00030531.jpg,0.69184315,0.9010244
00033163.jpg,0.9359242,0.9478922
00047253.jpg,0.7851517,0.8049278
00010504.jpg,0.74795735,0.6335652
00017382.jpg,0.7559813,0.7842114
n04335435_5498.jpg,0.80656224,0.74444443
00003076.jpg,0.7453249,0.7061888
000000427888.jpg,0.83631307,0.75757575
00040308.jpg,0.70840013,0.8092862
00022710.jpg,0.7687283,0.8500796
00010651.jpg,0.8515342,0.8451572
00018920.jpg,0.5982948,0.6596352
00046956.jpg,0.74525774,0.7660322
00026890.jpg,0.8104069,0.8464572
00019375.jpg,0.7715567,0.705125
00047009.jpg,0.7589856,0.7627282
00035636.jpg,0.6227466,0.556668
00050722.jpg,0.8371021,0.8079386
00026009.jpg,0.7104128,0.7334224
00017914.jpg,0.856508,0.715233
00045624.jpg,0.68981385,0.6926474
00035627.jpg,0.7025119,0.7321922
00014881.jpg,0.8375788,0.9037064
00014777.jpg,0.586855,0.5843468
00055496.jpg,0.82748395,0.700119
00013582.jpg,0.90600824,0.9470028
00032399.jpg,0.78845704,0.890413
00004386.jpg,0.5974733,0.58897
n09393605_43491.jpg,0.550291,0.42222223
00054208.jpg,0.83724,0.6907818
00033240.jpg,0.84999424,0.8964468
00021822.jpg,0.815473,0.8456522
00003539.jpg,0.78015673,0.8101634
00014664.jpg,0.82924354,0.8586584
00032029.jpg,0.57920367,0.5938164
00056717.jpg,0.60624707,0.6265406
00020540.jpg,0.84914315,0.845022
00029046.jpg,0.8079776,0.770074
00015885.jpg,0.7530935,0.7675992
n07929519_38887.jpg,0.8297883,0.9310345
00002173.jpg,0.79777616,0.9156442
00025621.jpg,0.64226115,0.637695
00057559.jpg,0.80890316,0.8649462
00032943.jpg,0.80529445,0.8252748
00022947.jpg,0.85155284,0.9381998
n00471613_18279.jpg,0.81744665,0.67901236
00008626.jpg,0.86721087,0.7511386
n07849336_20531.jpg,0.84075654,0.9047619
00040065.jpg,0.7075099,0.792872
00008969.jpg,0.7979611,0.8228984
f70e2da87e3a08e5.jpg,0.8500537,0.80172414
00024442.jpg,0.79343426,0.732854
00051131.jpg,0.7900957,0.8644764
00018554.jpg,0.7849644,0.7864178
8825ee691220a1b4.jpg,0.82217216,0.8787879
00049153.jpg,0.821998,0.7518292
00052891.jpg,0.8669882,0.8931248
00025349.jpg,0.78122306,0.6582462
00047270.jpg,0.7271934,0.7642658
00009626.jpg,0.8005309,0.8054556
00016557.jpg,0.7952877,0.8230962
00056166.jpg,0.8749943,0.976328
00025527.jpg,0.75988436,0.824532
00036924.jpg,0.76865345,0.7207506
00002409.jpg,0.8042145,0.7086806
00037954.jpg,0.5889952,0.633001
00023814.jpg,0.79786444,0.8483048
n04465501_1257.jpg,0.7890711,0.7570093
00013773.jpg,0.7851453,0.827584
00007552.jpg,0.7805718,0.7209006
1ad03c0542449be2.jpg,0.78600395,0.7927928
00009217.jpg,0.6351978,0.6287246
00021881.jpg,0.74179244,0.6974096
00022701.jpg,0.73747575,0.565844
00022630.jpg,0.7790806,0.8369184
00044452.jpg,0.6281721,0.6479614
n03384352_1736.jpg,0.8101696,0.7160494
00044337.jpg,0.8145163,0.851826
000000489261.jpg,0.7341118,0.8072289
00012436.jpg,0.8773629,0.8779758
00002497.jpg,0.83436894,0.9358026
00015001.jpg,0.691496,0.7642356
00021095.jpg,0.87439364,0.8739856
n04461696_16043.jpg,0.79549986,0.7894737
00049487.jpg,0.86384976,0.7728702
n07574602_24646.jpg,0.8278197,0.91964287
00000060.jpg,0.8981447,0.7412774
00038878.jpg,0.8344243,0.839259
00057569.jpg,0.88182133,0.8915108
00043998.jpg,0.70436466,0.581132
00001144.jpg,0.6979245,0.6514536
00023156.jpg,0.7532085,0.6871724
000000058281.jpg,0.76350176,0.8969072
n04461696_15509.jpg,0.7469821,0.7641509
00000758.jpg,0.7810503,0.7070674
00013644.jpg,0.7748871,0.7312072
00013600.jpg,0.83757216,0.8881538
00039793.jpg,0.7814201,0.7087268
00033673.jpg,0.69090915,0.5751836
00012665.jpg,0.63112384,0.697383
sun_aliffdbpuityevxn.jpg,0.5556734,0.5346535
n02342885_11309.jpg,0.86144495,0.7345133
00007937.jpg,0.7420683,0.7959512
00049360.jpg,0.78938127,0.6486852
00013814.jpg,0.73452693,0.6182228
n07880968_6021.jpg,0.89555955,0.8943089
00010117.jpg,0.84066457,0.7946354
00014474.jpg,0.8494324,0.901503
00031350.jpg,0.84776187,0.8544212
n03541923_3913.jpg,0.83268046,0.84158415
00001991.jpg,0.8104521,0.853784
00047415.jpg,0.7671719,0.8058698
n04349306_2632.jpg,0.8016214,0.8378378
00020849.jpg,0.7129793,0.5678322
00040604.jpg,0.64835405,0.521827
sun_avkfkuagzulwurbc.jpg,0.55385286,0.61165047
00019516.jpg,0.7654507,0.895648
n07711569_4200.jpg,0.84770024,0.7802198
00029151.jpg,0.86507666,0.9249804
00012820.jpg,0.7491292,0.675385
00053732.jpg,0.665193,0.4990346
00043436.jpg,0.64309895,0.5886132
293f56dc17a59733.jpg,0.7089561,0.74285716
00051195.jpg,0.7978594,0.748045
00030884.jpg,0.7683248,0.8125326
00034578.jpg,0.7725228,0.8282722
00003506.jpg,0.6918845,0.6502454
00017135.jpg,0.8352398,0.8272912
00029885.jpg,0.78792465,0.8185686
00042194.jpg,0.49697414,0.4932806
00012171.jpg,0.78473127,0.7674896
00028660.jpg,0.7015342,0.694862
00042661.jpg,0.7826555,0.7126994
00017460.jpg,0.7764143,0.6828602
00042367.jpg,0.70792675,0.7372814
000000196212.jpg,0.7863531,0.6436782
03f74f6c5682c786.jpg,0.8170891,0.7777778
n02332755_8679.jpg,0.8222048,0.8584906
00023270.jpg,0.7173152,0.794001
00046556.jpg,0.71852314,0.7051574
00025188.jpg,0.91230017,0.781674
00055320.jpg,0.850412,0.872063
00023399.jpg,0.9010186,0.8187282
00044552.jpg,0.73130727,0.6512224
00003049.jpg,0.69354475,0.6697254
da47f61e1f5a7927.jpg,0.7681027,0.80833334
sun_avipgcjbbnedfqla.jpg,0.6017976,0.5638298
00037017.jpg,0.7689877,0.7827816
00032180.jpg,0.84871554,0.8542742
00049594.jpg,0.8635934,0.8183398
00013804.jpg,0.8637162,0.8782644
00012867.jpg,0.71719897,0.671319
00032278.jpg,0.7997892,0.7608288
00051356.jpg,0.8644159,0.9279394
00025666.jpg,0.87561655,0.885812
00057563.jpg,0.7980843,0.6732936
00020304.jpg,0.72513855,0.7530772
00000049.jpg,0.7367259,0.6749348
00045005.jpg,0.78598213,0.8309536
e40c9760d612b7b9.jpg,0.773505,0.8125
00000160.jpg,0.5622076,0.6693912
00022875.jpg,0.8222951,0.7583332
00041483.jpg,0.6599263,0.707113
00008427.jpg,0.74556243,0.8154798
00036808.jpg,0.7400129,0.766418
00013850.jpg,0.6939785,0.724569
63de2458b37d8c78.jpg,0.77471787,0.7755102
00025950.jpg,0.61651266,0.7018616
00054394.jpg,0.87995934,0.831136
00024875.jpg,0.8121238,0.731071
00054511.jpg,0.56928104,0.5904432
00006903.jpg,0.8673598,0.8859802
00017218.jpg,0.7540891,0.810089
00044599.jpg,0.8121061,0.8962446
00040327.jpg,0.7992688,0.7676604
00028514.jpg,0.8261062,0.8272214
00024518.jpg,0.85603875,0.8947822
00045264.jpg,0.7632984,0.716768
00047558.jpg,0.69565904,0.770619
00056696.jpg,0.58999604,0.5241304
00015641.jpg,0.7903224,0.8157692
00022119.jpg,0.84056485,0.8619872
00048238.jpg,0.7279512,0.7347184
00026697.jpg,0.88697946,0.9331392
00034058.jpg,0.5260357,0.558758
00003502.jpg,0.95378566,0.9577332
000000095292.jpg,0.80933595,0.8727273
n04349306_3389.jpg,0.8229333,0.85365856
00030044.jpg,0.5941701,0.6336284
00006223.jpg,0.810807,0.6528704
00039814.jpg,0.6489504,0.7400852
00006071.jpg,0.88128495,0.8141126
00002323.jpg,0.860567,0.9297
00020161.jpg,0.5678839,0.5460526
00022967.jpg,0.8120727,0.878147
00054238.jpg,0.7724452,0.7386208
00040513.jpg,0.76216644,0.8448788
00043414.jpg,0.7627249,0.8756106
00047525.jpg,0.7300364,0.7122706
00047180.jpg,0.75777745,0.7649518
00004852.jpg,0.69842386,0.5006826
00054753.jpg,0.8703208,0.8081084
00045459.jpg,0.77153,0.7485304
00058177.jpg,0.7349364,0.7708598
00046432.jpg,0.65140927,0.7393712
00015938.jpg,0.7191553,0.856698
00020072.jpg,0.9158972,0.8308906
00008691.jpg,0.78014016,0.7501084
00025562.jpg,0.76564,0.7370202
00050835.jpg,0.8029944,0.8877982
n02342885_595.jpg,0.85244155,0.8857143
00034385.jpg,0.75367016,0.7532194
00058467.jpg,0.5356563,0.7796754
00017016.jpg,0.73047376,0.8484716
00050478.jpg,0.8755781,0.8879368
00007543.jpg,0.46243227,0.5936814
n02129165_7729.jpg,0.8043379,0.83928573
00018380.jpg,0.79539627,0.8181002
00028404.jpg,0.55605847,0.6381076
00001235.jpg,0.8085035,0.7955038
00012748.jpg,0.77933323,0.871989
00039309.jpg,0.7190025,0.6936486
00026621.jpg,0.74929315,0.6607188
n07583197_6873.jpg,0.82831854,0.85714287
00011762.jpg,0.7840364,0.9032858
00011080.jpg,0.70824575,0.7692858
00003741.jpg,0.77291876,0.7636822
00013283.jpg,0.62681663,0.5841654
n02396427_23155.jpg,0.86632603,0.84347826
00006872.jpg,0.8669164,0.853712
000000064283.jpg,0.747003,0.77678573
00038767.jpg,0.75671005,0.716661
00017854.jpg,0.93258333,0.9729168
n04461696_4867.jpg,0.7676581,0.7613636
00024983.jpg,0.7754263,0.6445816
00026739.jpg,0.81747437,0.873589
00026488.jpg,0.8118815,0.8012234
00024997.jpg,0.8952391,0.8104652
00049992.jpg,0.70154774,0.933158
00058539.jpg,0.74838454,0.760587
00055783.jpg,0.8739785,0.7882302
00014412.jpg,0.72952366,0.8171208
00005999.jpg,0.84948146,0.905586
n07720875_3911.jpg,0.9096425,0.9009009
00052874.jpg,0.84625083,0.8600366
00037553.jpg,0.55853736,0.6067178
00040763.jpg,0.734017,0.6981986
00029465.jpg,0.7486831,0.785246
00024141.jpg,0.77490866,0.7766582
00057678.jpg,0.9259505,0.9525692
n02878222_6102.jpg,0.7703416,0.79787236
00024826.jpg,0.71344495,0.7765236
00016800.jpg,0.57274145,0.5054296
00005207.jpg,0.80070096,0.8479638
00054944.jpg,0.8786958,0.973683
00040631.jpg,0.7077536,0.6082754
00000714.jpg,0.6756615,0.7588516
00006437.jpg,0.8135671,0.8635814
n02450034_14229.jpg,0.7561423,0.7346939
00015189.jpg,0.95503783,0.9953488
00000108.jpg,0.73671424,0.6210682
n04349306_2769.jpg,0.80978787,0.8301887
00038656.jpg,0.59430695,0.6020142
00011851.jpg,0.73384,0.7294244
n03512147_38622.jpg,0.7653405,0.7876106
00056313.jpg,0.6329509,0.6938828
00001797.jpg,0.8235769,0.8800436
00039353.jpg,0.6796979,0.5739602
00005797.jpg,0.73696196,0.781503
00023879.jpg,0.7332899,0.7396468
n04335435_4237.jpg,0.78978133,0.75238097
00015855.jpg,0.80112886,0.850224
n03541923_2920.jpg,0.85266817,0.8545455
00049881.jpg,0.629027,0.5238606
00022185.jpg,0.83648485,0.8368398
00036341.jpg,0.6492444,0.7111556
00022676.jpg,0.6967781,0.6306816
00023402.jpg,0.8673556,0.930431
00055752.jpg,0.67639714,0.6074362
00056809.jpg,0.75420094,0.8294358
00004130.jpg,0.7378142,0.6774012
00012183.jpg,0.5352545,0.5929452
00024256.jpg,0.79472333,0.781636
00010833.jpg,0.6212868,0.6507792
n07838073_21589.jpg,0.7681749,0.8347826
00025300.jpg,0.7163627,0.7487474
00050563.jpg,0.84923494,0.8180064
00017235.jpg,0.81452435,0.7895056
00043991.jpg,0.62481326,0.6516366
00039739.jpg,0.54520804,0.6524274
00032463.jpg,0.66479486,0.708871
00023202.jpg,0.7868438,0.8463856
00004795.jpg,0.7786924,0.8218652
n09303008_22269.jpg,0.4478218,0.42574257
00055889.jpg,0.8879395,0.847853
00018096.jpg,0.73033273,0.7126032
00023667.jpg,0.75415313,0.6945492
00046306.jpg,0.69634867,0.7433636
00032683.jpg,0.64386576,0.6705646
00053462.jpg,0.8574281,0.8308572
00043793.jpg,0.8277849,0.8188156
00053692.jpg,0.64461994,0.5312684
00034476.jpg,0.701615,0.75273
n07717556_7129.jpg,0.91113985,0.8769231
00052356.jpg,0.8280859,0.8830212
00024108.jpg,0.8701909,0.8633882
00017251.jpg,0.751794,0.822963
00051984.jpg,0.79017663,0.7669274
00053264.jpg,0.7900299,0.7250264
00029129.jpg,0.88655347,0.8237846
00024392.jpg,0.7587069,0.7395236
00001468.jpg,0.9576129,0.9406354
00020946.jpg,0.7748986,0.7300448
00005567.jpg,0.78942686,0.9094978
00011065.jpg,0.7593437,0.857687
00005344.jpg,0.7402138,0.7325814
00053826.jpg,0.73288924,0.7380614
00049708.jpg,0.83407754,0.8885164
00013076.jpg,0.8018374,0.7357204
00042807.jpg,0.76847947,0.8291308
00000647.jpg,0.7264281,0.7527426
00009758.jpg,0.7963737,0.8202254
00024887.jpg,0.88022786,0.942368
00031785.jpg,0.80157864,0.7682126
00038129.jpg,0.7559167,0.7760838
00008300.jpg,0.8133411,0.8539266
00039155.jpg,0.8156737,0.8296818
00024111.jpg,0.8194554,0.9004132
00016914.jpg,0.78638655,0.5275864
00055507.jpg,0.70928705,0.786451
00045661.jpg,0.6657965,0.6268594
00020320.jpg,0.89670026,0.917035
sun_bzmowxxstqyyqvns.jpg,0.75377274,0.7358491
00025622.jpg,0.7261153,0.7737424
sun_bxnhrgjqjqemdrij.jpg,0.6429367,0.6442308
00014831.jpg,0.5818253,0.4453224
00017678.jpg,0.63221526,0.5476248
00040304.jpg,0.732831,0.706111
00029378.jpg,0.56387526,0.6399626
00040626.jpg,0.7905015,0.8604198
00039331.jpg,0.72350913,0.616775
00009599.jpg,0.6963606,0.6787284
n02932891_9877.jpg,0.6177158,0.58878505
sun_arhsuyqmegcknown.jpg,0.60568523,0.62886596
00031221.jpg,0.89129066,0.8854972
n07574602_26891.jpg,0.7908353,0.93203884
00032245.jpg,0.83058333,0.866191
n00480993_2019.jpg,0.74826896,0.71428573
n00464894_15473.jpg,0.8312033,0.85714287
00018176.jpg,0.7935834,0.6839956
107a6a75b9ff7593.jpg,0.48427516,0.56122446
00046444.jpg,0.7285378,0.8526296
00053547.jpg,0.7672821,0.9076578
00034909.jpg,0.6243129,0.6688198
00012155.jpg,0.8234527,0.8804492
00045219.jpg,0.7690915,0.698738
00037214.jpg,0.8019353,0.8440562
00017829.jpg,0.80839896,0.7600916
00042450.jpg,0.7190259,0.6974586
00007679.jpg,0.76753175,0.8055372
00025706.jpg,0.7807589,0.7395712
00033229.jpg,0.8185383,0.8749968
00018325.jpg,0.6488193,0.769136
00010829.jpg,0.80954504,0.8520998
00035713.jpg,0.80509263,0.9063256
00023938.jpg,0.7135946,0.7256902
00056743.jpg,0.7262099,0.7416868
n07717556_5489.jpg,0.8962588,0.82857144
00006388.jpg,0.7200973,0.7349086
00043964.jpg,0.85213566,0.8695098
00043726.jpg,0.75277984,0.8197684
00044840.jpg,0.7741463,0.8153366
n07849336_32099.jpg,0.839368,0.8761905
00047211.jpg,0.72711843,0.7582852
00003886.jpg,0.738686,0.7872224
00041490.jpg,0.68585443,0.7654188
00047467.jpg,0.7009169,0.6936188
00023991.jpg,0.80865616,0.8030402
00011748.jpg,0.7735596,0.8747904
00051030.jpg,0.8177544,0.859528
00022689.jpg,0.7646809,0.8077942
b040a3d19b807114.jpg,0.836549,0.75961536
00057124.jpg,0.9532043,0.9712838
00024691.jpg,0.80722106,0.8241078
00001668.jpg,0.9414396,0.8575546
00017874.jpg,0.52233446,0.58854
n00464894_10033.jpg,0.79705423,0.83516484
00009502.jpg,0.8748627,0.9186724
00058411.jpg,0.5477069,0.5564196
00032018.jpg,0.7998913,0.7535714
00044777.jpg,0.7607919,0.7576558
n07654148_15593.jpg,0.8981167,0.90909094
00027032.jpg,0.88213575,0.8642932
00005250.jpg,0.8412509,0.7219072
00006451.jpg,0.8839309,0.88518
n07863374_15554.jpg,0.853913,0.82
00050902.jpg,0.8307388,0.737791
00011209.jpg,0.6461259,0.737799
00055604.jpg,0.85534996,0.8737456
00042380.jpg,0.7249094,0.558521
00016783.jpg,0.8540226,0.9218074
00058133.jpg,0.581703,0.410087
00043372.jpg,0.75874907,0.809005
00018454.jpg,0.87626576,0.902801
00052422.jpg,0.75355786,0.9268912
00038982.jpg,0.87623334,0.9348366
00013870.jpg,0.8289511,0.7817876
00055887.jpg,0.7931719,0.765184
00013422.jpg,0.71950877,0.6735586
00048067.jpg,0.80997205,0.771968
00053370.jpg,0.75793123,0.6857328
n02129165_992.jpg,0.8343398,0.82857144
00015919.jpg,0.814546,0.874562
00010804.jpg,0.8125686,0.8031232
00049195.jpg,0.81225926,0.8597434
00023889.jpg,0.7819525,0.8393154
n04461696_2750.jpg,0.8168375,0.7920792
00012236.jpg,0.7998362,0.7958432
n01811909_13494.jpg,0.72427934,0.78494626
00023115.jpg,0.77204657,0.7953018
n04349306_4699.jpg,0.8551509,0.8942308
00035754.jpg,0.5931442,0.5659996
00058689.jpg,0.90531516,0.939202
00002357.jpg,0.7573642,0.7448734
00058360.jpg,0.86351436,0.8404956
00050854.jpg,0.76108027,0.8011684
00021543.jpg,0.76595414,0.8333714
00042858.jpg,0.7706845,0.7018718
00032603.jpg,0.8554573,0.9433846
00041506.jpg,0.7317907,0.6734144
00017873.jpg,0.73807937,0.700968
00046803.jpg,0.80130786,0.6463384
b295ce363a6fc653.jpg,0.853596,0.8
00035913.jpg,0.7469835,0.8267958
00001452.jpg,0.88620716,0.8721054
00051559.jpg,0.68564737,0.665333
00030478.jpg,0.77973336,0.7866336
00011969.jpg,0.75122654,0.6143246
00003964.jpg,0.82447296,0.7717186
00037534.jpg,0.6691388,0.517616
00041703.jpg,0.71845454,0.6891626
00055583.jpg,0.9071399,0.9085782
00032514.jpg,0.8493804,0.874659
n02129165_17467.jpg,0.8576391,0.8557692
00026830.jpg,0.82162386,0.8914296
00041929.jpg,0.81567204,0.861276
00040386.jpg,0.7581384,0.5841838
00029483.jpg,0.7256282,0.6425986
00048957.jpg,0.73794425,0.6965962
00051440.jpg,0.784763,0.8028438
00040072.jpg,0.78151834,0.7957594
00056687.jpg,0.74551797,0.6368424
00047301.jpg,0.8457922,0.8878276
00022070.jpg,0.78110504,0.8485082
00035036.jpg,0.698147,0.6081794
00033727.jpg,0.8412044,0.7928522
00017502.jpg,0.768293,0.7730046
00052869.jpg,0.8086706,0.7971254
00052340.jpg,0.8678911,0.8813798
00053527.jpg,0.7565148,0.7565228
00050181.jpg,0.84198767,0.9120428
00002723.jpg,0.9066491,0.8718222
00008750.jpg,0.8352557,0.915214
00019816.jpg,0.7933253,0.8234842
00007253.jpg,0.7939416,0.7172772
00000158.jpg,0.8935734,0.9190804
n03512147_4639.jpg,0.75501585,0.75555557
00023764.jpg,0.71869385,0.7239564
00011000.jpg,0.8590386,0.6206948
00021625.jpg,0.81693494,0.8447716
00012653.jpg,0.9675926,0.826873
00048501.jpg,0.7503605,0.839419
00011895.jpg,0.8542214,0.9273118
00023363.jpg,0.83704174,0.8533958
00015448.jpg,0.91295874,0.8246118
00007430.jpg,0.5187022,0.4505812
0d491b770c084be9.jpg,0.7822841,0.6633663
00050956.jpg,0.7239877,0.7500444
00010239.jpg,0.72570026,0.6363042
n04335435_10496.jpg,0.75939256,0.8
00018567.jpg,0.85509306,0.8672376
00003861.jpg,0.7793843,0.8205844
00054530.jpg,0.80284876,0.8223584
00048474.jpg,0.75926745,0.8276062
00016332.jpg,0.6719158,0.668831
00042124.jpg,0.73461294,0.8016188
00054893.jpg,0.768651,0.8078546
00035186.jpg,0.55177605,0.707258
00055548.jpg,0.7826261,0.7480354
00017962.jpg,0.792734,0.7972446
00035872.jpg,0.63373697,0.6859148
00039575.jpg,0.7172015,0.7107796
n04166281_3944.jpg,0.75427985,0.7244898
00056609.jpg,0.6962141,0.822999
00048088.jpg,0.6550416,0.4491516
00028703.jpg,0.60235715,0.5546818
00013488.jpg,0.683039,0.752213
00052459.jpg,0.83022016,0.7926668
433a75b557ea66fc.jpg,0.58929217,0.4827586
n02324045_32742.jpg,0.8052037,0.8131868
00056623.jpg,0.7608716,0.8007006
00003016.jpg,0.7499918,0.7984942
sun_axsxcmrepgxeeyxh.jpg,0.7246933,0.78409094
00032966.jpg,0.719051,0.5819192
00002931.jpg,0.75857675,0.7129522
00032230.jpg,0.79824114,0.9064164
00044204.jpg,0.68602395,0.6423838
00047994.jpg,0.65804803,0.6777778
00012340.jpg,0.71109235,0.7113948
00049359.jpg,0.8429414,0.888099
000000043494.jpg,0.8743334,0.9139785
00021786.jpg,0.8941756,0.8775842
n04166281_927.jpg,0.7308208,0.74444443
00047857.jpg,0.7474785,0.6717052
00046289.jpg,0.81225055,0.8891214
00056872.jpg,0.75017995,0.7876586
00008348.jpg,0.60955447,0.4754624
00008297.jpg,0.69058454,0.6938046
00016139.jpg,0.7882512,0.6947876
00046310.jpg,0.7996066,0.7397244
00013150.jpg,0.7068466,0.7602734
00025826.jpg,0.86578196,0.952529
6561119d57be1bad.jpg,0.6361147,0.6111111
00033195.jpg,0.7527286,0.8067394
00025471.jpg,0.68270046,0.7043382
2fd91d447d744038.jpg,0.8530508,0.83809525
00047752.jpg,0.72625625,0.725112
00010791.jpg,0.6898688,0.6556062
00012689.jpg,0.75864494,0.6155188
00051061.jpg,0.7400439,0.616585
00037999.jpg,0.7346772,0.7147392
00006960.jpg,0.8252021,0.8763248
00041367.jpg,0.8073523,0.765927
00004596.jpg,0.88307846,0.8692636
00042445.jpg,0.79634345,0.7801392
00031387.jpg,0.8007996,0.803885
00041635.jpg,0.8457303,0.8628384
00024883.jpg,0.77693456,0.6243996
00040746.jpg,0.75462925,0.8033736
00033909.jpg,0.64851046,0.643308
00013455.jpg,0.8087325,0.7162026
00032027.jpg,0.9389047,0.9841446
00007312.jpg,0.8856593,0.8688926
00053912.jpg,0.76960987,0.8494484
n09472597_15189.jpg,0.67768764,0.6857143
n09472597_34952.jpg,0.72960705,0.7093023
00019327.jpg,0.77987146,0.8816518
00022777.jpg,0.86347127,0.8713674
00041531.jpg,0.7173102,0.7639246
00046667.jpg,0.95381117,0.899718
00037225.jpg,0.6750668,0.6685
00042794.jpg,0.77990216,0.8262624
n02946348_17198.jpg,0.72472787,0.8333333
00056066.jpg,0.837811,0.7935392
00029915.jpg,0.8242565,0.6309638
00003224.jpg,0.77858865,0.835443
00012057.jpg,0.83540964,0.815969
00017519.jpg,0.7150472,0.7794016
00016681.jpg,0.8002639,0.9293712
00036150.jpg,0.75171477,0.7824254
00030887.jpg,0.7679158,0.7778954
00021883.jpg,0.5789179,0.5452378
00022805.jpg,0.74572444,0.8198886
00036568.jpg,0.77460825,0.7994492
00055321.jpg,0.762444,0.820835
00038870.jpg,0.7691786,0.776879
00012273.jpg,0.74243295,0.5396552
00023865.jpg,0.78754,0.7160704
000000458153.jpg,0.8372606,0.78846157
00020070.jpg,0.7327988,0.6568442
00019989.jpg,0.84829485,0.8052264
00051448.jpg,0.7003891,0.6490478
n02924116_5979.jpg,0.8184911,0.8913044
00041450.jpg,0.7921567,0.7920018
00025295.jpg,0.82205415,0.7874436
00012286.jpg,0.810614,0.8988866
00022075.jpg,0.5786636,0.6305594
n01811909_7814.jpg,0.7271414,0.8064516
00023142.jpg,0.8146848,0.8573034
n02355227_14797.jpg,0.8622925,0.8947368
00030950.jpg,0.89536196,0.8627488
00032277.jpg,0.7851208,0.6355906
00005749.jpg,0.8522498,0.819731
00006212.jpg,0.6992333,0.8194102
00044112.jpg,0.7725371,0.7552196
00039193.jpg,0.78655696,0.7426318
00038230.jpg,0.6755159,0.7245662
00037661.jpg,0.7351563,0.8002366
00042759.jpg,0.7549583,0.7768978
00021044.jpg,0.8257884,0.8145808
00048735.jpg,0.83957237,0.9562134
00055384.jpg,0.9283,0.755391
00022587.jpg,0.86675256,0.9739272
n07880968_2005.jpg,0.9015089,0.90588236
00056622.jpg,0.6297191,0.6351474
n07753592_708.jpg,0.95523995,0.91358024
00005603.jpg,0.8536384,0.6921214
00003568.jpg,0.7875216,0.7719618
n00470966_24329.jpg,0.7646744,0.79130435
00017093.jpg,0.75085926,0.8730622
00035340.jpg,0.7217792,0.5993708
00050913.jpg,0.83197606,0.7200674
00024277.jpg,0.8233715,0.8699548
00022107.jpg,0.7829083,0.8215812
00007278.jpg,0.66162825,0.9003854
00051446.jpg,0.6168313,0.5905868
n09468604_71480.jpg,0.5455886,0.66019416
00058527.jpg,0.7059338,0.7849768
00026849.jpg,0.78269804,0.8625768
00056128.jpg,0.70498323,0.6526688
00052444.jpg,0.8695859,0.8675254
00051104.jpg,0.8769536,0.8292956
00031939.jpg,0.6833762,0.7020824
00023109.jpg,0.6293776,0.6086402
00031414.jpg,0.6710939,0.7492364
00057560.jpg,0.72122055,0.7649986
00025122.jpg,0.76053005,0.5902576
00045675.jpg,0.75166637,0.7448824
00043029.jpg,0.68290794,0.7206808
00026506.jpg,0.6466581,0.7051686
00009362.jpg,0.5493963,0.5473848
00041046.jpg,0.68087906,0.7085394
00046743.jpg,0.6507182,0.660536
00041774.jpg,0.6918927,0.6895336
00046134.jpg,0.79937917,0.7989534
00030414.jpg,0.71946275,0.7835776
00054462.jpg,0.7392825,0.802761
n02355227_13981.jpg,0.7974097,0.8363636
00033531.jpg,0.82080305,0.7750732
00005517.jpg,0.7956064,0.8625162
00047265.jpg,0.74421334,0.5802478
00055584.jpg,0.67750084,0.6612548
000000551602.jpg,0.7713098,0.76229507
00045699.jpg,0.69014835,0.70424
00041605.jpg,0.7424559,0.7414744
00045898.jpg,0.7294996,0.6565824
00050308.jpg,0.78850585,0.8832508
00040952.jpg,0.7575028,0.766012
00002511.jpg,0.70175123,0.668315
00055526.jpg,0.6103058,0.598453
00051497.jpg,0.53663826,0.5568696
00039485.jpg,0.6654295,0.7683056
00057155.jpg,0.6941986,0.8054766
00047104.jpg,0.735157,0.7036328
00028241.jpg,0.7536998,0.7522022
00052813.jpg,0.64033514,0.6775798
00028919.jpg,0.83593947,0.756351
00024116.jpg,0.7857151,0.8746738
00030883.jpg,0.81216216,0.8031718
00030430.jpg,0.8644259,0.9126196
00024664.jpg,0.82513,0.9204536
00027789.jpg,0.6831921,0.7382694
00006373.jpg,0.62041056,0.5470262
00045777.jpg,0.85208035,0.8483688
00019687.jpg,0.638081,0.867348
00023069.jpg,0.6599802,0.5956858
00021432.jpg,0.8446569,0.9112616
888013ce63acbff2.jpg,0.7198925,0.47524753
00012726.jpg,0.57694834,0.6701414
00023268.jpg,0.6634969,0.7023808
00045093.jpg,0.7535708,0.7075244
00058125.jpg,0.74271613,0.7731076
00013515.jpg,0.4969086,0.5834234
00006454.jpg,0.71647483,0.4768254
00052362.jpg,0.7169085,0.8164654
00026266.jpg,0.6212327,0.6932404
000000352129.jpg,0.80527127,0.9375
00000483.jpg,0.7720904,0.865153
00006015.jpg,0.7883241,0.6844932
00021671.jpg,0.8166286,0.8086516
00022459.jpg,0.80014354,0.838618
n00468480_9567.jpg,0.8025298,0.5943396
00045967.jpg,0.8194442,0.6992608
00018638.jpg,0.61479366,0.4725858
00019437.jpg,0.766104,0.688689
00004050.jpg,0.8039763,0.8292288
00030102.jpg,0.663628,0.6753094
00011128.jpg,0.87572145,0.9556444
00054940.jpg,0.8150208,0.9239772
00005183.jpg,0.6582016,0.7704328
00026172.jpg,0.7565648,0.8258178
00054559.jpg,0.880437,0.881499
00050964.jpg,0.7841553,0.7691816
00001581.jpg,0.9065801,0.8829446
sun_agudaktqbpkgxxhn.jpg,0.5772862,0.59
00007256.jpg,0.66731554,0.3629954
00011772.jpg,0.5863976,0.6214716
00051845.jpg,0.6448994,0.5904806
00007329.jpg,0.7757369,0.846831
00012722.jpg,0.76085305,0.7345642
00000089.jpg,0.7884176,0.8786262
e50549734a1a3d6d.jpg,0.8712729,0.7685185
00043542.jpg,0.61858153,0.650693
00055521.jpg,0.8123853,0.9035162
00029651.jpg,0.7731915,0.8479422
7886910e6c81bc85.jpg,0.77455807,0.7307692
00025016.jpg,0.7396089,0.778605
00013199.jpg,0.72765243,0.6761128
000000052282.jpg,0.7450125,0.86021507
n02332755_7916.jpg,0.71195287,0.6090909
00058432.jpg,0.875068,0.926867
00028648.jpg,0.67976993,0.556919
00039315.jpg,0.8011315,0.8050846
00027243.jpg,0.88749737,0.8512704
000000207509.jpg,0.86158204,0.9484536
00048036.jpg,0.80280006,0.8508698
00047417.jpg,0.6603999,0.60794
00029138.jpg,0.6739799,0.5594318
00021436.jpg,0.8393806,0.6962966
00013751.jpg,0.61821544,0.6934678
00044454.jpg,0.74526113,0.7601916
00040122.jpg,0.7823636,0.7981292
00050353.jpg,0.83643305,0.8723942
00045013.jpg,0.7295493,0.6634686
n09393605_67108.jpg,0.5158528,0.51111114
00004698.jpg,0.8799275,0.8705316
00038175.jpg,0.7262795,0.5524912
000000302582.jpg,0.74884313,0.63461536
00029746.jpg,0.69992596,0.5752154
00024286.jpg,0.5956695,0.5319346
00042718.jpg,0.77237535,0.7329576
n07717556_4615.jpg,0.8849182,0.9166667
00026799.jpg,0.7416868,0.8625404
00049356.jpg,0.85957855,0.858515
00034087.jpg,0.77380943,0.8371056
00012729.jpg,0.8315505,0.9160412
00025192.jpg,0.8463118,0.8956838
00000869.jpg,0.86396223,0.9088194
n07679356_29552.jpg,0.84488416,0.8828829
00046759.jpg,0.8260618,0.7614836
00017536.jpg,0.7027966,0.7352648
00030090.jpg,0.8505143,0.8885654
00000619.jpg,0.60980874,0.537128
00045125.jpg,0.783711,0.7531332
00018870.jpg,0.8745071,0.8646816
00038127.jpg,0.75009644,0.7541628
000000073647.jpg,0.7660613,0.76842105
00018937.jpg,0.9022772,0.951324
00031618.jpg,0.78337723,0.907843
00028373.jpg,0.8159249,0.8684498
00013798.jpg,0.7826919,0.7229826
00006898.jpg,0.8033013,0.8907738
00035177.jpg,0.7024252,0.5242516
000000393979.jpg,0.7948848,0.875
00024963.jpg,0.81915885,0.8462866
00000439.jpg,0.68171334,0.632718
00003036.jpg,0.7800391,0.838542
00000156.jpg,0.68326247,0.6502786
n03790512_11044.jpg,0.7851916,0.70535713
n07720875_5440.jpg,0.87774074,0.9117647
00053121.jpg,0.81464213,0.8495056
00045270.jpg,0.7020787,0.5284744
00025947.jpg,0.78854394,0.7053658
n02924116_28382.jpg,0.7788183,0.8240741
00001959.jpg,0.7363117,0.7821176
00018761.jpg,0.80171037,0.8401444
00032601.jpg,0.50611466,0.4540128
00055806.jpg,0.6691975,0.6629926
000000551338.jpg,0.7412332,0.71568626
n03541923_120.jpg,0.7537519,0.8695652
00043492.jpg,0.7263926,0.7314964
00001937.jpg,0.7796061,0.6601332
n07806221_33514.jpg,0.7369314,0.73214287
00027620.jpg,0.8153547,0.8160958
00048856.jpg,0.7206372,0.6380962
00006919.jpg,0.8632818,0.9679426
00032862.jpg,0.83067787,0.8545666
00024294.jpg,0.7260481,0.6460576
00016119.jpg,0.7501013,0.7375416
00011706.jpg,0.7252322,0.8312078
00037445.jpg,0.76877296,0.5609756
00011662.jpg,0.7757794,0.775496
00038247.jpg,0.6056798,0.5429212
00006965.jpg,0.69217885,0.6443116
00013047.jpg,0.6038524,0.5472088
00053311.jpg,0.7818339,0.7203558
00011979.jpg,0.75596356,0.8909424
00020877.jpg,0.72654057,0.72803
00037115.jpg,0.63372314,0.6150866
00013072.jpg,0.91393864,0.918432
00002675.jpg,0.7518394,0.7989162
00001241.jpg,0.7649285,0.7420066
00057685.jpg,0.7987916,0.753659
00017255.jpg,0.76515996,0.768192
00025841.jpg,0.7668843,0.7026504
00039573.jpg,0.7638475,0.7442108
00044866.jpg,0.74593115,0.66057
00020744.jpg,0.75777686,0.829968
00019917.jpg,0.85252184,0.9843616
00005123.jpg,0.63000834,0.4788206
00002176.jpg,0.8316586,0.8623222
00037755.jpg,0.78358775,0.7235456
00025377.jpg,0.7046058,0.6110946
00051870.jpg,0.5152568,0.5684854
n02430045_4491.jpg,0.75426143,0.69148934
00024613.jpg,0.77519846,0.7444906
00050402.jpg,0.6376818,0.5798242
n07583197_5817.jpg,0.7701851,0.74757284
00015130.jpg,0.78649735,0.7182384
00054285.jpg,0.78118074,0.8897588
00050893.jpg,0.71392083,0.5006058
00031666.jpg,0.73705584,0.7428756
00036510.jpg,0.8147438,0.7721764
00051231.jpg,0.73238885,0.6382502
00057121.jpg,0.80498165,0.8976876
00048766.jpg,0.74270654,0.7958876
n09289331_5740.jpg,0.6140933,0.44660193
00051259.jpg,0.84391534,0.8817036
00045352.jpg,0.76744556,0.6892208
00034767.jpg,0.5778947,0.5322768
00013195.jpg,0.81107044,0.6466162
00019259.jpg,0.6607892,0.4530592
n02332755_687.jpg,0.7766117,0.8737864
00007471.jpg,0.8142757,0.8646754
00057717.jpg,0.8253438,0.8946584
00054705.jpg,0.7909138,0.8618956
00049551.jpg,0.8189146,0.8934484
00009777.jpg,0.8308196,0.841311
00024417.jpg,0.6093775,0.633368
00046848.jpg,0.82502204,0.7423398
00030741.jpg,0.8125694,0.770984
00032174.jpg,0.5497271,0.5737686
00047771.jpg,0.73725176,0.7087708
00023144.jpg,0.8736019,0.888835
00057302.jpg,0.9079907,0.9785046
00015101.jpg,0.8125261,0.8665322
n09415671_17246.jpg,0.4598228,0.24742268
00041829.jpg,0.8081433,0.8364216
00020268.jpg,0.8627465,0.9186924
00017371.jpg,0.70714754,0.8314232
000000182773.jpg,0.7749307,0.8
00040690.jpg,0.72865653,0.8241088
n02342885_3984.jpg,0.8842593,0.8818182
00057359.jpg,0.82501435,0.8002184
00033382.jpg,0.82027227,0.7900262
00022942.jpg,0.8662783,0.9024966
00029399.jpg,0.81188536,0.8022452
00029427.jpg,0.5640661,0.6633414
00033452.jpg,0.7325326,0.7769162
00045430.jpg,0.818907,0.7966118
00031139.jpg,0.7479497,0.8167958
00009568.jpg,0.7643341,0.8101282
00041709.jpg,0.7780662,0.6109728
00034935.jpg,0.6814353,0.6301812
00012825.jpg,0.7510569,0.7245022
00040486.jpg,0.7216444,0.7050618
00029345.jpg,0.8343883,0.9346998
00006449.jpg,0.6725867,0.7432674
00026736.jpg,0.733866,0.8163286
00003018.jpg,0.6997862,0.6512752
00054000.jpg,0.57664394,0.753184
00020430.jpg,0.7471732,0.7576998
00056372.jpg,0.7491065,0.837353
00000638.jpg,0.6587616,0.6733472
00022077.jpg,0.8267479,0.889097
00000312.jpg,0.6479038,0.7434228
00038873.jpg,0.7225363,0.6794434
00026001.jpg,0.81009716,0.8303916
00044758.jpg,0.71013397,0.6618586
00052108.jpg,0.88192797,0.976288
00027115.jpg,0.79104024,0.8183514
00044067.jpg,0.69427574,0.7335898
00011318.jpg,0.4855169,0.4818958
00055621.jpg,0.6840464,0.5863042
00035120.jpg,0.5962593,0.67687
00007673.jpg,0.82243806,0.7940592
00057436.jpg,0.83561826,0.825721
00021138.jpg,0.7683737,0.7552678
00010653.jpg,0.59609634,0.6818936
sun_aggfowjpvviyezvb.jpg,0.63378114,0.6363636
00050287.jpg,0.71577704,0.7480188
00032755.jpg,0.8626853,0.7603386
n04610013_12107.jpg,0.6881123,0.67826086
n07679356_46911.jpg,0.9348849,0.95652175
n09288635_10924.jpg,0.7044786,0.73333335
00037730.jpg,0.6142838,0.62981
00007681.jpg,0.6222943,0.5864336
00004757.jpg,0.9472114,0.9038834
n02946348_6044.jpg,0.78028494,0.75
00056340.jpg,0.62332875,0.6250642
00003486.jpg,0.7935051,0.8585622
00012607.jpg,0.6121591,0.6534062
00026735.jpg,0.6291696,0.6630804
00056046.jpg,0.73918265,0.684025
00027551.jpg,0.74792045,0.6000158
00013234.jpg,0.76895666,0.7562634
00031546.jpg,0.87167704,0.9076908
00006418.jpg,0.74848115,0.8103842
00007383.jpg,0.59267074,0.4964692
00035375.jpg,0.71657324,0.604942
n09289331_5012.jpg,0.51491034,0.44859812
00021480.jpg,0.74696445,0.778357
00018259.jpg,0.8686349,0.9091662
00015070.jpg,0.5038539,0.421292
00007821.jpg,0.74424785,0.5148158
00057329.jpg,0.75601375,0.7761404
00018640.jpg,0.872918,0.8594096
00021023.jpg,0.79779965,0.916454
00051868.jpg,0.8205595,0.7918148
00048406.jpg,0.73730206,0.6216156
00019067.jpg,0.77633065,0.8676436
00003655.jpg,0.8298094,0.8064546
00058694.jpg,0.77851534,0.8214446
00047850.jpg,0.6634151,0.5736436
00047676.jpg,0.8343176,0.9270342
00052967.jpg,0.7620535,0.8087534
00006403.jpg,0.75022703,0.7108948
000000575325.jpg,0.8138184,0.73
00056252.jpg,0.7594392,0.66753
00033925.jpg,0.65739393,0.6840946
00018871.jpg,0.733308,0.6892948
00052943.jpg,0.6331816,0.7285646
00041214.jpg,0.8274773,0.886692
00030207.jpg,0.7864294,0.743438
00014858.jpg,0.50373715,0.4885774
00044722.jpg,0.8303851,0.7401876
00058656.jpg,0.6520139,0.6094938
00041073.jpg,0.62340856,0.5140764
00052420.jpg,0.7286007,0.8465374
00025298.jpg,0.741254,0.846686
00023075.jpg,0.62947273,0.6421898
00009772.jpg,0.84877676,0.8642496
00056455.jpg,0.747947,0.7670632
00052610.jpg,0.64085424,0.5644932
00052821.jpg,0.7610725,0.7989592
00051511.jpg,0.8351829,0.7505424
n02396427_17678.jpg,0.7978966,0.86206895
9e11f75d740f84fe.jpg,0.7820293,0.7155963
00025708.jpg,0.90223384,0.9573882
00032989.jpg,0.7889354,0.8396226
00014582.jpg,0.7207227,0.689343
00045428.jpg,0.69516903,0.5071242
00036205.jpg,0.64803874,0.5707442
00000508.jpg,0.696939,0.6586826
00007948.jpg,0.84050536,0.8276698
00026173.jpg,0.51822555,0.5297096
00058143.jpg,0.74390256,0.8170708
00001876.jpg,0.72284794,0.7586084
00012788.jpg,0.7223213,0.602492
00027662.jpg,0.82398087,0.7984828
00057404.jpg,0.82443,0.898976
000000230863.jpg,0.70365566,0.8207547
00023153.jpg,0.8050425,0.9388216
0a13e0401b30a8ab.jpg,0.59669906,0.47115386
000000056714.jpg,0.8176509,0.8118812
00039373.jpg,0.7501625,0.7046362
00009940.jpg,0.83753467,0.9059638
00015903.jpg,0.80386066,0.732583
00003355.jpg,0.831893,0.7390248
00012137.jpg,0.8055225,0.8274196
00024618.jpg,0.81484914,0.7660412
00056535.jpg,0.7699157,0.7999178
n09376198_35698.jpg,0.55859107,0.3137255
00006181.jpg,0.80964553,0.8344116
00032650.jpg,0.6379852,0.6317854
00026540.jpg,0.8064321,0.884144
00053819.jpg,0.8060147,0.90213
00018387.jpg,0.63943017,0.7605116
00024298.jpg,0.7436881,0.8720746
n09359803_40625.jpg,0.6526795,0.47777778
00004824.jpg,0.71001506,0.790641
00057613.jpg,0.79735833,0.8885868
00015828.jpg,0.76896846,0.7665574
00040950.jpg,0.7176823,0.7149892
00048400.jpg,0.67653257,0.5690024
000000116572.jpg,0.7623622,0.615942
00029035.jpg,0.7340696,0.8131302
00005811.jpg,0.76611316,0.79075
00016450.jpg,0.78753674,0.8178982
n09393605_15838.jpg,0.7979076,0.9029126
00002821.jpg,0.80853397,0.8094974
00004371.jpg,0.7802563,0.753167
00047814.jpg,0.8047955,0.8162122
00055410.jpg,0.6321689,0.5195028
00004362.jpg,0.71777016,0.7525262
00009584.jpg,0.67615914,0.6092836
00036194.jpg,0.72791934,0.6692534
00055534.jpg,0.8551044,0.852812
000000376875.jpg,0.75687695,0.8018868
00018513.jpg,0.7797784,0.8537012
00041206.jpg,0.78172696,0.782695
000000163715.jpg,0.8455879,0.77
00012911.jpg,0.53722733,0.5657446
00024306.jpg,0.69433373,0.7225886
00028950.jpg,0.7879622,0.7767576
00044049.jpg,0.75457025,0.598831
00044073.jpg,0.71998024,0.7253032
00056130.jpg,0.80308515,0.9230282
00013522.jpg,0.8083029,0.8240806
00051892.jpg,0.72515744,0.8014738
00029056.jpg,0.716884,0.7394634
00029159.jpg,0.7684328,0.8183614
00052087.jpg,0.8161272,0.8779842
00022001.jpg,0.7543715,0.7843114
00046359.jpg,0.6390624,0.6277624
00044383.jpg,0.8579884,0.7855362
00037179.jpg,0.58591074,0.758314
00041306.jpg,0.6766498,0.6939922
00027754.jpg,0.767676,0.6359694
00014817.jpg,0.74449325,0.6738586
00007425.jpg,0.74104416,0.7240758
00044827.jpg,0.7007998,0.4633324
00050522.jpg,0.81552213,0.8619672
00004672.jpg,0.78019077,0.8871428
n07806221_24706.jpg,0.7453865,0.72897196
000000178550.jpg,0.75671506,0.8
00051625.jpg,0.8802224,0.9586346
00041524.jpg,0.71453524,0.7451372
n07863374_20803.jpg,0.78185856,0.83168316
00031721.jpg,0.86606055,0.7981
n02396427_5989.jpg,0.83400214,0.89873415
00017339.jpg,0.8166003,0.8352486
00019456.jpg,0.7949523,0.8370806
00012678.jpg,0.8504623,0.9242094
00048660.jpg,0.83539367,0.8339206
00051932.jpg,0.89935744,0.8233002
00015883.jpg,0.8577221,0.8697596
n07880968_6026.jpg,0.8197819,0.92941177
n01811909_897.jpg,0.76102763,0.73333335
00014751.jpg,0.90049326,0.8940702
00049695.jpg,0.8560189,0.8540522
00026650.jpg,0.7699643,0.866748
00052864.jpg,0.7630115,0.7758568
00032671.jpg,0.76812625,0.7483212
6d4783212cb07333.jpg,0.6066522,0.70434785
00032491.jpg,0.8460345,0.8189244
00027889.jpg,0.7597033,0.7969898
00022807.jpg,0.6953281,0.8509478
00046694.jpg,0.7388106,0.6765362
00008817.jpg,0.82456064,0.7911424
00008353.jpg,0.89158905,0.8482842
00011652.jpg,0.82711357,0.7807492
84a41382ff3e907d.jpg,0.831012,0.90625
00016699.jpg,0.7988838,0.8310844
00042205.jpg,0.7374072,0.671204
00022912.jpg,0.7896099,0.68748
000000428214.jpg,0.7883869,0.8446602
00007585.jpg,0.81078434,0.8344262
00042383.jpg,0.68498194,0.6197134
00040527.jpg,0.6894313,0.6028074
00052160.jpg,0.83550966,0.798346
00056488.jpg,0.89638233,0.890664
00001740.jpg,0.83106554,0.8304398
00033592.jpg,0.78388506,0.7492586
00039409.jpg,0.75510573,0.6696262
n09359803_9166.jpg,0.64845175,0.4623656
00035056.jpg,0.6482384,0.525003
00003418.jpg,0.6968995,0.633874
n03384352_2940.jpg,0.78766006,0.8152174
n01811909_310.jpg,0.757946,0.64356434
00034352.jpg,0.6938665,0.5720832
00040724.jpg,0.75693977,0.926556
00043030.jpg,0.74277824,0.7017118
00021060.jpg,0.89463156,0.8507672
00003200.jpg,0.82753843,0.9144008
00014591.jpg,0.6104796,0.5686958
00004613.jpg,0.7107283,0.7599958
00036547.jpg,0.7143925,0.8063056
00027372.jpg,0.6361814,0.5512242
00030415.jpg,0.8408984,0.8876572
000000489218.jpg,0.7882765,0.84042555
00012141.jpg,0.7673978,0.9279488
00006528.jpg,0.74834394,0.7644282
00016098.jpg,0.892236,0.894246
00024064.jpg,0.7665667,0.8114268
00053168.jpg,0.8698169,0.8903138
785ee485ae352669.jpg,0.47462553,0.37037036
00046387.jpg,0.6152298,0.5657604
00042049.jpg,0.78108025,0.7816628
00007460.jpg,0.80298,0.8553944
00032598.jpg,0.726182,0.7381962
00035013.jpg,0.61736614,0.4582566
00005095.jpg,0.65312636,0.5219688
00003454.jpg,0.7477519,0.7886938
00024262.jpg,0.7244701,0.792487
00002333.jpg,0.7384312,0.549968
39281457d47792e2.jpg,0.86136705,0.9074074
00036963.jpg,0.7305703,0.7467956
00005722.jpg,0.83709115,0.7484154
n03594945_29753.jpg,0.76027,0.79347825
00023693.jpg,0.7866834,0.8224334
00049158.jpg,0.6265902,0.596275
00004401.jpg,0.7578652,0.8085026
00018810.jpg,0.71196127,0.6705502
00028805.jpg,0.8747846,0.855559
00024948.jpg,0.83068895,0.8361472
00057543.jpg,0.7986614,0.8396732
00006109.jpg,0.80087304,0.7611906
n07893642_12155.jpg,0.7792577,0.74509805
00010072.jpg,0.8775418,0.9431728
00046230.jpg,0.71213126,0.677778
00011976.jpg,0.8585444,0.706091
00000814.jpg,0.8483746,0.838186
00010884.jpg,0.8677988,0.8943962
00034564.jpg,0.57509625,0.6442658
b52fbb2521836cc7.jpg,0.63945025,0.66964287
sun_aqznudiptidvajwc.jpg,0.68713343,0.70454544
00022817.jpg,0.7170572,0.6866296
00016877.jpg,0.8293137,0.8016532
00057058.jpg,0.7767639,0.7862692
00020704.jpg,0.69127554,0.7168756
00057254.jpg,0.6663882,0.6888928
00024808.jpg,0.5847116,0.7291942
000000477143.jpg,0.71697664,0.81609195
00031216.jpg,0.83829767,0.8367498
00030986.jpg,0.8572935,0.921136
00013300.jpg,0.7595643,0.72899
00030205.jpg,0.60202825,0.6976972
n07574602_26378.jpg,0.91311127,0.8877551
00053791.jpg,0.7425921,0.7784958
00035814.jpg,0.7226258,0.7459496
n02793495_12235.jpg,0.55819917,0.5964912
00020683.jpg,0.7347455,0.6885612
00041023.jpg,0.70671815,0.7001648
00023562.jpg,0.75062245,0.612734
00008030.jpg,0.80340517,0.8762808
00027821.jpg,0.73367536,0.8476904
00000053.jpg,0.762082,0.7729474
00013341.jpg,0.64483035,0.713264
00025021.jpg,0.62102383,0.7311538
00036404.jpg,0.7849485,0.8434092
00055053.jpg,0.77706295,0.7164128
00045515.jpg,0.75662154,0.7994064
00032707.jpg,0.7890468,0.929676
00027359.jpg,0.82969546,0.8598254
00011780.jpg,0.7001261,0.725482
000000486686.jpg,0.7732136,0.7171717
00030709.jpg,0.8883692,0.9046746
00039425.jpg,0.9052263,0.8875624
00010154.jpg,0.86512214,0.838345
00024596.jpg,0.544955,0.570247
000000474764.jpg,0.8956298,0.8942308
00039333.jpg,0.7957349,0.771697
00032922.jpg,0.8029301,0.7804968
00028791.jpg,0.85484684,0.8591738
00006183.jpg,0.745291,0.7232704
00033569.jpg,0.83209294,0.9024442
00039842.jpg,0.83903706,0.8677412
00004878.jpg,0.7387275,0.7297692
00048617.jpg,0.79871583,0.7964408
00000476.jpg,0.7227571,0.8490054
00043520.jpg,0.66368806,0.6512786
00051551.jpg,0.7812912,0.7169842
00017841.jpg,0.7591138,0.8031298
00033947.jpg,0.7153579,0.6709866
00053818.jpg,0.786767,0.730246
00022801.jpg,0.6672877,0.580371
00016229.jpg,0.7423095,0.7852194
00036925.jpg,0.6015218,0.5187594
n09288635_12929.jpg,0.8014125,0.6448598
00030539.jpg,0.81901217,0.8118842
000000146099.jpg,0.79254,0.8348624
000000088398.jpg,0.7569001,0.7282609
00012492.jpg,0.7591174,0.758277
00054356.jpg,0.8096309,0.8531636
00008557.jpg,0.7699041,0.7886086
000000155877.jpg,0.7692216,0.7311828
00046234.jpg,0.52630043,0.4932488
00014384.jpg,0.76693654,0.805901
00026665.jpg,0.73264694,0.7575852
00006513.jpg,0.7257215,0.7114636
00053071.jpg,0.57035375,0.6016478
00027401.jpg,0.8137529,0.8241868
00006219.jpg,0.7472096,0.7412132
00023690.jpg,0.79400015,0.721312
n07720875_6236.jpg,0.8701946,0.8494624
00007816.jpg,0.7277003,0.788597
n09288635_9839.jpg,0.761449,0.7196262
00057758.jpg,0.72711384,0.8522608
00018502.jpg,0.7700065,0.6814506
00010068.jpg,0.7835969,0.7875562
00035683.jpg,0.610257,0.4994506
00039327.jpg,0.7691297,0.8581052
n04465501_5347.jpg,0.77930355,0.8452381
00002405.jpg,0.7685791,0.8181286
00054417.jpg,0.7293339,0.6419122
n07679356_31946.jpg,0.8513576,0.8173077
00054182.jpg,0.7686672,0.8119698
00046259.jpg,0.7013784,0.7225342
sun_awhqearfoticgzwy.jpg,0.48829028,0.6666667
000000079545.jpg,0.5504913,0.39215687
00034143.jpg,0.7707057,0.7706726
00026449.jpg,0.7630493,0.7363468
n09415671_17594.jpg,0.6514232,0.54310346
n04465501_276.jpg,0.80570006,0.8556701
00005628.jpg,0.61737376,0.6693306
00030317.jpg,0.83666074,0.6965714
00047248.jpg,0.8063835,0.8543856
n07880968_1873.jpg,0.8199051,0.7692308
00003817.jpg,0.8616942,0.8237416
00031346.jpg,0.859302,0.8709674
n03512147_2987.jpg,0.7935103,0.85
00031680.jpg,0.73304343,0.8567212
00021926.jpg,0.7385027,0.8335906
00013436.jpg,0.75257194,0.9187684
00030296.jpg,0.7862493,0.84962
00050767.jpg,0.93135864,0.8948066
00040962.jpg,0.7898725,0.8903182
n07933274_33948.jpg,0.8010385,0.90625
00026753.jpg,0.81148374,0.7878082
00056271.jpg,0.86757195,0.91926
00040745.jpg,0.7621627,0.807904
00035225.jpg,0.6585175,0.630491
00014828.jpg,0.86774206,0.8804566
00040571.jpg,0.7292443,0.6810014
n09288635_798.jpg,0.7658027,0.6909091
00043152.jpg,0.67595553,0.7159428
00053750.jpg,0.8562817,0.8754696
00021002.jpg,0.70539486,0.5664968
00057463.jpg,0.80355185,0.8470348
00055706.jpg,0.72818017,0.7123748
8409089d99c0ffa2.jpg,0.7991421,0.7529412
00028163.jpg,0.7688961,0.7647024
00008354.jpg,0.6355262,0.6748348
00018429.jpg,0.7233825,0.7543518
00015301.jpg,0.74318534,0.7604136
00038106.jpg,0.7898692,0.899406
n07929519_38689.jpg,0.858159,0.86904764
00047054.jpg,0.58986837,0.6705994
n00464894_16290.jpg,0.8010369,0.78571427
00055294.jpg,0.64049524,0.6135874
00016936.jpg,0.808933,0.7617602
n09289331_10597.jpg,0.7282524,0.58064514
00034407.jpg,0.8512842,0.9243206
00050963.jpg,0.91081643,0.896604
00047315.jpg,0.7197696,0.7397248
00034946.jpg,0.6489776,0.6239636
00026087.jpg,0.7330932,0.7490808
00035952.jpg,0.8033724,0.8318008
00028912.jpg,0.82048404,0.8087014
sun_aixemvmqtgkfhgqj.jpg,0.5648566,0.51086956
00029334.jpg,0.87325466,0.8798128
00005989.jpg,0.81856066,0.8226274
00006826.jpg,0.6794189,0.6062328
00001455.jpg,0.82926327,0.8813256
n09468604_67249.jpg,0.5527451,0.5841584
00010356.jpg,0.7844492,0.8511064
00046771.jpg,0.8475982,0.9148142
00027805.jpg,0.83766663,0.7403298
00002702.jpg,0.83459896,0.8067196
00053138.jpg,0.83870035,0.8781784
00033573.jpg,0.8062769,0.7639212
00030899.jpg,0.8687073,0.884341
00048576.jpg,0.8168664,0.937318
00046331.jpg,0.71371967,0.6899324
000000273658.jpg,0.8433844,0.8952381
00055314.jpg,0.7218865,0.6197462
00036130.jpg,0.72564614,0.7467518
00053038.jpg,0.815628,0.7594932
00053271.jpg,0.9138014,0.8946056
00008227.jpg,0.7221619,0.5864864
00002753.jpg,0.5862415,0.5364836
00043388.jpg,0.6909015,0.6912906
00019366.jpg,0.8231488,0.7726426
00057667.jpg,0.778571,0.7206878
00022957.jpg,0.79245543,0.8160724
00045036.jpg,0.807244,0.8272804
00041470.jpg,0.72861195,0.769944
00040177.jpg,0.77132523,0.84152
00043229.jpg,0.7946429,0.848128
00046962.jpg,0.8030969,0.7293714
n07806221_23282.jpg,0.7496336,0.7307692
00045477.jpg,0.72697306,0.6895478
00055430.jpg,0.73035115,0.8105392
00025106.jpg,0.72227,0.6809626
n07717556_5832.jpg,0.84241855,0.8148148
00043926.jpg,0.78392947,0.7767716
000000204640.jpg,0.85024107,0.86734694
00022958.jpg,0.76252484,0.6555724
n07679356_26076.jpg,0.79913926,0.8021978
00056168.jpg,0.7383969,0.6393994
00054259.jpg,0.6625599,0.7603632
00002299.jpg,0.7515199,0.5833686
00037920.jpg,0.6808206,0.6990094
00028603.jpg,0.71526325,0.647392
00037914.jpg,0.6658172,0.5857132
00020103.jpg,0.75262225,0.7952452
00038631.jpg,0.71982974,0.6513634
00015268.jpg,0.7554593,0.648592
00001413.jpg,0.7174536,0.8292748
00025206.jpg,0.6628113,0.5042942
00056093.jpg,0.80602944,0.8945868
n00445351_12353.jpg,0.79918116,0.7387387
00039426.jpg,0.7825707,0.7859438
00014837.jpg,0.83968157,0.7432874
4531575c47fa1304.jpg,0.75968724,0.77
00022227.jpg,0.82745063,0.8637872
00004552.jpg,0.8066374,0.8456404
00003629.jpg,0.78874445,0.8167332
00006883.jpg,0.8245592,0.8907254
00022334.jpg,0.81047374,0.8220864
00027509.jpg,0.8270031,0.8705932
00046510.jpg,0.79027045,0.85074
00035012.jpg,0.68999535,0.7830486
00057709.jpg,0.73133606,0.7550218
00056681.jpg,0.7502903,0.7774546
00022518.jpg,0.81115186,0.7980822
00014967.jpg,0.75868964,0.8025372
00006148.jpg,0.7368986,0.8972598
00032455.jpg,0.7442772,0.8689546
00020995.jpg,0.53187764,0.4216668
00058309.jpg,0.7972752,0.8294202
00005601.jpg,0.7959384,0.809881
00041865.jpg,0.64356697,0.5678756
00044634.jpg,0.675545,0.7069504
000000020221.jpg,0.8450769,0.8433735
00042686.jpg,0.8159838,0.835487
00051076.jpg,0.7689271,0.8041476
00055527.jpg,0.8666772,0.8458614
00040183.jpg,0.7750123,0.6594826
00010979.jpg,0.8416308,0.7568834
00040245.jpg,0.61944544,0.5990634
n03594945_11773.jpg,0.78520614,0.8915663
00008775.jpg,0.7348633,0.7299786
00034208.jpg,0.6395979,0.478788
00008670.jpg,0.5903082,0.6891376
00052311.jpg,0.69943345,0.6537832
00013620.jpg,0.74570405,0.7143184
00008529.jpg,0.82274854,0.6410258
36d088d7045fc823.jpg,0.8340681,0.7747748
00021159.jpg,0.7364207,0.757483
00022512.jpg,0.76147604,0.7449428
00035301.jpg,0.48815653,0.6150308
00031915.jpg,0.7762245,0.6918404
00018099.jpg,0.69701403,0.5148106
n07574602_27054.jpg,0.81778353,0.7837838
n04610013_17134.jpg,0.70040476,0.82222223
00006256.jpg,0.7118063,0.7582436
00056365.jpg,0.76974523,0.715879
00040790.jpg,0.72640634,0.6505426
00016576.jpg,0.5603347,0.4533842
00014982.jpg,0.7880855,0.7249274
00021365.jpg,0.8413017,0.821106
00025901.jpg,0.9160236,0.8505254
00004427.jpg,0.7365422,0.7482614
n07806221_21269.jpg,0.7456627,0.8172043
00015143.jpg,0.8221985,0.7737416
00037151.jpg,0.57096934,0.5643936
00021290.jpg,0.85297066,0.9252394
00004848.jpg,0.83588475,0.8924418
n03512147_7211.jpg,0.8063544,0.84070796
00006832.jpg,0.8513938,0.894785
00002214.jpg,0.80067223,0.732442
00029010.jpg,0.7893491,0.8226592
00038695.jpg,0.70014036,0.7001068
00029435.jpg,0.78287685,0.8410718
n04465501_228.jpg,0.7377424,0.56435645
000000559838.jpg,0.76329273,0.83809525
sun_asjykgigfzcqfruu.jpg,0.62613535,0.6923077
00027485.jpg,0.625211,0.7378
00021635.jpg,0.75175536,0.7920266
00049375.jpg,0.8476889,0.8446322
00052209.jpg,0.8584683,0.9567392
87733c5baa723da3.jpg,0.8142098,0.78409094
00007767.jpg,0.94593185,0.8394148
n04610013_21393.jpg,0.7203058,0.7741935
00025459.jpg,0.66137445,0.620694
00021575.jpg,0.78291285,0.761854
00042865.jpg,0.7715398,0.7170276
00044585.jpg,0.7651454,0.7536856
00014419.jpg,0.74986565,0.4791506
00031342.jpg,0.8916735,0.9469262
00009997.jpg,0.72654617,0.8279364
00038887.jpg,0.8434707,0.8733832
00044884.jpg,0.85294104,0.8002456
00033602.jpg,0.78976274,0.8879894
00041283.jpg,0.709689,0.6020562
000000282328.jpg,0.7944957,0.7941176
00003992.jpg,0.7222528,0.7470236
00018043.jpg,0.761935,0.819968
4c0275745141b853.jpg,0.72588587,0.68085104
00033017.jpg,0.8789228,0.8531918
00015745.jpg,0.77794063,0.7845182
00032386.jpg,0.7729354,0.73501
00042199.jpg,0.7169347,0.7577672
n07849336_29367.jpg,0.83393097,0.91752577
00036054.jpg,0.933467,0.9665262
00031992.jpg,0.8061611,0.850276
00054951.jpg,0.68566066,0.67947
00054400.jpg,0.6157855,0.7962438
00015424.jpg,0.9340615,0.8245466
00029478.jpg,0.5671775,0.5024974
00037731.jpg,0.82648766,0.8093988
00057947.jpg,0.86773777,0.8367982
00024895.jpg,0.89074767,0.8138228
00014704.jpg,0.80583173,0.8016568
00031817.jpg,0.597923,0.4881192
00002946.jpg,0.5317467,0.3316894
00035687.jpg,0.70443606,0.6263158
00030196.jpg,0.81943095,0.774545
sun_akscftsonlgcygdr.jpg,0.6626744,0.62637365
00009533.jpg,0.74568945,0.654444
00057558.jpg,0.7411355,0.6887964
58d3cc60b1415406.jpg,0.74157554,0.6213592
00040375.jpg,0.7652638,0.792647
00032785.jpg,0.8360532,0.878431
00006112.jpg,0.739262,0.6526608
00026170.jpg,0.736292,0.7358938
00054633.jpg,0.72666013,0.6814218
00039804.jpg,0.61192447,0.6390908
00025369.jpg,0.8102996,0.8313886
00000792.jpg,0.77609396,0.7875642
00003919.jpg,0.7680609,0.8836664
00001031.jpg,0.5162684,0.6250206
00006036.jpg,0.80812573,0.6212304
00035557.jpg,0.7351669,0.802594
00014703.jpg,0.6326927,0.7629264
00028505.jpg,0.70091176,0.7633526
00008659.jpg,0.8007852,0.8157388
00005771.jpg,0.63522077,0.5527788
00050094.jpg,0.7867342,0.877329
n07863374_18075.jpg,0.89472103,0.91
00044885.jpg,0.7576835,0.8308014
00049537.jpg,0.53537756,0.6808156
sun_aovleumwusplcnph.jpg,0.5340582,0.4883721
00012243.jpg,0.7797127,0.8729086
00050161.jpg,0.52680975,0.538311
00a72fa141918070.jpg,0.64208555,0.60465115
00010120.jpg,0.75592196,0.7693356
00046201.jpg,0.7697267,0.7455936
00034804.jpg,0.7824622,0.7931338
00057076.jpg,0.9085209,0.917913
00058417.jpg,0.7631861,0.7482964
00027812.jpg,0.78586894,0.6461532
000000226498.jpg,0.6054245,0.6761905
00056873.jpg,0.71387357,0.7178188
00029247.jpg,0.83789295,0.8696898
00014188.jpg,0.77444947,0.9047412
00026311.jpg,0.73382473,0.6815548
00007901.jpg,0.84399223,0.8598506
n07806221_22415.jpg,0.7657999,0.74390244
00033135.jpg,0.8224889,0.8642124
00057693.jpg,0.8697454,0.9329556
00006236.jpg,0.6869519,0.783342
00044258.jpg,0.823645,0.7883398
00032418.jpg,0.94527566,0.9392222
00055955.jpg,0.8030465,0.8431956
00048120.jpg,0.7452595,0.8746906
00028732.jpg,0.7894378,0.7301508
00035908.jpg,0.6871858,0.4934612
00011308.jpg,0.685647,0.5960692
00036392.jpg,0.595616,0.5072668
00053903.jpg,0.9099612,0.9330548
00021358.jpg,0.8260854,0.8940268
00020148.jpg,0.8173948,0.834605
00056316.jpg,0.6815125,0.7504666
00003148.jpg,0.7728727,0.7511318
00041707.jpg,0.8427918,0.8474828
n07716358_6492.jpg,0.8350957,0.81609195
00051580.jpg,0.8626663,0.916207
00033486.jpg,0.7892168,0.7781794
00030775.jpg,0.8007574,0.6999384
00000454.jpg,0.5826529,0.5023578
00000201.jpg,0.80224824,0.7636962
00031500.jpg,0.67247134,0.7657938
00041790.jpg,0.67728186,0.7364498
00051886.jpg,0.80756086,0.8122588
00017970.jpg,0.8889606,0.9474322
00045589.jpg,0.80350673,0.8342278
00034708.jpg,0.77531815,0.776546
00011729.jpg,0.88530827,0.795291
00034426.jpg,0.6947549,0.7238574
00049635.jpg,0.74497056,0.8359512
00018872.jpg,0.7962538,0.8312348
00054269.jpg,0.8104766,0.725431
b9629dfcee0b9b3c.jpg,0.7554498,0.70238096
n07680932_48396.jpg,0.89022636,0.8679245
00057339.jpg,0.6297191,0.5596672
00009813.jpg,0.71232736,0.5907752
00026883.jpg,0.808228,0.7634448
00022650.jpg,0.69609094,0.6351514
00022752.jpg,1.0063653,0.9478496
00036788.jpg,0.65528214,0.7336034
00035266.jpg,0.5794101,0.4856952
00022614.jpg,0.78413755,0.8162004
00037495.jpg,0.64307654,0.5715714
00037747.jpg,0.5752094,0.5869782
00048182.jpg,0.85060334,0.882396
00032333.jpg,0.770958,0.8361428
00046349.jpg,0.837066,0.7924312
00049791.jpg,0.6522903,0.6510278
00037529.jpg,0.65869117,0.735713
00770ee8f5ad87ef.jpg,0.8025158,0.8857143
94c53be316c9a02e.jpg,0.73709196,0.87341774
00019577.jpg,0.8645265,0.8190378
00033749.jpg,0.78114706,0.7145378
00058561.jpg,0.74887186,0.7707642
00003132.jpg,0.56628096,0.5686376
00046914.jpg,0.8762938,0.9210038
00028426.jpg,0.81584275,0.9174692
00007017.jpg,0.9147073,0.8675828
n09288635_1526.jpg,0.724947,0.6333333
00019144.jpg,0.8468985,0.8496676
00008592.jpg,0.8212345,0.7844974
00029049.jpg,0.67329705,0.6419864
00037591.jpg,0.68916166,0.7896184
n03512147_5293.jpg,0.8072294,0.78409094
00055596.jpg,0.8273907,0.6741778
00010649.jpg,0.54850274,0.6059912
00041318.jpg,0.74218374,0.597988
n07849336_21762.jpg,0.8203093,0.87826085
00013405.jpg,0.76227254,0.7502666
00018986.jpg,0.7079717,0.6727922
00006215.jpg,0.90337324,0.9143136
00057595.jpg,0.84913445,0.863403
00050080.jpg,0.8550558,0.8010306
00054128.jpg,0.9151659,0.9443932
n02118333_5460.jpg,0.93512666,0.94382024
00005720.jpg,0.577957,0.467143
00031411.jpg,0.89169526,0.9209644
00009263.jpg,0.7927638,0.6686144
00041552.jpg,0.65021324,0.5572494
00043009.jpg,0.72830725,0.64952
00036530.jpg,0.6774179,0.6535094
00013358.jpg,0.7960323,0.7782042
3e5f7dc48d210ad0.jpg,0.7776321,0.9255319
00012352.jpg,0.7939204,0.860163
00025634.jpg,0.7971293,0.8144742
n04465501_5323.jpg,0.75255316,0.7570093
00020948.jpg,0.7709485,0.8253732
00037859.jpg,0.78554547,0.6919894
n03384352_11538.jpg,0.787501,0.78571427
00046255.jpg,0.6927465,0.721703
00033011.jpg,0.7984308,0.8349766
00046964.jpg,0.7949926,0.7754408
00046851.jpg,0.7477937,0.8389136
00039153.jpg,0.7767829,0.8306722
00024860.jpg,0.8602122,0.9466812
00012373.jpg,0.8018592,0.744663
00019622.jpg,0.8343419,0.8107462
00019005.jpg,0.6321592,0.800929
00003332.jpg,0.7986785,0.7928424
00001773.jpg,0.8610745,0.957347
00007307.jpg,0.80987453,0.790379
00017694.jpg,0.827005,0.8362774
00042415.jpg,0.8489982,0.7573822
00019876.jpg,0.82801986,0.8703892
00026919.jpg,0.8273748,0.8182818
00051300.jpg,0.8346076,0.8370598
n04461696_5154.jpg,0.7588306,0.81632656
00021202.jpg,0.81565017,0.9040248
00028959.jpg,0.7989862,0.8175084
00014462.jpg,0.88035655,0.806345
00058345.jpg,0.8991647,0.9292304
00046118.jpg,0.82628787,0.916902
00021490.jpg,0.7986567,0.7868996
00013453.jpg,0.85339254,0.9485572
00022456.jpg,0.58610433,0.6511732
00031459.jpg,0.81978077,0.8917024
00028924.jpg,0.5352262,0.4451104
00032282.jpg,0.6562754,0.5658138
00049523.jpg,0.7833403,0.5694586
00053937.jpg,0.87690115,0.8779036
00054185.jpg,0.6296929,0.7325694
00048272.jpg,0.6784906,0.6248802
00008778.jpg,0.7821919,0.6923668
00038198.jpg,0.73757327,0.585862
00021856.jpg,0.72302616,0.7270304
00034248.jpg,0.7056658,0.7830128
00027407.jpg,0.7965443,0.8221656
00038503.jpg,0.6043141,0.5487738
00049289.jpg,0.7952619,0.7170272
00029900.jpg,0.7815306,0.938674
00036457.jpg,0.64181316,0.6547746
00002899.jpg,0.86213195,0.9288152
00023340.jpg,0.6940982,0.6265158
00046558.jpg,0.74005324,0.5616284
00017365.jpg,0.8374679,0.8863806
00024946.jpg,0.7772106,0.83585
00036233.jpg,0.6951945,0.6885508
00023856.jpg,0.6868845,0.7450276
000000484180.jpg,0.7174574,0.79591835
00043235.jpg,0.79568976,0.8556288
n00480993_22829.jpg,0.83113396,0.8181818
000000105952.jpg,0.6326632,0.6233766
00003336.jpg,0.7405615,0.9147388
00042626.jpg,0.69053096,0.729303
00051897.jpg,0.7882627,0.8830534
00019305.jpg,0.91361254,0.8244084
00036624.jpg,0.5697825,0.6701716
00036222.jpg,0.56432647,0.550329
e1bbc2771fd99868.jpg,0.9109921,0.9108911
00013678.jpg,0.8329432,0.91075
00049473.jpg,0.740809,0.809179
00036820.jpg,0.7392153,0.8327336
n09472597_22784.jpg,0.6175033,0.43333334
00009890.jpg,0.8583127,0.8354978
00028225.jpg,0.7578188,0.8670304
00040609.jpg,0.6538515,0.5843958
00037528.jpg,0.60523593,0.4798742
00018017.jpg,0.9258069,0.8275904
00012328.jpg,0.72149986,0.7495614
00025682.jpg,0.70449376,0.6920958
00049928.jpg,0.79357445,0.894305
00013677.jpg,0.88472164,0.916494
00034839.jpg,0.47643453,0.5209316
00012206.jpg,0.5589447,0.6201412
00049990.jpg,0.5979363,0.6141138
34b4b1e00c8e05ce.jpg,0.7834818,0.575
00001633.jpg,0.6026644,0.6271084
00035640.jpg,0.59965074,0.5704208
00037406.jpg,0.65748674,0.7175156
00002261.jpg,0.5963573,0.6092836
00055032.jpg,0.63156337,0.7170016
00036774.jpg,0.7091619,0.6380266
00020469.jpg,0.8029265,0.731948
00037314.jpg,0.6924227,0.6303584
00044617.jpg,0.80847096,0.838972
00003079.jpg,0.83453894,0.8545848
00051552.jpg,0.8561274,0.828025
00018291.jpg,0.81347996,0.939388
84a6fdae233656a5.jpg,0.5895243,0.5603448
n03594945_12658.jpg,0.8294247,0.84615386
00031435.jpg,0.7523302,0.6618332
00013050.jpg,0.82650024,0.735252
00006509.jpg,0.560227,0.4934334
00018178.jpg,0.696054,0.8767712
00049462.jpg,0.83580136,0.8427422
00023903.jpg,0.6472117,0.6875142
000000072905.jpg,0.64211977,0.7222222
000000211737.jpg,0.73337203,0.7676768
000000242716.jpg,0.7605178,0.75238097
00027603.jpg,0.5196184,0.6069204
00020486.jpg,0.72622395,0.7811266
n09393605_3369.jpg,0.5980739,0.45348838
00002760.jpg,0.6763333,0.616838
n09270735_25350.jpg,0.60414577,0.68817204
00017028.jpg,0.7536111,0.713667
00024649.jpg,0.72823113,0.613174
00026186.jpg,0.807935,0.7604606
00037830.jpg,0.67101365,0.6870584
00038347.jpg,0.5021517,0.649554
00053174.jpg,0.790851,0.7318552
00032259.jpg,0.80854565,0.8017568
00006327.jpg,0.7811827,0.7360692
00025962.jpg,0.6113476,0.596369
00009081.jpg,0.84091026,0.6913324
00015713.jpg,0.6852125,0.7505234
00018474.jpg,0.6745992,0.6145776
00024311.jpg,0.92831737,0.9498102
00025747.jpg,0.87956333,0.9042614
00005429.jpg,0.9244151,0.9541752
00012968.jpg,0.8239723,0.8501088
00025567.jpg,0.81799215,0.8618836
00020702.jpg,0.7722549,0.8337284
00057260.jpg,0.7221827,0.7697392
00033421.jpg,0.82685304,0.8255756
da1e5993c1e4aaab.jpg,0.812095,0.8440367
00014732.jpg,0.77132946,0.8460062
00034231.jpg,0.6737319,0.7415372
00018953.jpg,0.9219807,0.9702358
00056524.jpg,0.5618176,0.6567762
00010855.jpg,0.7488326,0.7508946
00003781.jpg,0.85660934,0.8270106
00039040.jpg,0.6944181,0.7018788
00020454.jpg,0.7755617,0.6987708
00050662.jpg,0.77673787,0.8501358
00010176.jpg,0.762686,0.616401
00003283.jpg,0.7155391,0.700695
3bc41b56e0708aec.jpg,0.5962264,0.6636364
00032195.jpg,0.7552664,0.8170238
n07711569_1286.jpg,0.75062066,0.47572815
00023281.jpg,0.82141715,0.8388074
00048361.jpg,0.72081476,0.7951334
00028462.jpg,0.6699957,0.5905492
00017818.jpg,0.78431916,0.7626894
00044683.jpg,0.72466207,0.8440842
00050065.jpg,0.78629154,0.8240202
00002923.jpg,0.66206455,0.9121428
00004802.jpg,0.7301821,0.6840294
00046068.jpg,0.77186483,0.8556782
00005707.jpg,0.85962164,0.8887344
00027157.jpg,0.79298604,0.7009612
sun_ayrqfcydyciyvrla.jpg,0.69726557,0.6481481
000000469281.jpg,0.7877245,0.76842105
00017746.jpg,0.82343304,0.9217958
00040806.jpg,0.72196674,0.7504378
00058157.jpg,0.8852208,0.7802262
00016863.jpg,0.85221255,0.8911994
n02396427_1453.jpg,0.8310671,0.75
n02342885_240.jpg,0.8521993,0.84
00046717.jpg,0.6748443,0.741896
00049638.jpg,0.7994462,0.7894518
00039310.jpg,0.7160909,0.73877
00007399.jpg,0.8162163,0.7824772
00031748.jpg,0.5773524,0.5665004
00031956.jpg,0.8134721,0.8681194
00023089.jpg,0.7703961,0.7480738
00001826.jpg,0.8015659,0.7884082
00052718.jpg,0.8614035,0.8674784
00006378.jpg,0.72602355,0.563262
00021783.jpg,0.60213757,0.7599652
00009716.jpg,0.7782192,0.7384536
00031201.jpg,0.86123323,0.9086256
00040479.jpg,0.7241788,0.746038
00049415.jpg,0.9284405,0.9465076
000000125394.jpg,0.7548873,0.7107438
332e01ea060bdb88.jpg,0.8595646,0.81914896
00040172.jpg,0.73600227,0.6908822
00015229.jpg,0.86625445,0.9414064
00027429.jpg,0.7832419,0.6410278
00029573.jpg,0.5027082,0.517769
00011611.jpg,0.6639741,0.6701538
00054748.jpg,0.7956461,0.6463516
00038256.jpg,0.66216207,0.7464786
00057845.jpg,0.8683283,0.8301952
00044876.jpg,0.7838348,0.7336708
00015755.jpg,0.8710602,0.8680732
00032703.jpg,0.83782566,0.8190752
00046715.jpg,0.7577563,0.717141
00013805.jpg,0.70661473,0.7584468
n07711569_2131.jpg,0.7757432,0.5543478
00051027.jpg,0.7128729,0.6665048
00018657.jpg,0.7385786,0.8127684
00055487.jpg,0.7973294,0.7907936
00050651.jpg,0.9135853,0.924704
00036703.jpg,0.6553959,0.5686248
00007194.jpg,0.7791324,0.8180444
00023531.jpg,0.74671483,0.7945262
n09468604_56818.jpg,0.561535,0.5555556
00046337.jpg,0.8038944,0.8605232
00009305.jpg,0.8693584,0.9277534
00048899.jpg,0.79501414,0.7966286
00028368.jpg,0.73979706,0.7425512
00003458.jpg,0.7821907,0.7008774
00045969.jpg,0.7657989,0.8119108
00037088.jpg,0.7370989,0.8085154
00039730.jpg,0.71781963,0.8033434
00033725.jpg,0.7849103,0.9146886
00044759.jpg,0.7754099,0.7737388
00025365.jpg,0.72824204,0.8198144
00037070.jpg,0.6760827,0.5821102
9f2542f6a8f35b2c.jpg,0.82320654,0.9056604
000000381430.jpg,0.7848706,0.82474226
00055840.jpg,0.7699071,0.6715796
00041827.jpg,0.7098056,0.7479028
n00445351_4499.jpg,0.8602413,0.8854167
00006447.jpg,0.7825104,0.8407728
00046377.jpg,0.8441382,0.9492372
00018389.jpg,0.68025464,0.6862482
00002278.jpg,0.79650176,0.8505942
00043528.jpg,0.5414446,0.549133
00027110.jpg,0.7435653,0.7310274
00041268.jpg,0.75545263,0.6756612
00018539.jpg,0.5256722,0.5597504
00024763.jpg,0.8248532,0.8961444
00015900.jpg,0.766899,0.757721
00025711.jpg,0.7049195,0.7632112
n00445351_7834.jpg,0.7880935,0.7818182
00026453.jpg,0.5601606,0.6139942
00045823.jpg,0.6772316,0.6691502
00034481.jpg,0.693287,0.8002498
00011099.jpg,0.8899921,0.8427966
00047719.jpg,0.7427819,0.6084368
00009487.jpg,0.7907836,0.7968642
00048664.jpg,0.7593273,0.8451124
00048955.jpg,0.78814846,0.7007648
n03634034_1847.jpg,0.6642823,0.6744186
00028420.jpg,0.80472374,0.8410042
00011079.jpg,0.813649,0.7928178
00036565.jpg,0.62658954,0.5994778
00024996.jpg,0.8129785,0.895367
00006802.jpg,0.7725288,0.8428108
000000139249.jpg,0.8036247,0.6942149
00021083.jpg,0.7680276,0.7498388
00050075.jpg,0.8650968,0.9293348
00058070.jpg,0.7557631,0.637063
00031254.jpg,0.48914954,0.5510442
00003533.jpg,0.79896617,0.9004584
00023987.jpg,0.77050096,0.7930474
00051466.jpg,0.73157555,0.7107018
n09359803_28381.jpg,0.5595388,0.43396226
00021301.jpg,0.6067304,0.6431844
00038202.jpg,0.73050296,0.785914
00002178.jpg,0.8689319,0.8511786
00012698.jpg,0.7754643,0.7296926
n07697537_22000.jpg,0.9114188,0.96590906
00020053.jpg,0.87402236,0.8727442
00046408.jpg,0.7844607,0.9009406
00040312.jpg,0.8025656,0.7285626
00049126.jpg,0.8418504,0.8691304
n03791053_6538.jpg,0.7989656,0.75581396
00025817.jpg,0.75653505,0.7932904
00044792.jpg,0.8336468,0.7827706
00026509.jpg,0.7936573,0.5604706
00029506.jpg,0.85611296,0.8321102
00048801.jpg,0.7649804,0.8010646
00041838.jpg,0.78232026,0.8216364
00057382.jpg,0.74712324,0.740878
9eb13ec3324f5d88.jpg,0.8788784,0.8
00005284.jpg,0.7501222,0.7811024
00016321.jpg,0.6868433,0.736801
00034360.jpg,0.7809646,0.7600764
00029614.jpg,0.7783351,0.7236372
00044531.jpg,0.82597154,0.9334292
00043723.jpg,0.8004884,0.8625632
00029316.jpg,0.8602274,0.8446224
00015252.jpg,0.8547253,0.8867642
00039030.jpg,0.7781066,0.8255578
00034382.jpg,0.53318644,0.6207604
00016498.jpg,0.7058857,0.7454658
00025048.jpg,0.65990007,0.6460214
00013737.jpg,0.896717,0.8802584
00047532.jpg,0.73390627,0.738022
000000379272.jpg,0.7889426,0.9111111
00039662.jpg,0.7354971,0.7980296
00018574.jpg,0.8692492,0.863135
sun_acfbqplfoqfohnbj.jpg,0.5340077,0.5436893
00053381.jpg,0.82120866,0.7774962
00056454.jpg,0.80898786,0.8101534
00002634.jpg,0.6911464,0.7108832
00011399.jpg,0.7127125,0.5528206
00050302.jpg,0.6461049,0.7562108
00229645efaf204f.jpg,0.8353665,0.8666667
00019449.jpg,0.78938544,0.8491336
00014431.jpg,0.829239,0.8688328
00051317.jpg,0.8107969,0.8453384
00024533.jpg,0.6039779,0.6532316
00006628.jpg,0.7866268,0.7541682
00027374.jpg,0.72244984,0.7787752
00033469.jpg,0.54916203,0.5117298
00052843.jpg,0.76969784,0.86249
00004572.jpg,0.7778203,0.819244
00050359.jpg,0.72664046,0.7846768
00001637.jpg,0.79628146,0.875574
00036094.jpg,0.76019585,0.6027106
00007156.jpg,0.64243305,0.8056328
00010718.jpg,0.57512623,0.6120652
00014298.jpg,0.84335715,0.8820956
00039012.jpg,0.66563594,0.5368566
00047405.jpg,0.8947439,0.9327506
00027056.jpg,0.8330905,0.792617
00051649.jpg,0.79022866,0.8349878
00029097.jpg,0.7526881,0.771708
00043707.jpg,0.8535602,0.8035492
00049777.jpg,0.7902473,0.8284282
00054450.jpg,0.7545921,0.7605644
00029560.jpg,0.84363484,0.8578274
00017959.jpg,0.7549708,0.868689
00030307.jpg,0.74136347,0.7481282
00043567.jpg,0.7868128,0.901851
n04467665_6365.jpg,0.70750606,0.75961536
00043929.jpg,0.7046386,0.742482
00005400.jpg,0.7584474,0.7036456
00021030.jpg,0.7498764,0.8870236
00042663.jpg,0.76256335,0.8739408
00035460.jpg,0.6344243,0.7101444
00039885.jpg,0.66024435,0.5738844
00029295.jpg,0.8042535,0.8490586
00038228.jpg,0.7086565,0.5882516
00028739.jpg,0.66468465,0.7167482
00021514.jpg,0.8144073,0.6327288
00020429.jpg,0.82056856,0.6938888
00045847.jpg,0.77041364,0.7391064
00034288.jpg,0.6265908,0.6693536
00051658.jpg,0.5380677,0.6302642
00044058.jpg,0.77755964,0.7773572
n04335435_21107.jpg,0.76259536,0.814433
00033912.jpg,0.5758299,0.5782918
00020601.jpg,0.8347944,0.8846748
510086d3f2b163b0.jpg,0.72288597,0.7029703
00028576.jpg,0.75640106,0.7381118
00049499.jpg,0.84202963,0.666034
00022117.jpg,0.7186244,0.7899852
00023965.jpg,0.81095546,0.8369376
00036281.jpg,0.716386,0.6860234
00053446.jpg,0.7670909,0.7415798
00050294.jpg,0.6037232,0.6638948
00037974.jpg,0.7797289,0.7624648
00006083.jpg,0.55488443,0.4570732
n07801508_7358.jpg,0.87568235,0.8736842
00028774.jpg,0.8071084,0.843371
00001301.jpg,0.72418565,0.7322068
00016389.jpg,0.7186448,0.6114916
00012811.jpg,0.8184879,0.8043864
n03790512_932.jpg,0.8277564,0.7980769
00034510.jpg,0.6155058,0.544043
00049272.jpg,0.8120038,0.86363
00057036.jpg,0.82334566,0.848015
00025149.jpg,0.6869947,0.7323838
00053610.jpg,0.63518655,0.5205006
00027725.jpg,0.7878709,0.9066996
00051553.jpg,0.7816582,0.7121132
00040392.jpg,0.7109481,0.8210872
00046649.jpg,0.8493476,0.929962
00001187.jpg,0.6361927,0.4789536
00023881.jpg,0.8647896,0.885403
00006221.jpg,0.8653164,0.8474648
00047965.jpg,0.7466531,0.7873376
00028727.jpg,0.76266015,0.6556182
00018237.jpg,0.5650195,0.523285
00046035.jpg,0.6849941,0.5831406
00014386.jpg,0.76102614,0.8532836
00058564.jpg,0.7391037,0.8472506
00041399.jpg,0.76102877,0.7230166
00007050.jpg,0.6013476,0.70971
00015867.jpg,0.84761155,0.7896682
00044542.jpg,0.7759926,0.7127792
00016902.jpg,0.69515485,0.6916176
00032577.jpg,0.7783251,0.9025126
00038969.jpg,0.8158606,0.8059128
00021026.jpg,0.7694013,0.8477984
00010185.jpg,0.7518757,0.8477334
000000111553.jpg,0.7767831,0.85542166
00031786.jpg,0.81791216,0.753059
00019943.jpg,0.7581365,0.8469214
00033901.jpg,0.56269145,0.5493368
00032077.jpg,0.80925786,0.7876536
00040238.jpg,0.7845566,0.6723872
00051382.jpg,0.6567799,0.5468704
00033281.jpg,0.80071783,0.8092404
00036877.jpg,0.69438946,0.6558212
00036843.jpg,0.7395329,0.7905252
00025659.jpg,0.76926076,0.700029
00045035.jpg,0.82671726,0.9080758
00020165.jpg,0.7510369,0.828893
00044872.jpg,0.7211615,0.7455828
00028464.jpg,0.7925658,0.7866072
00024698.jpg,0.84083843,0.8215136
00013106.jpg,0.85617685,0.8865496
00038321.jpg,0.54118264,0.7245316
00020555.jpg,0.88993365,0.9316778
00007191.jpg,0.74945784,0.858148
00058453.jpg,0.8236856,0.8949192
00023714.jpg,0.7587105,0.8454688
00001609.jpg,0.8987634,0.9550794
00008369.jpg,0.7611393,0.7734888
n07711569_533.jpg,0.81737375,0.8586956
00000824.jpg,0.7619909,0.7717834
00056890.jpg,0.7607025,0.7925018
n02355227_6434.jpg,0.8387768,0.86734694
00031439.jpg,0.824563,0.729246
00012320.jpg,0.6966797,0.7169764
00036147.jpg,0.6385786,0.61865
8304f94f52e87b32.jpg,0.8676889,0.7920792
00034860.jpg,0.6833581,0.7307064
00045047.jpg,0.81081843,0.693187
00015889.jpg,0.91730154,0.90761
00009353.jpg,0.6410101,0.6582418
00021896.jpg,0.8089696,0.7017306
00005754.jpg,0.7355044,0.7107322
00017505.jpg,0.8212267,0.9225114
00013318.jpg,0.8673266,0.7493864
00020803.jpg,0.7654643,0.6463632
00040339.jpg,0.74882734,0.8116242
00021109.jpg,0.8533098,0.9147336
00045755.jpg,0.62394714,0.5410852
00006536.jpg,0.7988293,0.935302
00038990.jpg,0.65914017,0.695296
00002952.jpg,0.7949251,0.8537642
00046648.jpg,0.6583861,0.6687128
00022443.jpg,0.74634635,0.5973904
00023528.jpg,0.93510276,0.8768144
n01514668_17461.jpg,0.8310498,0.90217394
00006354.jpg,0.7625805,0.7829836
00028342.jpg,0.8345185,0.6790456
00012767.jpg,0.79089034,0.7281162
00020350.jpg,0.79582196,0.8555934
8880c064ecd79e96.jpg,0.63244903,0.61764705
00009355.jpg,0.8350992,0.9069896
00023795.jpg,0.7651329,0.5565544
00001706.jpg,0.7576746,0.8041148
00011162.jpg,0.72414285,0.5838512
00009060.jpg,0.824599,0.854446
00025619.jpg,0.95578134,0.9372664
00025605.jpg,0.83827424,0.9049194
00013775.jpg,0.76487523,0.6826354
00019339.jpg,0.5373893,0.545176
n09472597_39958.jpg,0.48798054,0.42105263
00007759.jpg,0.64679956,0.6347102
00051321.jpg,0.67371345,0.642265
00005658.jpg,0.85551363,0.816733
000000222599.jpg,0.76302654,0.8484849
00011543.jpg,0.5749404,0.5428904
00005457.jpg,0.8336962,0.9096922
000000063299.jpg,0.74711066,0.52884614
n07679356_27158.jpg,0.8960798,0.8988764
00036796.jpg,0.72050416,0.7583434
n09359803_16454.jpg,0.6780688,0.5
n09359803_30807.jpg,0.5148203,0.2929293
00024117.jpg,0.768237,0.7825808
00031220.jpg,0.7558669,0.6043182
00007760.jpg,0.79863954,0.6961066
00037162.jpg,0.63197196,0.6527452
00034641.jpg,0.6293047,0.6123672
00024325.jpg,0.8007287,0.8178304
n02946348_18684.jpg,0.7994944,0.78125
00058302.jpg,0.82610124,0.854407
00026954.jpg,0.46472988,0.4650938
00022118.jpg,0.7976486,0.7352262
00055072.jpg,0.79534185,0.7824928
00014677.jpg,0.6348596,0.8020286
00003342.jpg,0.7848596,0.7848148
n03541923_1553.jpg,0.84287965,0.88235295
00008355.jpg,0.5586645,0.4599316
n09468604_61717.jpg,0.5297595,0.47058824
00009164.jpg,0.7838598,0.7764896
00018190.jpg,0.8110808,0.763327
00007413.jpg,0.8708472,0.8839028
00046084.jpg,0.7202828,0.6342618
00027546.jpg,0.73559785,0.6803376
00040710.jpg,0.73997444,0.8081714
00003945.jpg,0.70405567,0.7598982
00000495.jpg,0.80511856,0.8421592
00057874.jpg,0.8244467,0.8535562
00002529.jpg,0.57742137,0.4877312
00013407.jpg,0.8482839,0.9036534
00003037.jpg,0.76129407,0.7530628
00013997.jpg,0.80524385,0.767029
00002936.jpg,0.7612293,0.8232822
00043763.jpg,0.84766126,0.7634294
00000143.jpg,0.8388183,0.8053226
00036316.jpg,0.52364755,0.4959074
00040779.jpg,0.7815763,0.7543576
00057261.jpg,0.8111688,0.8066466
00056379.jpg,0.79195416,0.8805674
00049693.jpg,0.75116897,0.797589
00023364.jpg,0.53183395,0.5967616
00037407.jpg,0.7117191,0.6567074
n07893642_5591.jpg,0.85947657,0.92391306
00018503.jpg,0.6982895,0.689507
00015410.jpg,0.7343776,0.7236432
00002428.jpg,0.80639684,0.972236
n07574602_22465.jpg,0.854944,0.85087717
00057416.jpg,0.7227353,0.61945
00052213.jpg,0.8276737,0.9051144
00001295.jpg,0.88410246,0.9231662
d48a4be9c6c9d170.jpg,0.6049846,0.55445546
n04461696_5312.jpg,0.72516817,0.7009346
00037208.jpg,0.75325453,0.5672892
00027527.jpg,0.80106336,0.5453544
00006333.jpg,0.680351,0.6180178
00022782.jpg,0.7652092,0.6670006
00027704.jpg,0.7462643,0.7274174
00021129.jpg,0.5699576,0.7192312
00016021.jpg,0.7877706,0.7407216
00038466.jpg,0.7816966,0.692104
00009876.jpg,0.79796755,0.8259326
00025388.jpg,0.83285075,0.8804174
00022725.jpg,0.85697496,0.8562972
00057321.jpg,0.81317484,0.8418376
sun_blfhgrehecmwbptm.jpg,0.5245417,0.42156863
00028456.jpg,0.6789161,0.714873
37a339d612fbd8dc.jpg,0.8044354,0.78350514
00033697.jpg,0.8294904,0.8679904
00042540.jpg,0.59426457,0.675902
00056927.jpg,0.7057703,0.6322232
00037940.jpg,0.82311594,0.8438634
00039146.jpg,0.6849063,0.785198
00038850.jpg,0.62207377,0.7162976
00004357.jpg,0.79908293,0.9087904
00013680.jpg,0.816952,0.8822542
00039195.jpg,0.69989204,0.710105
00005758.jpg,0.81349355,0.7820556
00020038.jpg,0.859426,0.9494872
00021306.jpg,0.8240981,0.9251838
00058637.jpg,0.7990161,0.85799
00055312.jpg,0.7462494,0.8011232
00040518.jpg,0.74714774,0.828547
00000456.jpg,0.79151815,0.728606
n03384352_15031.jpg,0.79436713,0.8453608
00035410.jpg,0.85352886,0.827355
00011275.jpg,0.5578636,0.5953522
00050147.jpg,0.6848364,0.6478642
00057896.jpg,0.5603006,0.6212236
00009863.jpg,0.77949715,0.7282114
00003080.jpg,0.84632313,0.8006728
00001522.jpg,0.7635515,0.6936384
00030753.jpg,0.6029608,0.637765
00030365.jpg,0.85460395,0.9033166
00026929.jpg,0.82848394,0.7813858
00009930.jpg,0.8004739,0.8169774
00004210.jpg,0.7687427,0.8530682
00013771.jpg,0.8144745,0.874904
00043459.jpg,0.61959505,0.607738
00001776.jpg,0.8564656,0.8639448
00048206.jpg,0.75187784,0.5709738
n02691156_7027.jpg,0.70952797,0.5903614
00043426.jpg,0.7228366,0.7273076
n02324045_2666.jpg,0.8248336,0.8773585
n04335435_1901.jpg,0.7303386,0.73333335
00017201.jpg,0.82388026,0.7018796
00022162.jpg,0.7904309,0.821048
00045763.jpg,0.7290815,0.770173
00028817.jpg,0.7551193,0.7315362
000000390991.jpg,0.8246375,0.8429752
00010700.jpg,0.8739892,0.9682808
00041442.jpg,0.6546401,0.7287808
00017304.jpg,0.863518,0.7916388
00027716.jpg,0.8944483,0.8994398
00029020.jpg,0.716166,0.6773978
00050411.jpg,0.71174854,0.6519686
00026916.jpg,0.67072815,0.7030486
00041393.jpg,0.55499744,0.6866538
00048962.jpg,0.8122668,0.7951816
00011083.jpg,0.7712743,0.6717698
n02355227_6323.jpg,0.86173457,0.8765432
00019295.jpg,0.8069317,0.887173
00001189.jpg,0.6532021,0.7156248
00019121.jpg,0.9195472,0.9274296
00046268.jpg,0.77045,0.7755542
00045391.jpg,0.6876458,0.5478732
00020493.jpg,0.74941677,0.7441352
00015430.jpg,0.71026695,0.728702
n03384352_6010.jpg,0.7928254,0.8367347
00008239.jpg,0.7638971,0.7201326
00045979.jpg,0.7455368,0.7530102
00033392.jpg,0.70599186,0.8848092
00016324.jpg,0.7972071,0.7754728
00006058.jpg,0.84225726,0.7874626
00050066.jpg,0.6934986,0.8119232
00038055.jpg,0.69595456,0.6715584
n01811909_7682.jpg,0.7453405,0.6574074
00028267.jpg,0.82326734,0.869894
00011455.jpg,0.756858,0.8516648
00022231.jpg,0.6731256,0.62552
00048818.jpg,0.74406374,0.740647
00024218.jpg,0.73519254,0.882476
00029780.jpg,0.96012425,0.9478246
n02430045_4014.jpg,0.82276726,0.7083333
00019881.jpg,0.89828324,0.814321
00054136.jpg,0.66759884,0.6959588
00039974.jpg,0.8481759,0.8879162
00009554.jpg,0.69055873,0.7247928
00055827.jpg,0.5781505,0.6239542
n07929519_34214.jpg,0.85957557,0.86538464
00027948.jpg,0.79228115,0.9144908
000000275885.jpg,0.84786415,0.9191919
00018143.jpg,0.7538882,0.7355102
00034375.jpg,0.7479027,0.6665394
00055225.jpg,0.817737,0.8100238
00015466.jpg,0.6017059,0.6716242
00036148.jpg,0.6282884,0.4556148
00044459.jpg,0.63938457,0.7720726
00003805.jpg,0.6503655,0.7645228
00028087.jpg,0.53269434,0.4949668
00053377.jpg,0.70826185,0.7574264
00019651.jpg,0.78376853,0.7098622
00052951.jpg,0.8375208,0.9213984
n07923748_1712.jpg,0.8496469,0.8584906
00017148.jpg,0.5846765,0.7496154
00050901.jpg,0.81084925,0.855261
00019193.jpg,0.73861015,0.645384
00001917.jpg,0.7161783,0.7712736
00022340.jpg,0.7836392,0.8044542
00023078.jpg,0.8379848,0.8804382
00001982.jpg,0.7993539,0.8681702
00032359.jpg,0.81182075,0.7552974
00017032.jpg,0.8577348,0.9361026
00011333.jpg,0.7437787,0.738997
00036809.jpg,0.6767458,0.6054184
00041538.jpg,0.7742001,0.7505212
00007512.jpg,0.5684962,0.4469218
00002310.jpg,0.73821616,0.717859
00004855.jpg,0.6848583,0.6375904
00058283.jpg,0.7740247,0.8837944
00040988.jpg,0.800845,0.8375756
00019782.jpg,0.80342126,0.6948486
n09289331_580.jpg,0.7661611,0.7
00004876.jpg,0.88401276,0.8247236
00013005.jpg,0.7918107,0.7320984
000000280422.jpg,0.657187,0.63917524
00053897.jpg,0.73858124,0.8260746
00031243.jpg,0.8416346,0.7160382
00028437.jpg,0.7210555,0.7155416
00022858.jpg,0.71006185,0.6866002
00030310.jpg,0.6443088,0.7152808
00022000.jpg,0.83015424,0.8973126
00013943.jpg,0.8164352,0.7987022
00033020.jpg,0.7804234,0.79511
00030346.jpg,0.85532665,0.8300952
00010245.jpg,0.8028002,0.8525398
00004839.jpg,0.80004585,0.8593032
00039584.jpg,0.7431093,0.6224608
05430da00e88b5f9.jpg,0.83313805,0.7894737
45219608ce9955ac.jpg,0.70183766,0.71568626
00048612.jpg,0.7689027,0.8296264
00041032.jpg,0.6960012,0.7131884
00007571.jpg,0.82919586,0.807726
00010931.jpg,0.6893681,0.6033874
00001710.jpg,0.7656777,0.6331642
00005576.jpg,0.81293344,0.8453614
00015137.jpg,0.8229813,0.841717
00030571.jpg,0.60616654,0.5966804
00039003.jpg,0.7821926,0.7965278
00013667.jpg,0.76315165,0.7699082
00037628.jpg,0.6863316,0.7448126
00029081.jpg,0.9226171,0.8784678
00033548.jpg,0.7438158,0.515421
00008856.jpg,0.87783206,0.7079532
00016534.jpg,0.7150004,0.6723612
00009942.jpg,0.5943238,0.4461268
00007841.jpg,0.7996081,0.7871552
00027417.jpg,0.5843166,0.5112502
00002127.jpg,0.8423053,0.8313878
00054154.jpg,0.8284289,0.8100246
00031312.jpg,0.5995441,0.735679
00058276.jpg,0.8262348,0.814765
00025555.jpg,0.8981023,0.948175
00011136.jpg,0.8278236,0.8958582
n02132580_5128.jpg,0.77957785,0.75555557
00037573.jpg,0.6534362,0.762761
00016368.jpg,0.62256813,0.589796
00022039.jpg,0.7572259,0.6471454
00006908.jpg,0.65994537,0.7187198
000000124167.jpg,0.78154564,0.7303371
00009575.jpg,0.78609633,0.887069
00013690.jpg,0.5350784,0.4714852
00049024.jpg,0.7402423,0.7212196
00048371.jpg,0.7190348,0.7534516
00015888.jpg,0.7991751,0.8619298
00027707.jpg,0.75104177,0.7080918
00026912.jpg,0.70113194,0.5509536
00036266.jpg,0.79284763,0.8368994
00048941.jpg,0.8743474,0.8807226
00029490.jpg,0.7520288,0.804315
00032787.jpg,0.83999634,0.8505588
00054918.jpg,0.83610225,0.638956
908d784de0a17e1d.jpg,0.60193205,0.6826923
00046065.jpg,0.77982235,0.6418936
00009110.jpg,0.88619876,0.8224318
00032830.jpg,0.76660013,0.8151026
00028963.jpg,0.77326655,0.5293828
sun_aajttwmkstixpqmk.jpg,0.5680469,0.43678162
00013766.jpg,0.78701925,0.8444722
00044650.jpg,0.7885909,0.780475
00056329.jpg,0.7099297,0.6057386
00013250.jpg,0.8258381,0.8468144
00005142.jpg,0.737497,0.7143632
00033677.jpg,0.7220124,0.6068434
00056117.jpg,0.848205,0.8832108
00000019.jpg,0.82039803,0.82438
00015479.jpg,0.7846682,0.7119236
n07690273_21366.jpg,0.94312286,0.8979592
00023032.jpg,0.7817061,0.7987878
00042488.jpg,0.6864427,0.7211542
00042605.jpg,0.71088624,0.6787744
00027219.jpg,0.7445963,0.7809316
00030001.jpg,0.80961406,0.7654874
00015277.jpg,0.86112905,0.9081894
00057169.jpg,0.8063853,0.9206464
000000246456.jpg,0.73821783,0.9230769
00055593.jpg,0.5488981,0.473906
n02430045_4987.jpg,0.7688818,0.65048546
00026575.jpg,0.5469587,0.5211142
00018730.jpg,0.73709375,0.682432
00039830.jpg,0.6814393,0.7935512
00003377.jpg,0.72456646,0.7132602
00052207.jpg,0.80930793,0.7598404
00046341.jpg,0.8992717,0.8723258
00042176.jpg,0.72715956,0.6996916
00012513.jpg,0.57346153,0.6035784
00033754.jpg,0.6369101,0.559179
00047370.jpg,0.8275973,0.791866
00043692.jpg,0.8286216,0.773543
sun_azlynmqjfwjytkdv.jpg,0.733798,0.7058824
00034321.jpg,0.55487645,0.5153966
00020374.jpg,0.92899257,0.9563512
00015398.jpg,0.65228724,0.7364282
00038643.jpg,0.63820547,0.6951972
00029078.jpg,0.7857587,0.7415182
00034173.jpg,0.6388763,0.5680952
ddba33eeca39c042.jpg,0.6620939,0.81914896
00030057.jpg,0.74941146,0.723363
n07893642_24480.jpg,0.7925888,0.85087717
n00471613_23975.jpg,0.750211,0.814433
00033728.jpg,0.85720927,0.8137926
00057295.jpg,0.83719647,0.733173
00041816.jpg,0.70536095,0.6476638
00026752.jpg,0.75386643,0.6815664
00011911.jpg,0.83799756,0.8596344
00057453.jpg,0.79796726,0.729013
00025304.jpg,0.72724265,0.6678982
00047350.jpg,0.8100699,0.7672582
00019696.jpg,0.7454741,0.6249454
00011816.jpg,0.8407833,0.873274
00055013.jpg,0.84214973,0.7745726
00046944.jpg,0.82854253,0.8882968
00042403.jpg,0.84901583,0.7242882
00045051.jpg,0.7829565,0.7770728
00031207.jpg,0.5247645,0.478293
00008133.jpg,0.73044515,0.705903
00057689.jpg,0.76495606,0.7979
n09270735_12116.jpg,0.7827144,0.69902915
00053158.jpg,0.7952517,0.9230556
00046951.jpg,0.7757483,0.7900166
00055252.jpg,0.87307304,0.8728452
00033102.jpg,0.8840828,0.7990362
00052560.jpg,0.7948506,0.8201946
00013764.jpg,0.7243927,0.7500604
00035394.jpg,0.6795844,0.5571918
n09309168_7549.jpg,0.67072064,0.6666667
00010291.jpg,0.81180435,0.7660004
00049932.jpg,0.7168173,0.6624756
00027685.jpg,0.82112634,0.5641304
00019976.jpg,0.7493105,0.6558076
00038401.jpg,0.5624764,0.5212264
n09428293_6924.jpg,0.6000215,0.6117647
00026164.jpg,0.55761206,0.4537318
00012701.jpg,0.6414677,0.6260178
00003374.jpg,0.86760217,0.9153302
00004096.jpg,0.75133574,0.7625094
00024497.jpg,0.76534796,0.8158392
00017753.jpg,0.6958061,0.6126522
00035924.jpg,0.8183202,0.878073
00037932.jpg,0.76260805,0.7541562
00053326.jpg,0.8023649,0.825479
00031308.jpg,0.78551596,0.7500444
00015642.jpg,0.84775245,0.870469
00023947.jpg,0.50197124,0.636465
00018604.jpg,0.7261088,0.7723082
00028419.jpg,0.73426807,0.7846468
00031289.jpg,0.8133778,0.7918634
00013193.jpg,0.7641776,0.71786
00035440.jpg,0.8428616,0.778272
00024508.jpg,0.7145754,0.651419
00003918.jpg,0.90582037,0.8890502
00042127.jpg,0.7929794,0.666786
n07583197_5587.jpg,0.79397,0.7525773
00006867.jpg,0.7623146,0.7535186
00016493.jpg,0.82658434,0.8918414
00019616.jpg,0.76818645,0.7716188
00035453.jpg,0.6184058,0.531421
00008698.jpg,0.7209179,0.7702522
00046242.jpg,0.685449,0.6264364
00051224.jpg,0.8211249,0.827618
n07838073_7085.jpg,0.8182142,0.85263157
00046988.jpg,0.7819835,0.7520696
00016049.jpg,0.8520031,0.742048
00001347.jpg,0.8206315,0.7330428
00051368.jpg,0.73788863,0.8299656
00039862.jpg,0.7951965,0.7601372
00041284.jpg,0.76528156,0.7901892
131887bc16929743.jpg,0.70184827,0.6666667
00013190.jpg,0.7221347,0.7686834
00056752.jpg,0.8033024,0.9087084
00006511.jpg,0.73216236,0.7700976
00027905.jpg,0.7153215,0.6406772
n02324045_9710.jpg,0.83703864,0.8210526
00006714.jpg,0.76785016,0.7406062
00031094.jpg,0.79942906,0.8122456
00047614.jpg,0.7732317,0.7252028
00006891.jpg,0.709605,0.7972624
00053969.jpg,0.7669284,0.693765
00011202.jpg,0.60731125,0.5010504
00015373.jpg,0.5426791,0.5677516
00027855.jpg,0.78562665,0.7054708
00009610.jpg,0.7968295,0.7584918
00002248.jpg,0.7817246,0.8225796
00022827.jpg,0.9037112,0.9234294
134e7aae3e2561c9.jpg,0.7653296,0.8640777
000000122207.jpg,0.7930473,0.8484849
00014166.jpg,0.7848659,0.7634582
00039558.jpg,0.72620165,0.6664272
00029401.jpg,0.6829639,0.5078868
00006538.jpg,0.79413235,0.792528
00013153.jpg,0.8009665,0.7826948
000000120874.jpg,0.74817145,0.8888889
3f99b162e7bdf531.jpg,0.8121556,0.7790698
00024150.jpg,0.6793497,0.6808472
00031865.jpg,0.57101434,0.6029814
00050967.jpg,0.71562195,0.7546234
n03791053_9553.jpg,0.8405173,0.8717949
00027189.jpg,0.6787397,0.7757388
00057588.jpg,0.83431876,0.8605214
00052455.jpg,0.6701415,0.7954278
00045998.jpg,0.7978091,0.779379
sun_aqxqzdeqnlrkfuhn.jpg,0.4685847,0.54545456
00034279.jpg,0.7741059,0.7849314
00042554.jpg,0.7608268,0.8592552
00051985.jpg,0.6787576,0.6836386
25bed79c007ca4ef.jpg,0.5180516,0.31683168
00035222.jpg,0.57051563,0.5632112
00027081.jpg,0.82066786,0.8160032
00040855.jpg,0.74677414,0.8087442
00051199.jpg,0.7792126,0.8994958
00046011.jpg,0.76686054,0.8019766
00032345.jpg,0.80246544,0.7004264
00015720.jpg,0.7984209,0.7747992
00043245.jpg,0.7230624,0.6633748
00022277.jpg,0.8745972,0.9237188
00036133.jpg,0.7163037,0.5862938
n07911677_1312.jpg,0.8804345,0.8484849
00015953.jpg,0.9079002,0.847856
00050647.jpg,0.7247572,0.6714714
00003206.jpg,0.6554425,0.7041882
00038046.jpg,0.6108375,0.5304264
00046217.jpg,0.77652985,0.8279532
00052583.jpg,0.59688526,0.6194238
00027761.jpg,0.7359252,0.518802
00021066.jpg,0.7882479,0.8279294
00044973.jpg,0.8088357,0.6972504
00002017.jpg,0.8629264,0.8145228
00046684.jpg,0.7498217,0.7059056
00029067.jpg,0.86932194,0.655048
00049874.jpg,0.76968133,0.7439382
00045564.jpg,0.8929641,0.8544318
00045402.jpg,0.7246699,0.6438846
00051180.jpg,0.64951885,0.6319436
00009986.jpg,0.8474691,0.7951134
00011479.jpg,0.85022116,0.8808972
00006687.jpg,0.8135315,0.9807842
00033737.jpg,0.59798133,0.540607
00027836.jpg,0.6817289,0.28113
5ba69198a3acd712.jpg,0.8664541,0.95049506
00052748.jpg,0.6888586,0.6839558
00054904.jpg,0.7771842,0.6876258
00038101.jpg,0.5733211,0.3816182
00041603.jpg,0.8134841,0.7926902
00033150.jpg,0.582079,0.5014874
00015378.jpg,0.7023083,0.7357538
00051509.jpg,0.7598443,0.7930144
00040169.jpg,0.6827364,0.7132144
00010774.jpg,0.72980857,0.6112422
00040705.jpg,0.7774912,0.63289
00022700.jpg,0.7915171,0.8382622
00027088.jpg,0.7950247,0.8319262
00028793.jpg,0.8681594,0.9022006
00019304.jpg,0.7924426,0.7715902
00028634.jpg,0.744385,0.7542574
00041158.jpg,0.71404326,0.7022194
00058688.jpg,0.86445105,0.888515
00009689.jpg,0.8757191,0.9500394
00015939.jpg,0.714212,0.5497402
00051425.jpg,0.8150708,0.8566954
00047050.jpg,0.79211766,0.8958442
00036801.jpg,0.68082833,0.646768
00027914.jpg,0.7856918,0.8130402
sun_afdaynbvsppiyvxm.jpg,0.69042003,0.6574074
00016514.jpg,0.9060393,0.9195666
00044676.jpg,0.6771072,0.6627588
00006006.jpg,0.81212735,0.775432
00053918.jpg,0.7083274,0.7875436
00014977.jpg,0.88013846,0.9082714
00048223.jpg,0.8169879,0.9083878
n02878222_50742.jpg,0.7621168,0.7570093
00046168.jpg,0.59420586,0.7270998
00008809.jpg,0.82280827,0.8021706
00038561.jpg,0.5803624,0.756775
00057333.jpg,0.7830508,0.811442
00052872.jpg,0.83534086,0.8231992
n07720875_5177.jpg,0.9617834,0.96363634
00014085.jpg,0.6813362,0.747966
00006554.jpg,0.86974454,0.9079394
00054533.jpg,0.6808634,0.6255604
00054338.jpg,0.81291413,0.8766584
00008213.jpg,0.54428726,0.4951786
00041209.jpg,0.74460876,0.7580596
00005052.jpg,0.68224216,0.809088
00052402.jpg,0.8283574,0.9428132
00044852.jpg,0.5791425,0.4885262
n09359803_38300.jpg,0.4959395,0.41666666
00008548.jpg,0.7425386,0.8057656
00034002.jpg,0.54434466,0.5830502
00003185.jpg,0.7904986,0.8003268
000000421502.jpg,0.7580589,0.81395346
00044632.jpg,0.7098003,0.7530398
00037796.jpg,0.78240573,0.6902254
00037032.jpg,0.6459973,0.5512488
00057173.jpg,0.7378813,0.6722188
00049906.jpg,0.88443196,0.8679124
00036622.jpg,0.6218302,0.7172656
00044292.jpg,0.7395557,0.7870414
00019610.jpg,0.79921377,0.6802112
00023110.jpg,0.6307173,0.5821512
00040523.jpg,0.7114694,0.8065656
00037379.jpg,0.6913621,0.6952806
00012922.jpg,0.8929718,0.8938986
00011989.jpg,0.8232206,0.8448418
9e325c20c06565bb.jpg,0.80349314,0.9117647
00029531.jpg,0.7970172,0.8192246
000000518555.jpg,0.75317645,0.83157897
00050231.jpg,0.85049134,0.9457946
00007152.jpg,0.80020916,0.900555
00049815.jpg,0.7534069,0.7988776
00026873.jpg,0.65065765,0.6808266
00025982.jpg,0.7643125,0.8813486
00017886.jpg,0.7871212,0.8603726
00021294.jpg,0.5407543,0.4762938
00015174.jpg,0.7277117,0.8925072
n02932891_20139.jpg,0.7263136,0.6741573
00038559.jpg,0.71459126,0.8514874
00050307.jpg,0.81489074,0.863106
00000712.jpg,0.75325686,0.830573
245ccf6cf1d92449.jpg,0.61450577,0.63106793
2fd3eb1cc3d5d7d7.jpg,0.6260099,0.5368421
000000398753.jpg,0.73417836,0.6486486
00016158.jpg,0.8220173,0.866139
00050279.jpg,0.75484276,0.7978452
00050063.jpg,0.54352534,0.6120788
00018587.jpg,0.83643883,0.821287
00045447.jpg,0.69775474,0.6068172
00029194.jpg,0.6264036,0.6574926
00037463.jpg,0.7785289,0.751744
00040802.jpg,0.7394417,0.684478
00034202.jpg,0.61244696,0.8119046
00057143.jpg,0.7699108,0.9334152
00031778.jpg,0.75444645,0.7788862
00049257.jpg,0.796013,0.7287596
n02396427_9648.jpg,0.8876101,0.8229167
00047828.jpg,0.6748563,0.8050686
00037502.jpg,0.74362206,0.712399
00007825.jpg,0.7892662,0.715183
00055354.jpg,0.74231815,0.843714
00055511.jpg,0.730384,0.5856366
d37ce84bd17e9211.jpg,0.6755259,0.58426964
00031823.jpg,0.7934591,0.6949362
00006657.jpg,0.6983102,0.6407206
00027903.jpg,0.7600138,0.6922568
00042254.jpg,0.6789409,0.7291828
00042027.jpg,0.745049,0.6551118
00023779.jpg,0.7768465,0.813166
00021228.jpg,0.83522195,0.8650216
00051119.jpg,0.75987625,0.8158598
00034280.jpg,0.61710525,0.546765
00015608.jpg,0.7945658,0.7731738
00032060.jpg,0.57696486,0.5524238
00041958.jpg,0.77249134,0.6285714
00031203.jpg,0.8906604,0.9162586
00042084.jpg,0.79137623,0.77786
00056061.jpg,0.80744994,0.840901
n02932891_8061.jpg,0.65651464,0.6666667
00053196.jpg,0.9473729,0.9828572
00011625.jpg,0.7965693,0.7608528
00014765.jpg,0.8667332,0.8879404
00006769.jpg,0.7816299,0.827102
n03351262_5778.jpg,0.72896314,0.5
00017892.jpg,0.775933,0.7852524
00012195.jpg,0.7067316,0.7518034
00042110.jpg,0.68621516,0.65266
00006136.jpg,0.6824286,0.6978848
00023671.jpg,0.7603305,0.7590806
00011865.jpg,0.7717439,0.7088918
00021165.jpg,0.7679479,0.7015188
00013538.jpg,0.8522944,0.8851882
00002007.jpg,0.7434892,0.7662742
000000514083.jpg,0.72949654,0.7525773
00033880.jpg,0.73458993,0.7469652
00005054.jpg,0.800706,0.8458652
00041689.jpg,0.6349897,0.5804452
00042519.jpg,0.73052037,0.7603664
00030590.jpg,0.64546967,0.675854
00040309.jpg,0.7588682,0.7257888
00043705.jpg,0.7624563,0.8149338
00028129.jpg,0.86868775,0.8439868
00040946.jpg,0.7319894,0.6920498
00004049.jpg,0.9533771,0.8938298
00007741.jpg,0.7938329,0.6770838
n09303008_27637.jpg,0.6998654,0.5955056
00054914.jpg,0.80870694,0.8389364
00055000.jpg,0.82100034,0.7734694
00048793.jpg,0.96388197,0.9609576
n04467665_28313.jpg,0.73531795,0.7592593
00011978.jpg,0.9225744,0.9427582
00027163.jpg,0.7169728,0.747519
00023188.jpg,0.543551,0.551982
00023127.jpg,0.8435691,0.8403382
00049233.jpg,0.7835873,0.7677222
00007892.jpg,0.7845066,0.76729
00052477.jpg,0.7266966,0.8020562
00048393.jpg,0.8158445,0.7540722
n09472597_31092.jpg,0.7380336,0.7790698
00015690.jpg,0.7940717,0.6848676
n07880968_4566.jpg,0.9130426,0.8684211
00011526.jpg,0.6874736,0.6876434
0c3228734c66d31b.jpg,0.8099912,0.86538464
4e9a1e1079484886.jpg,0.5627131,0.5882353
00003692.jpg,0.7640664,0.8229274
00053471.jpg,0.77887034,0.7668696
00001467.jpg,0.89423895,0.7391496
00043039.jpg,0.7680922,0.7201976
n02431441_574.jpg,0.7747267,0.6730769
00028855.jpg,0.9058472,0.8664116
00012365.jpg,0.70026934,0.6222338
00012878.jpg,0.83351016,0.8372488
00010537.jpg,0.800082,0.7489834
00002810.jpg,0.8114052,0.7766862
00009725.jpg,0.8805269,0.8994906
n02834778_9944.jpg,0.80296326,0.8333333
00023040.jpg,0.634741,0.6291664
00031772.jpg,0.8139902,0.7997924
00049081.jpg,0.87014693,0.7937442
00008288.jpg,0.7647124,0.6200594
00056332.jpg,0.7075896,0.6477844
00018820.jpg,0.7677304,0.8389312
00017583.jpg,0.7698417,0.7198388
00039410.jpg,0.5907675,0.7904994
00023283.jpg,0.8412085,0.8232212
00001742.jpg,0.9313188,0.9470736
00013530.jpg,0.81005573,0.7374134
n02355227_14684.jpg,0.8235565,0.7628866
00038325.jpg,0.7209718,0.7235906
00000226.jpg,0.74236405,0.7411112
00002377.jpg,0.7305846,0.7443368
00047611.jpg,0.7695919,0.649604
00043640.jpg,0.78527015,0.859103
00057525.jpg,0.6054391,0.6249328
00006309.jpg,0.6621416,0.7971854
00052045.jpg,0.8151398,0.8702722
00026341.jpg,0.8137742,0.711498
00001248.jpg,0.776391,0.8080406
00057871.jpg,0.7268948,0.7810258
00013757.jpg,0.7285449,0.54643
00032968.jpg,0.7710923,0.7465524
00039709.jpg,0.9109578,0.8298028
00001027.jpg,0.6660749,0.7198016
00034306.jpg,0.5657981,0.5922062
00024707.jpg,0.8008802,0.8883774
00047449.jpg,0.77940667,0.744535
00051019.jpg,0.7368892,0.6924082
00009669.jpg,0.7475865,0.6706552
00025001.jpg,0.7882334,0.7691478
00042928.jpg,0.61413366,0.5420888
00016662.jpg,0.7809584,0.7690022
00037840.jpg,0.58725333,0.635222
00018933.jpg,0.7442113,0.767032
n09308572_627.jpg,0.7575648,0.75609756
00056949.jpg,0.8583403,0.8851544
00000471.jpg,0.8397314,0.9012288
00046001.jpg,0.6293512,0.6837462
00022441.jpg,0.75256693,0.6991084
00008261.jpg,0.8692594,0.764085
n09289331_3970.jpg,0.6637713,0.6976744
00007393.jpg,0.7689438,0.795369
00028015.jpg,0.75014406,0.8226568
00051836.jpg,0.761294,0.7655094
48abd1db27d7de96.jpg,0.92410624,0.83908045
00033761.jpg,0.65776366,0.6417858
00023129.jpg,0.60877687,0.6804132
00044895.jpg,0.70042187,0.6956942
00055288.jpg,0.72165,0.7794326
00035278.jpg,0.67333806,0.6470616
00044358.jpg,0.69408303,0.6985388
00013501.jpg,0.8410964,0.8823346
00001847.jpg,0.81636894,0.8546198
00011606.jpg,0.7418431,0.835257
n04587559_12843.jpg,0.6150176,0.70434785
00029542.jpg,0.7085126,0.7327572
00009490.jpg,0.59015626,0.6419444
n07720875_5671.jpg,0.88557136,0.89285713
00018940.jpg,0.8983327,0.9507468
00021808.jpg,0.7596061,0.7351826
000000539247.jpg,0.7211522,0.8557692
00008976.jpg,0.7969775,0.6357318
00005523.jpg,0.86899745,0.9361758
00018683.jpg,0.8239439,0.7944866
00012403.jpg,0.6776786,0.5996616
00032987.jpg,0.6938879,0.8758522
00021889.jpg,0.82234,0.9003236
00055610.jpg,0.8128542,0.698037
00005619.jpg,0.8483662,0.8371908
00037037.jpg,0.67251045,0.5843678
00017442.jpg,0.78573453,0.7384722
00039490.jpg,0.6555748,0.7788024
00019878.jpg,0.714676,0.8655734
00050235.jpg,0.77823436,0.8290594
n00470966_25103.jpg,0.8764061,0.8938053
00046665.jpg,0.7633214,0.7316574
00058407.jpg,0.9095208,0.9426408
000000290570.jpg,0.65479004,0.61
00009663.jpg,0.77647656,0.8656586
00034843.jpg,0.6570523,0.560335
00049902.jpg,0.8676756,0.844954
n04335435_21307.jpg,0.7338068,0.75652176
00038653.jpg,0.71953326,0.7827986
00005236.jpg,0.78191197,0.7071552
n09303008_20522.jpg,0.5095401,0.6216216
00007672.jpg,0.69478524,0.6972884
n04166281_4467.jpg,0.6948334,0.62886596
00055242.jpg,0.79927,0.671849
00020226.jpg,0.8778782,0.8507802
00008094.jpg,0.741884,0.89009
00020377.jpg,0.8252058,0.8872966
00022291.jpg,0.77313125,0.8525442
00031773.jpg,0.89473486,0.9196888
00051989.jpg,0.7190472,0.867244
00013717.jpg,0.7896934,0.8200076
00052715.jpg,0.8069165,0.834529
00016643.jpg,0.82874376,0.6910918
00013762.jpg,0.8568412,0.8917638
db190b9e53838d3e.jpg,0.8434871,0.79611653
00003240.jpg,0.8036103,0.8377032
00011789.jpg,0.7620089,0.8411944
00021536.jpg,0.8399981,0.756639
n03512147_2234.jpg,0.77352995,0.7765958
00024764.jpg,0.8912785,0.9325888
00001801.jpg,0.7386968,0.7661996
n00464894_13639.jpg,0.7600709,0.7777778
00053259.jpg,0.9007787,0.8633404
n07838073_7256.jpg,0.81315994,0.8557692
n02934451_1210.jpg,0.7057534,0.5104167
00023831.jpg,0.8264564,0.9531232
00030213.jpg,0.84427524,0.8835332
00037093.jpg,0.75969857,0.8394458
000000468615.jpg,0.8463242,0.9270833
56c8e6f1b804c529.jpg,0.8185724,0.8288288
00001499.jpg,0.6567773,0.533885
00031492.jpg,0.7814807,0.834133
00046385.jpg,0.81013554,0.9070624
00050140.jpg,0.63946605,0.7433054
00006321.jpg,0.8609643,0.7774542
00049596.jpg,0.7003374,0.6964432
00041377.jpg,0.8007188,0.8334358
00037119.jpg,0.7871492,0.7106476
00052275.jpg,0.89631665,0.9036198
00002059.jpg,0.6612333,0.8579916
00034192.jpg,0.62056756,0.5208382
00019554.jpg,0.8948554,0.9579262
00056278.jpg,0.8412496,0.841783
00049447.jpg,0.78772616,0.5813442
00011233.jpg,0.8656144,0.8451888
00035777.jpg,0.7309094,0.752573
00021008.jpg,0.94624984,0.890097
00035211.jpg,0.6632893,0.6628756
00046534.jpg,0.7312679,0.7722512
000000095191.jpg,0.74950564,0.73626375
00046437.jpg,0.87054086,0.908637
00047757.jpg,0.76944053,0.8544878
00008721.jpg,0.8554325,0.9110092
00055089.jpg,0.85105914,0.8984276
00018843.jpg,0.6884334,0.7152988
00012450.jpg,0.78052294,0.8607326
00032403.jpg,0.7247855,0.8318658
00037171.jpg,0.65142834,0.553185
00034552.jpg,0.6821028,0.6934558
00031187.jpg,0.7094404,0.6532882
00002316.jpg,0.7205188,0.751357
00008672.jpg,0.7406461,0.718318
00045833.jpg,0.71565455,0.8160094
00009003.jpg,0.8111892,0.8456866
00050574.jpg,0.6094121,0.6004348
00036909.jpg,0.71584475,0.6765128
00012869.jpg,0.8060702,0.830424
000000044240.jpg,0.7761991,0.76635516
n09288635_1022.jpg,0.78199434,0.74509805
00013952.jpg,0.88617945,0.8503686
00031615.jpg,0.8497726,0.7857956
00020284.jpg,0.80831003,0.8454982
n02132136_19256.jpg,0.7981131,0.7962963
00024976.jpg,0.8312738,0.909871
00012721.jpg,0.7942224,0.8383776
00002852.jpg,0.70511186,0.7658396
00034624.jpg,0.7630795,0.8457262
00025741.jpg,0.8729245,0.7972792
00039609.jpg,0.7628081,0.7527166
00049958.jpg,0.59562516,0.6627322
n09472597_40484.jpg,0.60085773,0.29411766
00008605.jpg,0.71366644,0.8307684
00029505.jpg,0.83331686,0.8751294
00043049.jpg,0.7273766,0.653284
00000279.jpg,0.80083853,0.8420084
n02396427_4200.jpg,0.8272326,0.91818184
00040647.jpg,0.7809646,0.8829714
00056370.jpg,0.80165756,0.7474232
00055732.jpg,0.852803,0.7369898
00025144.jpg,0.69472766,0.616922
00053442.jpg,0.8294176,0.8317266
00020535.jpg,0.81335217,0.8720032
00014170.jpg,0.7771682,0.7492106
00007757.jpg,0.77168083,0.6668768
n04166281_6665.jpg,0.7531159,0.682243
00013135.jpg,0.82625794,0.8892282
00033741.jpg,0.7355221,0.7035206
00004702.jpg,0.7716863,0.8518002
00019298.jpg,0.89694685,0.8866728
00039312.jpg,0.89238834,0.929124
00057702.jpg,0.8359405,0.8653046
104a87e61aa3f85a.jpg,0.72324944,0.6105263
00006717.jpg,0.73432183,0.7317458
00050603.jpg,0.79294777,0.8055344
00039766.jpg,0.69027567,0.8346756
00017915.jpg,0.7167278,0.7303308
n01514668_690.jpg,0.85551345,0.8981481
4c1d1d4f21cf31e2.jpg,0.78533435,0.6972477
00044420.jpg,0.7560075,0.8130158
00016705.jpg,0.78365034,0.7989796
00036447.jpg,0.74795616,0.7640956
00039702.jpg,0.7376981,0.7959962
c22e29581c0e797e.jpg,0.7979863,0.74285716
n04465501_9719.jpg,0.81286585,0.7311828
00002896.jpg,0.77612865,0.8342546
00022114.jpg,0.80695355,0.8260372
00001250.jpg,0.7653285,0.6624598
00014936.jpg,0.78031665,0.8657052
00046399.jpg,0.7292635,0.5835174
00030190.jpg,0.8383311,0.904216
00023650.jpg,0.77025187,0.8372446
00004329.jpg,0.7549214,0.7752884
00041374.jpg,0.82307863,0.8029952
00009117.jpg,0.8973882,0.948767
00042894.jpg,0.7295762,0.6304566
00020936.jpg,0.73251384,0.7340244
00037797.jpg,0.728264,0.8368802
00043471.jpg,0.834077,0.7644592
00051301.jpg,0.7218921,0.7659252
00049242.jpg,0.82248914,0.7673646
000000523673.jpg,0.78218293,0.75
00035076.jpg,0.5507312,0.5250796
n04335435_1862.jpg,0.77846324,0.8773585
00032148.jpg,0.90211856,0.9607684
00002174.jpg,0.83932424,0.7556384
00047453.jpg,0.7601427,0.6634164
00056574.jpg,0.70107543,0.7532214
00018565.jpg,0.7887056,0.8473218
00051179.jpg,0.794134,0.829877
00025801.jpg,0.7038573,0.7010518
00030096.jpg,0.91302836,0.8717546
00058543.jpg,0.8495748,0.8590702
00031426.jpg,0.77530694,0.7447376
00014487.jpg,0.80360794,0.8946358
00011943.jpg,0.920372,0.952661
n04252077_7421.jpg,0.6626768,0.7227723
00057986.jpg,0.71729785,0.7341248
n07716358_9362.jpg,0.9437754,0.9652174
00015210.jpg,0.87527114,0.8132646
00032020.jpg,0.8609077,0.8418104
000000346511.jpg,0.7573638,0.61538464
00011306.jpg,0.8079551,0.7806978
00013527.jpg,0.80519253,0.7330842
00043349.jpg,0.73268956,0.6765204
00052732.jpg,0.79208314,0.7697912
00005087.jpg,0.5933424,0.5183054
00016672.jpg,0.80032027,0.7997966
n09308572_4442.jpg,0.7784134,0.77884614
n07911677_1788.jpg,0.8585727,0.86315787
00055792.jpg,0.7879117,0.8323796
00007492.jpg,0.82315564,0.77175
00031284.jpg,0.6926241,0.7443442
00056096.jpg,0.757802,0.6972386
n02118333_9677.jpg,0.73734295,0.7217391
00023692.jpg,0.8045902,0.897747
00036760.jpg,0.7026529,0.5751084
00046081.jpg,0.64142835,0.6555458
00005717.jpg,0.51410586,0.3715262
000000484074.jpg,0.7685504,0.7619048
n12345899_20312.jpg,0.73507106,0.8041237
00032713.jpg,0.8395636,0.7762342
00011624.jpg,0.72055924,0.718749
00054032.jpg,0.6979145,0.75687
00005546.jpg,0.6696366,0.6450326
000000288700.jpg,0.75747263,0.8192771
n02396427_12172.jpg,0.6532578,0.71428573
n03670208_49557.jpg,0.8564561,0.8202247
00038266.jpg,0.57268775,0.5843684
00039376.jpg,0.74548995,0.7623274
00022781.jpg,0.70573694,0.6424696
00011570.jpg,0.8509794,0.7171842
00006147.jpg,0.57589966,0.7162478
00007747.jpg,0.56180626,0.5424194
00035313.jpg,0.70483,0.7670666
00055118.jpg,0.6673833,0.6233334
00043851.jpg,0.7881642,0.852637
00000287.jpg,0.800171,0.7733684
00045741.jpg,0.7611477,0.7051284
n04335435_24042.jpg,0.7944018,0.814433
00010235.jpg,0.5990772,0.4961964
00048384.jpg,0.7388301,0.705746
00051643.jpg,0.73520744,0.7172248
00049621.jpg,0.8151534,0.7761912
00027823.jpg,0.8317802,0.8794078
00050329.jpg,0.6195699,0.6873984
00038527.jpg,0.8270868,0.8305972
00036844.jpg,0.72677934,0.652186
00011510.jpg,0.7364621,0.6576388
00045941.jpg,0.77691144,0.7345518
00023569.jpg,0.7017313,0.61237
00030951.jpg,0.76260054,0.7054578
02f3a888909fa7d0.jpg,0.68722343,0.6395349
00002119.jpg,0.8550758,0.8363362
00028767.jpg,0.81052697,0.7722214
00051946.jpg,0.857368,0.8833742
n00464894_10523.jpg,0.82661176,0.8207547
00008453.jpg,0.7434801,0.6522566
00033825.jpg,0.7800322,0.8090296
00022727.jpg,0.8202852,0.7651804
00018100.jpg,0.77914536,0.8710544
00026387.jpg,0.58725893,0.678941
00042785.jpg,0.79501086,0.6049166
00023963.jpg,0.7942934,0.9203722
n02434954_4936.jpg,0.7750406,0.6125
00030597.jpg,0.8062811,0.8060564
sun_aqtstmhxxgspchdn.jpg,0.66692466,0.5247525
00033473.jpg,0.7811526,0.6080072
00041182.jpg,0.78942144,0.8460358
00014515.jpg,0.5403132,0.5287748
00020387.jpg,0.8699943,0.7776206
00058066.jpg,0.9195609,0.946615
00032328.jpg,0.78021574,0.8219368
00048823.jpg,0.8461818,0.8002808
00022887.jpg,0.7766089,0.6865282
00028476.jpg,0.8527747,0.8616588
00008152.jpg,0.8526502,0.83685
00056449.jpg,0.9096094,0.797528
00020106.jpg,0.75146556,0.680316
n09472597_21598.jpg,0.678903,0.6388889
00002912.jpg,0.47437513,0.4522358
000000463620.jpg,0.740257,0.712963
00010803.jpg,0.81970865,0.6775136
00029963.jpg,0.91415715,0.9479466
00036560.jpg,0.7144235,0.5527696
00019693.jpg,0.7779976,0.8433102
00038808.jpg,0.64684033,0.6774554
00044015.jpg,0.8193307,0.841957
00033975.jpg,0.75139225,0.8403308
00027849.jpg,0.72871435,0.7077556
n07911677_641.jpg,0.8502095,0.8989899
00032017.jpg,0.7323962,0.5908534
sun_adcctdabyxmhioeg.jpg,0.6298421,0.7386364
00001298.jpg,0.870199,0.9299858
00035583.jpg,0.75583637,0.8113222
00052398.jpg,0.81100523,0.8163262
00035360.jpg,0.61570597,0.59769
00028936.jpg,0.7573966,0.7572854
00040363.jpg,0.78949475,0.8027148
00039265.jpg,0.8440403,0.8091728
00006561.jpg,0.64706993,0.658009
00025761.jpg,0.72234285,0.5649888
00015207.jpg,0.7547066,0.724372
00002672.jpg,0.8717724,0.8021986
00047373.jpg,0.7626151,0.784186
00004392.jpg,0.813573,0.9205504
00053143.jpg,0.91231465,0.9379298
n04335435_4730.jpg,0.8172153,0.8490566
00033876.jpg,0.71779037,0.586144
00026892.jpg,0.82876205,0.742866
00030066.jpg,0.7322989,0.6541832
000000280721.jpg,0.88976294,0.92913383
00022095.jpg,0.8100805,0.9199432
00055751.jpg,0.71175355,0.7012684
00009687.jpg,0.7817223,0.86627
00012452.jpg,0.89647853,0.8675788
000000321173.jpg,0.86686736,0.8446602
00014346.jpg,0.69106317,0.625793
00033862.jpg,0.7827456,0.6956604
00014720.jpg,0.84918845,0.8552314
00016764.jpg,0.6332276,0.4687168
00039711.jpg,0.639649,0.6081842
00036954.jpg,0.6845242,0.5227778
00008191.jpg,0.84801805,0.8918584
00003616.jpg,0.79128146,0.796975
00014498.jpg,0.78801227,0.8415016
00029669.jpg,0.78265613,0.857676
00004931.jpg,0.79607356,0.8690066
8216c96d476e49f0.jpg,0.72593904,0.745283
00030119.jpg,0.8231444,0.810416
00013874.jpg,0.7753331,0.778872
00005475.jpg,0.7206075,0.6553572
00011002.jpg,0.87429535,0.9294396
00017163.jpg,0.80803883,0.8641858
00018071.jpg,0.7554127,0.8702894
00054791.jpg,0.7135961,0.7447704
00027990.jpg,0.7155886,0.6724632
n03670208_5002.jpg,0.68229675,0.5083333
00000903.jpg,0.7383731,0.7526174
00044749.jpg,0.72796714,0.79952
00045930.jpg,0.7093576,0.6283772
00008425.jpg,0.80220157,0.5944664
00044034.jpg,0.7598717,0.7833804
00010729.jpg,0.83987594,0.7374866
a11f84e0107ca0a4.jpg,0.76339334,0.8818182
00032740.jpg,0.70030046,0.5318078
00008835.jpg,0.7766746,0.8256602
n04467665_2.jpg,0.68305516,0.6666667
00026764.jpg,0.8455981,0.8619722
00008273.jpg,0.7234891,0.7277278
n00480993_10428.jpg,0.86072516,0.9270833
00049218.jpg,0.6978008,0.6336162
00037382.jpg,0.80728114,0.7949136
000000106589.jpg,0.6732827,0.74757284
00000157.jpg,0.7107264,0.6371496
00041147.jpg,0.7811111,0.9019448
00037629.jpg,0.62223685,0.557958
00046177.jpg,0.75302076,0.73626
n07753592_5844.jpg,0.974799,0.8703704
daed65c08618e0d7.jpg,0.82805204,0.92783505
00048848.jpg,0.7098123,0.6038154
00011381.jpg,0.9034457,0.9808412
00026357.jpg,0.81473005,0.8139164
00034611.jpg,0.67098117,0.7619764
00002593.jpg,0.85211414,0.8785156
00029935.jpg,0.7905083,0.719246
00009084.jpg,0.7905782,0.7395966
00048729.jpg,0.78639996,0.7648036
00032215.jpg,0.6491914,0.5783212
c7e5f40a0f905e5b.jpg,0.84374595,0.8131868
n02118333_6193.jpg,0.8643664,0.89830506
00049464.jpg,0.8344347,0.845033
00044321.jpg,0.89499295,0.8976032
00013704.jpg,0.5921957,0.5121462
00045554.jpg,0.74773306,0.7411616
00041131.jpg,0.81622064,0.703646
00017014.jpg,0.799553,0.861579
00042934.jpg,0.7650775,0.6757966
n03791053_16241.jpg,0.75567925,0.78494626
00023705.jpg,0.80043525,0.8277984
00032296.jpg,0.8112542,0.9430222
00033239.jpg,0.70065165,0.6684968
00049723.jpg,0.7713052,0.8067618
00025011.jpg,0.8391501,0.888005
00047509.jpg,0.6586641,0.7050814
00014914.jpg,0.7712024,0.8253632
00017681.jpg,0.7156452,0.6664722
00047251.jpg,0.7464044,0.7308672
00033798.jpg,0.65513647,0.5949536
00014347.jpg,0.82518166,0.8364924
00049959.jpg,0.8346515,0.8044982
70878bd6dcf73fc4.jpg,0.7766448,0.8453608
00009965.jpg,0.8061321,0.6743168
00018153.jpg,0.6937079,0.7121738
00007104.jpg,0.7834813,0.8127942
n02129165_13068.jpg,0.81933177,0.9313725
000000485390.jpg,0.7502147,0.78723407
00018009.jpg,0.789231,0.8133134
n09288635_13212.jpg,0.6330353,0.7263158
n07679356_29289.jpg,0.88507587,0.8269231
00004549.jpg,0.7110818,0.7514102
n03541923_1885.jpg,0.76174563,0.69512194
c325b519607e21dc.jpg,0.69097346,0.6415094
00033873.jpg,0.7857654,0.817593
n04349306_12217.jpg,0.81533927,0.91
00027441.jpg,0.8278394,0.82528
00047097.jpg,0.78677446,0.7899866
00041540.jpg,0.8274541,0.9056132
00018505.jpg,0.7978351,0.8194902
00007924.jpg,0.8281903,0.8988264
00055574.jpg,0.75867116,0.7266198
00041696.jpg,0.62556255,0.6469044
00001312.jpg,0.78138053,0.7540792
00057783.jpg,0.7008619,0.858524
00046494.jpg,0.7054466,0.7656138
00030810.jpg,0.5704111,0.5255148
00038248.jpg,0.79075634,0.8167306
00026345.jpg,0.71879554,0.8276526
00039416.jpg,0.7877271,0.87974
00016716.jpg,0.80330527,0.9132274
00003609.jpg,0.59523565,0.6037908
00019818.jpg,0.7468195,0.6859294
00041053.jpg,0.69297314,0.6317048
00028658.jpg,0.7457273,0.8165408
00055965.jpg,0.88848376,0.8171248
n02450034_3475.jpg,0.76324534,0.8152174
ee5a91b811a8ce3e.jpg,0.854586,0.76635516
n02793495_8638.jpg,0.6575308,0.6813187
00010596.jpg,0.8766693,0.8082754
000000253030.jpg,0.805466,0.7966102
00025806.jpg,0.838981,0.7973276
000000171585.jpg,0.6978252,0.625
00014458.jpg,0.7356282,0.602552
00016504.jpg,0.85864484,0.9520316
00032261.jpg,0.76238066,0.8176144
00026216.jpg,0.8963449,0.9133766
00016268.jpg,0.7307438,0.7627514
00006921.jpg,0.8382193,0.725955
00001109.jpg,0.77063715,0.7702944
00029649.jpg,0.8388697,0.8343832
00005452.jpg,0.5717186,0.5321758
00050281.jpg,0.72619796,0.727366
00053179.jpg,0.6868878,0.7390322
00024047.jpg,0.7429735,0.8119246
00011276.jpg,0.78946644,0.772644
00010292.jpg,0.77949256,0.7967148
n03634034_5998.jpg,0.5924465,0.7977528
n07693725_3177.jpg,0.9211608,0.96629214
00027498.jpg,0.7669258,0.7351126
n07720875_3162.jpg,0.86045504,0.8913044
00041439.jpg,0.7919544,0.7521302
00001083.jpg,0.80519867,0.8033724
00013243.jpg,0.822467,0.7710976
00019311.jpg,0.83444136,0.88907
n09270735_24858.jpg,0.64804584,0.6923077
00012955.jpg,0.82627594,0.8708608
00011732.jpg,0.8705058,0.9226034
00010327.jpg,0.7535737,0.7837886
00050192.jpg,0.6696793,0.66536
00002249.jpg,0.7390855,0.720035
00021025.jpg,0.51103044,0.5891194
00026218.jpg,0.6643772,0.732993
00011922.jpg,0.79219276,0.8116114
000000474800.jpg,0.742695,0.85714287
00002040.jpg,0.70063806,0.6792736
00002361.jpg,0.76693076,0.8350218
00058083.jpg,0.7898693,0.7606278
00048249.jpg,0.7489978,0.6848924
00044725.jpg,0.72934043,0.6326406
00012839.jpg,0.7399247,0.7296414
00035403.jpg,0.71032494,0.6670528
00022722.jpg,0.83819187,0.6512966
00021108.jpg,0.68203264,0.8702644
00006659.jpg,0.7686705,0.6581006
000000160694.jpg,0.7950154,0.7368421
00048318.jpg,0.74441916,0.69172
00033492.jpg,0.6554532,0.4180672
00029715.jpg,0.64476806,0.5397396
00037368.jpg,0.6901387,0.7254762
00048815.jpg,0.8732945,0.7798926
00054565.jpg,0.86652875,0.9409726
00031294.jpg,0.746382,0.8568364
78afe38f0402f1e9.jpg,0.73987824,0.7922078
00008736.jpg,0.80130315,0.7413516
n03384352_14928.jpg,0.7888446,0.7752809
00011116.jpg,0.8085558,0.79312
00041500.jpg,0.7064485,0.735763
00041372.jpg,0.87297857,0.957478
00037971.jpg,0.751387,0.8306892
00056826.jpg,0.7508436,0.7554222
00000598.jpg,0.7998184,0.8899998
00006017.jpg,0.7589356,0.789064
n02396427_17712.jpg,0.8284973,0.9550562
9dab048bfbdd7bbb.jpg,0.5081014,0.5913978
00051171.jpg,0.8451004,0.842283
00007134.jpg,0.74722105,0.6327828
n07838073_15091.jpg,0.861095,0.90816325
00005181.jpg,0.7751585,0.9205596
00015780.jpg,0.55869406,0.6459798
00004881.jpg,0.75834024,0.7128354
00009573.jpg,0.7911222,0.6991478
00025405.jpg,0.7305821,0.6980048
n02324045_35291.jpg,0.8130714,0.7692308
00014088.jpg,0.7314298,0.6823914
00012736.jpg,0.6451843,0.738306
00008399.jpg,0.831781,0.8585428
0d6df23796aec890.jpg,0.76850057,0.8518519
00006412.jpg,0.794008,0.8483902
00009415.jpg,0.88943356,0.8338352
000000010858.jpg,0.8765942,0.9047619
00015494.jpg,0.6916108,0.7221322
00016134.jpg,0.7667437,0.805092
00043461.jpg,0.66696453,0.6743066
00027074.jpg,0.80546266,0.6489882
00034979.jpg,0.5879071,0.5916386
00021609.jpg,0.6332292,0.7501826
00026491.jpg,0.80654764,0.856841
00037456.jpg,0.6538658,0.4879472
00045164.jpg,0.78844434,0.755166
000000195394.jpg,0.7170851,0.65957445
00034096.jpg,0.5161358,0.5505314
00052413.jpg,0.93897116,0.951194
00002856.jpg,0.7946131,0.9044412
00032599.jpg,0.7983562,0.8003406
00003797.jpg,0.6617937,0.7143266
00048820.jpg,0.6844207,0.6724828
00004383.jpg,0.7988173,0.761396
n01846331_8672.jpg,0.8260693,0.93457943
00014671.jpg,0.8177055,0.7665372
n07801508_3335.jpg,0.91673553,0.9245283
00003216.jpg,0.7924491,0.7731858
00056560.jpg,0.84213555,0.8193654
000000122352.jpg,0.8403506,0.9302326
00010065.jpg,0.6121219,0.6201988
00051327.jpg,0.72736156,0.7598034
00018627.jpg,0.79304457,0.8110078
00014069.jpg,0.6837231,0.5780992
00051597.jpg,0.7959794,0.7351732
00010443.jpg,0.803108,0.8087312
00014402.jpg,0.72894794,0.7468444
00056543.jpg,0.76456356,0.7867288
00027879.jpg,0.85072315,0.7952478
00038662.jpg,0.47481698,0.564811
00000857.jpg,0.790481,0.7860132
000000511148.jpg,0.85888535,0.8636364
00015260.jpg,0.7616528,0.7472078
00032163.jpg,0.80702883,0.817009
00026405.jpg,0.8079823,0.731351
00025135.jpg,0.7612233,0.680486
00035807.jpg,0.5845432,0.7013586
00037051.jpg,0.730483,0.7144674
00041599.jpg,0.7243791,0.6673334
00019205.jpg,0.80532676,0.7945516
n09468604_57462.jpg,0.6131968,0.5445545
00035746.jpg,0.77045465,0.8197716
00044695.jpg,0.74595535,0.5393172
n03541923_739.jpg,0.7999524,0.8240741
00033828.jpg,0.7577216,0.7017216
00032225.jpg,0.88636214,0.8602674
00040372.jpg,0.8287691,0.9149794
00041617.jpg,0.7690493,0.7209874
00022122.jpg,0.90826,0.9
00005459.jpg,0.82333076,0.8124882
00023224.jpg,0.69739926,0.6792026
00039610.jpg,0.62380147,0.6978682
n07923748_4049.jpg,0.82242674,0.814433
00000926.jpg,0.79467964,0.8605798
00047537.jpg,0.80158025,0.8794336
n03790512_370.jpg,0.7919962,0.82954544
00001382.jpg,0.81234246,0.7970044
00026846.jpg,0.6929178,0.5573076
00008676.jpg,0.7648126,0.7921338
00010122.jpg,0.83353317,0.7194252
n02396427_1298.jpg,0.8054793,0.8495575
00051968.jpg,0.702966,0.650935
00041448.jpg,0.69691736,0.63278
00050323.jpg,0.8363582,0.7924176
n03512147_447.jpg,0.7594174,0.84375
00054061.jpg,0.8808651,0.7597832
00056607.jpg,0.831524,0.8472764
n07801508_15309.jpg,0.8020646,0.82857144
00006983.jpg,0.667705,0.5613922
00011216.jpg,0.7598933,0.7795652
00004149.jpg,0.7846519,0.7919874
00050894.jpg,0.7952962,0.8134916
00037745.jpg,0.7177136,0.714582
00057362.jpg,0.58984864,0.684514
00037811.jpg,0.7637826,0.7787582
00032045.jpg,0.66832495,0.7353688
00045297.jpg,0.761286,0.8248082
n09468604_23201.jpg,0.47198588,0.5
00034045.jpg,0.6136084,0.7383056
00036118.jpg,0.6207352,0.674577
00013003.jpg,0.8063255,0.8940088
00056043.jpg,0.61166865,0.6980394
00013202.jpg,0.76325697,0.7584918
n09303008_18869.jpg,0.5323143,0.5365854
00048308.jpg,0.6818559,0.6208718
00023570.jpg,0.787971,0.7815954
00028664.jpg,0.6635981,0.7437364
00017722.jpg,0.7757243,0.8971964
n07911677_782.jpg,0.8209318,0.84
00053221.jpg,0.82171303,0.7275346
n01811909_10317.jpg,0.84839773,0.7586207
00032656.jpg,0.8246443,0.8564346
00055278.jpg,0.7335818,0.6547102
sun_bcyqhmsuncrhyodx.jpg,0.60746807,0.59166664
00029332.jpg,0.7137541,0.7059616
00029608.jpg,0.79004836,0.9052116
n04461696_3745.jpg,0.76424605,0.7604167
00005108.jpg,0.86446476,0.8016354
00044910.jpg,0.6867974,0.7038572
n03594945_13696.jpg,0.7680681,0.7352941
00052829.jpg,0.86842066,0.8779168
00040994.jpg,0.8894481,0.9026616
00014990.jpg,0.7333732,0.7160684
00008882.jpg,0.80236816,0.7856688
00013122.jpg,0.87975556,0.87252
00025018.jpg,0.8231432,0.8280398
00018496.jpg,0.7391953,0.7757312
00042186.jpg,0.91781664,0.8239516
00013742.jpg,0.8268697,0.851342
00056804.jpg,0.82635784,0.8557054
00030157.jpg,0.8331803,0.8137252
sun_agxabiochdwjboza.jpg,0.4448576,0.3425926
00035864.jpg,0.66139257,0.6193546
00007507.jpg,0.7866169,0.8055382
00006730.jpg,0.7266268,0.733777
00032846.jpg,0.8442895,0.974244
000000225358.jpg,0.7619517,0.8584071
00032338.jpg,0.79118,0.824081
00009020.jpg,0.840646,0.9132596
00031440.jpg,0.7592799,0.7124748
00035896.jpg,0.5603541,0.5783498
n09393605_36719.jpg,0.5633296,0.49019608
00026518.jpg,0.7659867,0.9077064
00057841.jpg,0.77673995,0.758672
00005025.jpg,0.7227381,0.742033
00057978.jpg,0.7893536,0.887526
00047175.jpg,0.6562023,0.6375878
00043746.jpg,0.6604966,0.5825596
000000421703.jpg,0.7873718,0.8453608
00038227.jpg,0.61750185,0.5237028
000000273814.jpg,0.79618746,0.7368421
00054402.jpg,0.8916981,0.8955674
00024611.jpg,0.8150805,0.8410496
00034998.jpg,0.6317111,0.5390534
00035284.jpg,0.6281154,0.5266192
00005184.jpg,0.579796,0.4321386
00014105.jpg,0.7406496,0.5989252
00057570.jpg,0.8353683,0.751714
00034659.jpg,0.5777879,0.6071722
00052321.jpg,0.9199089,0.7868892
00055953.jpg,0.75631356,0.8125504
00023250.jpg,0.7149327,0.7126244
00021495.jpg,0.7555126,0.8049218
00032325.jpg,0.7994248,0.806655
00033418.jpg,0.7809275,0.7427088
00002005.jpg,0.7789247,0.8019858
00047347.jpg,0.7128599,0.673987
00006471.jpg,0.7579527,0.645238
00008344.jpg,0.7857871,0.7367966
00015387.jpg,0.75037646,0.8404856
00013882.jpg,0.652929,0.457595
00037390.jpg,0.82946223,0.947179
00057244.jpg,0.63754714,0.6067578
00016809.jpg,0.8027668,0.8546232
00044453.jpg,0.7717234,0.8000158
00050089.jpg,0.86007726,0.905297
00054074.jpg,0.75816953,0.8251046
00032899.jpg,0.82431114,0.868991
00046747.jpg,0.6646545,0.6666666
00058700.jpg,0.87397546,0.910084
00039972.jpg,0.7927562,0.7768686
00055832.jpg,0.6200288,0.5448258
00010294.jpg,0.5630245,0.5728792
00027230.jpg,0.6206176,0.6745594
n01846331_432.jpg,0.80489314,0.8210526
00013172.jpg,0.8340482,0.7219864
00029776.jpg,0.74771607,0.897728
00057951.jpg,0.7021482,0.6355864
00022576.jpg,0.76789933,0.8734
00005470.jpg,0.87238425,0.89665
00041430.jpg,0.8618109,0.942435
00058189.jpg,0.8156908,0.722552
00038290.jpg,0.78083885,0.923324
00021996.jpg,0.7265313,0.772602
00046163.jpg,0.533877,0.6471142
00028824.jpg,0.84382826,0.8317208
00035539.jpg,0.6126571,0.6051262
00025835.jpg,0.82529324,0.8608268
00025606.jpg,0.79239047,0.8096248
00039332.jpg,0.7243954,0.6420312
00005299.jpg,0.81349427,0.8267662
00008516.jpg,0.5722992,0.4545766
00033183.jpg,0.5862776,0.6105518
00012957.jpg,0.84956896,0.8901488
00022534.jpg,0.71644604,0.770083
00044753.jpg,0.7837969,0.7376642
00024838.jpg,0.762884,0.8283474
00004305.jpg,0.7992239,0.861856
00012357.jpg,0.70024145,0.7500446
00027610.jpg,0.55801964,0.5846146
00011316.jpg,0.7981906,0.679223
00009509.jpg,0.6385805,0.6518054
00039306.jpg,0.8054477,0.8563184
n04461696_3989.jpg,0.70603156,0.63
00034944.jpg,0.66661376,0.71175
00037882.jpg,0.7549734,0.6785072
n07801091_45891.jpg,0.4764958,0.3611111
00025463.jpg,0.78788525,0.788936
00025936.jpg,0.7394428,0.7717708
00053532.jpg,0.8623463,0.8490624
000000497199.jpg,0.7340934,0.74311924
00006182.jpg,0.6870384,0.6067116
n07838073_7592.jpg,0.89530456,0.89215684
00030291.jpg,0.842278,0.8424802
00058357.jpg,0.5214443,0.5341562
00011260.jpg,0.6682676,0.6306338
00016032.jpg,0.5098843,0.7283772
00043942.jpg,0.7806467,0.7986182
00038884.jpg,0.7373258,0.7069488
00010026.jpg,0.7960584,0.8690888
00008667.jpg,0.8810841,0.9462042
00008862.jpg,0.77890104,0.7993206
00014352.jpg,0.7732403,0.8085398
00003678.jpg,0.63835526,0.6526666
00046734.jpg,0.5759317,0.5947056
00017409.jpg,0.8649461,0.9005982
00052728.jpg,0.758245,0.7272902
000000221183.jpg,0.7694459,0.7542373
00019370.jpg,0.61794674,0.7032158
00028286.jpg,0.8737863,0.7935564
00011882.jpg,0.8585991,0.8618342
00045259.jpg,0.7358644,0.7900866
n07697537_11470.jpg,0.851798,0.88073397
00016288.jpg,0.7192501,0.5472104
00026706.jpg,0.8433734,0.9241998
00019399.jpg,0.79053295,0.8050936
sun_amevzodkyjpljcde.jpg,0.8175535,0.8396226
00027563.jpg,0.57961154,0.7180202
n09289331_1577.jpg,0.5932768,0.51578945
00053199.jpg,0.8163911,0.7629776
000000552681.jpg,0.8185755,0.8045977
n07893642_18209.jpg,0.8517231,0.8854167
00004062.jpg,0.6575663,0.6433876
00030997.jpg,0.7473371,0.6918842
00051701.jpg,0.811212,0.7997068
00029500.jpg,0.75577086,0.6096944
00053141.jpg,0.77017605,0.742891
000000571990.jpg,0.90967584,0.86315787
00022261.jpg,0.8250935,0.8692952
00021684.jpg,0.8964032,0.879403
00038744.jpg,0.660884,0.6686692
00044696.jpg,0.74568754,0.6582018
sun_aunmoitqcbqjykwe.jpg,0.5253677,0.56666666
00017263.jpg,0.6897694,0.7059666
00050267.jpg,0.7672411,0.8698666
00052314.jpg,0.74077046,0.8842788
00047466.jpg,0.7209924,0.6810126
00015499.jpg,0.8028979,0.888309
00019840.jpg,0.7973842,0.8326158
n04231693_22023.jpg,0.65318143,0.76842105
00036284.jpg,0.72424287,0.7922084
00033616.jpg,0.82037336,0.8856448
00035621.jpg,0.61672914,0.546052
00047902.jpg,0.64337987,0.5941746
00030027.jpg,0.55855733,0.543902
00045178.jpg,0.7661282,0.7053294
00014995.jpg,0.727784,0.6633764
00015942.jpg,0.80376387,0.8301586
n02932891_30845.jpg,0.7358345,0.6814159
00014806.jpg,0.7484729,0.7577664
00012345.jpg,0.8060876,0.7151866
00049678.jpg,0.9003515,0.9135086
00020242.jpg,0.79421955,0.7855344
00001194.jpg,0.7595733,0.8052642
00026035.jpg,0.6433294,0.6542912
00004272.jpg,0.9168063,0.9810188
00017333.jpg,0.7251747,0.670607
00042967.jpg,0.7147816,0.7750928
00012964.jpg,0.8170526,0.7450424
00057106.jpg,0.8423523,0.9276364
00016405.jpg,0.7761215,0.77602
00042266.jpg,0.75502706,0.80153
00000320.jpg,0.8090492,0.941107
00041245.jpg,0.7877944,0.6883516
00005781.jpg,0.74373716,0.8641704
00017857.jpg,0.7311832,0.8345862
00021843.jpg,0.74831045,0.7425164
00010832.jpg,0.85545695,0.8859216
000000107716.jpg,0.8410715,0.84782606
00012910.jpg,0.8639187,0.828835
00050881.jpg,0.7989525,0.8405134
00013295.jpg,0.8592441,0.9343508
00043041.jpg,0.780343,0.7257638
00024831.jpg,0.73598087,0.8000528
00027481.jpg,0.7229427,0.7026366
00018500.jpg,0.69020426,0.751667
00019938.jpg,0.5728416,0.5239354
00054746.jpg,0.8052476,0.8167402
000000167647.jpg,0.80506176,0.8543689
00039036.jpg,0.8165986,0.928626
n02324045_22804.jpg,0.8386679,0.73626375
00039208.jpg,0.67199266,0.655071
00039034.jpg,0.6957319,0.6838286
00033598.jpg,0.8629573,0.883591
00046577.jpg,0.88244975,0.9241558
00019461.jpg,0.8166469,0.9326322
00028450.jpg,0.7803555,0.8836436
00030608.jpg,0.75644666,0.7582774
00014106.jpg,0.4873457,0.446986
00028687.jpg,0.9485065,0.977334
00003714.jpg,0.9130858,0.7794048
00005537.jpg,0.74582493,0.5892156
000000247209.jpg,0.78500706,0.776699
n07717556_1608.jpg,0.7977029,0.8787879
00035085.jpg,0.7876474,0.8841424
00001415.jpg,0.7750159,0.746024
00020353.jpg,0.8663851,0.8665
00034576.jpg,0.7361642,0.7067758
00055172.jpg,0.67970586,0.6491938
00042470.jpg,0.64256066,0.5417696
n07693725_2776.jpg,0.8741321,0.9122807
00036527.jpg,0.75826323,0.774687
00051319.jpg,0.87061775,0.9157346
00057136.jpg,0.7723723,0.8272526
00003317.jpg,0.7755944,0.7802
00045221.jpg,0.6923498,0.7403222
00039571.jpg,0.7715782,0.7915162
00012271.jpg,0.73732644,0.5289068
00042268.jpg,0.7409773,0.7797484
00055331.jpg,0.8056377,0.8103384
00008945.jpg,0.69639987,0.7110542
00001779.jpg,0.8176079,0.8930538
00011464.jpg,0.85559195,0.8376324
00025488.jpg,0.7832523,0.8732046
00039013.jpg,0.8478745,0.7335968
00004907.jpg,0.56841654,0.4890304
00046603.jpg,0.6291354,0.5924068
00007185.jpg,0.8436618,0.8804118
00056139.jpg,0.8500221,0.8469176
00030579.jpg,0.84061104,0.6898246
00032647.jpg,0.7896874,0.8411062
00043634.jpg,0.7603165,0.7025774
00013524.jpg,0.82290524,0.8240646
00038846.jpg,0.6897068,0.5590818
00058604.jpg,0.79616296,0.8836468
00004939.jpg,0.8545675,0.7998684
00022713.jpg,0.789014,0.86008
n01846331_7365.jpg,0.7583928,0.7755102
00004185.jpg,0.6800741,0.4458616
00056533.jpg,0.66145325,0.6777178
00010686.jpg,0.7698436,0.7818376
00015199.jpg,0.7808809,0.5831912
00028395.jpg,0.5387835,0.696539
00024590.jpg,0.5566494,0.7208238
00036557.jpg,0.69385743,0.7353256
00017222.jpg,0.8094099,0.9005946
00031590.jpg,0.73713446,0.8037644
00038098.jpg,0.7461509,0.671459
000000278449.jpg,0.8110744,0.88990825
00028853.jpg,0.8519687,0.894211
00048940.jpg,0.7728586,0.7289288
00055529.jpg,0.6924376,0.6972476
00014465.jpg,0.96156394,0.885176
00018971.jpg,0.7888813,0.7211672
00044915.jpg,0.63164216,0.6449278
00036261.jpg,0.6875485,0.7241468
00036090.jpg,0.5883999,0.5103874
00043193.jpg,0.6876696,0.6305698
42c36ba3ef87c91f.jpg,0.9259325,0.8596491
00001632.jpg,0.8849529,0.8438552
00015247.jpg,0.8028455,0.9213854
00017431.jpg,0.64969766,0.7617436
00049104.jpg,0.740662,0.776328
00054617.jpg,0.86353517,0.910214
00022723.jpg,0.8423853,0.727215
n09415671_4557.jpg,0.578306,0.40860215
00031718.jpg,0.5910838,0.5229628
000000166086.jpg,0.76921415,0.752
00015160.jpg,0.8593956,0.8312446
00055068.jpg,0.84754467,0.83672
00052355.jpg,0.8066849,0.7843358
00032093.jpg,0.60215074,0.488798
00030376.jpg,0.8313839,0.8870734
00023615.jpg,0.80313826,0.7312418
00022494.jpg,0.88672704,0.9106354
00048002.jpg,0.7452494,0.8054436
00042848.jpg,0.7759001,0.8112102
00008006.jpg,0.85434806,0.9089698
sun_afzhshjjojqermqf.jpg,0.42439526,0.30357143
00036764.jpg,0.6287777,0.8257752
00042262.jpg,0.77668864,0.760292
00030419.jpg,0.6833501,0.6603026
00055195.jpg,0.8236709,0.6770868
00016242.jpg,0.63694686,0.5017036
00018301.jpg,0.76945746,0.95283
n03512147_7399.jpg,0.76016104,0.72527474
00049760.jpg,0.80854195,0.9014372
00042906.jpg,0.64549816,0.5163952
00005513.jpg,0.8502706,0.9058586
000000409468.jpg,0.77423555,0.7692308
00030300.jpg,0.75428164,0.9175028
00032232.jpg,0.9095612,0.9542986
00000834.jpg,0.574112,0.718449
00049909.jpg,0.7585345,0.671641
00039448.jpg,0.8386854,0.709985
00034456.jpg,0.67316395,0.6798416
00006796.jpg,0.7608098,0.8246056
00034734.jpg,0.7544572,0.8402748
00010101.jpg,0.74208266,0.6901316
000000274203.jpg,0.78679204,0.79
00020283.jpg,0.5115075,0.5034472
00000055.jpg,0.5700157,0.6214774
n07806221_24121.jpg,0.743991,0.72
00014290.jpg,0.7787488,0.8346806
00052802.jpg,0.77448165,0.7368994
n04335435_10416.jpg,0.7934908,0.84090906
00031047.jpg,0.886914,0.8990928
00002604.jpg,0.775177,0.7974936
00033314.jpg,0.83699614,0.9122438
00036665.jpg,0.727028,0.5259262
000000085706.jpg,0.65296257,0.8604651
n04610013_14566.jpg,0.68295026,0.73
00049405.jpg,0.80761313,0.8434778
00031315.jpg,0.6189033,0.7282386
00038613.jpg,0.6364559,0.5238642
00020004.jpg,0.695657,0.7098812
00003438.jpg,0.6442578,0.6344868
00023282.jpg,0.8555802,0.9261154
00046106.jpg,0.8564428,0.783253
00009137.jpg,0.8006284,0.8031522
00020874.jpg,0.71497977,0.759299
00034807.jpg,0.81529427,0.813861
00025159.jpg,0.8006713,0.8639584
00048710.jpg,0.68279284,0.6477794
00019286.jpg,0.6758383,0.7991256
00003192.jpg,0.7452805,0.7900696
00002582.jpg,0.85073155,0.8751054
00014757.jpg,0.73968244,0.7515454
00014799.jpg,0.8052576,0.8441926
00004650.jpg,0.8233398,0.8801808
n04610013_18232.jpg,0.70009625,0.5945946
n03791053_2632.jpg,0.879657,0.95238096
00010337.jpg,0.78262484,0.7401238
00022024.jpg,0.83117414,0.811364
00002047.jpg,0.7050682,0.6809952
00040932.jpg,0.687888,0.695338
00029283.jpg,0.7387967,0.6591878
00008635.jpg,0.8175551,0.8619216
00008639.jpg,0.9070043,0.919968
00039957.jpg,0.745106,0.6621484
00051693.jpg,0.82581085,0.751574
n02355227_12171.jpg,0.8667941,0.8181818
00025228.jpg,0.6941291,0.6179254
00043650.jpg,0.7352779,0.7697028
000000193824.jpg,0.8171125,0.8947368
00017980.jpg,0.8721503,0.9490184
n07850329_10070.jpg,0.8672228,0.84
00011084.jpg,0.8303766,0.86912
00041895.jpg,0.83385634,0.940168
00001594.jpg,0.84532905,0.9389618
00004437.jpg,0.8652574,0.8676982
00033840.jpg,0.64757454,0.6298852
00056393.jpg,0.8819009,0.8240738
00006995.jpg,0.68829703,0.6403808
00049293.jpg,0.86950517,0.8753784
00008364.jpg,0.81169724,0.87176
00011980.jpg,0.75201565,0.7346826
00045659.jpg,0.7526976,0.740514
n02932891_10246.jpg,0.7750958,0.697479
00040942.jpg,0.7791602,0.7828058
00029831.jpg,0.7817861,0.6049748
00041003.jpg,0.64736915,0.6492668
00011608.jpg,0.82615376,0.8381516
00054925.jpg,0.788068,0.9028926
00051064.jpg,0.8375604,0.857904
00021242.jpg,0.82361317,0.8275684
00022299.jpg,0.6245913,0.6195224
n02878222_7770.jpg,0.67816985,0.6666667
00002813.jpg,0.64536476,0.6168812
00054860.jpg,0.7769172,0.7278248
00015286.jpg,0.80266577,0.7167576
00033140.jpg,0.61906236,0.7855472
00047638.jpg,0.8424008,0.8985978
00033282.jpg,0.8588977,0.8844934
00044286.jpg,0.7173759,0.6654398
00048859.jpg,0.68939877,0.6896526
00046740.jpg,0.80938184,0.753647
00008767.jpg,0.73057824,0.7460326
00034298.jpg,0.65632224,0.6457682
00041196.jpg,0.7655854,0.7475522
00025358.jpg,0.8331447,0.786973
00030980.jpg,0.79773015,0.8526784
00024345.jpg,0.973292,0.9207058
000000393241.jpg,0.7432922,0.78409094
00011111.jpg,0.84259444,0.8640256
00056807.jpg,0.6155109,0.6301748
n07806221_22661.jpg,0.7611505,0.7943925
00042745.jpg,0.89034677,0.856925
00049482.jpg,0.87834394,0.8918182
00006582.jpg,0.7781917,0.6708734
00005806.jpg,0.8522728,0.9329114
00011614.jpg,0.67761433,0.647202
00011254.jpg,0.49859267,0.5758488
00030111.jpg,0.748629,0.693328
00047588.jpg,0.7508676,0.6516684
00018555.jpg,0.8068141,0.7788838
00010948.jpg,0.8134271,0.815801
n07801091_62259.jpg,0.60952806,0.45918366
00016027.jpg,0.75602525,0.7108728
n07929519_33773.jpg,0.8643617,0.978022
00001583.jpg,0.69181895,0.7037464
00023197.jpg,0.7340211,0.671779
00008304.jpg,0.8002994,0.7093362
n03670208_4777.jpg,0.6901394,0.6989247
000000312660.jpg,0.7979001,0.7777778
00046122.jpg,0.80052984,0.6772254
00005422.jpg,0.6941238,0.739533
00047989.jpg,0.8339683,0.8486848
00048317.jpg,0.7111784,0.6099504
00047751.jpg,0.716192,0.5685876
00001754.jpg,0.8094977,0.7566956
00025184.jpg,0.80240345,0.8039948
00015358.jpg,0.7043716,0.6856426
00021341.jpg,0.5745564,0.5351952
00023432.jpg,0.63320506,0.6774178
00058569.jpg,0.89118886,0.8470758
00038373.jpg,0.66180897,0.6072622
sun_bxbqnskmvvidhmcj.jpg,0.64837515,0.57575756
00032105.jpg,0.8757273,0.9155278
00016619.jpg,0.83884037,0.877439
00011445.jpg,0.760821,0.6770622
00027822.jpg,0.8126383,0.7851102
00012298.jpg,0.7819395,0.67899
00050016.jpg,0.69741774,0.7116032
00031268.jpg,0.7899,0.8083762
00018141.jpg,0.81865764,0.8200848
000000327500.jpg,0.82033587,0.81
00009702.jpg,0.7922282,0.7318388
769faaf11d76c4b6.jpg,0.8137279,0.7234042
00032416.jpg,0.86095387,0.9484576
00004071.jpg,0.7971811,0.7930228
00026534.jpg,0.7336707,0.660683
00036386.jpg,0.7275489,0.7756362
00015153.jpg,0.8368861,0.8585498
00058265.jpg,0.6734932,0.7349484
00001142.jpg,0.73371065,0.8063538
00050090.jpg,0.6299189,0.5831502
00002359.jpg,0.91516334,0.9592534
00021137.jpg,0.5578954,0.5518468
00053964.jpg,0.7640962,0.743542
00038910.jpg,0.7650983,0.6979454
00035193.jpg,0.78706056,0.894472
n09376198_22026.jpg,0.63744104,0.5294118
00024043.jpg,0.867886,0.804299
00027124.jpg,0.78701085,0.7431616
00057420.jpg,0.72587454,0.8025956
00054098.jpg,0.90490055,0.8698326
00004338.jpg,0.54251933,0.5885762
00005793.jpg,0.6779016,0.6140284
00048144.jpg,0.7786242,0.7851338
n07716358_11986.jpg,0.93148696,0.94545454
00031351.jpg,0.82474405,0.9801036
00049046.jpg,0.7912556,0.750909
00012017.jpg,0.7553474,0.768818
00049186.jpg,0.6163249,0.6832128
00011863.jpg,0.8215858,0.8750104
08129ae11e7afa1e.jpg,0.76911724,0.6754386
b57ae3664e85e046.jpg,0.8446496,0.8108108
00048432.jpg,0.78831005,0.8409386
00034693.jpg,0.6627019,0.5738892
00055800.jpg,0.5907984,0.6791776
00008623.jpg,0.55439913,0.6203134
00035859.jpg,0.81960607,0.932934
00045811.jpg,0.7619821,0.813581
00021231.jpg,0.5234676,0.5586638
n07933274_30757.jpg,0.83192176,0.83809525
00053217.jpg,0.72496223,0.6896144
00012433.jpg,0.74705553,0.7729336
00017358.jpg,0.72746974,0.6165836
00007149.jpg,0.84642154,0.8717306
00043027.jpg,0.7085407,0.6129468
00035438.jpg,0.7649394,0.8808636
00055492.jpg,0.81852615,0.8378724
00041164.jpg,0.5370162,0.6239424
00020248.jpg,0.84268206,0.9517734
00045248.jpg,0.788614,0.7423338
00038210.jpg,0.6336118,0.72331
n04349306_9235.jpg,0.84539014,0.85714287
00027293.jpg,0.8336804,0.8528388
n03790512_10899.jpg,0.7683819,0.84313726
00036957.jpg,0.5442824,0.8370654
00018599.jpg,0.74176997,0.7743886
00015331.jpg,0.78951204,0.742928
000000175197.jpg,0.8448466,0.7938144
00040577.jpg,0.7371788,0.6074212
00054248.jpg,0.86526024,0.852251
00009072.jpg,0.7106408,0.5068076
00003663.jpg,0.7595782,0.8178684
000000455255.jpg,0.88539195,0.8712871
00055075.jpg,0.6076602,0.6808432
n07801508_12118.jpg,0.7848265,0.85714287
00001908.jpg,0.83603245,0.8742218
177b07564e5e03a9.jpg,0.77780604,0.58762884
00001846.jpg,0.6614665,0.3710804
00009289.jpg,0.7060977,0.7175622
00026762.jpg,0.83181083,0.9030614
00031791.jpg,0.8906496,0.9080342
00047011.jpg,0.74694717,0.7350712
00000082.jpg,0.7934669,0.888836
00033523.jpg,0.6029058,0.6066332
00016968.jpg,0.69148874,0.626117
00020860.jpg,0.77333605,0.8352862
00009036.jpg,0.83120203,0.8994236
00056833.jpg,0.8298731,0.8160138
00047610.jpg,0.7382668,0.8067702
00045120.jpg,0.68467826,0.6962422
00022092.jpg,0.7772306,0.7627492
00026221.jpg,0.49586242,0.433538
00051820.jpg,0.7519342,0.7653912
00002706.jpg,0.59420156,0.5922958
00030534.jpg,0.8011973,0.7422752
00034684.jpg,0.7417136,0.797917
n07690273_21386.jpg,0.91524506,0.9255319
00040503.jpg,0.755724,0.804092
00054405.jpg,0.828439,0.9192328
00029732.jpg,0.6494849,0.5678528
00010407.jpg,0.7811982,0.8481192
00007003.jpg,0.6690383,0.5373034
00016641.jpg,0.7800141,0.7730248
00037166.jpg,0.593375,0.6949922
00039515.jpg,0.65276015,0.7315088
n07753592_20027.jpg,0.87569684,0.9459459
00053513.jpg,0.78170705,0.6801876
00007055.jpg,0.870334,0.8687546
00049419.jpg,0.97460353,0.9225076
00015134.jpg,0.7682271,0.7013718
00028713.jpg,0.81552947,0.6441086
00038995.jpg,0.82400036,0.8553544
00008237.jpg,0.8616414,0.7904626
00012887.jpg,0.7232386,0.8654356
00048618.jpg,0.76608914,0.7684874
00013434.jpg,0.71933377,0.679982
00045303.jpg,0.5785308,0.6909074
00011011.jpg,0.6199815,0.6237572
00058006.jpg,0.6935526,0.6011074
00038732.jpg,0.6740881,0.6217128
00030118.jpg,0.75756943,0.66776
00051216.jpg,0.86541915,0.8669558
00045919.jpg,0.72484934,0.8592378
00046695.jpg,0.74707896,0.706326
00021527.jpg,0.82307374,0.8738472
00009618.jpg,0.8574455,0.7373586
00027483.jpg,0.8732094,0.778306
00029942.jpg,0.84174263,0.731897
00017101.jpg,0.7245439,0.802508
00022111.jpg,0.6262318,0.5743746
00031702.jpg,0.76781577,0.8022538
00037693.jpg,0.6150024,0.5391594
00012953.jpg,0.67791563,0.7818698
n02878222_3678.jpg,0.70460814,0.7032967
00057928.jpg,0.86531323,0.8302888
00006439.jpg,0.7628344,0.7192628
000000199815.jpg,0.8043274,0.88505745
00058148.jpg,0.7468353,0.7831952
00032307.jpg,0.7473358,0.6703038
00055847.jpg,0.5202972,0.5337864
00045249.jpg,0.6085971,0.638513
00023047.jpg,0.8775814,0.7557266
00007420.jpg,0.7797453,0.8420098
00027415.jpg,0.7248901,0.8485954
00051736.jpg,0.8160869,0.8864338
00046852.jpg,0.7030602,0.7323108
00033223.jpg,0.8210404,0.6887968
00036688.jpg,0.6934909,0.7482112
00018523.jpg,0.7305123,0.6822052
00057979.jpg,0.8472916,0.8852122
00037056.jpg,0.7228308,0.6695314
00015799.jpg,0.7968891,0.7427882
00030255.jpg,0.8360537,0.7897754
00020911.jpg,0.742133,0.720707
00031120.jpg,0.81387556,0.871281
00008115.jpg,0.49457455,0.4383876
00054991.jpg,0.74524474,0.7733444
sun_aanjgkilxhsgjsyw.jpg,0.6442061,0.62857145
00022272.jpg,0.70140016,0.8537308
n07753592_2002.jpg,0.875059,0.853211
00042123.jpg,0.60667264,0.6157144
00035551.jpg,0.6615127,0.6586958
00029261.jpg,0.79687077,0.8589394
00032876.jpg,0.6544516,0.6103852
00021312.jpg,0.86279285,0.9139314
d7d111c164d6ac0a.jpg,0.8201014,0.6727273
00045031.jpg,0.7102833,0.6823148
00017352.jpg,0.7727032,0.715217
00037802.jpg,0.7789028,0.844236
00026322.jpg,0.7676828,0.7160466
00051900.jpg,0.6619613,0.754262
00010841.jpg,0.7970202,0.8648618
00010824.jpg,0.5398525,0.6084042
n02932891_6193.jpg,0.66733366,0.6372549
00022578.jpg,0.83826303,0.8510366
00007772.jpg,0.92854685,0.87548
b88c3f8a5433bd1d.jpg,0.81037813,0.9263158
04fd3d60a4470e2d.jpg,0.75463986,0.8
00006057.jpg,0.7645523,0.7622336
00009296.jpg,0.7350397,0.6022416
00051697.jpg,0.9400939,0.9280994
00004129.jpg,0.81329,0.8884056
000000134685.jpg,0.6599857,0.6752137
00049673.jpg,0.7995983,0.7271224
n02878222_18358.jpg,0.7304065,0.7669903
00030686.jpg,0.87480557,0.908255
n09376198_22948.jpg,0.6359705,0.7155172
00030891.jpg,0.84147686,0.8775674
00006967.jpg,0.82867974,0.8970548
00016297.jpg,0.5979716,0.6055556
00038781.jpg,0.8163457,0.8311288
00017946.jpg,0.8153669,0.7512548
00051111.jpg,0.7901999,0.8651626
00014002.jpg,0.72294277,0.7298846
00056241.jpg,0.793558,0.8078678
00001891.jpg,0.8620896,0.8623472
00005136.jpg,0.7590306,0.643712
n02834778_11107.jpg,0.75628126,0.7757009
00055157.jpg,0.6202048,0.5380564
00027843.jpg,0.7807027,0.8243122
00004459.jpg,0.6997303,0.6637572
00025649.jpg,0.8344721,0.8732582
00008489.jpg,0.79684776,0.7785426
00056641.jpg,0.8667022,0.926888
00025482.jpg,0.78834856,0.7501616
00041040.jpg,0.72148436,0.6844556
00016929.jpg,0.7779706,0.784843
00001045.jpg,0.8334568,0.8155238
00057621.jpg,0.7943633,0.8608798
00040428.jpg,0.79697657,0.8494892
00036389.jpg,0.67057157,0.6491838
00048905.jpg,0.8031128,0.7749656
00019316.jpg,0.6447545,0.594329
00026096.jpg,0.8551425,0.9350124
00048060.jpg,0.7772377,0.7838006
00047510.jpg,0.6764976,0.6835472
00023055.jpg,0.76750576,0.790008
00057031.jpg,0.85578954,0.8564856
00030472.jpg,0.901396,0.7935302
00028806.jpg,0.4611988,0.3580702
00035294.jpg,0.6138401,0.5896106
00005335.jpg,0.83506095,0.8800718
00020529.jpg,0.786618,0.6823756
n02129165_23945.jpg,0.85098124,0.84070796
00022367.jpg,0.7493022,0.707785
00012064.jpg,0.7405946,0.7474602
7c718f850fba4d2f.jpg,0.7343674,0.70666665
00012594.jpg,0.7344427,0.6676194
n07574602_27438.jpg,0.9137185,0.9714286
00031717.jpg,0.84972316,0.8543846
00044361.jpg,0.7345648,0.7088222
00049352.jpg,0.752913,0.7888062
00036748.jpg,0.7211529,0.7020608
n02932891_17305.jpg,0.63946676,0.6388889
00018685.jpg,1.0074117,0.9413422
000000339985.jpg,0.825208,0.7473684
00055595.jpg,0.84154314,0.7534782
00055184.jpg,0.8152317,0.9051294
00044056.jpg,0.7372423,0.6449324
00015079.jpg,0.68490267,0.5076514
00050654.jpg,0.6157152,0.6296964
00041036.jpg,0.7305874,0.779874
00001446.jpg,0.7577676,0.6370548
00025679.jpg,0.6316758,0.7156806
00023773.jpg,0.76333463,0.680731
sun_aotjqpvjaukupppc.jpg,0.522606,0.38297874
00014734.jpg,0.7976911,0.8371914
00049397.jpg,0.85179913,0.8691076
00018417.jpg,0.93290746,0.9242384
00006350.jpg,0.7472608,0.7184726
103e1b8a925be6f6.jpg,0.76444006,0.90425533
00007522.jpg,0.7920307,0.9082172
00030333.jpg,0.7994828,0.7345544
000000419872.jpg,0.74867886,0.85148513
00036139.jpg,0.58036715,0.4844098
00037446.jpg,0.65799606,0.6701016
00022205.jpg,0.86072785,0.8126568
n04467665_38369.jpg,0.70413685,0.61764705
00002026.jpg,0.83044124,0.894343
n09428293_45308.jpg,0.5690171,0.6
00031166.jpg,0.7234514,0.8316212
00028422.jpg,0.8920263,0.8236516
00005723.jpg,0.8264526,0.8437826
6f1c4ea262598dcf.jpg,0.7685834,0.7741935
00026885.jpg,0.74262536,0.8498392
n04465501_802.jpg,0.76127404,0.75961536
00052372.jpg,0.75064194,0.7296644
00050086.jpg,0.8179781,0.8373892
00023328.jpg,0.80160767,0.7776828
00019741.jpg,0.67378217,0.7271928
sun_agyrrzpyfdihxnxw.jpg,0.53476584,0.47572815
00050354.jpg,0.7094229,0.7041618
00057439.jpg,0.80589676,0.8437776
00043057.jpg,0.69834167,0.6485202
00027559.jpg,0.8514451,0.8583714
00005737.jpg,0.8156639,0.901037
00044616.jpg,0.9058934,0.8543404
00041940.jpg,0.7788771,0.8050626
00041224.jpg,0.5913866,0.60911
00003481.jpg,0.6995005,0.6518466
00035736.jpg,0.70158124,0.7278854
00022627.jpg,0.51026297,0.5365398
00021959.jpg,0.79611814,0.7812388
n02834778_1607.jpg,0.8058992,0.81632656
4a9065d33b7ebf81.jpg,0.8039939,0.9270833
00031134.jpg,0.74769986,0.8217188
00022386.jpg,0.73536956,0.7506958
00025203.jpg,0.76570326,0.8490268
00017503.jpg,0.69241315,0.6296472
n04252077_7372.jpg,0.77608,0.75
00033734.jpg,0.4963787,0.482345
n03791053_20338.jpg,0.8367227,0.7830189
00026215.jpg,0.7687922,0.7758272
00009226.jpg,0.75115764,0.7786944
00037880.jpg,0.6367597,0.592619
00011330.jpg,0.7294405,0.708824
00015673.jpg,0.787225,0.6180192
00008638.jpg,0.8090073,0.7139646
00022748.jpg,0.6854099,0.7042102
00022714.jpg,0.85085404,0.9032708
00043694.jpg,0.70036983,0.634654
00040281.jpg,0.78119063,0.6546724
00026112.jpg,0.64763427,0.7843512
00023812.jpg,0.8034006,0.8428548
n02332755_3073.jpg,0.9172011,0.9489796
00035596.jpg,0.78796697,0.7022278
00014567.jpg,0.8419923,0.9099692
00001019.jpg,0.82604176,0.8973946
00028866.jpg,0.7489314,0.7345136
00010028.jpg,0.5588119,0.6579016
00041331.jpg,0.6956794,0.8379942
00056382.jpg,0.8318629,0.8763116
00050374.jpg,0.86222816,0.9198956
00031191.jpg,0.61221915,0.499474
00045649.jpg,0.67411375,0.6469736
00030053.jpg,0.91959053,0.8926202
00039970.jpg,0.85779095,0.9375332
n00464894_13590.jpg,0.7796199,0.6853933
00020408.jpg,0.6297596,0.7154426
00021670.jpg,0.85968584,0.9172016
00034296.jpg,0.62992847,0.5831134
00039677.jpg,0.64802444,0.5101102
00031830.jpg,0.68066263,0.6680086
00046758.jpg,0.8709162,0.848683
00015864.jpg,0.6847427,0.7221762
00010764.jpg,0.7932234,0.7433444
00041100.jpg,0.7109056,0.7368388
00040066.jpg,0.7608032,0.8217796
00032818.jpg,0.57204956,0.5174964
00039962.jpg,0.76916265,0.7087218
00051320.jpg,0.6783867,0.663643
00041300.jpg,0.6972642,0.5021282
00030707.jpg,0.57678175,0.5724812
00047025.jpg,0.786536,0.745866
00045392.jpg,0.81778973,0.8007336
00042133.jpg,0.6914321,0.7670622
00046936.jpg,0.7384955,0.6722426
00025902.jpg,0.8325527,0.8781492
00046239.jpg,0.6161684,0.6422808
00011630.jpg,0.79027295,0.8513296
00033776.jpg,0.6579892,0.5824864
00058502.jpg,0.90010554,0.8796318
00057674.jpg,0.92738724,0.9685816
00048222.jpg,0.7443533,0.7132992
00000671.jpg,0.7809793,0.7588356
00043938.jpg,0.77558917,0.6230328
00023406.jpg,0.8356725,0.811844
00056417.jpg,0.71351993,0.5704256
00019678.jpg,0.8166427,0.8959084
n07893642_16335.jpg,0.8827026,0.90425533
00007643.jpg,0.80680865,0.7949368
00054614.jpg,0.798127,0.6954912
00012984.jpg,0.78324807,0.8045608
00017813.jpg,0.8319202,0.8834874
000000178022.jpg,0.7359215,0.8039216
00016905.jpg,0.822901,0.8428738
00007071.jpg,0.8049749,0.7573936
00036217.jpg,0.6399891,0.5807456
00009450.jpg,0.75893915,0.8361812
sun_arwykvgzpgybhibg.jpg,0.58832157,0.3877551
00054023.jpg,0.80939364,0.8020318
000000455108.jpg,0.75061804,0.85470086
00001813.jpg,0.75408936,0.7236834
n04349306_12251.jpg,0.86774814,0.9404762
00045730.jpg,0.800431,0.8275406
00056780.jpg,0.7668819,0.7926022
00036975.jpg,0.61157143,0.7088206
00050575.jpg,0.760863,0.7594428
00002997.jpg,0.7718122,0.7108586
00025957.jpg,0.78949237,0.893937
00050492.jpg,0.556055,0.6156294
00041157.jpg,0.6229187,0.716298
00032699.jpg,0.7833209,0.7365996
00009356.jpg,0.8045709,0.7362728
00008913.jpg,0.78364825,0.8069662
00046868.jpg,0.6897414,0.7206964
n02118333_7668.jpg,0.8416644,0.87234044
00002926.jpg,0.73881894,0.8089932
00008937.jpg,0.74416935,0.8964578
00042924.jpg,0.8333158,0.8846834
00005042.jpg,0.7622181,0.7293674
00012454.jpg,0.77359,0.7856866
00048410.jpg,0.6237593,0.6455606
00003701.jpg,0.63359576,0.5962038
00017209.jpg,0.83533186,0.8015796
00003782.jpg,0.8771861,0.9320062
00026484.jpg,0.81061065,0.8515562
00008586.jpg,0.8825668,0.8469546
00008615.jpg,0.5415449,0.5236994
00016097.jpg,0.5376909,0.617656
00025965.jpg,0.87913716,0.9409062
00027254.jpg,0.8129616,0.8322824
00015302.jpg,0.8411645,0.830108
00014270.jpg,0.485926,0.7406672
00018796.jpg,0.769416,0.7727634
n07849336_30056.jpg,0.8725762,0.8730159
c6fac87e188e90d2.jpg,0.62009984,0.74311924
00014108.jpg,0.8630369,0.9078404
00025991.jpg,0.74809563,0.7833596
00014506.jpg,0.7163735,0.6681372
00031990.jpg,0.7793412,0.7498094
00046928.jpg,0.76078176,0.6304934
00006764.jpg,0.8810912,0.8148764
00027653.jpg,0.74798435,0.7021968
00017728.jpg,0.74457467,0.6834832
00020475.jpg,0.6006778,0.702013
00004363.jpg,0.7062076,0.6578088
00007748.jpg,0.7580869,0.6983936
00054817.jpg,0.8336349,0.7528192
00041266.jpg,0.8175404,0.87391
00038978.jpg,0.7896389,0.686395
00058323.jpg,0.8157022,0.834285
00018350.jpg,0.86651224,0.7731872
00019662.jpg,0.74818146,0.7043736
00029553.jpg,0.78354996,0.8821424
00044853.jpg,0.7183275,0.5916428
00033440.jpg,0.8849697,0.816574
00020100.jpg,0.8549311,0.896093
00042594.jpg,0.76299804,0.7888604
00054879.jpg,0.709166,0.5719254
00056789.jpg,0.6595663,0.7463114
00045963.jpg,0.77215284,0.8375258
00025229.jpg,0.78833956,0.9005438
00057372.jpg,0.78016734,0.7439746
n02793495_742.jpg,0.7025876,0.74747473
00009807.jpg,0.8197312,0.7084992
00018171.jpg,0.658755,0.5690538
n02793495_6515.jpg,0.7412705,0.68817204
00021518.jpg,0.67896664,0.6592148
00000991.jpg,0.839878,0.928439
00045098.jpg,0.751356,0.5906706
00035112.jpg,0.72128356,0.6052972
00005510.jpg,0.8297815,0.9510698
00015798.jpg,0.849396,0.944457
n12345899_7285.jpg,0.6545621,0.5943396
00037728.jpg,0.78022003,0.7654836
00013191.jpg,0.7130223,0.6573426
00031779.jpg,0.8665267,0.7832932
00001983.jpg,0.75832343,0.7520122
00040293.jpg,0.6602898,0.6251436
00018650.jpg,0.7940868,0.8760914
00007746.jpg,0.89791965,0.9369944
00024886.jpg,0.7771391,0.8440322
00041547.jpg,0.7374224,0.6130158
n00480993_10854.jpg,0.70624715,0.75247526
00017481.jpg,0.86176634,0.8667032
00048399.jpg,0.7902397,0.7968698
n07806221_23914.jpg,0.7729722,0.6333333
00044133.jpg,0.81888044,0.7159914
00019053.jpg,0.7122121,0.6584554
00006240.jpg,0.78245914,0.7175768
00012192.jpg,0.91359365,0.8650424
00007232.jpg,0.7876196,0.7664894
000000055076.jpg,0.6184678,0.6666667
00024369.jpg,0.5945898,0.4538728
sun_alkjhlciyndwutgg.jpg,0.553215,0.5824176
00038508.jpg,0.9083365,0.9219436
00053667.jpg,0.68864614,0.732258
00047999.jpg,0.7042669,0.727011
n02324045_5559.jpg,0.79789877,0.814433
00025677.jpg,0.6933117,0.8333756
00027480.jpg,0.74260616,0.746862
00022150.jpg,0.78979194,0.860098
00049755.jpg,0.77990675,0.7119286
n09415671_8779.jpg,0.5467015,0.33653846
00025023.jpg,0.75399107,0.8850566
a299795b3d1ae056.jpg,0.82556885,0.8172043
000000487289.jpg,0.8362065,0.8543689
00009737.jpg,0.7790748,0.7564848
00032031.jpg,0.8855098,0.8307778
00003624.jpg,0.62230885,0.497603
00006899.jpg,0.6756089,0.6801938
00018422.jpg,0.5575915,0.7252402
00030953.jpg,0.7421238,0.8577228
00045682.jpg,0.74123806,0.7650882
00041915.jpg,0.71124554,0.8421134
00023393.jpg,0.7172762,0.648708
00013028.jpg,0.8366706,0.888824
00036896.jpg,0.6437765,0.757857
000000112820.jpg,0.77959865,0.6857143
00008442.jpg,0.78267336,0.704048
3df553d663038934.jpg,0.8516122,0.80582523
00032869.jpg,0.7903249,0.77269
00009781.jpg,0.81785846,0.7562496
00021669.jpg,0.72460973,0.7336448
00001240.jpg,0.6677966,0.6811348
00045355.jpg,0.71413624,0.8216584
n02396427_15258.jpg,0.82464045,0.92391306
00012430.jpg,0.7465161,0.7760966
00026264.jpg,0.6847458,0.8374694
00034353.jpg,0.52837867,0.5489384
00015399.jpg,0.8147154,0.9029878
00052638.jpg,0.733135,0.6711632
00015188.jpg,0.7840551,0.7892304
00016930.jpg,0.85940325,0.8607474
00033572.jpg,0.6939327,0.7573258
00043649.jpg,0.7342691,0.6548952
00017882.jpg,0.6131799,0.7816994
00005002.jpg,0.6829618,0.637156
00019700.jpg,0.8001161,0.7876466
00009544.jpg,0.6190306,0.561823
n00464894_12096.jpg,0.69561553,0.8041237
00043628.jpg,0.77594453,0.6534654
00023030.jpg,0.8631222,0.9416316
00040797.jpg,0.65383214,0.7009782
00040248.jpg,0.76131785,0.6557396
00009545.jpg,0.9220511,0.9244786
00034255.jpg,0.7670417,0.8373946
00035155.jpg,0.75647825,0.6359466
00032636.jpg,0.726794,0.6479894
00016261.jpg,0.5636818,0.5874608
00052780.jpg,0.8382858,0.955178
00030569.jpg,0.7432988,0.6252064
00010536.jpg,0.73467803,0.7612728
00038697.jpg,0.76173216,0.6753214
00057682.jpg,0.85981804,0.846392
00006430.jpg,0.5928099,0.496147
00048055.jpg,0.67075765,0.495465
00057796.jpg,0.614771,0.5214192
00022683.jpg,0.6644627,0.7288372
00004725.jpg,0.9031801,0.950736
00030083.jpg,0.6200043,0.6995126
00035274.jpg,0.615149,0.6072634
00038535.jpg,0.7590966,0.7413288
00038864.jpg,0.8303435,0.8342008
00023014.jpg,0.5459827,0.8255484
00005554.jpg,0.5562257,0.4948486
00048952.jpg,0.8434011,0.9074288
00038815.jpg,0.628295,0.6597798
00045785.jpg,0.7754593,0.695631
7247dcf186a435d7.jpg,0.7394383,0.6
4fa04a0d40bc46df.jpg,0.77266407,0.7356322
00012050.jpg,0.7715124,0.8148326
00028743.jpg,0.766791,0.7626276
00007654.jpg,0.7972644,0.8344214
00002008.jpg,0.869728,0.8665852
00036409.jpg,0.68089014,0.6614164
00017661.jpg,0.76566494,0.6208264
00010480.jpg,0.7964758,0.8792354
00001449.jpg,0.76009667,0.8779602
00036571.jpg,0.70052767,0.6271826
00016331.jpg,0.8423867,0.8307506
00040420.jpg,0.7541998,0.600159
n09288635_12206.jpg,0.75980526,0.7692308
00056477.jpg,0.6464834,0.5245202
00033612.jpg,0.81004906,0.8946714
00021933.jpg,0.8119718,0.797316
00025042.jpg,0.8812844,0.8980106
00047043.jpg,0.78855175,0.9108652
00033083.jpg,0.775422,0.9188068
00021029.jpg,0.7938894,0.902283
00016373.jpg,0.7569138,0.7953606
00057696.jpg,0.79092336,0.8239066
00058290.jpg,0.8031794,0.7950936
00008231.jpg,0.8199497,0.8472062
n09359803_22815.jpg,0.4714426,0.5
000000260817.jpg,0.8177947,0.8989899
00058596.jpg,0.6473598,0.708343
00056137.jpg,0.5156724,0.6120288
00042048.jpg,0.7518915,0.728847
00035533.jpg,0.818907,0.8738322
00014239.jpg,0.8801547,0.8846206
00056114.jpg,0.65331376,0.7078302
00002480.jpg,0.6907423,0.579989
00008553.jpg,0.65789557,0.72576
00039002.jpg,0.7138305,0.6222098
n09376198_22644.jpg,0.63320124,0.45
00020671.jpg,0.7258656,0.5928388
00036052.jpg,0.7487636,0.4689958
00045973.jpg,0.9276834,0.9894078
00042346.jpg,0.7903986,0.7074122
00005060.jpg,0.79555583,0.8344434
00007677.jpg,0.7808684,0.843696
00032564.jpg,0.93092316,0.9225954
00023612.jpg,0.8369355,0.8280336
00048097.jpg,0.76225203,0.7132368
n07801508_371.jpg,0.8288927,0.84
00006652.jpg,0.8411995,0.738788
00002034.jpg,0.7796382,0.7744676
4de9eacd8a1f22d6.jpg,0.8700344,0.88235295
00034680.jpg,0.72954226,0.6704742
000000461945.jpg,0.7478669,0.7755102
00009208.jpg,0.73856765,0.8275086
00048864.jpg,0.70169556,0.7287392
00038080.jpg,0.7674228,0.5712946
00050369.jpg,0.4698824,0.5925514
00009814.jpg,0.8092264,0.8259596
00009233.jpg,0.77494365,0.5625496
00003247.jpg,0.702379,0.7262112
00024849.jpg,0.65563935,0.4694706
00005175.jpg,0.7538305,0.68783
00016496.jpg,0.71835715,0.609495
00028845.jpg,0.6456181,0.6193764
00031912.jpg,0.78624797,0.8337744
00057166.jpg,0.6047074,0.6737166
00027705.jpg,0.770387,0.8076338
00033120.jpg,0.59073013,0.6346066
00047700.jpg,0.8266717,0.9661668
00029014.jpg,0.82950807,0.7555876
00037624.jpg,0.7961731,0.8127556
00048010.jpg,0.7448536,0.7228362
00015084.jpg,0.79979885,0.8040634
00034263.jpg,0.78782094,0.869889
00051681.jpg,0.67775106,0.7011194
00042883.jpg,0.7398698,0.7585712
00047219.jpg,0.8351592,0.7525148
00014856.jpg,0.74814624,0.6585714
00051306.jpg,0.872386,0.866888
00043411.jpg,0.7312161,0.7312524
00007485.jpg,0.81071424,0.8513724
00055456.jpg,0.92031705,0.9749264
00048767.jpg,0.7998416,0.7888662
00048765.jpg,0.769882,0.75879
n07693725_13.jpg,0.8700418,0.8857143
n07880968_5547.jpg,0.8655188,0.8317757
00000183.jpg,0.90403605,0.9139854
00047363.jpg,0.6497287,0.7061528
00044094.jpg,0.7184064,0.8024484
00048200.jpg,0.78978044,0.7238804
00007165.jpg,0.70306325,0.5140002
00049612.jpg,0.5578908,0.675965
00043743.jpg,0.7243106,0.7763222
00026590.jpg,0.76399493,0.9203026
00003198.jpg,0.79998153,0.7598282
00048770.jpg,0.7062482,0.7912946
00019593.jpg,0.7851596,0.8720818
n02118333_6867.jpg,0.85293496,0.94495416
00022850.jpg,0.77016616,0.8214102
00023420.jpg,0.5264697,0.3787474
00009819.jpg,0.76905847,0.8056784
00048363.jpg,0.72403663,0.7489632
00026451.jpg,0.8582671,0.8818006
00047990.jpg,0.8022913,0.6689664
00007782.jpg,0.6976807,0.8191136
00042797.jpg,0.8178563,0.802731
00044981.jpg,0.72636265,0.66423
00021403.jpg,0.7634661,0.646672
00046847.jpg,0.71942866,0.6937736
00036783.jpg,0.779429,0.9739274
00046546.jpg,0.80081654,0.8740184
b72dffd33c2f2bbc.jpg,0.6035578,0.7294118
00020047.jpg,0.78870505,0.9378572
00047601.jpg,0.8016668,0.787991
00009222.jpg,0.7718462,0.7388482
00044190.jpg,0.7878767,0.8295626
00017693.jpg,0.8467171,0.6565638
00027497.jpg,0.7408618,0.6876628
00046246.jpg,0.7403363,0.6605792
00053622.jpg,0.5939115,0.5608428
n07838073_6880.jpg,0.8436408,0.8269231
n00480993_3388.jpg,0.74223197,0.87341774
00047874.jpg,0.76202875,0.72704
00032937.jpg,0.78751343,0.9341406
00023315.jpg,0.7698522,0.8725726
sun_acztaebqvjaggqyh.jpg,0.71148723,0.6509434
00002591.jpg,0.7259538,0.7125992
00014460.jpg,0.70072037,0.8138772
00050937.jpg,0.9436265,0.9603952
00016869.jpg,0.7584474,0.755452
00052036.jpg,0.8771645,0.8635058
00057495.jpg,0.6230333,0.5345878
00041488.jpg,0.7146566,0.5636988
00058370.jpg,0.8411355,0.7428172
00036895.jpg,0.79101735,0.8126312
00033330.jpg,0.8704603,0.8730106
00024401.jpg,0.75164324,0.7132782
00013032.jpg,0.7456666,0.705848
00035518.jpg,0.51445717,0.6171224
000000358674.jpg,0.743618,0.625
00021003.jpg,0.72267175,0.7781146
00050316.jpg,0.81656885,0.84735
00054663.jpg,0.7000662,0.7550306
00045417.jpg,0.84499764,0.7999614
00019590.jpg,0.87855256,0.8073686
n07911677_7695.jpg,0.8055926,0.7980769
00051491.jpg,0.7780353,0.7844306
00028244.jpg,0.76177204,0.8345846
00057294.jpg,0.72562397,0.848149
00017705.jpg,0.92211664,0.9215326
00019038.jpg,0.7418494,0.7307366
00034228.jpg,0.7147735,0.7732298
00032685.jpg,0.81114286,0.902089
n03670208_12822.jpg,0.7839376,0.93939394
00011219.jpg,0.72814727,0.677037
00006193.jpg,0.7344065,0.8313742
00013285.jpg,0.6936979,0.5428242
sun_afnvhdshiuypvkuh.jpg,0.51847255,0.46875
00057092.jpg,0.59891224,0.5935286
00004487.jpg,0.8973406,0.8727594
1ba473b5ff6dd712.jpg,0.6238416,0.5959596
8859fcc091300e60.jpg,0.8234721,0.7669903
00029232.jpg,0.57150203,0.440698
00050660.jpg,0.841944,0.9481926
00004892.jpg,0.77664256,0.6948962
00005810.jpg,0.74141693,0.6244414
00005741.jpg,0.8001656,0.728493
00002190.jpg,0.7909929,0.8572204
00006558.jpg,0.6678672,0.6827058
000000289883.jpg,0.7675987,0.91
00030437.jpg,0.8366525,0.8051096
00015440.jpg,0.6798316,0.7485724
00050921.jpg,0.87412065,0.9297848
00013315.jpg,0.8027008,0.7572326
00041381.jpg,0.7489566,0.8113508
00051606.jpg,0.71765435,0.7190582
00026420.jpg,0.810646,0.8603776
00024361.jpg,0.71815586,0.6490536
00014125.jpg,0.61891854,0.5827066
n02342885_727.jpg,0.898159,0.8952381
00010460.jpg,0.57331353,0.5040302
00007142.jpg,0.7816349,0.750102
00038720.jpg,0.54982007,0.5760586
n09376198_1396.jpg,0.6871748,0.7126437
00044658.jpg,0.761939,0.8086106
00035262.jpg,0.7386869,0.7470392
00031838.jpg,0.79816425,0.8457792
00033832.jpg,0.6342524,0.6256926
00053252.jpg,0.76217705,0.7922552
00026601.jpg,0.8647033,0.912244
00031363.jpg,0.8088969,0.8165214
00009822.jpg,0.8267579,0.9112934
00000413.jpg,0.80146134,0.9048468
00039992.jpg,0.81959397,0.8521056
00013967.jpg,0.84092367,0.8245844
000000187959.jpg,0.8259455,0.9423077
00054395.jpg,0.7021004,0.6965102
00034871.jpg,0.60349715,0.592956
00012971.jpg,0.7773027,0.8326138
00053323.jpg,0.78958476,0.8908658
00001608.jpg,0.56127775,0.5460378
00034422.jpg,0.6199672,0.519481
000000208724.jpg,0.7463631,0.8202247
n07849336_20909.jpg,0.7450365,0.54545456
00046982.jpg,0.7908499,0.6542702
00041115.jpg,0.6763021,0.7381654
00040959.jpg,0.57049525,0.5958426
00003682.jpg,0.60222816,0.6177736
00056514.jpg,0.6837467,0.6833514
00038450.jpg,0.7594508,0.647813
n07690273_23601.jpg,0.8687619,0.8396226
00003280.jpg,0.89496636,0.8632628
00026967.jpg,0.8767264,0.8863086
00022229.jpg,0.82247305,0.7518468
n02450034_4660.jpg,0.78935224,0.9157895
00035045.jpg,0.6535518,0.6328032
00037959.jpg,0.60151696,0.6644862
00008805.jpg,0.9002907,0.8121776
00050991.jpg,0.86655027,0.771764
n04467665_1430.jpg,0.7565302,0.64044946
000000322730.jpg,0.72208637,0.7924528
00005497.jpg,0.69611764,0.650027
00034334.jpg,0.76793337,0.8054528
00020692.jpg,0.7136291,0.6644942
n02834778_1213.jpg,0.8136516,0.83168316
00021937.jpg,0.6071798,0.6579472
00055453.jpg,0.7370435,0.7485266
00012376.jpg,0.4802256,0.5042524
00031298.jpg,0.68737036,0.6776712
00005260.jpg,0.91403794,0.9761904
00045907.jpg,0.8032338,0.914174
00023043.jpg,0.7522427,0.7410642
n09468604_29491.jpg,0.58004934,0.5959596
00002142.jpg,0.8447079,0.910136
00027452.jpg,0.7595214,0.792915
00023213.jpg,0.7547532,0.8610488
00043837.jpg,0.7816721,0.825492
00047444.jpg,0.7692951,0.6338902
8ca9624b99f261f2.jpg,0.77603775,0.8
n02431628_6620.jpg,0.7821085,0.7010309
00005223.jpg,0.85512465,0.843815
0cc4df7bd821eaba.jpg,0.668488,0.72321427
00011714.jpg,0.79150724,0.9381546
00027006.jpg,0.9214057,0.900348
00025099.jpg,0.7722353,0.6489404
00008260.jpg,0.764439,0.8067612
00042377.jpg,0.70644087,0.6117652
00009522.jpg,0.5670316,0.4940004
00047093.jpg,0.8185003,0.7682066
00055051.jpg,0.80821764,0.7551864
00003607.jpg,0.75937194,0.6603092
00019736.jpg,0.7758757,0.8077564
00044104.jpg,0.70460975,0.7620808
sun_aprctqsrjhrpevzy.jpg,0.66020405,0.6666667
00039991.jpg,0.7042468,0.6323436
00008096.jpg,0.78673637,0.5743642
00049530.jpg,0.71107113,0.7265108
00044171.jpg,0.7662525,0.7881356
00002356.jpg,0.74839866,0.7020822
n07933274_34426.jpg,0.88506806,1.0
00016299.jpg,0.7445906,0.6915778
00007477.jpg,0.62992805,0.6480718
00014372.jpg,0.62283826,0.6405132
00038124.jpg,0.61331296,0.637771
00037623.jpg,0.60448515,0.5465532
00003839.jpg,0.6346408,0.5709332
00013907.jpg,0.79627156,0.8655368
00016569.jpg,0.71572566,0.6141838
00033656.jpg,0.86258954,0.8735394
00031952.jpg,0.8351593,0.7926374
00022488.jpg,0.55586946,0.6098
n02342885_12660.jpg,0.8452997,0.754717
00034278.jpg,0.78059983,0.847415
n02793495_2078.jpg,0.5071825,0.37755102
00046622.jpg,0.80006474,0.8207104
00013133.jpg,0.71917295,0.6388984
00038223.jpg,0.74059117,0.61662
00052035.jpg,0.74851847,0.836853
00027146.jpg,0.81928205,0.6563732
00024362.jpg,0.85862136,0.8737102
00026512.jpg,0.8656444,0.9679688
00040895.jpg,0.7876985,0.7665436
00012349.jpg,0.8143666,0.911221
00030567.jpg,0.7748723,0.7697034
00014287.jpg,0.81090945,0.9164666
00051813.jpg,0.80287707,0.7247034
00000817.jpg,0.8104336,0.8571
00026081.jpg,0.6793343,0.6989516
00033540.jpg,0.81073105,0.6898594
00010387.jpg,0.6852511,0.6008752
cc743804be31c6af.jpg,0.8036144,0.8783784
1ff02c2dd58ac89e.jpg,0.8628061,0.74
00036918.jpg,0.6739999,0.6218712
00013319.jpg,0.6383348,0.7296172
00056081.jpg,0.87579894,0.9166324
00029788.jpg,0.848289,0.8926692
00020880.jpg,0.86957335,0.721737
000000127514.jpg,0.823054,0.87096775
00035035.jpg,0.7430924,0.6729166
2f8646054639f943.jpg,0.7672865,0.7888889
00030302.jpg,0.8837434,0.8596434
00045324.jpg,0.7859777,0.8635632
00056411.jpg,0.9172809,0.8803254
n04610013_253.jpg,0.7055825,0.64
000000411043.jpg,0.81075656,0.7912088
00014234.jpg,0.77701575,0.8427324
00041529.jpg,0.77836657,0.7935136
00029616.jpg,0.69535446,0.7013162
00001190.jpg,0.5980188,0.5809982
00034009.jpg,0.7385998,0.7885754
00015783.jpg,0.7080115,0.6700088
00000607.jpg,0.8627432,0.8250214
97948408f6a3a476.jpg,0.79185027,0.8064516
00053999.jpg,0.7968437,0.7144162
00014430.jpg,0.60697544,0.474057
00041662.jpg,0.758701,0.7442402
n07717556_3650.jpg,0.86745226,0.90909094
00029802.jpg,0.68946606,0.6709812
00002419.jpg,0.64487875,0.5742826
eb8f7163a6a2866f.jpg,0.61520267,0.53571427
00043935.jpg,0.7913312,0.7368184
00023522.jpg,0.78879654,0.7761034
000000411182.jpg,0.87887746,0.9009009
n01514668_7269.jpg,0.81391704,0.87096775
00022759.jpg,0.5202403,0.5691108
00031691.jpg,0.718541,0.7646906
00011050.jpg,0.8000161,0.7212698
00056537.jpg,0.7685002,0.8818774
n09415671_2555.jpg,0.57843673,0.53846157
00000853.jpg,0.7162338,0.703385
00050352.jpg,0.77210665,0.688804
00008095.jpg,0.9192219,0.8470478
n01846331_3358.jpg,0.7991972,0.8272727
00009645.jpg,0.86941266,0.97332
00027273.jpg,0.72488177,0.6380288
00017455.jpg,0.7743743,0.8931896
n07690273_26458.jpg,0.8530365,0.9174312
00029722.jpg,0.6236037,0.6435214
00009454.jpg,0.835865,0.8014098
00036789.jpg,0.5230717,0.581141
ef885f9585f0d1ba.jpg,0.7886551,0.7745098
00054316.jpg,0.57633674,0.636203
n03634034_2654.jpg,0.7854841,0.815534
00043096.jpg,0.7545832,0.8278392
n02129165_9130.jpg,0.82304114,0.89320385
00052353.jpg,0.7411385,0.8556894
00047259.jpg,0.7370615,0.761266
17f134afeb63a40f.jpg,0.69934237,0.5980392
00044487.jpg,0.7912559,0.9240926
00019760.jpg,0.6821264,0.7755628
00052884.jpg,0.8358095,0.8325804
00025368.jpg,0.72266304,0.7471202
00008376.jpg,0.6555691,0.5438468
00042228.jpg,0.8864765,0.9103436
00048568.jpg,0.8766508,0.86133
00015404.jpg,0.7806436,0.7511036
00030536.jpg,0.7545558,0.8429664
00038483.jpg,0.7925241,0.7461466
00047296.jpg,0.62551177,0.6869474
n09308572_4185.jpg,0.8270855,0.6923077
00027712.jpg,0.9380788,0.9092394
00034325.jpg,0.73004186,0.7934676
00028560.jpg,0.8780225,0.8932446
00016203.jpg,0.8538862,0.8830738
00037923.jpg,0.69864285,0.647654
00051116.jpg,0.68829584,0.7034618
00002089.jpg,0.5120015,0.510561
00002326.jpg,0.87825024,0.792421
00027692.jpg,0.7578887,0.6683952
00057053.jpg,0.8046441,0.8460358
ecb104cafb930b5e.jpg,0.7715863,0.7592593
n04467665_3303.jpg,0.7107179,0.6703297
00031165.jpg,0.8954715,0.9288198
00010211.jpg,0.65902025,0.560613
00037791.jpg,0.79799616,0.783424
00000822.jpg,0.8315711,0.9112378
00047018.jpg,0.84896505,0.8947986
00035644.jpg,0.57809913,0.623118
00012467.jpg,0.84766304,0.8851612
00007275.jpg,0.68798506,0.559361
00042237.jpg,0.7272338,0.7323042
00046718.jpg,0.7652998,0.7025672
00019604.jpg,0.7317912,0.7213188
00046025.jpg,0.77111214,0.7817238
00016627.jpg,0.70169693,0.6099142
00007299.jpg,0.8720329,0.8360224
00048966.jpg,0.79143435,0.8891894
00042120.jpg,0.6242824,0.5649684
00028185.jpg,0.8008714,0.7169646
00037006.jpg,0.69952357,0.7358092
00009018.jpg,0.767828,0.5539736
00024232.jpg,0.77398187,0.7719188
n04461696_19513.jpg,0.7393042,0.82568806
00002666.jpg,0.812135,0.854135
00014245.jpg,0.8004174,0.8184848
00057288.jpg,0.7696871,0.8122672
00018230.jpg,0.5965186,0.6508712
00018227.jpg,0.7695143,0.788143
13fb10a6d2718757.jpg,0.716445,0.7477477
n02129165_743.jpg,0.8557019,0.6888889
00032658.jpg,0.7973669,0.7264942
00012431.jpg,0.7650183,0.7136598
8550e7dcea88bd9d.jpg,0.7822751,0.7920792
00053541.jpg,0.7189909,0.576983
00031725.jpg,0.7803172,0.847879
00016713.jpg,0.76687557,0.7600982
00013095.jpg,0.89032614,0.8687456
00057043.jpg,0.66921294,0.7705664
00020145.jpg,0.9165716,0.9314408
n02793495_7457.jpg,0.69400024,0.7733333
00050166.jpg,0.71713614,0.8158926
00055142.jpg,0.82409525,0.7900066
00049910.jpg,0.842358,0.9326228
00048869.jpg,0.6642114,0.69019
00038199.jpg,0.7730657,0.808419
00007443.jpg,0.82370967,0.7933388
00015513.jpg,0.6876362,0.4993776
n09289331_4539.jpg,0.57792,0.5491803
00015484.jpg,0.78339195,0.7833298
00038946.jpg,0.882411,0.850885
00033654.jpg,0.8822016,0.8614058
00007000.jpg,0.8303611,0.8470506
00021168.jpg,0.8024183,0.8591346
00051599.jpg,0.6609986,0.595355
00053589.jpg,0.79713464,0.7873216
00021281.jpg,0.9104723,0.8546594
00013841.jpg,0.77074814,0.6581818
00023122.jpg,0.77195084,0.7833494
00003053.jpg,0.5569296,0.6503088
00046708.jpg,0.7712293,0.8415606
00051416.jpg,0.74428463,0.7459986
00001412.jpg,0.83664757,0.885711
00029656.jpg,0.75956726,0.8727772
n02450034_13343.jpg,0.81582934,0.64444447
00054234.jpg,0.6517523,0.5944466
n09308572_2201.jpg,0.68651503,0.6944444
00051355.jpg,0.82193774,0.8077486
5ae17e2ece920152.jpg,0.71182317,0.82
00036493.jpg,0.6734617,0.5300632
00024013.jpg,0.8465086,0.8905048
00041550.jpg,0.80598235,0.9236264
00028135.jpg,0.775564,0.7068274
00054147.jpg,0.9371398,0.9516464
00042571.jpg,0.70006746,0.5362846
00002486.jpg,0.7733843,0.7107946
00017761.jpg,0.7880893,0.7353184
00001477.jpg,0.7676906,0.6173856
00054149.jpg,0.72767055,0.735867
00003173.jpg,0.6547691,0.5281034
00024145.jpg,0.79424435,0.912302
00036168.jpg,0.6486744,0.657302
00002641.jpg,0.8151358,0.8388318
n07911677_291.jpg,0.8147643,0.814433
00055230.jpg,0.7321855,0.7910364
00054894.jpg,0.82620615,0.7692194
000000296244.jpg,0.8113754,0.84210527
00034332.jpg,0.67767125,0.8216806
00006993.jpg,0.5251098,0.5662256
00010133.jpg,0.86559796,0.9545906
sun_abrwdgsipagiljbz.jpg,0.5756914,0.61538464
00028247.jpg,0.7935196,0.765715
00031170.jpg,0.818116,0.7638384
00049053.jpg,0.73594606,0.7849536
00034621.jpg,0.77488923,0.8335856
00018755.jpg,0.6260757,0.570701
00042614.jpg,0.7562195,0.854603
00054783.jpg,0.8330148,0.8348816
00054440.jpg,0.67391354,0.7072024
00011820.jpg,0.7880168,0.5808238
00011239.jpg,0.8784824,0.8566396
00008611.jpg,0.68865913,0.6524736
00023911.jpg,0.8271798,0.8599806
00054133.jpg,0.76006687,0.7600266
00004121.jpg,0.83986807,0.8899716
00025394.jpg,0.85801953,0.8552492
00013621.jpg,0.687013,0.694344
00023092.jpg,0.7797454,0.7020296
00036043.jpg,0.57004267,0.6550432
00006615.jpg,0.7907691,0.7048906
00004583.jpg,0.8248756,0.8333394
00054574.jpg,0.8792498,0.8705426
00002308.jpg,0.84017736,0.918788
00022687.jpg,0.54963064,0.5145672
00020171.jpg,0.77296686,0.9371346
00032730.jpg,0.8333796,0.891988
00018620.jpg,0.5489765,0.6255572
00023827.jpg,0.7412933,0.6024218
00038435.jpg,0.71623206,0.6934494
00044353.jpg,0.79528356,0.8055114
00046364.jpg,0.7669452,0.6805148
00024279.jpg,0.7944552,0.8338866
000000564951.jpg,0.88119036,0.8818182
00022450.jpg,0.6859274,0.7522642
00029532.jpg,0.6896717,0.6204848
00027389.jpg,0.6733414,0.654937
00004562.jpg,0.78047144,0.768304
n01811909_4925.jpg,0.77991045,0.73333335
00037028.jpg,0.54411525,0.6624226
n02434954_1542.jpg,0.7578176,0.6060606
00001639.jpg,0.77718765,0.911276
00016935.jpg,0.89047146,0.8997128
00050025.jpg,0.75135434,0.8966536
00018969.jpg,0.9142168,0.8969956
00034283.jpg,0.7211073,0.643759
00054758.jpg,0.8289695,0.8154576
00004114.jpg,0.8075452,0.9585214
00009301.jpg,0.6012253,0.5370722
00000565.jpg,0.7462535,0.6373312
00047598.jpg,0.8370689,0.663856
00051644.jpg,0.88613284,1.0
00027773.jpg,0.53551334,0.5248582
00056675.jpg,0.6939781,0.739777
00019553.jpg,0.6990428,0.7788972
n07654148_21097.jpg,0.79857266,0.8888889
n09359803_23220.jpg,0.5506746,0.36956522
00025305.jpg,0.63070905,0.3598452
000000325963.jpg,0.63984424,0.5925926
00000301.jpg,0.551979,0.5129646
00005577.jpg,0.733992,0.7569494
00008114.jpg,0.768534,0.7563428
00045228.jpg,0.7541216,0.640448
000000144847.jpg,0.7609544,0.7943925
00017372.jpg,0.895368,0.8800018
00012642.jpg,0.5690968,0.558062
00029567.jpg,0.8197382,0.8426034
00000574.jpg,0.8325553,0.8887334
00052391.jpg,0.5404106,0.5122972
00019082.jpg,0.8289697,0.8411258
00054236.jpg,0.83989877,0.8354946
n07911677_6036.jpg,0.7835631,0.76237625
00005688.jpg,0.84214514,0.915574
00011022.jpg,0.75082505,0.7326008
00047476.jpg,0.7227975,0.6863744
00027388.jpg,0.7383234,0.714248
sun_akckbypmzxubxzyf.jpg,0.59799904,0.5652174
00022871.jpg,0.8145199,0.8721202
00025227.jpg,0.6665962,0.708688
00016023.jpg,0.7887065,0.764638
n00471613_21198.jpg,0.83454704,0.73394495
00029364.jpg,0.71870995,0.812789
00052653.jpg,0.7422224,0.7644288
00004644.jpg,0.5579203,0.4428572
00022132.jpg,0.8771381,0.8590546
00048479.jpg,0.77804005,0.7252628
00041231.jpg,0.64377385,0.6816394
00046998.jpg,0.71179974,0.6673876
00020580.jpg,0.8042674,0.7682842
00028382.jpg,0.7440929,0.764092
00046135.jpg,0.8634103,0.8931576
00016898.jpg,0.7766616,0.7551358
00057765.jpg,0.93629456,0.956813
00028021.jpg,0.6750967,0.6671564
00023508.jpg,0.791138,0.7128238
00014604.jpg,0.76752245,0.7853362
00029468.jpg,0.8899025,0.8818352
00013681.jpg,0.88798845,0.762095
00007106.jpg,0.87770647,0.813455
00017606.jpg,0.83433694,0.8058124
00022889.jpg,0.6728061,0.6700314
00004454.jpg,0.83764225,0.8733532
00026411.jpg,0.71479326,0.762993
00018333.jpg,0.7523724,0.7018708
00015786.jpg,0.72996485,0.7077272
00028396.jpg,0.77561617,0.750757
00024510.jpg,0.74585944,0.6178744
n03512147_11785.jpg,0.7638208,0.6571429
00057097.jpg,0.77808154,0.8526328
n00480993_20276.jpg,0.7805953,0.7314815
00021232.jpg,0.6112876,0.6234964
00032588.jpg,0.8845061,0.8772234
00052657.jpg,0.71831703,0.7098338
00023801.jpg,0.8369522,0.876184
00053283.jpg,0.84373236,0.8266624
00020395.jpg,0.7416953,0.6818178
00043693.jpg,0.7667047,0.8056842
n07806221_21594.jpg,0.7508527,0.69298244
sun_adldsxrckcxskwaa.jpg,0.65306425,0.6296296
n02396427_3531.jpg,0.81953835,0.8165138
00045309.jpg,0.7525294,0.6476872
00057443.jpg,0.57279176,0.4714604
00033848.jpg,0.7484962,0.7916866
00010935.jpg,0.80848765,0.9248232
00024955.jpg,0.72844493,0.7387726
n09468604_51222.jpg,0.56683165,0.54464287
00052230.jpg,0.80856276,0.8374952
00009213.jpg,0.5196313,0.5090386
00055440.jpg,0.9027127,0.8440312
00026323.jpg,0.8486319,0.8015372
n04587559_11298.jpg,0.6944883,0.5576923
00007835.jpg,0.71755195,0.6527
n01792640_8097.jpg,0.7721067,0.625
00007912.jpg,0.87272143,0.9514784
00011067.jpg,0.7768563,0.7118222
00020930.jpg,0.862082,0.806566
00044136.jpg,0.72016895,0.7441026
00004079.jpg,0.84268737,0.7919534
e72f9cfc62e3b4be.jpg,0.6360307,0.63917524
00016561.jpg,0.62514246,0.6961748
00019436.jpg,0.7826431,0.8534894
00017083.jpg,0.7513701,0.6528992
n07849336_21235.jpg,0.82407075,0.68041235
00056115.jpg,0.67136866,0.5608338
00019251.jpg,0.71552235,0.605479
00017563.jpg,0.8671256,0.86201
00038108.jpg,0.8332101,0.8684228
00014114.jpg,0.8591442,0.7991532
00034830.jpg,0.5366713,0.4907938
00033117.jpg,0.7922783,0.8902354
00039836.jpg,0.78528136,0.7981576
00044229.jpg,0.79817176,0.8256166
00007201.jpg,0.8005664,0.753194
00050640.jpg,0.7629109,0.781338
00021464.jpg,0.8918022,0.948799
00029843.jpg,0.63479364,0.5835754
00044295.jpg,0.7414626,0.715967
00001818.jpg,0.77663076,0.7512146
n03634034_7614.jpg,0.56373805,0.52577317
00045708.jpg,0.80610293,0.7402362
00054724.jpg,0.6742109,0.6565678
00011821.jpg,0.78743285,0.738868
00021722.jpg,0.80254203,0.8295576
00040345.jpg,0.772022,0.7661564
00024258.jpg,0.8438734,0.8337988
00001635.jpg,0.44458914,0.3781552
n09288635_488.jpg,0.5842271,0.6666667
00056659.jpg,0.8849651,0.8905984
n02878222_22680.jpg,0.6824872,0.73
00056158.jpg,0.6377992,0.5502222
00002371.jpg,0.75361335,0.8377232
000000482392.jpg,0.83402264,0.8867925
00044505.jpg,0.76632553,0.824434
00031469.jpg,0.84745455,0.9274418
00007163.jpg,0.77908146,0.7664882
sun_aydqgtfzqiiuyrmb.jpg,0.7643799,0.8556701
00058068.jpg,0.74879855,0.6970562
00037163.jpg,0.7507912,0.6893558
00002703.jpg,0.6410653,0.6488722
00006815.jpg,0.7095591,0.6071178
00020571.jpg,0.68020904,0.4820678
00053322.jpg,0.78184724,0.8364648
00001318.jpg,0.5185914,0.5909298
n02878222_30846.jpg,0.6890168,0.8125
00033954.jpg,0.7035408,0.6772004
00034721.jpg,0.49558964,0.4876098
00054571.jpg,0.7399602,0.7390644
00016102.jpg,0.80909836,0.7272734
00039591.jpg,0.7310269,0.7207448
00009046.jpg,0.8764988,0.9059306
00013426.jpg,0.9359772,0.8001192
n09288635_3879.jpg,0.7151687,0.7979798
00029863.jpg,0.8447529,0.8574366
00050546.jpg,0.71169716,0.6471326
n09472597_35837.jpg,0.6222721,0.69473684
00022300.jpg,0.5972463,0.49342
00032516.jpg,0.8001026,0.8816488
00040511.jpg,0.81802785,0.8485184
00041084.jpg,0.8282112,0.866213
00000025.jpg,0.7166321,0.694894
00052492.jpg,0.8774851,0.8484822
00051885.jpg,0.8499204,0.8542782
00021667.jpg,0.594929,0.6640194
00054463.jpg,0.76055115,0.691619
00011446.jpg,0.87464684,0.8535402
00010078.jpg,0.79840744,0.7792042
00011888.jpg,0.6389122,0.5061392
00050731.jpg,0.63588256,0.7014902
00011246.jpg,0.76224,0.6781346
00025132.jpg,0.75143945,0.8188996
00043141.jpg,0.62885886,0.6646644
00049830.jpg,0.85517514,0.832004
00008462.jpg,0.8834858,0.8582764
00040760.jpg,0.85030013,0.791875
00029876.jpg,0.501179,0.6069556
00005381.jpg,0.78852165,0.8207924
00018112.jpg,0.9507949,0.8879048
00011255.jpg,0.8797206,0.792517
00010419.jpg,0.6929568,0.6775352
00017930.jpg,0.7200996,0.7942098
00029484.jpg,0.7381481,0.8141336
000000181920.jpg,0.61463636,0.7241379
00013495.jpg,0.7820554,0.7180966
00053439.jpg,0.7117827,0.7786478
00024714.jpg,0.61271036,0.4189144
00048560.jpg,0.7695105,0.820113
00030194.jpg,0.63789284,0.4855468
372644d098fe67ac.jpg,0.48424822,0.47107437
00020495.jpg,0.82526994,0.7850328
00003369.jpg,0.88450956,0.862545
00005285.jpg,0.7031583,0.6724376
00020739.jpg,0.7764261,0.8580626
00022309.jpg,0.762008,0.8085346
00009510.jpg,0.61539215,0.6348636
sun_akldfuxketeyqrcr.jpg,0.4663478,0.3773585
00036955.jpg,0.80334413,0.8096738
00025380.jpg,0.8390838,0.7451384
00046616.jpg,0.81407386,0.7934822
00037772.jpg,0.6990582,0.8043062
00027753.jpg,0.6983791,0.6544756
00042421.jpg,0.6864284,0.8120312
00024249.jpg,0.8562359,0.8446302
00010925.jpg,0.8717352,0.691997
27c5f1373268e07a.jpg,0.85081923,0.8958333
00015632.jpg,0.7803091,0.850545
00037416.jpg,0.8442741,0.863205
00058002.jpg,0.8077785,0.834994
99bcf6128cb5d909.jpg,0.5672674,0.31683168
00020628.jpg,0.7673894,0.8327908
00045819.jpg,0.75691885,0.6284616
00048854.jpg,0.80289465,0.9624422
00009526.jpg,0.7145265,0.8259722
00000555.jpg,0.7940324,0.8215346
00008708.jpg,0.77058804,0.776991
00048116.jpg,0.7112243,0.6855296
00043557.jpg,0.763694,0.8474152
00024425.jpg,0.81416255,0.8862624
000000154023.jpg,0.8241936,0.7553192
00022161.jpg,0.62915075,0.68524
n02129165_23406.jpg,0.8703488,0.8598131
00009068.jpg,0.7124429,0.72735
00022978.jpg,0.8731614,0.8897298
00022653.jpg,0.8405603,0.801232
00005788.jpg,0.8520901,0.8976872
00018893.jpg,0.7946053,0.7718916
00038346.jpg,0.61185735,0.6016568
00046012.jpg,0.6857629,0.6901864
00047718.jpg,0.7274602,0.8977568
00005292.jpg,0.89528465,0.875696
00037660.jpg,0.70424867,0.8103896
00058483.jpg,0.7856924,0.7528682
00056390.jpg,0.5815953,0.5050256
n09421951_11041.jpg,0.5441524,0.49579832
00057913.jpg,0.78849214,0.9506282
00005234.jpg,0.7487782,0.6836298
000000296760.jpg,0.81369835,0.89361703
00042245.jpg,0.8013596,0.8294412
00035498.jpg,0.65025795,0.7070618
00020859.jpg,0.78665507,0.6420432
00036137.jpg,0.72980344,0.7468474
00011973.jpg,0.9003849,0.9076538
00034335.jpg,0.6816636,0.7311314
00027453.jpg,0.79921055,0.887436
00030670.jpg,0.72987723,0.8153208
00005309.jpg,0.836483,0.9442688
00055041.jpg,0.79030657,0.7607562
00034103.jpg,0.47943518,0.5325942
00022219.jpg,0.7623894,0.7980898
00012816.jpg,0.8012443,0.841187
00025508.jpg,0.54536164,0.6324372
n09472597_22931.jpg,0.5637569,0.6810345
00042331.jpg,0.74112713,0.695772
n04231693_24662.jpg,0.7633197,0.8586956
00008064.jpg,0.6364143,0.5841558
00023273.jpg,0.7854007,0.808758
00008897.jpg,0.778096,0.9098644
00043417.jpg,0.76458746,0.8023982
sun_azqthtbatlkavgcu.jpg,0.56034,0.51648355
00007636.jpg,0.7790012,0.7650192
n07933274_34262.jpg,0.8084127,0.75609756
00057743.jpg,0.620072,0.7275966
00000919.jpg,0.74569404,0.834014
00020382.jpg,0.8171097,0.7811286
00024696.jpg,0.8801606,0.915694
00043061.jpg,0.62814134,0.6941104
00014399.jpg,0.83974576,0.8390852
00024498.jpg,0.8255843,0.8513964
00043959.jpg,0.6538035,0.6059944
00032780.jpg,0.77421093,0.7554
00009320.jpg,0.7561554,0.7612992
00031451.jpg,0.7665607,0.788012
00037813.jpg,0.6127748,0.4639722
00026527.jpg,0.66547704,0.5758118
00039543.jpg,0.77899426,0.6376462
00038688.jpg,0.6415561,0.7060856
00003340.jpg,0.7507748,0.7422886
00026696.jpg,0.89608014,0.8823742
00004002.jpg,0.82396615,0.8112528
00039555.jpg,0.78342843,0.8111006
00046180.jpg,0.6377559,0.6868284
n07574602_29739.jpg,0.88870436,0.8869565
00018312.jpg,0.73496866,0.55067
00046183.jpg,0.73549414,0.7446218
00005520.jpg,0.8042821,0.9282044
00003310.jpg,0.69223535,0.6781612
00046351.jpg,0.6893321,0.566419
00055886.jpg,0.73284,0.8275754
00002376.jpg,0.81025463,0.8522436
00050933.jpg,0.7805656,0.746046
00041076.jpg,0.8447645,0.8061482
00055150.jpg,0.7695935,0.6521216
00004535.jpg,0.80638856,0.7385324
00006048.jpg,0.6977462,0.4413176
00049075.jpg,0.61706376,0.7544368
00047820.jpg,0.70896333,0.740228
00048210.jpg,0.7958267,0.9113254
00051879.jpg,0.8298595,0.8356432
00015983.jpg,0.80596733,0.8632316
00011074.jpg,0.7972226,0.8059322
00026334.jpg,0.78753877,0.8224762
00026016.jpg,0.82875574,0.7606708
00043236.jpg,0.68801844,0.7933454
00045028.jpg,0.72001684,0.569039
00020207.jpg,0.70173496,0.5381116
00047159.jpg,0.7154306,0.8148042
00009307.jpg,0.73868847,0.6020512
00034371.jpg,0.76732785,0.8281014
00048714.jpg,0.7876922,0.7184446
00039162.jpg,0.72131634,0.67501
00037381.jpg,0.6789212,0.6413258
n02433925_23052.jpg,0.73911536,0.53781515
00045855.jpg,0.7041501,0.5944882
00026110.jpg,0.6812512,0.7356854
00038431.jpg,0.7219229,0.7223782
00054131.jpg,0.80030054,0.7238168
00057248.jpg,0.8285208,0.84924
00050519.jpg,0.80274653,0.7621898
00047044.jpg,0.5900476,0.623897
00054419.jpg,0.7403942,0.7545476
00034066.jpg,0.64486,0.531342
00040607.jpg,0.8008855,0.7378874
00044220.jpg,0.8630721,0.9043208
sun_btuibprrdcrjqxvw.jpg,0.60006684,0.48076922
00018188.jpg,0.8415529,0.798663
00050427.jpg,0.8046183,0.696615
00029996.jpg,0.74636555,0.719527
n02878222_18843.jpg,0.6094061,0.6060606
00031076.jpg,0.7493918,0.8073298
00006819.jpg,0.7348149,0.815717
00058581.jpg,0.7402407,0.7552986
00038143.jpg,0.6561896,0.769282
00045398.jpg,0.75897795,0.7477512
00007524.jpg,0.85314786,0.7699434
00018897.jpg,0.81420285,0.8808452
00041722.jpg,0.7715693,0.8150496
00034776.jpg,0.7281984,0.7604154
00019556.jpg,0.80164206,0.8072204
00038003.jpg,0.6672516,0.6223586
00029941.jpg,0.90725887,0.9230424
00008038.jpg,0.70765406,0.4857958
00026539.jpg,0.7809336,0.8316966
n02118333_12388.jpg,0.8367806,0.81609195
00055809.jpg,0.7418043,0.5809558
00001369.jpg,0.87380034,0.9274854
00024420.jpg,0.6959262,0.7123612
00014089.jpg,0.60776466,0.6313652
00029533.jpg,0.73881567,0.8979532
00031959.jpg,0.5112823,0.4833332
00026394.jpg,0.7089478,0.6201194
00016540.jpg,0.8253518,0.875229
00007871.jpg,0.8439128,0.8119856
00001725.jpg,0.72289395,0.7927274
00053835.jpg,0.79116845,0.8064916
00008724.jpg,0.7768558,0.7294544
00006599.jpg,0.8323629,0.8669822
00030551.jpg,0.75822043,0.6117824
00050571.jpg,0.5331926,0.6409952
00054351.jpg,0.6907732,0.7210442
00027123.jpg,0.74100465,0.8278568
00002618.jpg,0.9177777,0.9722456
00018515.jpg,0.66123223,0.5497054
00034183.jpg,0.73376864,0.8158584
00010969.jpg,0.7226101,0.6175946
00002466.jpg,0.7064668,0.560413
00036304.jpg,0.7707779,0.8417734
00003044.jpg,0.7382784,0.6576452
00034623.jpg,0.71468765,0.8085944
000000088382.jpg,0.7400441,0.72380954
00041904.jpg,0.6646588,0.6588832
00052458.jpg,0.7050002,0.838245
00049267.jpg,0.5787749,0.5503058
00041014.jpg,0.7213865,0.6856278
00015211.jpg,0.8515844,0.7641436
00048655.jpg,0.77544755,0.7404786
00046332.jpg,0.7643599,0.7849482
00017528.jpg,0.76201385,0.8354656
00025401.jpg,0.86340094,0.8287184
00041026.jpg,0.60030496,0.5176834
00040462.jpg,0.80395854,0.738472
00034541.jpg,0.79268944,0.7328736
00053492.jpg,0.87185395,0.8865078
00000913.jpg,0.8600749,0.897932
00007936.jpg,0.78600913,0.885246
00045775.jpg,0.71359986,0.763582
00053082.jpg,0.67571443,0.5971718
n07850329_18900.jpg,0.9120863,0.9
00050014.jpg,0.5683609,0.6030924
00045314.jpg,0.7381867,0.8320832
00007900.jpg,0.83792126,0.9256104
00037704.jpg,0.68565834,0.8749118
00020685.jpg,0.76075035,0.739067
00056201.jpg,0.79575616,0.8632982
00012501.jpg,0.8461298,0.7753264
00055286.jpg,0.7814493,0.6560438
00042860.jpg,0.7264171,0.687043
00003152.jpg,0.87425053,0.9413544
00022260.jpg,0.7620778,0.9024614
00028180.jpg,0.8341256,0.8160956
00047450.jpg,0.8627708,0.9460998
000000293810.jpg,0.78633946,0.85714287
00008674.jpg,0.79058325,0.6609454
000000103232.jpg,0.80095077,0.84615386
00012323.jpg,0.8484044,0.8368006
00030509.jpg,0.8074895,0.8141342
00005713.jpg,0.7116076,0.666928
00055528.jpg,0.87600607,0.7967576
00042687.jpg,0.7817234,0.7320196
00015294.jpg,0.79598254,0.7974614
00009697.jpg,0.82215786,0.8790726
00050108.jpg,0.82055974,0.8737128
00035149.jpg,0.75017977,0.6310534
00018168.jpg,0.7856763,0.8148228
00013971.jpg,0.54972327,0.5363566
00026350.jpg,0.6019401,0.675765
00018181.jpg,0.8622764,0.7824382
a7aa9768e5b4e053.jpg,0.72628385,0.75268817
00043208.jpg,0.78629446,0.852742
00005919.jpg,0.75692755,0.7506438
00022082.jpg,0.83357483,0.967536
n04461696_4331.jpg,0.7776706,0.7291667
00038177.jpg,0.60930717,0.5474402
00041802.jpg,0.8262808,0.8126374
00004250.jpg,0.7402696,0.8214112
00036932.jpg,0.7098053,0.6069364
00009196.jpg,0.75765157,0.7135416
00014046.jpg,0.6946316,0.6289356
42ce0e541e865b81.jpg,0.8247477,0.8411215
00056594.jpg,0.76958907,0.7625764
00004811.jpg,0.7865391,0.7807676
n07711569_3848.jpg,0.79198956,0.8446602
n09288635_1929.jpg,0.75599086,0.8333333
00048523.jpg,0.7698213,0.7259526
00047154.jpg,0.6345417,0.6912532
00035825.jpg,0.7843515,0.8067214
00007020.jpg,0.79603845,0.9082052
00034986.jpg,0.78535485,0.8399312
00003748.jpg,0.77677745,0.7244752
n04610013_2593.jpg,0.6942489,0.76086956
n07923748_18786.jpg,0.81036305,0.8469388
00017471.jpg,0.6783519,0.7702924
00021813.jpg,0.7589432,0.7952322
00034257.jpg,0.8051475,0.841158
00054820.jpg,0.8188412,0.9021862
00015306.jpg,0.48302642,0.550124
00023165.jpg,0.63826025,0.700627
00019756.jpg,0.90388525,0.8819422
000000553079.jpg,0.82831746,0.8202247
00042754.jpg,0.63135904,0.5970128
n02118333_11249.jpg,0.8705349,0.86538464
00007153.jpg,0.8401411,0.727416
00024149.jpg,0.8946132,0.8804252
00046339.jpg,0.76234865,0.771007
00022104.jpg,0.77850807,0.7661974
00030793.jpg,0.83239746,0.7924012
00036089.jpg,0.5267765,0.6070754
00005672.jpg,0.74365216,0.4639166
00043328.jpg,0.7188407,0.7520324
00006152.jpg,0.7944671,0.8829906
000000555062.jpg,0.8843223,0.9108911
00055343.jpg,0.92506874,0.9529978
00052119.jpg,0.71822596,0.6324216
00018765.jpg,0.97750413,0.9822368
00041670.jpg,0.8201526,0.7975868
00046179.jpg,0.73726153,0.5103114
00045729.jpg,0.7818631,0.7969516
00008046.jpg,0.95366454,0.9083032
00022599.jpg,0.63325304,0.6531654
00048826.jpg,0.80407345,0.8454126
00019788.jpg,0.7750049,0.7243354
00028569.jpg,0.7080146,0.762587
00052134.jpg,0.7858511,0.7766694
00039944.jpg,0.6589222,0.6687534
00046545.jpg,0.67605597,0.5846354
00057087.jpg,0.58311546,0.6424314
00020494.jpg,0.77399343,0.8282848
00018612.jpg,0.8169943,0.9111236
n01514668_15917.jpg,0.8605956,0.8172043
00057953.jpg,0.81911886,0.7772034
00058636.jpg,0.941404,0.8781774
00004524.jpg,0.7525233,0.7038646
00057042.jpg,0.8113968,0.820235
00048976.jpg,0.79667586,0.8713156
00036904.jpg,0.68424404,0.629707
n03512147_304.jpg,0.706732,0.7078652
00058166.jpg,0.71794224,0.5459688
00032935.jpg,0.8702653,0.9047924
00012364.jpg,0.7693542,0.6555642
00028070.jpg,0.79585177,0.6209362
00002277.jpg,0.5189646,0.4221798
00038335.jpg,0.58093673,0.4372648
00018936.jpg,0.7600554,0.549149
00029556.jpg,0.6254053,0.64482
00013619.jpg,0.7367733,0.6728888
00003024.jpg,0.8553898,0.8448468
00026869.jpg,0.9007299,0.897449
00030299.jpg,0.6684816,0.6469084
00024443.jpg,0.54437596,0.5108878
00004670.jpg,0.88423276,0.9534724
000000479957.jpg,0.8214251,0.8494624
n07911677_1327.jpg,0.85526556,0.75510204
00014613.jpg,0.8379724,0.7451146
00043451.jpg,0.70851254,0.6591278
00052503.jpg,0.7913164,0.7771134
00056141.jpg,0.8290948,0.8831644
00008082.jpg,0.8143925,0.8241146
00021727.jpg,0.6687977,0.5389528
00012074.jpg,0.8378339,0.7229252
00019988.jpg,0.7730177,0.8771038
n09393605_61186.jpg,0.6959034,0.559633
00013174.jpg,0.7331922,0.7215812
00045285.jpg,0.7670189,0.853223
00045991.jpg,0.68758225,0.6993128
00022083.jpg,0.72586447,0.8161466
00015482.jpg,0.6412625,0.5555932
00056428.jpg,0.685733,0.602287
00011994.jpg,0.7850104,0.8671666
00028763.jpg,0.7076576,0.8694972
n09468604_15728.jpg,0.6407734,0.65555555
00052662.jpg,0.74134535,0.6765416
00001371.jpg,0.9024324,0.8283984
00018195.jpg,0.66850626,0.636533
00035271.jpg,0.733738,0.750171
n02132580_24520.jpg,0.80739987,0.8965517
00055316.jpg,0.70717704,0.7852042
00018830.jpg,0.7491052,0.7709336
00001061.jpg,0.8345872,0.7754646
00037139.jpg,0.8394558,0.786294
00055113.jpg,0.8598631,0.9423154
00045211.jpg,0.83476615,0.7345174
00037816.jpg,0.6093215,0.6161172
n03594945_21268.jpg,0.73442394,0.7263158
00015657.jpg,0.75750345,0.7573866
00009530.jpg,0.80039436,0.6590846
00056452.jpg,0.7619471,0.6991106
sun_bnwgrptznpkmyoll.jpg,0.5919371,0.7029703
00012531.jpg,0.81481326,0.8698214
00015928.jpg,0.861212,0.8245322
00013312.jpg,0.64176524,0.6910596
00041328.jpg,0.917284,0.8820234
00049246.jpg,0.9307878,0.9398092
00006157.jpg,0.8137294,0.80371
00025412.jpg,0.8095439,0.7142672
n04335435_25710.jpg,0.8090097,0.86170214
00021072.jpg,0.77915794,0.8289598
00003331.jpg,0.81018114,0.9141364
00055328.jpg,0.9716478,0.9128718
00016946.jpg,0.80724776,0.82246
n03541923_2669.jpg,0.8588956,0.8613861
00058181.jpg,0.93234754,0.876899
00050579.jpg,0.76799953,0.7152982
000000096517.jpg,0.7655648,0.8557692
00045970.jpg,0.7921252,0.8950534
sun_bxosoiicldmycyla.jpg,0.45202684,0.47311828
00023019.jpg,0.74822223,0.5899002
00017820.jpg,0.852066,0.883077
00023227.jpg,0.5043152,0.5668244
n02342885_5465.jpg,0.8946378,0.9583333
000000189853.jpg,0.7584218,0.8817204
00049539.jpg,0.8041152,0.7439368
00048416.jpg,0.64731455,0.7483646
00012695.jpg,0.6644002,0.7704282
00038104.jpg,0.815697,0.8638644
00049897.jpg,0.55162424,0.6843466
00033136.jpg,0.8161548,0.823343
00002866.jpg,0.8037487,0.9348198
00044528.jpg,0.63978106,0.6427354
00051082.jpg,0.6606227,0.56614
00037664.jpg,0.72594434,0.7773704
000000494309.jpg,0.75885415,0.776699
00004667.jpg,0.6746597,0.6726256
00022756.jpg,0.7985921,0.7928288
00034175.jpg,0.6408777,0.6693854
00015182.jpg,0.8711147,0.861053
00021384.jpg,0.80825317,0.6751836
n02793495_6761.jpg,0.67325675,0.787037
n02834778_3504.jpg,0.80508685,0.82417583
e97c33fb1147a86e.jpg,0.8020567,0.7
00012803.jpg,0.72583216,0.805673
00046549.jpg,0.7549746,0.843732
00001251.jpg,0.5993903,0.8040162
n02396427_4851.jpg,0.81591004,0.86915886
00051912.jpg,0.87452316,0.9010434
00056993.jpg,0.91790074,0.8360608
n07594066_15.jpg,0.8977599,0.9326923
00017175.jpg,0.78797793,0.6951858
00016084.jpg,0.8453333,0.8198168
00037267.jpg,0.753932,0.6669728
n04465501_2353.jpg,0.8363086,0.83653843
00041553.jpg,0.69034326,0.6919782
00041359.jpg,0.783055,0.8755348
00041744.jpg,0.7925696,0.7465188
00041044.jpg,0.8951304,0.903038
00007118.jpg,0.61993504,0.6744752
00038065.jpg,0.66510487,0.6001108
00050905.jpg,0.86898476,0.8760172
00026646.jpg,0.83869547,0.9282844
00025152.jpg,0.8194852,0.7177232
00056065.jpg,0.81042135,0.8321074
00014798.jpg,0.5649107,0.6769772
00001000.jpg,0.73089516,0.8028374
00029641.jpg,0.820391,0.9127782
00034442.jpg,0.6842704,0.7010844
00024979.jpg,0.79766667,0.7329836
00044571.jpg,0.7068002,0.6721796
n04335435_20787.jpg,0.8092579,0.8110236
000000215334.jpg,0.7660084,0.8902439
00011808.jpg,0.62893045,0.782415
00003450.jpg,0.8363832,0.881441
n07654148_13790.jpg,0.86988556,0.7821782
ed0147f94eaf2efd.jpg,0.7832803,0.8333333
00002200.jpg,0.80798334,0.896953
00008554.jpg,0.79910976,0.786185
00003981.jpg,0.8010534,0.7742808
00038514.jpg,0.4890744,0.4850734
00008189.jpg,0.8552304,0.8643854
00043950.jpg,0.7420988,0.8029866
00002398.jpg,0.80636317,0.8064914
00016448.jpg,0.8660971,0.9006446
00015343.jpg,0.8603163,0.7880444
00011405.jpg,0.93330944,0.9403432
00053189.jpg,0.85403895,0.9246758
n02324045_10339.jpg,0.8649199,0.85393256
00038020.jpg,0.64465225,0.52265
00025484.jpg,0.7965751,0.8439718
00003237.jpg,0.75566566,0.8876652
00011231.jpg,0.8572335,0.8709752
00045559.jpg,0.8133042,0.763032
00009461.jpg,0.853013,0.8857732
00036010.jpg,0.79274416,0.854553
84ebed9f630e379a.jpg,0.8123268,0.8137255
00038255.jpg,0.7912047,0.784824
n02118333_7755.jpg,0.8911526,0.8902439
00039031.jpg,0.6789242,0.7958408
00035936.jpg,0.78936815,0.7607254
00014138.jpg,0.8022283,0.6711236
00017073.jpg,0.83510244,0.8709858
00051938.jpg,0.6462525,0.7158988
00044277.jpg,0.78730375,0.7165532
n07933274_35061.jpg,0.84225476,0.8913044
00007806.jpg,0.74416745,0.7647968
00027362.jpg,0.87559336,0.8846654
00023185.jpg,0.6895958,0.7651912
00044972.jpg,0.6984004,0.6678542
00057229.jpg,0.85798454,0.8248818
00012823.jpg,0.8472623,0.739876
000000503938.jpg,0.68237466,0.7395833
00012415.jpg,0.8210019,0.950202
00002131.jpg,0.5271097,0.7739448
00027287.jpg,0.6687009,0.5566274
00017107.jpg,0.74473333,0.7521206
00008864.jpg,0.75489813,0.6951992
00033394.jpg,0.84722996,0.869083
00013350.jpg,0.87156117,0.844838
n02691156_7124.jpg,0.7713409,0.60952383
00028192.jpg,0.75540274,0.6901494
00022467.jpg,0.75240517,0.701342
00031780.jpg,0.81065506,0.8755192
00017630.jpg,0.7927937,0.84951
00016319.jpg,0.76765746,0.7681242
00038043.jpg,0.6254735,0.5241976
00018485.jpg,0.7621006,0.8668918
00025293.jpg,0.8320787,0.7171634
00033898.jpg,0.7062819,0.4990286
00027211.jpg,0.8563076,0.8882036
00027534.jpg,0.7701868,0.8761172
00009536.jpg,0.7620128,0.823221
00053673.jpg,0.72091484,0.7053662
00058244.jpg,0.7621942,0.6213124
00038650.jpg,0.7456293,0.7789744
00057071.jpg,0.7838611,0.8115904
n07690273_20919.jpg,0.8374527,0.8787879
00056163.jpg,0.68205106,0.7182074
00047550.jpg,0.71589637,0.5767502
00019731.jpg,0.8684567,0.8777148
n09270735_14484.jpg,0.6670898,0.64646465
00054978.jpg,0.6943691,0.6761072
00031054.jpg,0.69294024,0.6268522
000000317019.jpg,0.76373875,0.8301887
00035243.jpg,0.7185954,0.7019994
00050368.jpg,0.70629525,0.4698482
00026521.jpg,0.788286,0.7992838
00052987.jpg,0.80097115,0.892924
00040104.jpg,0.65229,0.6885334
00002383.jpg,0.82011837,0.8508902
00036818.jpg,0.75466454,0.8930252
000000055806.jpg,0.8177657,0.82758623
n07806221_24916.jpg,0.7738044,0.8137255
00037231.jpg,0.5853281,0.626902
00022612.jpg,0.8089536,0.819602
00027412.jpg,0.80894077,0.8964504
00052589.jpg,0.72763014,0.697009
00033439.jpg,0.89865017,0.9124954
00049804.jpg,0.7859311,0.8448224
00041899.jpg,0.7055911,0.5489
00032565.jpg,0.7395417,0.7138096
00046741.jpg,0.66593266,0.566415
00000010.jpg,0.6371763,0.6790974
n12345899_6568.jpg,0.5743347,0.5151515
00023937.jpg,0.75346214,0.636481
000000166021.jpg,0.7835504,0.8703704
00046754.jpg,0.7667986,0.6766416
n02324045_23562.jpg,0.8158706,0.8425926
00039370.jpg,0.7549441,0.8463846
n07850329_28834.jpg,0.8210863,0.93333334
00003602.jpg,0.74150574,0.815587
000000000772.jpg,0.8339473,0.7920792
00046329.jpg,0.72899246,0.8165446
000000080203.jpg,0.7474059,0.85294116
n01514859_945.jpg,0.9252144,0.83505154
00043796.jpg,0.8546634,0.8572772
a662c633c9963448.jpg,0.66210544,0.5809524
00017579.jpg,0.8244971,0.8832668
00017638.jpg,0.81124514,0.8463496
00031196.jpg,0.8291553,0.803146
00051387.jpg,0.81426305,0.8187964
00056378.jpg,0.87351084,0.8592946
00001082.jpg,0.93834436,0.9768656
00029038.jpg,0.8114829,0.645645
00055682.jpg,0.7868351,0.768111
00034286.jpg,0.7491593,0.8679302
00053945.jpg,0.80212086,0.865171
00020797.jpg,0.8823383,0.9170264
n02342885_9292.jpg,0.960161,0.98214287
00037433.jpg,0.8196887,0.905295
00012529.jpg,0.76134086,0.7949504
00058373.jpg,0.7653465,0.8332652
n04465501_4020.jpg,0.80493784,0.8791209
00048497.jpg,0.65069497,0.7182868
000000076934.jpg,0.73576295,0.79761904
00045613.jpg,0.74709,0.5469842
n02332755_3305.jpg,0.8568725,0.8090909
n02324045_22432.jpg,0.83809483,0.8440367
00047486.jpg,0.7445978,0.7818814
00012496.jpg,0.7621625,0.7676942
00010809.jpg,0.89948606,0.8762032
00037681.jpg,0.57638115,0.5419584
00043908.jpg,0.72776085,0.7438462
n02342885_6207.jpg,0.79829305,0.82828283
000000428457.jpg,0.76931286,0.71568626
00055850.jpg,0.865311,0.6829516
n07583197_4277.jpg,0.86798966,0.7755102
2b08282fb15a689b.jpg,0.70293325,0.7
00049912.jpg,0.78930175,0.8365728
00017061.jpg,0.8215866,0.8342636
00044746.jpg,0.7694745,0.7288702
00012794.jpg,0.7944464,0.7572718
00014434.jpg,0.7398605,0.7943674
00038977.jpg,0.6452745,0.6369376
00031744.jpg,0.7617041,0.809432
00032546.jpg,0.8880782,0.9670386
00012677.jpg,0.7685731,0.8634932
00048244.jpg,0.8901504,0.883849
00046644.jpg,0.7448181,0.5756724
00038639.jpg,0.70405114,0.7432526
00013861.jpg,0.8349873,0.9164834
00018518.jpg,0.9227906,0.9335014
00003168.jpg,0.8324149,0.7392736
00028768.jpg,0.8451098,0.9483386
00033805.jpg,0.56305516,0.6661156
n09428293_36611.jpg,0.5956678,0.675
00052558.jpg,0.7776862,0.8487814
00007565.jpg,0.87824124,0.9445028
00006253.jpg,0.75158954,0.8442258
n09376198_15319.jpg,0.7270247,0.5945946
00017938.jpg,0.7469009,0.7659796
00056159.jpg,0.82996017,0.9529992
n00470966_26356.jpg,0.8673091,0.89285713
00039708.jpg,0.63139874,0.6339052
n01846331_1577.jpg,0.7845184,0.86
00044135.jpg,0.8477111,0.8648152
00057963.jpg,0.86753434,0.9172636
00054939.jpg,0.8677532,0.9108706
n03512147_553.jpg,0.8033566,0.8367347
00040899.jpg,0.8029891,0.8286362
00029797.jpg,0.7577326,0.6750236
00045643.jpg,0.771208,0.8229302
00052350.jpg,0.84838766,0.9139552
00007718.jpg,0.49860775,0.4283486
00046033.jpg,0.68981713,0.820739
00011779.jpg,0.8452427,0.869442
00035468.jpg,0.77606493,0.7805612
00008463.jpg,0.81535935,0.7074424
00023895.jpg,0.8173353,0.8395532
00000536.jpg,0.8089234,0.6621952
00056171.jpg,0.5661025,0.6726846
00028599.jpg,0.5627913,0.628503
000000081390.jpg,0.75496435,0.8348624
00018287.jpg,0.6233268,0.6939334
00043100.jpg,0.67285603,0.7716668
n02324045_6970.jpg,0.83084893,0.74444443
00043770.jpg,0.7017405,0.6685654
00016782.jpg,0.8686205,0.810742
00014553.jpg,0.8449714,0.787083
00038979.jpg,0.5908806,0.7248284
00002990.jpg,0.7801448,0.7187824
00046812.jpg,0.8444622,0.8530182
00025445.jpg,0.7749444,0.7831898
00004041.jpg,0.78814816,0.8269456
00057719.jpg,0.7662026,0.820431
00054651.jpg,0.92099845,0.8896266
00017546.jpg,0.8007881,0.8291754
00022719.jpg,0.7977741,0.805814
000000354075.jpg,0.70485735,0.5652174
00030210.jpg,0.7617562,0.7932348
00033509.jpg,0.84998983,0.9054226
00024456.jpg,0.7987137,0.8018126
000000036166.jpg,0.81473875,0.85148513
00030315.jpg,0.75058806,0.8744222
00032192.jpg,0.8166992,0.8450008
00041620.jpg,0.872023,0.8448268
00039964.jpg,0.7531915,0.5811692
n02342885_12487.jpg,0.84166735,0.872549
00050864.jpg,0.92873657,0.8770142
00053198.jpg,0.6223227,0.6504622
00031529.jpg,0.879913,0.871493
00035899.jpg,0.63391083,0.633284
00056853.jpg,0.8623551,0.881997
00020790.jpg,0.78229964,0.8849596
00051530.jpg,0.7753806,0.691792
00036207.jpg,0.7674537,0.8518896
00010040.jpg,0.7969742,0.673967
00044679.jpg,0.7875347,0.8176028
00018026.jpg,0.73949045,0.8200724
00032657.jpg,0.7961757,0.7800346
00044587.jpg,0.7162907,0.68518
00008989.jpg,0.81783104,0.785411
00020022.jpg,0.737751,0.7540832
00029938.jpg,0.77933335,0.8309738
00027382.jpg,0.67705286,0.5405674
00027809.jpg,0.7772213,0.8610746
00009857.jpg,0.85218596,0.8203688
n07720875_4943.jpg,0.8816036,0.9238095
00025381.jpg,0.7296722,0.6570434
00005776.jpg,0.8442686,0.8152264
00058398.jpg,0.7662912,0.7305542
00028908.jpg,0.80224645,0.7989084
00027926.jpg,0.70139647,0.6873838
00000241.jpg,0.7947162,0.8227078
00014681.jpg,0.7508075,0.7112188
00019472.jpg,0.6443198,0.7330792
00023744.jpg,0.79123586,0.8486364
00017880.jpg,0.7706379,0.8328252
00024773.jpg,0.7683697,0.8350956
00001590.jpg,0.78472704,0.8400926
00027305.jpg,0.75429904,0.9074116
00001533.jpg,0.76233554,0.7334484
00048126.jpg,0.70671743,0.5750786
00009435.jpg,0.8371309,0.8746786
00038701.jpg,0.6677641,0.6167582
00014699.jpg,0.66983604,0.5417502
00017756.jpg,0.7089321,0.7129052
00045167.jpg,0.7830261,0.8251518
n02793495_4056.jpg,0.7010248,0.8369565
00026249.jpg,0.9027851,0.9364142
00025912.jpg,0.57843053,0.562556
000000494707.jpg,0.60429066,0.72043014
00049717.jpg,0.7000468,0.7852828
n03790512_2492.jpg,0.82617056,0.8272727
00021056.jpg,0.7497593,0.7940152
00043015.jpg,0.7880515,0.6632142
00051894.jpg,0.88788,0.9044222
00021827.jpg,0.5465318,0.6602456
00000077.jpg,0.6710421,0.737872
00058327.jpg,0.8530439,0.8211344
00027995.jpg,0.80836344,0.7499822
000000289030.jpg,0.7980998,0.7904762
00043989.jpg,0.680639,0.5992782
00011265.jpg,0.79121816,0.8204872
00046987.jpg,0.74266446,0.6999556
00002778.jpg,0.9088384,0.9026318
000000145935.jpg,0.8547196,0.85294116
00000725.jpg,0.78218687,0.7375786
00027530.jpg,0.90539145,0.7853848
00052454.jpg,0.87473047,0.857506
00016774.jpg,0.55780804,0.443309
00039054.jpg,0.7860255,0.7947866
00023006.jpg,0.84744453,0.8373396
00003239.jpg,0.508827,0.4085728
00000325.jpg,0.71956146,0.8203996
00035384.jpg,0.5860851,0.5848884
00027834.jpg,0.8288941,0.952284
00001440.jpg,0.7402231,0.6817586
00048615.jpg,0.6989175,0.7394052
n04349306_207.jpg,0.8449024,0.8869565
00049132.jpg,0.7146569,0.7958638
n07574602_24875.jpg,0.81093234,0.8125
ab513cfa39928667.jpg,0.76157767,0.69
00057342.jpg,0.8104234,0.894365
00056478.jpg,0.8971286,0.8842372
n02834778_5315.jpg,0.7737357,0.84
00048980.jpg,0.765383,0.8451284
00025702.jpg,0.7953148,0.8502436
00058250.jpg,0.7846694,0.7267828
n04465501_7866.jpg,0.7811042,0.72897196
00015998.jpg,0.76415527,0.8401184
00016012.jpg,0.8149172,0.8180934
00028324.jpg,0.67883575,0.6746594
00049018.jpg,0.7579011,0.6764472
00044975.jpg,0.53326684,0.686236
00006034.jpg,0.8222631,0.830067
00019132.jpg,0.8569184,0.8093268
00029278.jpg,0.7845783,0.7677044
00004381.jpg,0.72314936,0.7932114
000000019974.jpg,0.7993372,0.78640777
00050270.jpg,0.85154426,0.878361
00002368.jpg,0.77592874,0.8412906
00007798.jpg,0.88434947,0.944842
00034059.jpg,0.6744335,0.7528062
00008563.jpg,0.5297916,0.6714684
00015279.jpg,0.56382906,0.5633078
00041406.jpg,0.67415106,0.6576834
n01811909_4167.jpg,0.7788489,0.92941177
n01846331_14212.jpg,0.8629676,0.73195875
00032379.jpg,0.7426419,0.6602454
00016572.jpg,0.69014263,0.869562
00008438.jpg,0.8923168,0.8629688
00002705.jpg,0.55224687,0.5570824
00045493.jpg,0.8134036,0.7761602
00013238.jpg,0.73561174,0.7905428
00055049.jpg,0.7517123,0.8776364
n02793495_4908.jpg,0.58247036,0.51578945
00008903.jpg,0.80465984,0.8422474
00053111.jpg,0.7730838,0.771258
00047115.jpg,0.78522325,0.8731228
00009387.jpg,0.7917967,0.8596026
00043724.jpg,0.56971055,0.5664734
00032533.jpg,0.946115,0.9018206
00024104.jpg,0.7952246,0.8890954
00030258.jpg,0.54866934,0.5245344
00024547.jpg,0.68597203,0.6944568
00024552.jpg,0.86449367,0.8781542
00007675.jpg,0.5443723,0.594755
n03512147_4982.jpg,0.81842875,0.6732673
00043209.jpg,0.8452047,0.8774826
n04166281_7105.jpg,0.7400372,0.70652175
n01811909_1560.jpg,0.7778277,0.80851066
00010845.jpg,0.71717274,0.840067
00032290.jpg,0.77290034,0.7716768
00035782.jpg,0.56923884,0.6671266
sun_ampjnwubvqspkvul.jpg,0.6028259,0.47474748
00033974.jpg,0.71555215,0.715543
000000261256.jpg,0.73608774,0.65178573
0543f1b76e391db9.jpg,0.8411157,0.6554622
00008730.jpg,0.7955384,0.85326
00021556.jpg,0.92852145,0.7506602
00022735.jpg,0.79640204,0.8668852
00048346.jpg,0.7630305,0.7467372
00043498.jpg,0.7442979,0.7982922
00036540.jpg,0.7003202,0.6936324
n07753592_9134.jpg,0.91730917,0.875
00018345.jpg,0.85627544,0.9330406
00044068.jpg,0.76058215,0.7231908
00045079.jpg,0.67636424,0.4621
00051270.jpg,0.725989,0.7813706
00030020.jpg,0.79821825,0.8731546
n07717556_4558.jpg,0.9053115,0.9247312
000000019528.jpg,0.7996487,0.91566265
00012671.jpg,0.7733585,0.8217666
00037198.jpg,0.7661896,0.7322868
00050234.jpg,0.61628574,0.5432958
00034932.jpg,0.6618695,0.699755
00032086.jpg,0.92617756,0.9627656
n04467665_23566.jpg,0.73595434,0.6330275
00046070.jpg,0.7894215,0.7481912
n04467665_1225.jpg,0.7460674,0.7356322
00045041.jpg,0.6982392,0.7345522
00053385.jpg,0.65663177,0.6136484
n07753592_5802.jpg,0.86241585,0.94736844
00046383.jpg,0.7252619,0.6012234
00033114.jpg,0.7865108,0.8572396
00015878.jpg,0.81702876,0.7588982
0ad7bad30cd432df.jpg,0.7444719,0.84375
00058102.jpg,0.74928796,0.7086808
00050954.jpg,0.6297191,0.585123
a0b6a1c932eebe9e.jpg,0.71152073,0.6283186
00051202.jpg,0.8724739,0.9015684
00057632.jpg,0.8412372,0.7723666
00048646.jpg,0.7586797,0.695621
00012576.jpg,0.8555789,0.793425
00027216.jpg,0.7897755,0.848534
00021588.jpg,0.7493065,0.7575568
00052100.jpg,0.46152556,0.5052506
00009429.jpg,0.65534955,0.6295864
00031871.jpg,0.82525766,0.9170424
n02932891_1765.jpg,0.69228524,0.7525773
00008220.jpg,0.8332639,0.8611396
00018403.jpg,0.660756,0.8915198
00019247.jpg,0.82815135,0.8596746
00027065.jpg,0.82655346,0.8954562
00002929.jpg,0.77238107,0.7471962
00034501.jpg,0.8140328,0.8107488
00026795.jpg,0.7363107,0.7957526
00011295.jpg,0.83451396,0.8178146
00010442.jpg,0.7694292,0.8209252
00020373.jpg,0.73539925,0.7323416
00021005.jpg,0.7646751,0.768689
n03541923_1765.jpg,0.87237024,0.86585367
00041943.jpg,0.7136122,0.712521
n02118333_6923.jpg,0.7982342,0.80172414
e5b67ef6e91c1cf2.jpg,0.8539376,0.88505745
00016265.jpg,0.8148838,0.7746218
00027526.jpg,0.72974086,0.7863016
00057305.jpg,0.87433195,0.9179518
00041368.jpg,0.65763056,0.7011044
00010982.jpg,0.7552103,0.8479206
00010441.jpg,0.8140025,0.829609
00049532.jpg,0.7711816,0.779875
00043201.jpg,0.77838695,0.7555964
00024791.jpg,0.7945106,0.7047916
00002849.jpg,0.5473717,0.5596272
00055519.jpg,0.6581177,0.6905014
00040499.jpg,0.8522635,0.79882
00057753.jpg,0.5503586,0.4409126
00021209.jpg,0.84462994,0.867771
00003465.jpg,0.84990084,0.9361964
00028597.jpg,0.6090942,0.4401002
00002240.jpg,0.67730784,0.791971
00006334.jpg,0.589167,0.5358762
00042063.jpg,0.8842716,0.936145
00041704.jpg,0.8137543,0.9060726
00023024.jpg,1.0322999,0.9442914
00023735.jpg,0.8121592,0.8534108
00054373.jpg,0.8856993,0.787363
00054547.jpg,0.71939653,0.6002414
00023198.jpg,0.8095726,0.7912166
00035052.jpg,0.78874093,0.7023382
00045383.jpg,0.6857167,0.6781928
00024172.jpg,0.8121308,0.8002566
00028009.jpg,0.8457254,0.7551564
00045133.jpg,0.7143035,0.6884678
000000201420.jpg,0.8071475,0.8811881
00056646.jpg,0.89750314,0.8731336
00047394.jpg,0.73438567,0.7080592
00058121.jpg,0.9117032,0.86738
n07880968_6571.jpg,0.8257541,0.8214286
00043050.jpg,0.64043,0.7747254
00021565.jpg,0.5985613,0.6469684
00008116.jpg,0.88531697,0.7788314
00044652.jpg,0.67472565,0.75482
00023344.jpg,0.8280646,0.7334016
7f6a04e04c276070.jpg,0.8234918,0.9405941
n02430045_13141.jpg,0.7851368,0.7473684
00058559.jpg,0.8204442,0.8470878
00000205.jpg,0.73550826,0.778649
00029188.jpg,0.840407,0.8830428
00004859.jpg,0.7960031,0.8283136
n02932891_37141.jpg,0.73623705,0.69473684
00020046.jpg,0.7108598,0.4709282
00013888.jpg,0.71651614,0.7044948
000000463970.jpg,0.86283284,0.84090906
171b328f1c63c1d6.jpg,0.77927244,0.6526316
00018531.jpg,0.7519369,0.8752148
00007092.jpg,0.82903576,0.756269
00033511.jpg,0.80014,0.7523258
00014594.jpg,0.67953384,0.5036314
00005102.jpg,0.63453776,0.6102048
00000041.jpg,0.80062085,0.7988172
50879bd476ef5eb4.jpg,0.72471386,0.7169811
00054586.jpg,0.8660788,0.8591622
000000566672.jpg,0.7177937,0.78494626
00015449.jpg,0.8113573,0.8355578
00012855.jpg,0.81373864,0.8963432
00043888.jpg,0.69772774,0.6485824
00042332.jpg,0.73661256,0.8710294
00053822.jpg,0.7561255,0.8225596
00028440.jpg,0.82447857,0.8088884
00004161.jpg,0.7941778,0.7561766
00011595.jpg,0.68277663,0.6923538
00027721.jpg,0.5078559,0.6239306
00005208.jpg,0.7803055,0.7512938
00000653.jpg,0.76400733,0.8341824
00011429.jpg,0.5538524,0.6382572
00054026.jpg,0.5924268,0.5533648
00018264.jpg,0.6715138,0.5987642
00026730.jpg,0.8100666,0.6363018
00023035.jpg,0.6655669,0.7615418
00007231.jpg,0.67410696,0.6418174
00026783.jpg,0.55435765,0.433033
00017057.jpg,0.6861848,0.7587192
00000613.jpg,0.7347626,0.7538936
00049079.jpg,0.8205696,0.7727454
00026740.jpg,0.81482625,0.7570436
00054288.jpg,0.7569765,0.7558126
sun_akzatmmwjirnsqtm.jpg,0.5538025,0.44
00002037.jpg,0.7779887,0.7781356
00040925.jpg,0.8315625,0.804773
00037227.jpg,0.5807569,0.6376638
00016521.jpg,0.7576019,0.855444
00054680.jpg,0.66610324,0.6407978
00000876.jpg,0.8171438,0.8333342
00009922.jpg,0.8148607,0.9131928
00002984.jpg,0.8383329,0.7237548
00017351.jpg,0.76532614,0.8682252
00045199.jpg,0.76556915,0.7028686
00053000.jpg,0.6822549,0.8310514
00027248.jpg,0.8042988,0.7530998
00027144.jpg,0.8686842,0.918024
00015091.jpg,0.575275,0.4910634
n09359803_20911.jpg,0.6736348,0.6969697
00019954.jpg,0.6805193,0.6284756
00027533.jpg,0.5272761,0.5646446
00054240.jpg,0.84348303,0.9663816
00024558.jpg,0.75781405,0.704125
00034577.jpg,0.5611898,0.6668352
515b9693872ca759.jpg,0.7980659,0.7755102
00020223.jpg,0.79392564,0.589937
00040223.jpg,0.59626275,0.6841796
00019834.jpg,0.7860545,0.74112
00033291.jpg,0.6840645,0.5293958
00038087.jpg,0.8094501,0.8522456
00006863.jpg,0.85736775,0.833904
00033751.jpg,0.6959633,0.5787692
000000434804.jpg,0.8287481,0.90588236
00046896.jpg,0.8040685,0.8103314
00035874.jpg,0.5865362,0.605284
00058616.jpg,0.7004256,0.6265508
00036598.jpg,0.54672956,0.668831
00047714.jpg,0.7127849,0.738513
00056089.jpg,0.45719045,0.464102
n07679356_23986.jpg,0.81567687,0.75
00017273.jpg,0.7307972,0.8186892
n04461696_2559.jpg,0.75449395,0.7
00017059.jpg,0.69407535,0.626536
000000301697.jpg,0.86003685,0.89215684
00048017.jpg,0.6227065,0.6032614
00015542.jpg,0.88559526,0.934192
00049769.jpg,0.7365154,0.6739922
00029367.jpg,0.8123637,0.8822086
00019446.jpg,0.77953184,0.8923376
00048534.jpg,0.7229273,0.6815712
00006167.jpg,0.4871939,0.4558376
00057462.jpg,0.8340255,0.9462938
00050421.jpg,0.68468493,0.8389214
00053994.jpg,0.7251404,0.7124784
00029845.jpg,0.77114034,0.7136856
00056819.jpg,0.6726124,0.5654932
00045722.jpg,0.79640734,0.9280894
n07806221_23341.jpg,0.8017026,0.83516484
000000499789.jpg,0.74308854,0.7641509
00006629.jpg,0.8648312,0.8255134
00045406.jpg,0.75341165,0.7028646
00006579.jpg,0.7827379,0.6539576
00034269.jpg,0.6942154,0.5319794
00027579.jpg,0.673316,0.6059746
00005078.jpg,0.63937145,0.5550196
00046479.jpg,0.6930456,0.7546094
00031029.jpg,0.63133675,0.6571806
00010035.jpg,0.5121046,0.498382
00054051.jpg,0.8608577,0.8630966
00053522.jpg,0.8075351,0.8986432
00038181.jpg,0.74083513,0.6666186
00025130.jpg,0.7734643,0.7323914
00056854.jpg,0.7832011,0.7799132
00024663.jpg,0.8357609,0.8557456
00018151.jpg,0.8046329,0.8788476
00004981.jpg,0.79827154,0.789604
00043098.jpg,0.68609726,0.6063466
00053849.jpg,0.9308506,0.8427088
n04461696_4934.jpg,0.773722,0.60674155
00041063.jpg,0.7011157,0.702092
00018813.jpg,0.73103064,0.9394884
n02118333_12539.jpg,0.8632566,0.90425533
000000224468.jpg,0.82868963,0.8888889
00038118.jpg,0.56633776,0.5334494
00013980.jpg,0.6722922,0.5056996
00018283.jpg,0.80264926,0.8330422
n01811909_10996.jpg,0.8445483,0.8695652
00021069.jpg,0.7843784,0.7854416
00012401.jpg,0.7811737,0.7697228
00057799.jpg,0.8027251,0.6762394
00011839.jpg,0.8406825,0.9862262
000000449718.jpg,0.8399564,0.82051283
00042381.jpg,0.73439145,0.6738532
00041717.jpg,0.64870685,0.601899
00007243.jpg,0.63191307,0.6868282
00012634.jpg,0.79491425,0.7861342
00016150.jpg,0.7852158,0.8372822
00056791.jpg,0.7619487,0.8314404
00039007.jpg,0.75099194,0.6421358
00034703.jpg,0.752311,0.8072828
00058221.jpg,0.86751014,0.897605
n03670208_1086.jpg,0.86815953,0.9052632
n02324045_29163.jpg,0.88959354,0.84444445
00038784.jpg,0.7980864,0.8796916
00037583.jpg,0.7266201,0.7836848
n02924116_53731.jpg,0.8255754,0.8452381
00009062.jpg,0.8431922,0.8980202
00037399.jpg,0.65176666,0.7107418
00057082.jpg,0.7743714,0.7657318
00011020.jpg,0.7503036,0.81579
00035078.jpg,0.7252637,0.870975
n00470966_19837.jpg,0.7817233,0.8367347
00006201.jpg,0.75417805,0.8237764
00013170.jpg,0.7532268,0.737868
n02431441_1782.jpg,0.79974204,0.7943925
00055531.jpg,0.6787729,0.8068722
00055771.jpg,0.81668806,0.7457106
00024729.jpg,0.83698463,0.872974
00034011.jpg,0.6194238,0.5863956
00001037.jpg,0.85279715,0.9287256
00003923.jpg,0.8119528,0.8140834
00045628.jpg,0.73653626,0.6173086
00010173.jpg,0.8074626,0.836755
00013096.jpg,0.87072563,0.9236206
00043708.jpg,0.75316894,0.7804766
00024202.jpg,0.4969449,0.6373626
00041360.jpg,0.738463,0.7790712
n02129165_13095.jpg,0.8869163,0.8712871
00006689.jpg,0.7295526,0.6360394
00051881.jpg,0.8354146,0.8234472
00002491.jpg,0.74807256,0.8011276
00023810.jpg,0.79369843,0.7186754
00018578.jpg,0.8110701,0.8546944
00031496.jpg,0.8480576,0.9258068
00024484.jpg,0.69237936,0.5803396
00007696.jpg,0.8146175,0.892209
00041639.jpg,0.7500129,0.702945
00032555.jpg,0.7020474,0.7506132
00055221.jpg,0.7595347,0.7958974
00008981.jpg,0.85161304,0.8214986
00050961.jpg,0.75971645,0.621493
00056731.jpg,0.8150726,0.830231
428764c4e47a64ac.jpg,0.8394304,0.7821782
00010734.jpg,0.61451703,0.5589852
00035692.jpg,0.6641681,0.5955614
n04335435_25115.jpg,0.83575666,0.83
00030183.jpg,0.53717154,0.4609094
00048679.jpg,0.64665747,0.6254072
00017896.jpg,0.6827051,0.7400108
00042870.jpg,0.6814096,0.7924986
00038510.jpg,0.61394864,0.681185
n02396427_6351.jpg,0.8236387,0.872093
ca628a60792aa441.jpg,0.7669717,0.8804348
00049567.jpg,0.73179543,0.7566388
00031832.jpg,0.92191666,0.8654626
00033320.jpg,0.6950021,0.695278
00047581.jpg,0.78418803,0.8681936
00030557.jpg,0.6052216,0.709475
00034683.jpg,0.71030563,0.6270602
ef2f3288f7af27a6.jpg,0.85141546,0.91964287
00004745.jpg,0.79932845,0.9026404
00047819.jpg,0.80576456,0.7416366
00012458.jpg,0.78469896,0.8719408
00050069.jpg,0.82739115,0.8833864
00030479.jpg,0.78787875,0.757111
00012515.jpg,0.6503248,0.7106286
00027063.jpg,0.70636773,0.749393
000000352307.jpg,0.71844137,0.7777778
00037645.jpg,0.75527894,0.754264
00016865.jpg,0.8883733,0.8879406
00008301.jpg,0.6269546,0.6372222
00021770.jpg,0.6375072,0.7481226
00022899.jpg,0.88008755,0.8450048
00017223.jpg,0.8136674,0.827398
00042190.jpg,0.7940063,0.7573196
00044368.jpg,0.8843314,0.8982676
00050117.jpg,0.9118873,0.9158828
00024739.jpg,0.76027316,0.8958464
00009667.jpg,0.82631826,0.851239
00022882.jpg,0.8997065,0.9312814
00026447.jpg,0.87703514,0.9610948
00027031.jpg,0.60088575,0.6947364
00026445.jpg,0.65002036,0.5802276
00008619.jpg,0.7649055,0.7282854
00033976.jpg,0.6880942,0.75528
00032884.jpg,0.82618856,0.8054668
00012931.jpg,0.8191242,0.8241916
00041573.jpg,0.7132094,0.6448682
ebce94aa47a331eb.jpg,0.7822405,0.742268
sun_ayesjxhptorufemh.jpg,0.6009963,0.60465115
00011743.jpg,0.649645,0.7317322
n07717556_1502.jpg,0.94171613,0.9411765
000000041276.jpg,0.7625459,0.70652175
00016685.jpg,0.48520023,0.4490702
00042166.jpg,0.7397349,0.774638
n09288635_14334.jpg,0.6803562,0.6219512
000000046737.jpg,0.6120407,0.647541
000000433792.jpg,0.7679759,0.7920792
00058196.jpg,0.7535496,0.7777316
00040246.jpg,0.71651196,0.720373
00057923.jpg,0.7658942,0.809845
00022101.jpg,0.7678716,0.819983
000000373021.jpg,0.79889333,0.75
121794a37b3aab8b.jpg,0.774016,0.79646015
00016998.jpg,0.7543445,0.7878142
n03670208_5802.jpg,0.8674366,0.92156863
sun_aayvvermcwqagzgf.jpg,0.5759103,0.4857143
00053070.jpg,0.6325173,0.6746518
00022055.jpg,0.8760568,0.7512972
00045400.jpg,0.91415656,0.8439968
00029416.jpg,0.70587415,0.7762882
00057181.jpg,0.94338083,0.92818
n03512147_4028.jpg,0.7679573,0.77
00053677.jpg,0.87112653,0.9542858
00041192.jpg,0.8927655,0.9662468
00041887.jpg,0.6272812,0.6708218
00025336.jpg,0.8257395,0.8941362
00010349.jpg,0.64513385,0.587243
00048619.jpg,0.7444507,0.6557314
00017922.jpg,0.74577546,0.6804116
fc14f1cce131d551.jpg,0.7355932,0.71428573
00024647.jpg,0.8405786,0.8534358
00031828.jpg,0.80226237,0.7516018
00030051.jpg,0.5457118,0.4909076
00023347.jpg,0.8424835,0.7986342
00000245.jpg,0.74829495,0.7442942
00034572.jpg,0.6974383,0.6120426
00013731.jpg,0.8483114,0.9485124
00002789.jpg,0.5739711,0.5728106
00057440.jpg,0.7519661,0.913992
00008323.jpg,0.62247634,0.479859
00011876.jpg,0.7968197,0.8351698
00049738.jpg,0.89756715,0.8525534
00007813.jpg,0.82108456,0.8519832
00035829.jpg,0.7335672,0.4168278
00025039.jpg,0.6054854,0.597274
00019357.jpg,0.82653934,0.9104724
00016653.jpg,0.8636048,0.8453208
00010814.jpg,0.7198838,0.8340444
00042904.jpg,0.74679685,0.7007018
00020770.jpg,0.5724675,0.607046
00038348.jpg,0.77848095,0.9251032
00043386.jpg,0.7476025,0.7002074
00046288.jpg,0.79082,0.8731128
00030923.jpg,0.7971905,0.9140474
00045971.jpg,0.6712519,0.6994532
00011679.jpg,0.8072381,0.8131818
00036807.jpg,0.4869428,0.5149702
00057348.jpg,0.63930833,0.7036306
00012480.jpg,0.65629673,0.7641178
00039703.jpg,0.726954,0.7557432
00014562.jpg,0.77538043,0.8865616
n01514668_17062.jpg,0.7716262,0.68817204
00032709.jpg,0.8057723,0.8784158
00025935.jpg,0.7794901,0.8179554
00013769.jpg,0.7953588,0.771763
00045587.jpg,0.68564665,0.761897
n03512147_5976.jpg,0.68106145,0.6034483
n07911677_4325.jpg,0.8356848,0.83168316
00026480.jpg,0.76753926,0.746397
00025920.jpg,0.6602937,0.6833758
00008504.jpg,0.6586346,0.6265062
00030320.jpg,0.9033259,0.8978154
00024182.jpg,0.8463173,0.8821896
00008578.jpg,0.83587396,0.9018372
00025736.jpg,0.73801625,0.7063088
00047665.jpg,0.799051,0.6676138
00036197.jpg,0.76005155,0.8885294
n04467665_10036.jpg,0.7447346,0.6923077
00000851.jpg,0.82807213,0.861818
8ec8d873e23d2435.jpg,0.7629195,0.84090906
00057903.jpg,0.7030505,0.5641712
00023039.jpg,0.71267426,0.7695566
n02430045_5497.jpg,0.79768723,0.8020833
a23d9e33c472f76b.jpg,0.75529706,0.74
sun_agojdaizrmfowfds.jpg,0.5277757,0.38541666
00037898.jpg,0.6723821,0.6797358
00016753.jpg,0.7566508,0.8317624
00001743.jpg,0.8214972,0.8642862
n03790512_5423.jpg,0.7959881,0.78431374
00023452.jpg,0.7269974,0.7642742
n07574602_22829.jpg,0.8241112,0.7894737
00054171.jpg,0.7272314,0.7085812
00009313.jpg,0.8104037,0.704595
9c93d2b7159cea2d.jpg,0.8604293,0.8095238
n01791625_15716.jpg,0.84235525,0.67058825
n02324045_30218.jpg,0.793945,0.67741936
00010116.jpg,0.763175,0.6794444
00057025.jpg,0.6402644,0.667241
00003811.jpg,0.75084305,0.7545508
00026434.jpg,0.74707353,0.7603412
00044606.jpg,0.866198,0.8822256
00046014.jpg,0.74578744,0.678577
00016829.jpg,0.79506356,0.7651168
00009157.jpg,0.8312729,0.8218026
00034053.jpg,0.60062397,0.6488006
00021525.jpg,0.6044274,0.5304044
00011626.jpg,0.77319884,0.7179328
00003347.jpg,0.59619814,0.5523742
n07693725_3612.jpg,0.81945944,0.8095238
00052145.jpg,0.76266843,0.818104
00012311.jpg,0.81087494,0.7495348
00033207.jpg,0.7217823,0.7470432
00042651.jpg,0.77864724,0.8411624
00037259.jpg,0.60468966,0.5227532
00029871.jpg,0.77860415,0.7635332
00056132.jpg,0.7960024,0.8726412
n07801091_55107.jpg,0.7244102,0.74509805
00031972.jpg,0.78805345,0.7406192
00033109.jpg,0.7789049,0.7642428
00050189.jpg,0.8021668,0.8194286
00053120.jpg,0.77049303,0.6844304
00008904.jpg,0.71783614,0.7344296
00048014.jpg,0.70055664,0.7623886
00021362.jpg,0.8028342,0.8885514
00048668.jpg,0.65459603,0.7699954
00038747.jpg,0.69978786,0.7821444
00046971.jpg,0.7807024,0.8257786
00031183.jpg,0.7930273,0.7220098
00031810.jpg,0.5516937,0.4042988
00002243.jpg,0.8531051,0.7622352
n04231693_10396.jpg,0.75111043,0.7755102
00008915.jpg,0.614,0.425682
00040918.jpg,0.7656369,0.8915172
000000475685.jpg,0.76961595,0.62616825
00030908.jpg,0.72863877,0.5663956
022c1f420446d118.jpg,0.8165878,0.82828283
00056877.jpg,0.7422931,0.8338862
00036548.jpg,0.8242322,0.9150572
00057195.jpg,0.8299475,0.860378
00057925.jpg,0.8718652,0.8675046
00031890.jpg,0.51927,0.5522266
00020526.jpg,0.797719,0.8982244
00035863.jpg,0.61809576,0.6072946
00038622.jpg,0.7276244,0.614643
00019574.jpg,0.44887093,0.5390602
00002755.jpg,0.74219227,0.5508932
00016053.jpg,0.73375666,0.795288
00031913.jpg,0.765215,0.8016072
00013540.jpg,0.7965386,0.7440172
00019642.jpg,0.8728708,0.8473316
00049649.jpg,0.7641033,0.6867778
00016390.jpg,0.71091837,0.6448306
00034863.jpg,0.64499044,0.5515556
cde9f1472b95e07f.jpg,0.97421193,0.86206895
n04461696_5500.jpg,0.75543153,0.77884614
00035725.jpg,0.6244514,0.6539462
00001786.jpg,0.7222053,0.7206046
00020610.jpg,0.9050424,0.9128212
00054928.jpg,0.8527016,0.9553474
c6c86a2edd04f726.jpg,0.85217917,0.8080808
00042393.jpg,0.7543387,0.8408846
00000523.jpg,0.69069755,0.4014624
00017131.jpg,0.8408763,0.8020702
00008385.jpg,0.75136435,0.7138588
00029185.jpg,0.89913934,0.8899054
00039854.jpg,0.7375945,0.6272048
00042489.jpg,0.7984386,0.8770086
00035409.jpg,0.6326356,0.6054864
n09393605_59095.jpg,0.4733858,0.65217394
00028957.jpg,0.7656894,0.732215
00048623.jpg,0.7619539,0.7436556
00016433.jpg,0.53511775,0.6262314
00032689.jpg,0.9345718,0.899986
n02132136_4277.jpg,0.836665,0.8557692
00044688.jpg,0.7189239,0.4969332
00003752.jpg,0.6450754,0.4895816
00004421.jpg,0.8116644,0.8892732
00004131.jpg,0.7717948,0.9089592
00044501.jpg,0.8873113,0.9087576
00039174.jpg,0.81842375,0.8150902
00056732.jpg,0.77265984,0.7977236
sun_adkeovalbkluzeri.jpg,0.5263344,0.5869565
00042790.jpg,0.7499375,0.6572584
00032293.jpg,0.66590977,0.6760536
00029116.jpg,0.9012253,0.9199332
00001960.jpg,0.7042536,0.7792446
00015618.jpg,0.8782014,0.9114692
00048457.jpg,0.77776766,0.7029006
00017831.jpg,0.609102,0.508252
00003652.jpg,0.633807,0.6475674
00032596.jpg,0.76227665,0.7633472
00041809.jpg,0.6617989,0.5597712
00058038.jpg,0.82617676,0.8780254
00026782.jpg,0.54135245,0.5786104
00040216.jpg,0.56434,0.5189116
00049821.jpg,0.8987223,0.8901774
00032383.jpg,0.8628936,0.8312592
00003214.jpg,0.6075033,0.6150534
n03790512_13361.jpg,0.77846956,0.83035713
00038776.jpg,0.8046148,0.8504326
00025697.jpg,0.78646606,0.7671564
00018509.jpg,0.6525988,0.681636
00024610.jpg,0.72475046,0.5841686
00023084.jpg,0.77057815,0.7439248
00008326.jpg,0.7471007,0.7561888
00011589.jpg,0.836625,0.7604378
00046784.jpg,0.72629005,0.7605886
00043635.jpg,0.7653032,0.6229678
00035800.jpg,0.70675874,0.7033972
00053884.jpg,0.69840175,0.6806886
00009404.jpg,0.7258544,0.80432
00037052.jpg,0.60406876,0.6519398
00026013.jpg,0.93291616,0.8368452
00011857.jpg,0.66154665,0.6659182
n02834778_1446.jpg,0.8078105,0.82608694
00029709.jpg,0.82012904,0.750138
00001181.jpg,0.80257016,0.7184008
92a120d977f281b2.jpg,0.8103267,0.72727275
00049521.jpg,0.960855,0.8081778
00018107.jpg,0.6986927,0.6924282
n07863374_16548.jpg,0.8632283,0.94
00041984.jpg,0.70932806,0.739791
00008232.jpg,0.7656004,0.8078778
00014459.jpg,0.77117705,0.8079028
00042548.jpg,0.8298407,0.7497278
00051889.jpg,0.81276965,0.8748364
00050097.jpg,0.9717496,0.831263
00044833.jpg,0.7243512,0.647711
00031636.jpg,0.62102956,0.6368306
00052788.jpg,0.97134584,0.9327624
00005589.jpg,0.9219349,0.8529052
00049669.jpg,0.8707794,0.9034154
n02129165_9095.jpg,0.85318977,0.9245283
n09289331_1102.jpg,0.6869254,0.60215056
00026638.jpg,0.8971493,0.9229434
n09288635_11832.jpg,0.67919415,0.7570093
00050539.jpg,0.8084872,0.9266652
00054756.jpg,0.9358219,0.9034474
00012877.jpg,0.76269424,0.8954966
00008492.jpg,0.7758528,0.7140602
00029691.jpg,0.7601398,0.713166
00040307.jpg,0.7708499,0.828111
00025452.jpg,0.55339456,0.4607014
00026304.jpg,0.8203847,0.8224046
00011267.jpg,0.863417,0.8657812
00009485.jpg,0.8531387,0.9028814
n03594945_13957.jpg,0.79632425,0.92523366
00005643.jpg,0.7574972,0.7789366
00014999.jpg,0.8647733,0.7814606
00038033.jpg,0.5214691,0.4466802
00030799.jpg,0.8053955,0.8422204
00044297.jpg,0.65008676,0.6078198
00029009.jpg,0.88050926,0.9378896
00005373.jpg,0.6127893,0.6608708
00030824.jpg,0.8243252,0.735057
00001122.jpg,0.73614955,0.765041
00033946.jpg,0.6284895,0.6943154
00045246.jpg,0.6603584,0.7379214
00035437.jpg,0.7572946,0.7623564
00054873.jpg,0.76141804,0.7875628
00048212.jpg,0.73869556,0.6788198
00046450.jpg,0.7854235,0.8333
00022691.jpg,0.8335527,0.841231
00005832.jpg,0.782923,0.850796
n07654148_19681.jpg,0.85489583,0.88349515
00058478.jpg,0.7712102,0.6973608
00021607.jpg,0.7465373,0.705475
00035288.jpg,0.60567033,0.6002932
00007073.jpg,0.78229296,0.8403536
00023418.jpg,0.8329841,0.8210314
00013559.jpg,0.98050475,0.9849022
00029889.jpg,0.8025808,0.8393804
00014339.jpg,0.7804617,0.7183298
00055662.jpg,0.8742186,0.8971912
00016307.jpg,0.8233764,0.8826216
00017103.jpg,0.8486366,0.7698616
00038971.jpg,0.83594036,0.7538046
278e8a805970f410.jpg,0.5216698,0.627451
00032608.jpg,0.7715058,0.8388208
n01811909_10326.jpg,0.82200396,0.8426966
000000025559.jpg,0.7627647,0.7222222
00025387.jpg,0.85423166,0.9200404
00038492.jpg,0.7331983,0.6879464
00016890.jpg,0.78868145,0.7751188
00033657.jpg,0.7908231,0.9401896
00051445.jpg,0.87463975,0.8761
000000189600.jpg,0.80861706,0.8902439
00020579.jpg,0.8562888,0.8101128
00022483.jpg,0.81015503,0.8577002
00018655.jpg,0.7860503,0.8355406
00000969.jpg,0.7057936,0.5360388
00047433.jpg,0.76184523,0.7692976
n07711569_153.jpg,0.81528527,0.8727273
00019400.jpg,0.49260253,0.5935882
00014395.jpg,0.71945244,0.7007068
00010971.jpg,0.7390527,0.6015292
n03594945_6810.jpg,0.7461006,0.7128713
00007061.jpg,0.8134507,0.7662432
00025977.jpg,0.8359531,0.8198264
00023997.jpg,0.7287069,0.6958432
00035579.jpg,0.6623784,0.600737
00017995.jpg,0.74235725,0.631039
00016151.jpg,0.88226867,0.8987452
00006808.jpg,0.72344756,0.7331944
00015433.jpg,0.87122595,0.8781314
00006938.jpg,0.75752854,0.6980166
00044231.jpg,0.7273017,0.742525
00000918.jpg,0.83392787,0.8057786
00019804.jpg,0.7658433,0.7661292
00057757.jpg,0.84933335,0.7689066
00047445.jpg,0.70030236,0.762203
00001246.jpg,0.557124,0.5566564
00021084.jpg,0.78668886,0.7624946
00011424.jpg,0.81449115,0.8318678
00033266.jpg,0.859831,0.9108644
550b3a9e874134de.jpg,0.79738086,0.7326733
00057616.jpg,0.8624303,0.8427706
00012704.jpg,0.929166,0.8831724
00005665.jpg,0.6388648,0.57277
00032890.jpg,0.73881733,0.6755084
00013977.jpg,0.83800757,0.831569
00000964.jpg,0.8517438,0.8886482
00027355.jpg,0.79337883,0.8472748
n07711569_2355.jpg,0.8417311,0.7368421
00019812.jpg,0.89693284,0.7991826
00015550.jpg,0.840352,0.821496
00034121.jpg,0.63186127,0.548803
00027451.jpg,0.77280813,0.7112474
00015255.jpg,0.72925574,0.786212
00048836.jpg,0.7087265,0.6316072
00019283.jpg,0.73785007,0.7304112
00032425.jpg,0.80514896,0.778528
00022808.jpg,0.7685869,0.7363324
n02878222_32269.jpg,0.6821769,0.5308642
00019262.jpg,0.71798444,0.7442556
00036784.jpg,0.6826683,0.6295576
00048202.jpg,0.60742074,0.657522
00039898.jpg,0.6725659,0.5608976
4767621f956b3d0c.jpg,0.4925381,0.48387095
00058394.jpg,0.7795941,0.805415
00042379.jpg,0.76067543,0.6213686
00022480.jpg,0.8100812,0.9114298
00028355.jpg,0.8967471,0.7249674
00037356.jpg,0.690449,0.7832402
00001933.jpg,0.78625894,0.758004
00012036.jpg,0.7851254,0.8640986
00015519.jpg,0.51855767,0.5583688
00021226.jpg,0.8108276,0.8002464
00029811.jpg,0.8519658,0.8748128
00031940.jpg,0.7073932,0.6377448
00047029.jpg,0.76577854,0.7632236
1679b6bb52a8a870.jpg,0.76026547,0.5647059
n07654148_21465.jpg,0.81197774,0.7222222
n07583197_1236.jpg,0.75477314,0.7093023
00053509.jpg,0.8137915,0.8015538
00010633.jpg,0.6133525,0.680123
00051791.jpg,0.74582785,0.7006518
00004634.jpg,0.86251634,0.8928418
00004595.jpg,0.68872833,0.8362048
00049694.jpg,0.7558811,0.6607452
00058273.jpg,0.89111924,0.9396644
00013836.jpg,0.8069557,0.8890584
00033826.jpg,0.67589164,0.7402754
00048398.jpg,0.8183204,0.8830634
00008017.jpg,0.59897876,0.5101204
00057156.jpg,0.7750916,0.6572614
00019512.jpg,0.7755451,0.8276232
00058461.jpg,0.84325576,0.6673016
n02324045_4715.jpg,0.7989426,0.7821782
00041033.jpg,0.63552827,0.7560546
00040371.jpg,0.7483251,0.7110898
000000067082.jpg,0.66442764,0.48076922
00023237.jpg,0.48891664,0.6624822
n02932891_30898.jpg,0.73053837,0.7058824
00006248.jpg,0.6740889,0.5461296
n12345899_17176.jpg,0.72912955,0.8125
00019910.jpg,0.79750454,0.923912
00006653.jpg,0.81840336,0.8553522
00053324.jpg,0.8034738,0.8653574
00031876.jpg,0.67078114,0.6678484
00057899.jpg,0.75196916,0.6395086
00034696.jpg,0.7465232,0.6378702
00056170.jpg,0.8114612,0.7865312
00043515.jpg,0.71949947,0.6967342
00046468.jpg,0.81532097,0.8991118
00003400.jpg,0.72549963,0.6833858
000000095814.jpg,0.78153,0.8651685
00041794.jpg,0.68526286,0.6410518
19b4672fc09b7f74.jpg,0.7421565,0.7826087
00049642.jpg,0.6756345,0.7305444
00000692.jpg,0.6607621,0.7081256
00014230.jpg,0.76641,0.8145424
00026787.jpg,0.78751934,0.8545444
00013827.jpg,0.86198986,0.9221544
00040632.jpg,0.80919325,0.8840976
00028897.jpg,0.76726776,0.702143
00003925.jpg,0.7594842,0.8520822
00005161.jpg,0.92408234,0.8552328
00025060.jpg,0.67200875,0.8069304
00014791.jpg,0.7597877,0.7766248
n02396427_871.jpg,0.8282885,0.90384614
00012610.jpg,0.7452203,0.8344026
00021741.jpg,0.63798374,0.670798
00008383.jpg,0.7893674,0.8456942
00018708.jpg,0.701273,0.7849194
00020902.jpg,0.64412254,0.7274578
00022005.jpg,0.7417383,0.7328364
00047894.jpg,0.82144827,0.8333322
00035449.jpg,0.6118506,0.5598452
00002757.jpg,0.88983935,0.8939262
000000192457.jpg,0.9537557,0.9468085
592bf7ae460cd22f.jpg,0.8475752,0.7113402
00053020.jpg,0.83595514,0.889254
00029729.jpg,0.7691503,0.8516962
00009380.jpg,0.7799222,0.8233548
00053938.jpg,0.77250457,0.7810708
00015291.jpg,0.8119441,0.8408888
00006864.jpg,0.5508817,0.5173194
00019747.jpg,0.7913531,0.8921964
00025362.jpg,0.8151822,0.8127516
00006220.jpg,0.68147093,0.5717988
00046983.jpg,0.8154447,0.8517596
00047741.jpg,0.6730169,0.7340956
00000884.jpg,0.72785985,0.7552508
00018137.jpg,0.71022344,0.6817438
n04349306_2544.jpg,0.78588516,0.71028036
00007687.jpg,0.74822515,0.8837632
00019888.jpg,0.7036983,0.6755948
n03790512_8713.jpg,0.8232435,0.7943925
00031491.jpg,0.68642616,0.6595364
n02946348_25549.jpg,0.7584567,0.8252427
00029949.jpg,0.61689514,0.511637
00047682.jpg,0.7603468,0.870081
00055344.jpg,0.90607846,0.9590632
00008090.jpg,0.73090357,0.737846
00031432.jpg,0.75795966,0.7879622
00027904.jpg,0.7852277,0.8509692
00047917.jpg,0.6851406,0.6446314
00017437.jpg,0.815459,0.8101568
00009604.jpg,0.75117713,0.7674556
00029964.jpg,0.90671146,0.8404756
00021042.jpg,0.7852416,0.8403634
00048033.jpg,0.6890781,0.7818642
00004464.jpg,0.8215005,0.877192
00022886.jpg,0.8611196,0.8639588
00028952.jpg,0.75109565,0.750093
n07849336_20724.jpg,0.9273057,0.9266055
00018798.jpg,0.8385328,0.8584318
00000421.jpg,0.62907326,0.5671058
00031706.jpg,0.73821205,0.752651
00015652.jpg,0.7828729,0.5888058
n04461696_8599.jpg,0.6542286,0.7340425
00012561.jpg,0.7894614,0.7936654
00050002.jpg,0.7273071,0.6938
00034416.jpg,0.5505729,0.5687736
00028834.jpg,0.8036244,0.8117826
00001283.jpg,0.6359637,0.5178578
00030762.jpg,0.7575455,0.8292168
n02450034_11046.jpg,0.80359435,0.71681416
00028518.jpg,0.60472935,0.5579166
00004066.jpg,0.80029404,0.8375908
99a0a01a763ff0ea.jpg,0.7945412,0.8910891
000000505098.jpg,0.71718085,0.61702126
00055748.jpg,0.8626361,0.9136738
00016253.jpg,0.63586307,0.5869398
00000794.jpg,0.8677907,0.7737862
00036723.jpg,0.58909816,0.6956024
00030958.jpg,0.74068505,0.6989608
00021902.jpg,0.6975762,0.8634016
00008939.jpg,0.7812436,0.744723
00011935.jpg,0.5704805,0.5511982
00008067.jpg,0.83295286,0.8845738
00025500.jpg,0.8930601,0.8201154
00030409.jpg,0.59291345,0.627462
00054231.jpg,0.6492484,0.7097334
00030976.jpg,0.8006834,0.8466048
00034265.jpg,0.60007536,0.4444382
00018890.jpg,0.83668786,0.8909462
00002071.jpg,0.80838794,0.8733596
00018698.jpg,0.5888599,0.5354706
00037694.jpg,0.72468245,0.7459878
00045790.jpg,0.7695849,0.7344408
00024393.jpg,0.69980896,0.6852046
n09217230_1761.jpg,0.62572044,0.5959596
00031300.jpg,0.771479,0.8078752
00037668.jpg,0.66262424,0.7621028
00029706.jpg,0.54400605,0.5272822
00029391.jpg,0.79352474,0.6740004
00010685.jpg,0.8722895,0.8775486
00031749.jpg,0.7789982,0.8506582
000000486451.jpg,0.79667974,0.84375
00048071.jpg,0.71644676,0.5957084
00012613.jpg,0.88394177,0.8986434
00032993.jpg,0.8665607,0.8779436
00029907.jpg,0.6470655,0.3930554
00040564.jpg,0.6762122,0.5723374
00000872.jpg,0.8360279,0.8866544
00040595.jpg,0.77266496,0.6440192
00005079.jpg,0.68645006,0.6803622
00039714.jpg,0.7822089,0.79203
00046422.jpg,0.71907747,0.6887514
00035289.jpg,0.8355631,0.9272996
00027666.jpg,0.58742166,0.5122282
a4cd92bb222f7ce1.jpg,0.84338564,0.8333333
00039817.jpg,0.76410353,0.808837
00049454.jpg,0.8082502,0.703481
n04467665_13614.jpg,0.7050967,0.57272726
00041654.jpg,0.7426113,0.6691478
00009566.jpg,0.90053105,0.8129066
00011747.jpg,0.79068637,0.6693942
00046252.jpg,0.7608931,0.8166176
000000387876.jpg,0.76609224,0.83157897
00031986.jpg,0.71745336,0.7380036
00053240.jpg,0.84984124,0.8952756
00046701.jpg,0.7823905,0.8855186
00027622.jpg,0.8634745,0.9477692
00025883.jpg,0.5921995,0.5658744
8b1a20ffe4e93512.jpg,0.84288675,0.88495576
00046731.jpg,0.86441696,0.9178366
00035016.jpg,0.5598428,0.550163
3542231e42dc54cf.jpg,0.7405675,0.6813187
00004053.jpg,0.8331174,0.885889
00024285.jpg,0.7923082,0.7800584
00002396.jpg,0.87353325,0.8344516
00035088.jpg,0.75752115,0.808538
n07679356_26882.jpg,0.868789,0.959596
00043551.jpg,0.64372367,0.6142884
00013998.jpg,0.7747278,0.7482112
61f624ac32c56eba.jpg,0.83775926,0.84782606
00055276.jpg,0.669896,0.6042764
00024636.jpg,0.76107264,0.7370836
00046612.jpg,0.73660123,0.6028492
00012303.jpg,0.7121012,0.8233334
00010302.jpg,0.90500903,0.9013792
00014449.jpg,0.872077,0.9348746
00002659.jpg,0.8099791,0.8351374
00053591.jpg,0.8062213,0.8705128
68f8fc6ce822f1f5.jpg,0.8168354,0.8584071
00009326.jpg,0.69832015,0.4850856
00034474.jpg,0.697381,0.644911
00049428.jpg,0.82208383,0.808303
000000240608.jpg,0.81202376,0.8877551
00034908.jpg,0.5655066,0.566144
b23a9b62c338a34a.jpg,0.7599093,0.76086956
000000383390.jpg,0.7312453,0.7604167
00018490.jpg,0.7051274,0.693852
00020781.jpg,0.782689,0.7366058
00042773.jpg,0.7222463,0.670007
00006942.jpg,0.79812336,0.7411074
00056228.jpg,0.5986193,0.5958572
00040516.jpg,0.7406267,0.8636192
00055935.jpg,0.76450396,0.8343194
00024168.jpg,0.7425246,0.7248928
00055029.jpg,0.8567736,0.8722684
00025999.jpg,0.7240022,0.7144918
00000521.jpg,0.77733874,0.7556166
00000418.jpg,0.7321377,0.7062532
00022525.jpg,0.71802807,0.8089674
00023698.jpg,0.7333945,0.7504428
00017840.jpg,0.60814434,0.6007552
00021259.jpg,0.8702705,0.9173554
00008485.jpg,0.787584,0.872083
sun_akvekvlcibmjxdeu.jpg,0.6105527,0.43678162
00038885.jpg,0.7606408,0.8189412
00015037.jpg,0.66570604,0.500658
00015005.jpg,0.771946,0.657366
n04349306_5697.jpg,0.8429713,0.8
00011734.jpg,0.63554853,0.5383752
00026581.jpg,0.68450195,0.7867324
00000968.jpg,0.8010691,0.8177062
00025900.jpg,0.48038456,0.5113016
00032229.jpg,0.6971688,0.684442
00028608.jpg,0.73676383,0.6662164
00055329.jpg,0.730492,0.6727916
00025201.jpg,0.76578283,0.6791078
00005420.jpg,0.8752352,0.9733198
n00440941_6936.jpg,0.7706786,0.6551724
00051799.jpg,0.70425755,0.6691858
00005159.jpg,0.84081566,0.8638606
00027674.jpg,0.72795355,0.6656214
00029230.jpg,0.69703084,0.810316
n04610013_5514.jpg,0.6971463,0.6732673
00013591.jpg,0.72696483,0.5948414
00045595.jpg,0.75971496,0.686816
00044103.jpg,0.90493524,0.9107762
00033324.jpg,0.8817936,0.8420378
n07929519_36740.jpg,0.8515228,0.9150943
00007769.jpg,0.8316419,0.818193
n03594945_13972.jpg,0.76521116,0.8173077
00039980.jpg,0.75292313,0.7713786
00055552.jpg,0.84826535,0.8945314
00049378.jpg,0.7979853,0.8618526
00037045.jpg,0.54200876,0.6645558
00039914.jpg,0.7313368,0.7301104
00053786.jpg,0.9190364,0.8296556
00029779.jpg,0.7897951,0.8744398
00051853.jpg,0.64320874,0.7254202
00035608.jpg,0.62619543,0.4685572
00037282.jpg,0.6734254,0.644528
00011906.jpg,0.8777447,0.8630652
00041663.jpg,0.76283866,0.7572754
00031538.jpg,0.6929112,0.566224
00055643.jpg,0.8531862,0.7479282
n02355227_13515.jpg,0.7867174,0.76229507
00010715.jpg,0.77425605,0.7215264
000000141893.jpg,0.7949056,0.8086957
00042411.jpg,0.6944865,0.6746558
00058076.jpg,0.7591815,0.8041076
00023561.jpg,0.718758,0.6510796
00024768.jpg,0.88140696,0.8659184
00026398.jpg,0.70502186,0.7966522
865c492b335e9890.jpg,0.7538954,0.7927928
00031984.jpg,0.8132003,0.7636116
000000569526.jpg,0.75231624,0.8023256
00012790.jpg,0.8384545,0.9285438
00052199.jpg,0.82715034,0.759981
00035027.jpg,0.72128284,0.8347404
00017587.jpg,0.84329873,0.8568686
00027278.jpg,0.74689144,0.715555
00012990.jpg,0.8674911,0.8545092
00013228.jpg,0.7675992,0.8418654
00032700.jpg,0.8286326,0.821751
00038960.jpg,0.69655913,0.7269734
00028459.jpg,0.8192584,0.803872
00024563.jpg,0.8382798,0.7901648
00054900.jpg,0.8141016,0.7306232
00023111.jpg,0.7213204,0.7783458
00043616.jpg,0.75376153,0.808877
00049564.jpg,0.8705599,0.8650776
6f8f4097a2f50e91.jpg,0.7863563,0.7386364
00033932.jpg,0.6289152,0.6262782
00028765.jpg,0.83614004,0.8836232
00017156.jpg,0.763957,0.8018126
00000558.jpg,0.55658567,0.44542
00058578.jpg,0.7658137,0.760473
27c7038cc98f8ac4.jpg,0.88112074,0.875
n07806221_24174.jpg,0.8070737,0.8425926
00015831.jpg,0.85453844,0.772455
00055236.jpg,0.7656356,0.7607626
00036875.jpg,0.56856364,0.7235284
00005794.jpg,0.7853006,0.829869
00039489.jpg,0.63147235,0.6394536
00040677.jpg,0.83344597,0.8177164
00038571.jpg,0.66131186,0.704666
00057096.jpg,0.77630675,0.808398
00058471.jpg,0.91203326,0.8758262
00030924.jpg,0.63044727,0.5902096
00012405.jpg,0.83459413,0.7246724
00023443.jpg,0.83471584,0.8334062
00012629.jpg,0.55978715,0.6032916
00037408.jpg,0.68053544,0.6839706
00030770.jpg,0.8075586,0.9004124
00006588.jpg,0.6477464,0.687742
00056277.jpg,0.7936655,0.8445646
00041384.jpg,0.84689736,0.8144754
00034063.jpg,0.7558216,0.6943962
00050379.jpg,0.9193829,0.927752
7f3847662c324790.jpg,0.6777164,0.6730769
00024470.jpg,0.7451647,0.824271
00026098.jpg,0.5463988,0.5490244
00036212.jpg,0.6186646,0.6582574
00004974.jpg,0.7605822,0.780727
00014988.jpg,0.78988934,0.8306938
00016608.jpg,0.5359983,0.784722
00028619.jpg,0.83929664,0.8795814
00045322.jpg,0.77900755,0.6272104
00057012.jpg,0.7539306,0.848178
00055062.jpg,0.865396,0.8564942
00013176.jpg,0.84670573,0.8910896
00057880.jpg,0.7367434,0.7448432
00041932.jpg,0.724133,0.6181882
00035809.jpg,0.70804435,0.7628696
000000307652.jpg,0.7532402,0.81914896
00045490.jpg,0.6791011,0.6541414
00057474.jpg,0.82512265,0.8963854
000000067823.jpg,0.797728,0.6818182
00010328.jpg,0.89867043,0.891178
00028886.jpg,0.7480254,0.9252248
00038769.jpg,0.76966286,0.762048
00006994.jpg,0.6527968,0.615252
00007435.jpg,0.7702272,0.8011792
00053456.jpg,0.7079413,0.63376
00019172.jpg,0.8230628,0.9416676
00022016.jpg,0.8780637,0.8598922
00030141.jpg,0.77717865,0.8598426
00057077.jpg,0.8162747,0.7823348
00036977.jpg,0.7445661,0.671925
000000034523.jpg,0.89211,0.9361702
00042946.jpg,0.70019984,0.8642648
00012597.jpg,0.8046235,0.7375446
00021498.jpg,0.73409784,0.7706714
00054349.jpg,0.89653623,0.9636422
00049446.jpg,0.5870121,0.6207204
00039803.jpg,0.75724715,0.7656612
00012951.jpg,0.7774972,0.7340374
00037924.jpg,0.6950669,0.5912216
00043637.jpg,0.7181566,0.7831822
00027376.jpg,0.7555078,0.815822
00037035.jpg,0.7715136,0.8084396
00055874.jpg,0.7524354,0.871662
00006803.jpg,0.7127768,0.7337766
00054755.jpg,0.7799039,0.8658962
00020780.jpg,0.7114397,0.6287284
00005534.jpg,0.90731806,0.884634
000000516740.jpg,0.64925027,0.7307692
00035981.jpg,0.754964,0.6836136
00042873.jpg,0.760648,0.7071838
00032856.jpg,0.75469756,0.5729604
n09376198_21260.jpg,0.57692724,0.6442308
00012946.jpg,0.8313854,0.916688
00021673.jpg,0.78956884,0.7516618
00050006.jpg,0.88851494,0.940422
n04465501_2988.jpg,0.7731699,0.87234044
00023160.jpg,0.7519018,0.7274302
n07711569_11.jpg,0.8640573,0.83505154
00025492.jpg,0.7507359,0.7325112
n02118333_9970.jpg,0.7876206,0.8839286
000000459310.jpg,0.80621886,0.8372093
000000127028.jpg,0.84396744,0.8596491
00030729.jpg,0.81275326,0.8123044
00019173.jpg,0.7228471,0.724895
00014485.jpg,0.7485586,0.685778
00017730.jpg,0.8433082,0.9464038
00046877.jpg,0.80233467,0.8090578
00006544.jpg,0.8927646,0.9797104
00001955.jpg,0.82386374,0.83805
00010527.jpg,0.8926356,0.8736512
00032227.jpg,0.7881424,0.8696004
00016454.jpg,0.64609295,0.5759364
00021690.jpg,0.77876043,0.8677158
n07693725_855.jpg,0.9612652,0.9489796
00011912.jpg,0.7667458,0.8251866
00007469.jpg,0.7825045,0.892874
00010142.jpg,0.7775385,0.826026
00020211.jpg,0.7699703,0.8715398
00013648.jpg,0.7448206,0.8005448
00042119.jpg,0.71396405,0.6472838
sun_ayvaabyqvqxsunoq.jpg,0.6657678,0.7011494
00036190.jpg,0.7544384,0.657148
00028790.jpg,0.77879,0.8767956
00037665.jpg,0.7789718,0.8172466
00028066.jpg,0.8084066,0.8369256
00001077.jpg,0.8655107,0.9374738
00005943.jpg,0.76559865,0.8764104
00045508.jpg,0.7766993,0.779008
00039844.jpg,0.75045365,0.7644886
00052383.jpg,0.6706581,0.7821078
00057982.jpg,0.75238395,0.7878484
00045516.jpg,0.739702,0.7816194
00033756.jpg,0.6411536,0.7112316
02690f65ea2a2223.jpg,0.839442,0.7816092
00031099.jpg,0.8346487,0.8033928
00003113.jpg,0.809405,0.794907
00042940.jpg,0.9115646,0.9266538
00045191.jpg,0.8301706,0.86179
00019872.jpg,0.8850829,0.845471
00044922.jpg,0.76517326,0.697839
00034181.jpg,0.6740985,0.6223402
n03594945_30146.jpg,0.77337205,0.7904762
00024499.jpg,0.8028063,0.8997918
00045876.jpg,0.8140848,0.7523908
00049560.jpg,0.91116846,0.7765682
00007205.jpg,0.8849777,0.7999558
00037939.jpg,0.66367924,0.5505744
n07717556_5805.jpg,0.8790805,0.9375
00057995.jpg,0.7332038,0.7659926
00018651.jpg,0.76289,0.6959422
00000594.jpg,0.8854759,0.9073828
00017398.jpg,0.73954904,0.6366872
00014909.jpg,0.7252253,0.7277284
00011950.jpg,0.5610882,0.6642448
00050467.jpg,0.82198954,0.9485796
00004313.jpg,0.9240162,0.9197116
n04335435_3576.jpg,0.7895675,0.74747473
n03541923_5133.jpg,0.8306477,0.82653064
00017376.jpg,0.8647945,0.7478776
00038081.jpg,0.63915473,0.5601786
00034333.jpg,0.53543603,0.640723
00040010.jpg,0.7401156,0.7770006
00049614.jpg,0.88765836,0.7157712
00000975.jpg,0.7891556,0.9096836
00053600.jpg,0.7886573,0.8022376
00055562.jpg,0.7325315,0.7414542
00046354.jpg,0.71616095,0.6328522
00048827.jpg,0.8075429,0.8645872
00041771.jpg,0.68669367,0.610455
00039231.jpg,0.72189283,0.66529
00023009.jpg,0.8730031,0.7967048
00034805.jpg,0.6708135,0.7343124
n09428293_3297.jpg,0.52091223,0.41935483
00048543.jpg,0.7499358,0.7882138
00004675.jpg,0.74894094,0.7393206
00046152.jpg,0.8209279,0.9278412
00048621.jpg,0.7966189,0.749024
00021805.jpg,0.81810397,0.8273238
00046811.jpg,0.7302606,0.7319366
00055910.jpg,0.57888025,0.748675
a2deabc292e18612.jpg,0.65256214,0.6923077
00030544.jpg,0.6729568,0.7091408
00002507.jpg,0.82106096,0.7365402
00033773.jpg,0.6244675,0.4415914
00007292.jpg,0.8004736,0.7480188
00005186.jpg,0.83000076,0.8512728
00022490.jpg,0.739783,0.6814084
00036453.jpg,0.75207275,0.6988662
00042695.jpg,0.80700904,0.7525434
00019187.jpg,0.92003477,0.8413332
00029561.jpg,0.83978486,0.8082706
00054336.jpg,0.90068424,0.8911676
00035979.jpg,0.6805759,0.7573374
00000552.jpg,0.71464306,0.7232828
00038024.jpg,0.7910861,0.8052912
00050297.jpg,0.6196753,0.7160762
n03351262_17471.jpg,0.6392889,0.68817204
00055268.jpg,0.6520482,0.7529934
000000392869.jpg,0.8477764,0.7619048
00021796.jpg,0.8640412,0.9277728
00004781.jpg,0.75182414,0.6944332
00000047.jpg,0.83963275,0.8991732
00021759.jpg,0.5458802,0.4882382
00054191.jpg,0.8239197,0.822187
00021841.jpg,0.72885096,0.7055344
00052648.jpg,0.58784664,0.543515
00010807.jpg,0.7582227,0.7994542
00012207.jpg,0.7492968,0.7121912
00035069.jpg,0.7115779,0.7381846
00049679.jpg,0.6532545,0.7307644
00035955.jpg,0.8291284,0.7262444
00041199.jpg,0.74285245,0.797857
00008539.jpg,0.6352916,0.7622082
00053572.jpg,0.707511,0.6134616
00030490.jpg,0.9009627,0.967857
00011982.jpg,0.76149815,0.7217456
00017668.jpg,0.7795283,0.7505986
00026627.jpg,0.82315457,0.8344352
00016196.jpg,0.79881227,0.7179192
00018051.jpg,0.708483,0.6526986
00054132.jpg,0.76550436,0.7697572
00055776.jpg,0.5669956,0.6773854
n00440941_4542.jpg,0.7310136,0.7816092
00001270.jpg,0.88622934,0.8938984
00007872.jpg,0.7862972,0.7857002
00040260.jpg,0.7985568,0.7259938
00027142.jpg,0.7229947,0.6563022
n07806221_23908.jpg,0.73948246,0.7169811
7f3edee8f6a451b2.jpg,0.7048974,0.84761906
n07711569_1651.jpg,0.83379984,0.83653843
00042694.jpg,0.7488893,0.6643224
00055081.jpg,0.76017964,0.8646396
00042244.jpg,0.76227534,0.8317228
n07711569_4588.jpg,0.8400661,0.8761905
00045258.jpg,0.78188187,0.6190746
00026535.jpg,0.728688,0.7652708
00046774.jpg,0.8279015,0.8997248
00020062.jpg,0.86486393,0.817898
00022984.jpg,0.67482185,0.6266928
00015271.jpg,0.6622204,0.7946356
00054931.jpg,0.88900733,0.8420012
n04349306_1353.jpg,0.7889802,0.8111111
00011552.jpg,0.7649264,0.7900012
n04610013_991.jpg,0.7223966,0.75757575
00016455.jpg,0.725068,0.8087636
00017723.jpg,0.7690266,0.8657202
00033526.jpg,0.86831766,0.8535444
n03670208_3971.jpg,0.70202607,0.75
00048123.jpg,0.72875154,0.697028
00048473.jpg,0.7212623,0.6911826
n09270735_10323.jpg,0.75564164,0.7628866
00055381.jpg,0.7520215,0.8393506
00057840.jpg,0.6021608,0.5941548
271e335e2a64b273.jpg,0.66021705,0.6666667
00027706.jpg,0.8224118,0.8825232
00030969.jpg,0.85116774,0.8606132
00007461.jpg,0.5214307,0.5846048
00040200.jpg,0.7704724,0.764767
00010913.jpg,0.7871902,0.7521318
00044217.jpg,0.75808007,0.8929402
00052561.jpg,0.7762687,0.8764352
00009051.jpg,0.65655446,0.5607458
00030052.jpg,0.75034034,0.703296
00007951.jpg,0.7708779,0.7221782
00046298.jpg,0.6572406,0.6607364
00027659.jpg,0.8308674,0.8124442
00048188.jpg,0.5585928,0.615183
00043569.jpg,0.806378,0.8328468
00018678.jpg,0.65173423,0.7713152
n01514859_1469.jpg,0.7644756,0.72
00038480.jpg,0.6847471,0.5683866
00053129.jpg,0.87881273,0.8613638
00049427.jpg,0.74763393,0.815305
00032822.jpg,0.8057479,0.9224502
00028482.jpg,0.83371544,0.862258
00054767.jpg,0.85581285,0.8536368
00007087.jpg,0.6186582,0.5752068
00017713.jpg,0.6299807,0.719868
00032012.jpg,0.875026,0.87862
00049651.jpg,0.8427633,0.794102
00015789.jpg,0.9487283,0.9344132
00048069.jpg,0.75865245,0.7125108
00011286.jpg,0.82827646,0.9105202
00043363.jpg,0.71458876,0.671491
00032026.jpg,0.7632088,0.7076286
00006359.jpg,0.78092885,0.7878552
00023636.jpg,0.9218057,0.8730772
00041870.jpg,0.7626312,0.6266978
00053367.jpg,0.84034944,0.921182
00024530.jpg,0.8219978,0.83847
00048535.jpg,0.8046856,0.7729604
00016096.jpg,0.6686821,0.714792
000000018444.jpg,0.8553599,0.8969072
00010721.jpg,0.72716224,0.7747592
00014661.jpg,0.7455696,0.7299502
00056110.jpg,0.55634826,0.6637494
n07850329_21202.jpg,0.8310244,0.9351852
00021651.jpg,0.8091748,0.8636278
00027384.jpg,0.79095846,0.7525228
c5f449be9bb8a291.jpg,0.7760528,0.8333333
00020844.jpg,0.7174929,0.6008044
00011315.jpg,0.8571546,0.8659856
00058034.jpg,0.75287986,0.7148584
00053592.jpg,0.88589334,0.8140804
00004909.jpg,0.66020703,0.6633362
463f022d60c8c47e.jpg,0.7354389,0.80582523
00003035.jpg,0.7975644,0.6865472
00057817.jpg,0.8191725,0.77603
00047523.jpg,0.6662083,0.5111362
00042739.jpg,0.77170306,0.6469672
sun_aitbuzxgbexdoeda.jpg,0.5054739,0.4631579
00038828.jpg,0.8421564,0.858425
00010572.jpg,0.881902,0.9081496
00028744.jpg,0.89361954,0.9215136
00055753.jpg,0.4991135,0.2997314
00055539.jpg,0.7463406,0.8048476
00052942.jpg,0.8065475,0.8355124
00047179.jpg,0.76581615,0.7378124
00041370.jpg,0.74081004,0.7738772
00011890.jpg,0.741825,0.6419622
00032903.jpg,0.82067883,0.8135378
00039221.jpg,0.8268235,0.9520846
00025084.jpg,0.80418164,0.7430192
n02691156_11729.jpg,0.7140315,0.57
1f3c5e626f8a84a0.jpg,0.8515358,0.7368421
00038965.jpg,0.78627163,0.8494932
00038002.jpg,0.7745707,0.733586
00003583.jpg,0.69210696,0.6368878
00027951.jpg,0.5505428,0.5002528
00048057.jpg,0.65469474,0.6450936
00007018.jpg,0.73246384,0.6930624
00006762.jpg,0.8153982,0.7101228
n07753592_7792.jpg,0.84060085,0.90082645
00000868.jpg,0.77606726,0.754221
n04465501_3300.jpg,0.7590281,0.6930693
00002610.jpg,0.83553725,0.7645204
00000547.jpg,0.5655455,0.5505948
00058550.jpg,0.92769504,0.9760464
00021864.jpg,0.857195,0.85972
00006419.jpg,0.70254856,0.6646506
00058108.jpg,0.9423974,0.919541
00040546.jpg,0.7361581,0.592459
00021748.jpg,0.7417331,0.7581772
00042869.jpg,0.61489797,0.7041124
00015329.jpg,0.86988294,0.8569
00017346.jpg,0.5664829,0.5389716
00005962.jpg,0.69234496,0.6116968
00017988.jpg,0.7351694,0.732563
n04467665_5266.jpg,0.7122278,0.6320755
00027776.jpg,0.7467294,0.7773412
00057648.jpg,0.6609571,0.6623656
00001868.jpg,0.70094526,0.7278268
00049255.jpg,0.5991512,0.5492574
00055459.jpg,0.8658975,0.8572082
00039072.jpg,0.6067515,0.6639862
00055828.jpg,0.5345614,0.6497424
00007036.jpg,0.83881104,0.8605872
00027543.jpg,0.8734452,0.8921772
00047074.jpg,0.6386007,0.591175
00029248.jpg,0.73207766,0.6036468
00026874.jpg,0.75418377,0.8363676
00003722.jpg,0.70406723,0.3403026
00010970.jpg,0.775039,0.7884754
00048392.jpg,0.7165949,0.6212352
00002964.jpg,0.74032646,0.7864142
00046133.jpg,0.6823203,0.5781584
00018608.jpg,0.7950124,0.9126168
00011731.jpg,0.5788983,0.6201756
00003637.jpg,0.693812,0.608553
00000667.jpg,0.7365516,0.5594306
00017733.jpg,0.7829767,0.7965462
n03790512_28698.jpg,0.7735069,0.70873785
00056827.jpg,0.7329721,0.7219142
00017688.jpg,0.81083107,0.8701926
00032437.jpg,0.8317364,0.8943974
n07583197_22629.jpg,0.8212792,0.9
00036606.jpg,0.83014774,0.8775688
00039218.jpg,0.8076668,0.9618618
n03594945_17812.jpg,0.83211863,0.85
00035116.jpg,0.80998033,0.8140826
00054090.jpg,0.8200294,0.7705942
n04461696_1821.jpg,0.81077105,0.8210526
n09415671_14500.jpg,0.56762284,0.56435645
00017702.jpg,0.8660276,0.8535126
00057654.jpg,0.8620196,0.867871
n03791053_13346.jpg,0.72084117,0.75490195
n07806221_21271.jpg,0.8192715,0.7916667
00003681.jpg,0.77974343,0.769676
00003211.jpg,0.8488404,0.961899
sun_adgraqjkdvtsdonf.jpg,0.7146049,0.73417723
00015068.jpg,0.87909716,0.9094172
00050460.jpg,0.8036599,0.8218596
00034349.jpg,0.5595919,0.5407978
00034847.jpg,0.8084934,0.741553
00034526.jpg,0.68530655,0.6365714
00036989.jpg,0.79345983,0.7274764
00019252.jpg,0.7617052,0.6582176
00032006.jpg,0.7420145,0.815513
n02793495_20454.jpg,0.7423855,0.7708333
00054210.jpg,0.9068976,0.9097968
000000179896.jpg,0.8190123,0.8367347
00020613.jpg,0.72378886,0.694244
00017856.jpg,0.8262861,0.8163426
00046976.jpg,0.8544545,0.9107258
n02132136_6967.jpg,0.8082725,0.9174312
n01846331_5760.jpg,0.72289765,0.64285713
00008765.jpg,0.6366957,0.7728346
00034561.jpg,0.6737067,0.6334038
00006636.jpg,0.7574408,0.7910034
00044787.jpg,0.72114545,0.6815386
00038632.jpg,0.80756897,0.814492
00010737.jpg,0.7910439,0.7452264
00009152.jpg,0.7479147,0.6561758
00053253.jpg,0.64954865,0.7612968
00015974.jpg,0.7881601,0.7206914
00000429.jpg,0.6744575,0.6286764
0f6367eb190d0505.jpg,0.7515696,0.77
00005651.jpg,0.84276533,0.9376164
00046370.jpg,0.79370433,0.8272506
00009648.jpg,0.7743633,0.7846868
00014407.jpg,0.5418504,0.610555
00058059.jpg,0.8775846,0.899958
00035997.jpg,0.714413,0.7358536
00038694.jpg,0.7314911,0.5838126
00046658.jpg,0.7453915,0.7575354
00008544.jpg,0.8094949,0.8513178
00039217.jpg,0.6455304,0.7796718
00018447.jpg,0.8384767,0.8814368
00004835.jpg,0.9219501,0.9299662
00033151.jpg,0.62864923,0.6362276
00041808.jpg,0.78067166,0.6913134
3a5f6fa58fce0f61.jpg,0.78832483,0.75268817
00025138.jpg,0.8629007,0.974673
00011868.jpg,0.7537029,0.6378574
00039897.jpg,0.85805666,0.8529428
00058126.jpg,0.77872896,0.8546584
00019746.jpg,0.8618452,0.9235928
00022203.jpg,0.72767377,0.7560202
00005043.jpg,0.8601779,0.8907186
00000809.jpg,0.6976037,0.7697008
00000753.jpg,0.6761802,0.5893112
00021340.jpg,0.7705951,0.855113
00022452.jpg,0.79625726,0.803134
00040283.jpg,0.7467332,0.7792406
00014823.jpg,0.82777715,0.8340502
00057641.jpg,0.65945613,0.6813888
00046602.jpg,0.77446616,0.7241378
00005361.jpg,0.82009584,0.7726756
00002155.jpg,0.8753308,0.9284334
00047113.jpg,0.71247536,0.6572072
n03384352_9868.jpg,0.78221214,0.75
00039671.jpg,0.7301133,0.7630056
00039440.jpg,0.67900956,0.6355784
00021489.jpg,0.6504576,0.6402424
000000464682.jpg,0.83716834,0.8876405
00042667.jpg,0.7749165,0.876241
00055015.jpg,0.77239716,0.7719562
00001482.jpg,0.8332042,0.8585636
00024965.jpg,0.70915097,0.5738624
00021983.jpg,0.7262516,0.7436104
00020712.jpg,0.64790714,0.6619306
n02342885_13371.jpg,0.9142784,0.94623655
00007226.jpg,0.870409,0.7712298
00039690.jpg,0.76057905,0.7578702
00045635.jpg,0.6378175,0.5974078
00021206.jpg,0.8070443,0.8617922
00050746.jpg,0.7176564,0.5941434
00057172.jpg,0.8098465,0.8145752
00035206.jpg,0.5804576,0.4991014
00022316.jpg,0.67399347,0.6359646
00050819.jpg,0.8826538,0.8647038
00015559.jpg,0.85673314,0.8183664
00016770.jpg,0.73503864,0.6460966
00008410.jpg,0.8581203,0.8687242
00018302.jpg,0.78335524,0.7628764
00044326.jpg,0.72528046,0.4588002
00018129.jpg,0.83655775,0.7756874
00021093.jpg,0.7941987,0.9053542
00032965.jpg,0.64573455,0.5724676
00028095.jpg,0.63769794,0.5715124
00046958.jpg,0.754733,0.8299064
00053474.jpg,0.95024353,0.9511684
00009413.jpg,0.75698256,0.7915066
00032435.jpg,0.7693886,0.8320918
000000092679.jpg,0.80222714,0.8108108
00027794.jpg,0.77523386,0.8390978
00019631.jpg,0.73648286,0.7104086
00016335.jpg,0.67695093,0.7530906
00007562.jpg,0.7532064,0.7752208
00037969.jpg,0.62054586,0.5783718
00009872.jpg,0.7793145,0.832138
00009065.jpg,0.57490444,0.5833438
00046457.jpg,0.73273104,0.7322702
3120e46a6a14d2ee.jpg,0.7820143,0.71153843
00047669.jpg,0.7951723,0.785856
n07893642_27263.jpg,0.8590814,0.91
00049659.jpg,0.79358566,0.825983
00002526.jpg,0.828298,0.85108
00015439.jpg,0.6167564,0.6800368
00037157.jpg,0.5627294,0.6665456
00008074.jpg,0.7756562,0.7778568
00039464.jpg,0.76498115,0.9070538
00049619.jpg,0.77276623,0.8814164
00034808.jpg,0.6562041,0.720393
00036229.jpg,0.5699548,0.6929738
00031015.jpg,0.6886389,0.731422
00022491.jpg,0.757072,0.8821988
00018343.jpg,0.8079595,0.8489668
00002902.jpg,0.81677765,0.8892216
00010452.jpg,0.8000976,0.866806
00033340.jpg,0.8665293,0.8651822
00005426.jpg,0.8539504,0.7662816
00024731.jpg,0.7766019,0.86515
00037253.jpg,0.645208,0.6576756
n03670208_1789.jpg,0.8062897,0.82653064
00020305.jpg,0.6479776,0.6017876
00056773.jpg,0.8167063,0.7927852
00053627.jpg,0.77092266,0.8161156
000000518010.jpg,0.73475313,0.7979798
00028800.jpg,0.7625122,0.7484148
44a9991210c2e2e0.jpg,0.7502972,0.75
00011509.jpg,0.7985366,0.8249936
00017513.jpg,0.59672666,0.5613602
00024582.jpg,0.82196695,0.9612058
n04465501_1033.jpg,0.782902,0.8090909
00030522.jpg,0.74068475,0.7953998
00020986.jpg,0.7015172,0.7080008
00000967.jpg,0.8622341,0.9333296
n02691156_6870.jpg,0.74861676,0.7019231
00002597.jpg,0.8055716,0.8651808
00016952.jpg,0.5645376,0.6967866
n09359803_29863.jpg,0.5606295,0.41904762
00035623.jpg,0.5786067,0.6158996
n02430045_12809.jpg,0.73455787,0.6421053
00032237.jpg,0.7766806,0.9195848
00008986.jpg,0.7167628,0.813177
00053501.jpg,0.6624761,0.7788836
00000739.jpg,0.79219276,0.7808318
00003957.jpg,0.925364,0.8617124
00019927.jpg,0.87983,0.9181316
00025726.jpg,0.508813,0.4171356
n04335435_13196.jpg,0.76312923,0.83168316
00002975.jpg,0.79904044,0.6292096
00020326.jpg,0.843145,0.8900552
00005801.jpg,0.7862442,0.6347462
00033204.jpg,0.7553147,0.771972
00052074.jpg,0.7454482,0.8043148
00045885.jpg,0.76784605,0.7365116
00038779.jpg,0.7324276,0.6730136
00055946.jpg,0.49456975,0.624486
n02431441_12391.jpg,0.6369747,0.407767
00018588.jpg,0.8425752,0.8497094
n03791053_7806.jpg,0.80560386,0.8224299
00023350.jpg,0.7757962,0.7068978
00021335.jpg,0.77903396,0.7276316
00054644.jpg,0.81002057,0.760677
00037410.jpg,0.69924057,0.579692
00014153.jpg,0.8177894,0.8597258
00035984.jpg,0.7729114,0.8706888
00048528.jpg,0.7593991,0.6546998
00003293.jpg,0.6613077,0.5876414
00010039.jpg,0.8108335,0.8379332
00038970.jpg,0.8333415,0.7670926
00035598.jpg,0.6118043,0.615422
000000191473.jpg,0.76960135,0.622449
00022254.jpg,0.83893985,0.824396
00034591.jpg,0.641851,0.7990812
00048918.jpg,0.7592945,0.6736374
00002809.jpg,0.8651526,0.8145454
00027872.jpg,0.74571943,0.559841
00035448.jpg,0.6049726,0.5616774
00025773.jpg,0.8510274,0.9166206
00033358.jpg,0.792918,0.823692
00056295.jpg,0.56454426,0.6693564
00046809.jpg,0.76491714,0.7374798
00033408.jpg,0.605714,0.667147
00023445.jpg,0.75933474,0.6392882
n03790512_15268.jpg,0.787941,0.8181818
00040655.jpg,0.7096096,0.7485466
00057996.jpg,0.81499016,0.6879124
00035907.jpg,0.7398349,0.811382
00019522.jpg,0.7193016,0.6618292
00030457.jpg,0.79392856,0.794376
000000227683.jpg,0.720582,0.76237625
00020534.jpg,0.8256598,0.8890738
00031051.jpg,0.7367277,0.8482558
00019764.jpg,0.83507216,0.8725886
00017676.jpg,0.7197091,0.9265092
00054587.jpg,0.55741906,0.5351088
00005423.jpg,0.57073677,0.541905
00037174.jpg,0.66726726,0.5797144
00044783.jpg,0.70216095,0.6562572
00016254.jpg,0.5051811,0.5585484
00018202.jpg,0.8635686,0.9293418
00034225.jpg,0.5414755,0.6140058
00018754.jpg,0.8209605,0.895821
00025025.jpg,0.84507984,0.7277776
00013105.jpg,0.77067614,0.8054394
00026485.jpg,0.82331324,0.9296418
00028725.jpg,0.76830816,0.6828916
00020447.jpg,0.7880662,0.8171906
n09421951_5438.jpg,0.6233931,0.46601942
00006117.jpg,0.9142069,0.9225246
00026192.jpg,0.7408062,0.7192708
00052831.jpg,0.97252834,0.9505284
00041595.jpg,0.759483,0.7054792
000000382951.jpg,0.80835277,0.84
00000004.jpg,0.8482698,0.788467
00021706.jpg,0.8048717,0.8298808
00004505.jpg,0.753936,0.75
00030936.jpg,0.7869379,0.8913662
00022506.jpg,0.81547683,0.8157466
sun_akfadmdtlbduiiyc.jpg,0.4664929,0.5339806
00038868.jpg,0.5889399,0.567928
00052880.jpg,0.87387884,0.8250152
00005524.jpg,0.7356294,0.752304
n02129165_24549.jpg,0.8421446,0.8269231
00045462.jpg,0.78570807,0.8217262
49bf04a42c9d83c1.jpg,0.7834038,0.5591398
00042369.jpg,0.80434525,0.7544434
00019333.jpg,0.766409,0.7316994
00028616.jpg,0.85256416,0.8613756
00006273.jpg,0.80387074,0.9145754
00031853.jpg,0.6320306,0.5785482
n04166281_263.jpg,0.79367936,0.773913
00053123.jpg,0.85241175,0.868479
00033242.jpg,0.5825187,0.5374692
00015465.jpg,0.7047554,0.5953302
00025214.jpg,0.9000647,0.9155586
00002063.jpg,0.8364149,0.8782154
00018941.jpg,0.7706024,0.7447746
00020488.jpg,0.8498747,0.8213574
00051409.jpg,0.73760885,0.7936836
00005894.jpg,0.8331188,0.7568074
00011284.jpg,0.7484785,0.766029
00034432.jpg,0.7474553,0.6985714
00028558.jpg,0.77944493,0.800755
00047707.jpg,0.7865714,0.8313194
00039595.jpg,0.69568574,0.5510608
36e095b3191824c2.jpg,0.53520334,0.65625
00039141.jpg,0.8190892,0.8695684
00030878.jpg,0.7258777,0.688996
00001738.jpg,0.76267695,0.7674998
n07574602_27219.jpg,0.742454,0.6179775
n09303008_21456.jpg,0.57478166,0.61904764
00001070.jpg,0.8488312,0.8472846
00035763.jpg,0.7209842,0.7233936
00018851.jpg,0.77414155,0.7617572
00032269.jpg,0.83316374,0.8040816
00026281.jpg,0.8335506,0.908351
00045132.jpg,0.6582353,0.7387768
00038405.jpg,0.7760068,0.8739416
000000422185.jpg,0.7430313,0.78350514
00043101.jpg,0.74234927,0.6708434
00001765.jpg,0.71647346,0.706702
00036662.jpg,0.63452953,0.6806008
00022815.jpg,0.86244726,0.9088808
00050758.jpg,0.6399243,0.642989
n07693725_8899.jpg,0.87823886,0.8369565
00010109.jpg,0.73483026,0.8117798
00001119.jpg,0.6552534,0.6718644
00001894.jpg,0.7789866,0.7931386
00048745.jpg,0.72753966,0.71814
00040269.jpg,0.6729621,0.7775816
00043198.jpg,0.7634851,0.800906
n00464894_11042.jpg,0.781098,0.853211
00035480.jpg,0.6411326,0.569152
00041521.jpg,0.72694486,0.7516454
00017643.jpg,0.7169293,0.6566464
00022325.jpg,0.7148068,0.7957384
n07717556_5591.jpg,0.9012759,0.94827586
00033980.jpg,0.745247,0.8466096
00026356.jpg,0.79619884,0.7732758
00047066.jpg,0.85028815,0.6776754
000000048442.jpg,0.7645631,0.7171717
00050789.jpg,0.7951455,0.8599322
00056199.jpg,0.59407926,0.6185836
00010711.jpg,0.8217158,0.7486248
000000203076.jpg,0.765512,0.8173077
000000565077.jpg,0.7443074,0.7924528
000000577073.jpg,0.7437703,0.7340425
00026932.jpg,0.80500853,0.8716054
n07806221_22956.jpg,0.7404995,0.7413793
215dc68b2c525959.jpg,0.769484,0.6226415
00008487.jpg,0.8686718,0.9058094
n03351262_897.jpg,0.7626589,0.74358976
00008788.jpg,0.5452566,0.5360742
00032477.jpg,0.763837,0.7913924
00032014.jpg,0.6208664,0.4320224
00053150.jpg,0.8777678,0.8797102
00008413.jpg,0.77819836,0.8787376
00049025.jpg,0.84079736,0.8645374
00057931.jpg,0.853983,0.746342
00045526.jpg,0.7407913,0.6718946
00006100.jpg,0.78792644,0.6651282
00026681.jpg,0.70262957,0.7665128
000000327159.jpg,0.8254262,0.8989899
00016234.jpg,0.7416603,0.8847966
00019936.jpg,0.92664176,0.8559362
00034653.jpg,0.64791685,0.7909642
00056399.jpg,0.8689885,0.9289302
00020282.jpg,0.90307295,0.7796168
00048142.jpg,0.8631743,0.9844524
00004205.jpg,0.7761313,0.6914878
00026370.jpg,0.7574259,0.7486846
00008214.jpg,0.89118993,0.9362474
00014409.jpg,0.48337656,0.5965482
00011537.jpg,0.74356985,0.7254056
00033711.jpg,0.8005828,0.8473414
00001488.jpg,0.80826586,0.9180494
00016423.jpg,0.9918332,0.8918468
000000054082.jpg,0.8088739,0.75490195
00046773.jpg,0.6790589,0.5770942
00026135.jpg,0.6096237,0.5162126
00057868.jpg,0.77341926,0.8171836
00058311.jpg,0.7374848,0.7403228
sun_actgnbsscuyuuawn.jpg,0.6389121,0.4456522
00011383.jpg,0.7951984,0.7975668
00041541.jpg,0.8347563,0.7953188
00042458.jpg,0.5934138,0.466669
00027953.jpg,0.8956715,0.7713144
00007326.jpg,0.5131422,0.4745864
00032589.jpg,0.7443888,0.8668512
n07880968_2787.jpg,0.7698167,0.79569894
00044956.jpg,0.78204566,0.9228936
00016908.jpg,0.8667903,0.9233624
00006198.jpg,0.78349495,0.8522494
00032481.jpg,0.7311369,0.6975406
00006313.jpg,0.6386049,0.4756886
00016688.jpg,0.84383774,0.8559966
00052017.jpg,0.682166,0.6872288
00037950.jpg,0.6259442,0.7007666
00022673.jpg,0.7920821,0.851582
00000582.jpg,0.7762865,0.6603476
000000027534.jpg,0.9225856,0.91588783
00017523.jpg,0.8850539,0.852763
00003974.jpg,0.846021,0.920955
00018668.jpg,0.8221385,0.9355136
00011132.jpg,0.81093943,0.6855554
00031177.jpg,0.7706578,0.789966
1d92602d14e3200f.jpg,0.8290349,0.88659793
00014754.jpg,0.7469795,0.7766594
00045814.jpg,0.75162566,0.7576216
n07806221_21906.jpg,0.77468145,0.79787236
00048440.jpg,0.76573086,0.7598778
4757aebe700d4238.jpg,0.7925899,0.87777776
00058403.jpg,0.8177252,0.705371
00043346.jpg,0.7361119,0.7882718
000000233104.jpg,0.67073274,0.6122449
00002456.jpg,0.81477594,0.8057142
00011555.jpg,0.82376075,0.8542128
00045586.jpg,0.73136675,0.775726
n02432983_15990.jpg,0.8002459,0.69
00026238.jpg,0.7057961,0.7024608
00003691.jpg,0.69666183,0.7629062
00009053.jpg,0.55313754,0.6796832
00024321.jpg,0.768402,0.6845776
00014599.jpg,0.6301794,0.5634832
00048009.jpg,0.80599284,0.913654
00006962.jpg,0.82050115,0.7887876
00054841.jpg,0.88533247,0.8438204
00049502.jpg,0.7638794,0.6767274
00038289.jpg,0.7183394,0.7035444
00046484.jpg,0.76467556,0.8456842
00009633.jpg,0.8319411,0.7984488
00057258.jpg,0.7282301,0.7565286
00037719.jpg,0.7383984,0.6190142
00050736.jpg,0.8178994,0.8377584
00045296.jpg,0.62866753,0.5856416
00055813.jpg,0.8437398,0.9197314
00043612.jpg,0.87631434,0.9304852
00039608.jpg,0.76683056,0.565492
00013727.jpg,0.7648493,0.6849672
00030548.jpg,0.55881023,0.5208462
00021110.jpg,0.78291714,0.7791272
00033878.jpg,0.64063156,0.6330656
00029410.jpg,0.69201374,0.7995966
00029928.jpg,0.793133,0.832805
n09472597_4661.jpg,0.6346786,0.53846157
00045872.jpg,0.7507721,0.7732142
00005315.jpg,0.8977742,0.7722856
n04335435_12205.jpg,0.78377473,0.8739496
00039731.jpg,0.785977,0.7033174
00032811.jpg,0.76255816,0.8968242
00051761.jpg,0.7923162,0.9287388
00029917.jpg,0.7813697,0.834087
00027837.jpg,0.6747236,0.6273774
00006420.jpg,0.80018973,0.9062812
n03670208_42256.jpg,0.82324624,0.87096775
00016243.jpg,0.6891279,0.7084406
n00439826_8141.jpg,0.78724223,0.81
00005130.jpg,0.8074649,0.7712766
n07806221_24612.jpg,0.76763433,0.5764706
00031046.jpg,0.78153044,0.8541372
00034350.jpg,0.56028306,0.6166402
000000005260.jpg,0.7282773,0.7582418
00022429.jpg,0.78996235,0.7823802
00046722.jpg,0.6530923,0.5709284
00009393.jpg,0.812021,0.8378872
00048307.jpg,0.7376648,0.7319272
00000369.jpg,0.8027318,0.9362918
00044893.jpg,0.75064325,0.7455538
00041457.jpg,0.71699464,0.6237802
00032485.jpg,0.83948964,0.8995458
00014555.jpg,0.6099684,0.5064778
00056848.jpg,0.9233812,0.8900838
00026395.jpg,0.79594916,0.700587
00024451.jpg,0.8292179,0.7787236
00057320.jpg,0.8075701,0.8722678
00009287.jpg,0.8022575,0.7873244
00044398.jpg,0.79178107,0.864783
00048724.jpg,0.836296,0.8862116
00038560.jpg,0.75031734,0.8190798
00021907.jpg,0.7569783,0.685135
00031883.jpg,0.75275403,0.6981152
n03384352_4459.jpg,0.9107404,0.8712871
00028496.jpg,0.8044302,0.927953
00010363.jpg,0.80184937,0.7480518
00045250.jpg,0.71721005,0.6994616
00043744.jpg,0.7484599,0.693384
00023664.jpg,0.5826534,0.6018028
000000270431.jpg,0.6477765,0.62025315
00057016.jpg,0.7666636,0.8046692
00034366.jpg,0.77535605,0.7180688
00011121.jpg,0.80531883,0.8750722
n07880968_4615.jpg,0.79567814,0.86585367
00002713.jpg,0.8170396,0.8427668
00045768.jpg,0.78574145,0.7145436
00018992.jpg,0.77720463,0.7879328
00036073.jpg,0.7602066,0.8000106
00017388.jpg,0.72807837,0.7096448
00018849.jpg,0.80224705,0.828976
00029547.jpg,0.5508026,0.5548516
00039774.jpg,0.83391464,0.8874956
00051370.jpg,0.80802757,0.7552816
00048352.jpg,0.6765727,0.694958
00047063.jpg,0.7604952,0.8645806
00029260.jpg,0.87378865,0.9002546
00022025.jpg,0.8065142,0.849826
00044167.jpg,0.7237215,0.7409326
n00468480_10961.jpg,0.7482194,0.7241379
00022323.jpg,0.7857287,0.7472422
00043602.jpg,0.7142856,0.647488
00024688.jpg,0.56615174,0.619298
00007148.jpg,0.809778,0.8803178
00048785.jpg,0.7600042,0.7440222
00057971.jpg,0.57674855,0.706372
00014078.jpg,0.61691093,0.6032066
00002754.jpg,0.8876301,0.8382216
00033971.jpg,0.7266754,0.6972932
00032532.jpg,0.8151432,0.8060792
00043111.jpg,0.82546484,0.9000184
00027167.jpg,0.72888076,0.73994
00002225.jpg,0.67473364,0.5839806
00041302.jpg,0.76912725,0.7898914
00045056.jpg,0.78467613,0.7480452
00055502.jpg,0.8031757,0.863606
n07594066_11707.jpg,0.82945466,0.7962963
00041484.jpg,0.7356506,0.7892302
00053965.jpg,0.7527349,0.8472488
00006753.jpg,0.8905127,0.8020996
00048921.jpg,0.71641016,0.6235278
00055976.jpg,0.7649816,0.7802284
192c3e482444f853.jpg,0.82351655,0.73255813
00041861.jpg,0.7220751,0.6454856
n07880968_4275.jpg,0.83556396,0.7777778
00000795.jpg,0.79381806,0.7597324
00049483.jpg,0.69888103,0.6791874
00046017.jpg,0.77708155,0.8029606
00031001.jpg,0.64333093,0.6014584
00053928.jpg,0.8587796,0.8424066
n02396427_14405.jpg,0.8104116,0.7529412
00021383.jpg,0.6539166,0.7170266
00003857.jpg,0.7958797,0.8572264
n02324045_7200.jpg,0.7942528,0.78
00005760.jpg,0.7613623,0.625301
00032157.jpg,0.7300691,0.7900796
00004430.jpg,0.71458864,0.7120472
00000134.jpg,0.86660343,0.9016692
00007954.jpg,0.8580794,0.8743834
00027567.jpg,0.82053,0.779824
00018951.jpg,0.7881831,0.8646812
00022577.jpg,0.762284,0.7382908
n09217230_5502.jpg,0.5534903,0.52873564
d33ec9ab2872cbd3.jpg,0.8141523,0.8888889
00001005.jpg,0.47809777,0.5893218
00017973.jpg,0.5061964,0.6382672
00016432.jpg,0.7483126,0.6858682
00047053.jpg,0.7503654,0.7347182
1b1ec74ad2005f06.jpg,0.72077036,0.74336284
00047892.jpg,0.7302776,0.6521948
00051594.jpg,0.8615494,0.7213238
n07838073_15555.jpg,0.795882,0.75961536
00055756.jpg,0.830809,0.8603728
00012588.jpg,0.89497995,0.9039682
00013558.jpg,0.67525876,0.5648532
00028876.jpg,0.9236503,0.8226816
00057154.jpg,0.9081886,0.8833776
00001324.jpg,0.7485263,0.8279152
00056703.jpg,0.81302625,0.7764284
00054355.jpg,0.88636243,0.9152038
00056250.jpg,0.8289531,0.8519336
000000401982.jpg,0.7714291,0.81904763
00055444.jpg,0.7172878,0.846111
n07753592_16831.jpg,0.845302,0.82978725
00019530.jpg,0.53773177,0.6965246
00051214.jpg,0.77932245,0.7944448
00050750.jpg,0.800645,0.7048592
00017650.jpg,0.7889576,0.8390742
00006845.jpg,0.8279563,0.848973
00031866.jpg,0.7839298,0.8165452
00028565.jpg,0.76930624,0.752963
000000524966.jpg,0.8002474,0.7979798
00027118.jpg,0.78355646,0.810297
00025839.jpg,0.7686943,0.820393
00022747.jpg,0.84380615,0.8341322
00036830.jpg,0.61812013,0.6527
00007985.jpg,0.87899643,0.8975018
00001375.jpg,0.67362887,0.8332818
00057498.jpg,0.84344697,0.6551524
00031536.jpg,0.7554288,0.7344122
00006755.jpg,0.86956286,0.8109496
00043884.jpg,0.7723621,0.7559634
000000122097.jpg,0.8083986,0.86
n02342885_10663.jpg,0.88053334,0.81904763
00004006.jpg,0.9001992,0.887818
00057665.jpg,0.7994407,0.8619232
00003841.jpg,0.6773386,0.7112696
n09393605_41697.jpg,0.48080623,0.62222224
00042274.jpg,0.7127175,0.6241918
00036713.jpg,0.56306744,0.5618264
00013954.jpg,0.6006325,0.458004
00019195.jpg,0.94403046,0.9069552
00010440.jpg,0.78956556,0.862653
n03634034_7874.jpg,0.6045802,0.5531915
00034314.jpg,0.51577157,0.5762776
00004930.jpg,0.8213577,0.742452
00024913.jpg,0.72265816,0.5742762
00011082.jpg,0.8607192,0.8635474
00014997.jpg,0.7983029,0.703446
00024721.jpg,0.6730109,0.465036
00042368.jpg,0.77998585,0.8311324
00001257.jpg,0.7328374,0.6238212
00048811.jpg,0.78420365,0.8228672
00005583.jpg,0.5591348,0.534329
00049012.jpg,0.82571137,0.882133
00011238.jpg,0.7921449,0.8360248
00001685.jpg,0.7673122,0.6384664
00019765.jpg,0.70422643,0.805861
00031864.jpg,0.6323078,0.6225434
00056858.jpg,0.7625346,0.7136766
00022359.jpg,0.789837,0.7011648
00015669.jpg,0.73502576,0.806726
00004101.jpg,0.67760205,0.6055542
00011824.jpg,0.8608442,0.7960068
00019288.jpg,0.7364985,0.7474016
00003040.jpg,0.7709883,0.7539472
00015158.jpg,0.5864782,0.6053272
00057271.jpg,0.65818477,0.7515238
00005462.jpg,0.82553613,0.8944186
000000043758.jpg,0.7276852,0.62650603
00011621.jpg,0.8909692,0.8793436
00021831.jpg,0.83638555,0.8849852
00030243.jpg,0.7625546,0.6964558
00038121.jpg,0.7691152,0.6945876
00051338.jpg,0.7405841,0.7904048
00014061.jpg,0.74894404,0.7487824
00047732.jpg,0.86049396,0.8216544
00045339.jpg,0.8041528,0.744167
00029518.jpg,0.7451991,0.5724542
00038660.jpg,0.63177854,0.6790066
00046581.jpg,0.7112109,0.6449404
00033716.jpg,0.71743536,0.7369604
00000612.jpg,0.4936286,0.4088464
00017747.jpg,0.8547523,0.9245614
00003522.jpg,0.7022236,0.594439
00045260.jpg,0.7550852,0.7785294
00017487.jpg,0.72130907,0.6537518
00003226.jpg,0.8271143,0.828702
00043059.jpg,0.7679826,0.7208426
00024444.jpg,0.5584535,0.507836
00036722.jpg,0.71826017,0.6364174
00035866.jpg,0.7248813,0.7989392
00003989.jpg,0.75929123,0.7546884
n07753592_6754.jpg,0.8736235,0.8192771
00030086.jpg,0.83265734,0.7550292
00049423.jpg,0.7222562,0.633023
00020641.jpg,0.83387524,0.8839722
00036382.jpg,0.7286979,0.6078114
00055493.jpg,0.8282882,0.866879
n03594945_7733.jpg,0.7307987,0.7714286
00021412.jpg,0.7391675,0.7598196
00013211.jpg,0.83866423,0.8499374
00051664.jpg,0.5623107,0.6197052
00020776.jpg,0.6000202,0.5270384
00018299.jpg,0.8320022,0.7692352
00048233.jpg,0.7843081,0.7890352
00030014.jpg,0.8171991,0.9256586
00009677.jpg,0.832517,0.9259704
00042599.jpg,0.82749784,0.837988
00034113.jpg,0.8093761,0.7476168
00009987.jpg,0.5629039,0.514455
00055518.jpg,0.7200897,0.6798866
00028439.jpg,0.7106556,0.7042622
n02324045_32717.jpg,0.8216388,0.7653061
00028203.jpg,0.80935615,0.7656654
00011184.jpg,0.85425454,0.7898194
00035568.jpg,0.56001997,0.5640128
00033454.jpg,0.760182,0.7193524
00017478.jpg,0.641827,0.6948668
00034923.jpg,0.7002453,0.6032968
00043690.jpg,0.7945178,0.6684104
00023203.jpg,0.8203952,0.8848434
00002793.jpg,0.8935553,0.9373306
00053711.jpg,0.78189754,0.7127096
00048463.jpg,0.83122385,0.9258836
00045968.jpg,0.7030768,0.7088464
00041152.jpg,0.7054677,0.7197182
00048656.jpg,0.7651615,0.6733528
00006280.jpg,0.7602744,0.7722108
n03594945_7820.jpg,0.77313185,0.7096774
00048027.jpg,0.8111422,0.5424962
00047937.jpg,0.7036394,0.6904896
00027994.jpg,0.5159628,0.4828636
00055104.jpg,0.7594249,0.766044
00046901.jpg,0.70203,0.6096194
n07717556_5541.jpg,0.8621539,0.8543689
00017198.jpg,0.8614229,0.878309
n09376198_3149.jpg,0.58884394,0.5535714
00053704.jpg,0.8488696,0.880325
00012963.jpg,0.6643993,0.7457334
00041743.jpg,0.6907085,0.738226
11a5ab42ef7bc654.jpg,0.5364,0.47663552
00011159.jpg,0.869209,0.9266364
00019113.jpg,0.8192554,0.8156334
00029052.jpg,0.70023274,0.738474
00040099.jpg,0.69022065,0.702764
00054113.jpg,0.6848875,0.774836
00001869.jpg,0.8352017,0.876647
00000342.jpg,0.8353831,0.6940686
00018101.jpg,0.811546,0.9282066
00049212.jpg,0.7038394,0.7008102
00002162.jpg,0.8195466,0.758332
00044400.jpg,0.7324643,0.7564294
00017806.jpg,0.8825865,0.8861636
n04461696_3490.jpg,0.8075812,0.7010309
00034736.jpg,0.65357053,0.544642
00057292.jpg,0.81592655,0.8048456
00051837.jpg,0.811746,0.7913198
00032917.jpg,0.72975,0.7943322
00009310.jpg,0.8530103,0.8825062
00005163.jpg,0.8128375,0.6587178
00017245.jpg,0.8285391,0.8027852
00049870.jpg,0.68695784,0.7436712
n09289331_5869.jpg,0.7326126,0.71428573
00045514.jpg,0.63251686,0.6098372
00036311.jpg,0.612266,0.4832628
00003700.jpg,0.82974887,0.7577528
00021757.jpg,0.807981,0.8741596
00019024.jpg,0.74724615,0.7124284
00044051.jpg,0.81226504,0.7669044
00008791.jpg,0.7681047,0.828925
n03512147_6092.jpg,0.7870506,0.74157304
00018055.jpg,0.70344114,0.7679252
00057267.jpg,0.7297874,0.6242772
00043225.jpg,0.59656566,0.5721494
00030298.jpg,0.85581505,0.8875594
00050842.jpg,0.69536877,0.773316
00001012.jpg,0.81209946,0.9008184
n00439826_8642.jpg,0.85431206,0.81904763
00057749.jpg,0.84695673,0.873221
00024772.jpg,0.67942446,0.607207
00025678.jpg,0.6592753,0.5320852
00001092.jpg,0.6197787,0.6033478
00007103.jpg,0.5734994,0.5723794
00002805.jpg,0.7792149,0.801892
00000591.jpg,0.7700612,0.8796124
000000343707.jpg,0.8632004,0.93
00046794.jpg,0.7204623,0.687287
a0c5e577c169edb2.jpg,0.77117425,0.8207547
00002478.jpg,0.8165573,0.854923
00027023.jpg,0.8197088,0.6843188
00041340.jpg,0.7476617,0.7429442
00046924.jpg,0.7327142,0.7046784
00014976.jpg,0.7975774,0.8371158
00058180.jpg,0.7976028,0.820293
00023506.jpg,0.8360874,0.8331556
00022635.jpg,0.94513375,0.9104566
00055368.jpg,0.8282228,0.9078038
00045271.jpg,0.76240504,0.7494996
00053331.jpg,0.73645467,0.6597168
00013959.jpg,0.796116,0.8306888
00050304.jpg,0.8424129,0.8514192
00027468.jpg,0.8636989,0.8356754
00027381.jpg,0.8260511,0.9056514
00036437.jpg,0.6167294,0.6821298
00046519.jpg,0.8729585,0.901675
00027070.jpg,0.7462852,0.5195334
00055735.jpg,0.7670707,0.8247198
00014051.jpg,0.7350352,0.5297232
00018603.jpg,0.87763584,0.8737876
00000460.jpg,0.7385952,0.7398198
n09376198_16253.jpg,0.52234864,0.47524753
00005544.jpg,0.84787494,0.8283814
n02834778_6750.jpg,0.7935449,0.8240741
00048304.jpg,0.74380267,0.828447
00015546.jpg,0.7467761,0.7262302
00014415.jpg,0.8945054,0.9510526
00055970.jpg,0.7615149,0.690155
00009191.jpg,0.63888896,0.4392186
n03541923_1390.jpg,0.77533287,0.7676768
00048267.jpg,0.7786175,0.6541912
00052592.jpg,0.68485296,0.6494446
00021419.jpg,0.50652033,0.5590054
00041062.jpg,0.8823568,0.900316
00003610.jpg,0.8591404,0.9325942
00045560.jpg,0.74129,0.6045724
n03791053_3966.jpg,0.8047459,0.7345133
00023806.jpg,0.7242526,0.75876
00020975.jpg,0.66475844,0.6377548
00005090.jpg,0.7958276,0.9256378
00009247.jpg,0.7638741,0.8640706
00002907.jpg,0.90324694,0.9147022
00054292.jpg,0.79557395,0.7732086
00057141.jpg,0.85745096,0.7523958
00047249.jpg,0.7613605,0.8414322
00032143.jpg,0.8416874,0.929919
00014098.jpg,0.53792655,0.6629886
00013686.jpg,0.73920184,0.706581
00001274.jpg,0.8043486,0.8111642
00041631.jpg,0.7765166,0.7572716
00016019.jpg,0.6339748,0.490955
n09288635_9179.jpg,0.7548958,0.7157895
00022151.jpg,0.7441689,0.678978
00039459.jpg,0.7944051,0.806348
00026516.jpg,0.8563358,0.8381814
00049311.jpg,0.7487212,0.8016866
00016272.jpg,0.7434263,0.7650664
00038333.jpg,0.675157,0.4892036
00019044.jpg,0.8054472,0.7687574
00052249.jpg,0.56017905,0.6386138
00006293.jpg,0.8740846,0.9116644
n02324045_5931.jpg,0.8336251,0.90697676
00046807.jpg,0.7313327,0.8284992
00000915.jpg,0.8127292,0.869351
00053664.jpg,0.76795745,0.7369486
00018552.jpg,0.7675093,0.6678196
00036529.jpg,0.6519643,0.5384474
n07880968_2835.jpg,0.8920192,0.9368421
00030630.jpg,0.5937346,0.600856
00035904.jpg,0.68274575,0.6689278
00058084.jpg,0.7686195,0.8405312
00023754.jpg,0.8447394,0.9229158
00026531.jpg,0.7724092,0.7737874
00049015.jpg,0.81427515,0.9150192
00002336.jpg,0.8125054,0.8126288
00046048.jpg,0.7366762,0.7860302
00039835.jpg,0.8190357,0.8105838
00053700.jpg,0.67931217,0.7104348
00046058.jpg,0.76358414,0.7951626
n07801508_1874.jpg,0.84822404,0.8045977
n09288635_695.jpg,0.66509235,0.5591398
00039943.jpg,0.7954154,0.7327768
00024340.jpg,0.8284378,0.8069744
00011829.jpg,0.6166682,0.50991
00019540.jpg,0.5385412,0.5314608
00015401.jpg,0.78368807,0.694715
00023617.jpg,0.72541267,0.7535168
00025078.jpg,0.81763124,0.8093076
00018082.jpg,0.7627613,0.7887794
00028414.jpg,0.7878605,0.727086
00033478.jpg,0.7881154,0.7900628
00016727.jpg,0.81508815,0.8471842
00034888.jpg,0.6111376,0.6549944
7f03ee12590a2446.jpg,0.7117084,0.6333333
00025868.jpg,0.7560933,0.620983
00028451.jpg,0.6538038,0.6498008
00025802.jpg,0.8069216,0.7997906
000000358989.jpg,0.77722275,0.7173913
00005775.jpg,0.65506977,0.5815872
n03541923_2049.jpg,0.8483485,0.9310345
00022071.jpg,0.62040496,0.6987586
00041148.jpg,0.77232385,0.8573996
00022664.jpg,0.86646694,0.8569606
00031117.jpg,0.81232697,0.7941946
n09288635_12089.jpg,0.77520275,0.8152174
sun_bxrkvfrtmlxesplx.jpg,0.67486936,0.775
n09393605_66477.jpg,0.6620981,0.46875
00055760.jpg,0.8095158,0.7607178
00031989.jpg,0.724412,0.7713094
00016585.jpg,0.92639834,0.9634362
00007955.jpg,0.6799043,0.7259558
00018852.jpg,0.7593975,0.7785358
00021663.jpg,0.70020175,0.6544686
00039249.jpg,0.7637572,0.7379584
00038275.jpg,0.7759971,0.8107438
00040512.jpg,0.7093601,0.6649782
00009825.jpg,0.7474724,0.748487
00024333.jpg,0.7293168,0.7582538
00015046.jpg,0.7358637,0.6682032
00028293.jpg,0.79029745,0.8782674
n07680932_32177.jpg,0.9029741,0.9072165
00040145.jpg,0.7865903,0.7613514
00029128.jpg,0.843728,0.8675192
00054797.jpg,0.79536676,0.7952856
00012301.jpg,0.7296612,0.877288
00003118.jpg,0.9244652,0.950506
00057746.jpg,0.6344692,0.7870228
00017408.jpg,0.9222674,0.9165208
00011237.jpg,0.7189907,0.742315
000000128324.jpg,0.7080312,0.62857145
00032928.jpg,0.5730949,0.619895
00055538.jpg,0.5978815,0.6769246
00025597.jpg,0.73360616,0.6927494
00050909.jpg,0.76222676,0.7219634
00038578.jpg,0.75452006,0.7904612
00006281.jpg,0.67548376,0.6978642
n07753592_3754.jpg,0.9053763,0.8796296
00039345.jpg,0.7690584,0.8077946
n03670208_6098.jpg,0.7966541,0.8958333
00055224.jpg,0.7429388,0.7537192
00058182.jpg,0.8286129,0.8983516
00049491.jpg,0.85177714,0.93871
00004713.jpg,0.8702649,0.947204
00032110.jpg,0.81073755,0.7285592
00023703.jpg,0.7628186,0.729039
00023221.jpg,0.8649067,0.8264032
00023548.jpg,0.7796587,0.8097878
00040421.jpg,0.7453188,0.8169984
00005918.jpg,0.82679003,0.78268
00033904.jpg,0.698933,0.7040828
00031563.jpg,0.8195026,0.883045
n03791053_14626.jpg,0.8545426,0.8
00053265.jpg,0.6909079,0.7322028
00033015.jpg,0.7514206,0.7833
n02355227_2155.jpg,0.81085515,0.8173077
00042008.jpg,0.6852056,0.730494
00009085.jpg,0.51829475,0.6711802
00010338.jpg,0.94424903,0.9896824
00044466.jpg,0.7261802,0.761387
00048128.jpg,0.7953122,0.9218836
000000233613.jpg,0.849186,0.9222222
00038418.jpg,0.8002062,0.7833306
00042165.jpg,0.69633806,0.7820228
n03384352_4362.jpg,0.80308867,0.8651685
00046447.jpg,0.8132193,0.663271
00009276.jpg,0.77768666,0.7703676
00016717.jpg,0.8229169,0.7962662
00003891.jpg,0.77031505,0.9101892
00034348.jpg,0.6969862,0.6342286
00001564.jpg,0.6814597,0.7617124
00023914.jpg,0.8458729,0.7587342
00030877.jpg,0.8792344,0.866604
00034041.jpg,0.7691448,0.715626
00001726.jpg,0.78844965,0.7043852
00012327.jpg,0.766239,0.8692518
00019808.jpg,0.58814937,0.6995586
00010782.jpg,0.7091827,0.822577
00051925.jpg,0.8789356,0.9395556
00014693.jpg,0.7930221,0.7768742
00041584.jpg,0.6792028,0.6300462
8cf8644a06d41d6a.jpg,0.78057384,0.8043478
00057524.jpg,0.76805866,0.8651078
00014719.jpg,0.586076,0.5143064
00055159.jpg,0.7766715,0.7495414
00022010.jpg,0.80064446,0.7223304
00047039.jpg,0.74901706,0.6871324
00006771.jpg,0.78743577,0.8577176
00038803.jpg,0.79122645,0.8880088
n04610013_5869.jpg,0.7045468,0.76744187
00019683.jpg,0.92227113,0.9902924
000000185225.jpg,0.87152696,0.8695652
00039851.jpg,0.78317255,0.8871072
00050634.jpg,0.9022761,0.8687212
00041606.jpg,0.6627358,0.751737
00000220.jpg,0.7558285,0.622754
00038848.jpg,0.68536574,0.6443692
00049368.jpg,0.7733511,0.829291
00022774.jpg,0.7815901,0.7068866
00023049.jpg,0.5921647,0.5422858
000000406908.jpg,0.69502974,0.6526316
00038583.jpg,0.66037863,0.6727604
00025988.jpg,0.7185493,0.8321604
00054325.jpg,0.60766715,0.6497934
00043972.jpg,0.8182261,0.892706
00010620.jpg,0.7598887,0.7270984
00030072.jpg,0.8786763,0.861326
00022568.jpg,0.7505539,0.7931652
00008854.jpg,0.6030662,0.7504182
00056590.jpg,0.7544467,0.815245
00056483.jpg,0.7632382,0.569432
00023851.jpg,0.74038994,0.7094516
00049734.jpg,0.7222397,0.6768468
00007047.jpg,0.86268336,0.8343522
00011321.jpg,0.7488096,0.7698172
00053163.jpg,0.6443186,0.6746588
00037049.jpg,0.6329589,0.5090988
00056112.jpg,0.80929726,0.8087036
00014137.jpg,0.8388631,0.8093378
00024070.jpg,0.82508564,0.8407786
00036631.jpg,0.8296977,0.7688118
00045532.jpg,0.7861603,0.6749428
000000268370.jpg,0.81977874,0.7699115
sun_acbedfdkmesyeogi.jpg,0.54220885,0.7314815
00008568.jpg,0.81085837,0.7555726
00023235.jpg,0.8094457,0.8239948
00029242.jpg,0.82992244,0.6806828
00054415.jpg,0.80586416,0.8474454
00032369.jpg,0.53471583,0.5092292
00054036.jpg,0.8092935,0.79336
00050230.jpg,0.84977084,0.8819014
00000962.jpg,0.8165416,0.8708274
00027731.jpg,0.83756125,0.840104
00021589.jpg,0.62560546,0.7411484
00036124.jpg,0.75506294,0.6559314
00036484.jpg,0.66265106,0.7603414
00026945.jpg,0.7855701,0.854265
00019667.jpg,0.9025366,0.9242436
n00445351_8103.jpg,0.83620805,0.84347826
00025200.jpg,0.7677628,0.6909374
n09308572_1522.jpg,0.78071713,0.91752577
00051712.jpg,0.77552915,0.765505
00047587.jpg,0.8549044,0.784949
00024605.jpg,0.6985076,0.6363614
00039593.jpg,0.66951644,0.49347
00038991.jpg,0.66004384,0.674176
00036009.jpg,0.7086312,0.7450248
00025752.jpg,0.8642398,0.845972
000000424572.jpg,0.8444,0.7920792
00051071.jpg,0.7747848,0.724085
00039770.jpg,0.75656873,0.7067176
00026182.jpg,0.9030863,0.9690998
00026369.jpg,0.76478195,0.6450686
00021087.jpg,0.85752404,0.835053
00030715.jpg,0.8359946,0.8464608
00001096.jpg,0.8046517,0.8382936
00025416.jpg,0.78541225,0.7663926
00027182.jpg,0.81593263,0.7768018
00001007.jpg,0.6845145,0.7452728
00008496.jpg,0.54696256,0.6262356
n09415671_10825.jpg,0.6147096,0.6111111
00024656.jpg,0.81785226,0.8165868
00020840.jpg,0.7761558,0.8319242
00042216.jpg,0.8429755,0.89915
00028177.jpg,0.77907383,0.8845254
00002599.jpg,0.8329334,0.8283754
00001221.jpg,0.8263735,0.8200284
5a4fc14161a53bb4.jpg,0.75237983,0.7982456
00034136.jpg,0.7660399,0.9208556
n09415671_11403.jpg,0.5532341,0.5308642
00008816.jpg,0.78613484,0.777563
00027295.jpg,0.7497134,0.7758318
00058161.jpg,0.7629701,0.764884
00025012.jpg,0.8125737,0.9125852
00052964.jpg,0.83181876,0.9574804
00052471.jpg,0.7353256,0.6454546
n02342885_888.jpg,0.88160133,0.8956522
00035252.jpg,0.5803476,0.5277778
n09376198_21383.jpg,0.5421402,0.5478261
n04335435_2612.jpg,0.8015573,0.8
n07680932_19004.jpg,0.80926,0.74
00009251.jpg,0.72940147,0.68571
sun_biqmabkmyhrrasmc.jpg,0.4669631,0.4107143
00038861.jpg,0.7885746,0.663942
00003942.jpg,0.80348456,0.7682942
00032569.jpg,0.5478775,0.6095086
00009472.jpg,0.8055153,0.8269698
00012916.jpg,0.719676,0.6948702
00048844.jpg,0.81948024,0.8604772
00046869.jpg,0.81848454,0.7465042
sun_akuzxstcblvhmomk.jpg,0.47557947,0.3301887
00052577.jpg,0.88573056,0.9463148
00056992.jpg,0.77996135,0.7704982
00027714.jpg,0.7846533,0.8936262
00044314.jpg,0.7539239,0.7735742
00004928.jpg,0.57245094,0.6427452
00035483.jpg,0.8727633,0.9467732
00047091.jpg,0.7858396,0.7224494
n01846331_3060.jpg,0.8433994,0.94623655
00025141.jpg,0.84580284,0.811474
00049303.jpg,0.8783066,0.858202
00023924.jpg,0.88056695,0.893889
00005211.jpg,0.6516807,0.6284674
00033308.jpg,0.8203741,0.86241
00037421.jpg,0.79939246,0.7763
00029280.jpg,0.8080709,0.8987604
00011439.jpg,0.86362493,0.899976
n09468604_47515.jpg,0.59738517,0.5568182
00042097.jpg,0.81506115,0.831596
00047834.jpg,0.8901408,0.806746
00048685.jpg,0.81322813,0.8287632
00033608.jpg,0.8571854,0.8248806
00046831.jpg,0.6714058,0.7316016
00051635.jpg,0.8307162,0.8852018
00027941.jpg,0.79692155,0.8445806
00003064.jpg,0.7150371,0.5511404
n02793495_8390.jpg,0.6259524,0.6037736
00021940.jpg,0.6840006,0.7123326
00014794.jpg,0.7945648,0.852757
00054598.jpg,0.86091465,0.8326006
n07893642_22957.jpg,0.90689176,0.875
00049813.jpg,0.9704678,0.9126652
00049810.jpg,0.6323395,0.5297558
00042126.jpg,0.7652903,0.7396994
00054575.jpg,0.73501146,0.7680718
00053974.jpg,0.78585666,0.822366
00015185.jpg,0.55548716,0.4522046
00046756.jpg,0.7651061,0.8411878
00049138.jpg,0.745489,0.6859258
00022726.jpg,0.9742658,0.9384026
00046590.jpg,0.6511895,0.6184586
00002245.jpg,0.7835797,0.8290684
00049261.jpg,0.76283205,0.6348914
00002825.jpg,0.7885554,0.7903306
00056908.jpg,0.93393964,0.8328508
00004822.jpg,0.7204108,0.6074162
n04349306_5669.jpg,0.81465304,0.75
00022971.jpg,0.74380696,0.7635704
00022644.jpg,0.71349853,0.7527732
00057528.jpg,0.8487867,0.8226466
000000029356.jpg,0.78577447,0.7613636
00031069.jpg,0.58626914,0.5455022
00056677.jpg,0.71040905,0.7648152
00054927.jpg,0.7414523,0.7850154
n02129165_16300.jpg,0.8323839,0.8455285
00011413.jpg,0.7696005,0.7731864
00027423.jpg,0.8088721,0.8607472
00048284.jpg,0.6942383,0.7458326
00008874.jpg,0.6972749,0.7940072
n01811909_471.jpg,0.8259114,0.81632656
00051781.jpg,0.7446689,0.76084
00045170.jpg,0.7184624,0.609585
n03670208_31575.jpg,0.80021226,0.8737864
n03791053_8058.jpg,0.7766998,0.7478992
000000090245.jpg,0.7887006,0.85858583
00039563.jpg,0.72928333,0.8842414
000000220743.jpg,0.73171365,0.79
00035998.jpg,0.7294029,0.598392
00048896.jpg,0.4893173,0.4556192
00038802.jpg,0.7903448,0.8120978
00005614.jpg,0.6797689,0.664884
00007831.jpg,0.88369584,0.9234878
00002163.jpg,0.7331855,0.7609798
00007607.jpg,0.82301676,0.8636724
00035815.jpg,0.7044523,0.599728
00024221.jpg,0.8056921,0.7228324
n09428293_11949.jpg,0.61642355,0.6451613
00014522.jpg,0.5968461,0.568037
n12345899_18938.jpg,0.71542585,0.75757575
00052598.jpg,0.7767534,0.8961278
00011091.jpg,0.7976012,0.898894
00040229.jpg,0.76870066,0.7147498
00006656.jpg,0.8201478,0.7515854
00028645.jpg,0.72464067,0.62477
00049438.jpg,0.72422683,0.7433342
00044771.jpg,0.73270434,0.655254
00044477.jpg,0.73428565,0.6590578
00009581.jpg,0.8419242,0.868261
00024344.jpg,0.778468,0.8343114
00015015.jpg,0.74533844,0.6805114
00024910.jpg,0.81581557,0.8655444
00021201.jpg,0.70215523,0.7412562
00045175.jpg,0.81017506,0.714368
00034536.jpg,0.63225,0.8518376
00041502.jpg,0.7723969,0.7810512
00006053.jpg,0.8037033,0.910376
f869549ef1bbc8a5.jpg,0.70914173,0.7837838
00055665.jpg,0.80825675,0.8064064
00008335.jpg,0.8404053,0.9125432
00058662.jpg,0.80132586,0.6360256
00047797.jpg,0.78908706,0.7718644
00039742.jpg,0.6607553,0.5736124
00029749.jpg,0.7727691,0.6805154
00028861.jpg,0.7633657,0.850839
00024405.jpg,0.8369998,0.837561
00005394.jpg,0.73531944,0.6770842
00030445.jpg,0.52407175,0.4171302
5cd6e415c8c6d151.jpg,0.7256297,0.7264151
00000885.jpg,0.8270302,0.723473
00002036.jpg,0.8005502,0.767437
00028513.jpg,0.86847645,0.8189734
00000589.jpg,0.86406696,0.8079688
00025755.jpg,0.8218479,0.766349
00009882.jpg,0.72325766,0.7059964
76d71199ef93778b.jpg,0.804282,0.8484849
00007414.jpg,0.7778961,0.70901
00003998.jpg,0.86673784,0.9062572
00028891.jpg,0.57634634,0.6288136
00019046.jpg,0.6985109,0.7139324
00007846.jpg,0.76480985,0.6738314
000000254078.jpg,0.76898646,0.87234044
00006642.jpg,0.8748899,0.9159946
00009870.jpg,0.8449715,0.8389394
00053690.jpg,0.84165996,0.6626832
00019245.jpg,0.8156427,0.7860444
00048299.jpg,0.76854473,0.6835386
00044499.jpg,0.7026484,0.6500672
00037781.jpg,0.64232254,0.6956218
n02118333_13624.jpg,0.90689087,0.8981481
00016239.jpg,0.7886566,0.810959
00051401.jpg,0.8704469,0.9311096
00023305.jpg,0.71810025,0.7502274
00028415.jpg,0.706107,0.6748306
00018741.jpg,0.734372,0.643502
00057245.jpg,0.66651356,0.6062644
00012730.jpg,0.8131747,0.9150354
00053680.jpg,0.7339133,0.7015436
00030056.jpg,0.76841474,0.7733716
00029042.jpg,0.6240384,0.5726348
n04231693_5428.jpg,0.74309194,0.76635516
00016962.jpg,0.6599928,0.6010876
00040182.jpg,0.70572317,0.7755478
dd6f1f06f3025b28.jpg,0.9142418,0.8103448
00048642.jpg,0.8672352,0.9087214
00039993.jpg,0.8492269,0.8238556
00055908.jpg,0.92592525,0.886548
00049584.jpg,0.58842015,0.6412596
00030641.jpg,0.6990516,0.8558688
n02932891_36476.jpg,0.7430377,0.625
00052537.jpg,0.74420136,0.6551024
00004684.jpg,0.60891646,0.6256568
00043960.jpg,0.7409665,0.8773496
00037919.jpg,0.5955333,0.5718666
00057819.jpg,0.8503823,0.8715576
00029018.jpg,0.7344047,0.79838
00055299.jpg,0.80806684,0.7450836
00046140.jpg,0.8497855,0.799674
00032861.jpg,0.79165244,0.7816312
000000035156.jpg,0.8026643,0.73394495
00026995.jpg,0.70251024,0.8545188
00032273.jpg,0.886803,0.8909086
00035630.jpg,0.7133543,0.710494
00029298.jpg,0.7988328,0.6673434
00057377.jpg,0.8242026,0.8213642
00053091.jpg,0.51862717,0.5845622
n07693725_8807.jpg,0.837976,0.9230769
00011001.jpg,0.7444533,0.7324174
00045379.jpg,0.70786285,0.5823746
00014963.jpg,0.9065817,0.8876048
00019130.jpg,0.62592113,0.6438552
00018271.jpg,0.6670972,0.7267914
00006154.jpg,0.73194855,0.7195496
00024125.jpg,0.6512227,0.7531202
00057278.jpg,0.8680072,0.831679
00045899.jpg,0.84071684,0.7918962
n07720875_2664.jpg,0.9229688,0.9708738
000000571074.jpg,0.7789885,0.7184466
00003134.jpg,0.7504639,0.7245756
00037323.jpg,0.74940324,0.840316
00019843.jpg,0.70193374,0.6465788
00052892.jpg,0.7421922,0.8801874
00041556.jpg,0.7634311,0.7777002
00026362.jpg,0.8493575,0.854366
00038149.jpg,0.5807445,0.593857
00033517.jpg,0.8127776,0.8254792
00011499.jpg,0.7950568,0.7816892
00000193.jpg,0.5260014,0.7304562
00026065.jpg,0.7773032,0.7248326
f8c03a5c3f92c873.jpg,0.7879074,0.73913044
00015801.jpg,0.7396842,0.776813
00058229.jpg,0.8688878,0.8874038
00007421.jpg,0.80900955,0.81015
00044878.jpg,0.72360474,0.7002586
n02946348_23781.jpg,0.7346849,0.8611111
00024599.jpg,0.7568195,0.7552936
00011249.jpg,0.7421907,0.7614346
n07849336_22303.jpg,0.8408922,0.8712871
00026838.jpg,0.8244076,0.7990882
00033724.jpg,0.7012875,0.822892
00036833.jpg,0.7608439,0.7398196
00043644.jpg,0.75214756,0.6120194
00021516.jpg,0.7666192,0.7383982
00026093.jpg,0.6962912,0.7838698
00058356.jpg,0.8233705,0.7611728
00048254.jpg,0.72953326,0.7783286
00030239.jpg,0.72714835,0.7242794
00050465.jpg,0.7861785,0.8116664
00003801.jpg,0.5469992,0.6719564
000000478148.jpg,0.8359169,0.7912088
00018000.jpg,0.8189766,0.8046038
00039997.jpg,0.8072722,0.7077304
00006316.jpg,0.7053907,0.7761616
00017823.jpg,0.6964191,0.6543388
00021186.jpg,0.94088554,0.9519022
00052999.jpg,0.5248308,0.629408
00049572.jpg,0.61687756,0.6733678
00014202.jpg,0.78663576,0.9349346
00054672.jpg,0.6099986,0.5936062
00051378.jpg,0.6688806,0.4781804
00029191.jpg,0.64115477,0.7708664
00027767.jpg,0.815779,0.8818466
00054145.jpg,0.8364679,0.778088
00037521.jpg,0.6662189,0.6329736
00052570.jpg,0.7124947,0.7508936
00000877.jpg,0.7442688,0.8466332
000000077467.jpg,0.75651455,0.85393256
00009629.jpg,0.83764714,0.818143
00009844.jpg,0.799253,0.794393
00000642.jpg,0.75821,0.8056372
00005164.jpg,0.74733394,0.7474238
00056466.jpg,0.8878457,0.9244272
00051124.jpg,0.84067357,0.905238
00055059.jpg,0.8045095,0.8354774
00048292.jpg,0.75676817,0.8826744
00041999.jpg,0.6796422,0.7492734
00024079.jpg,0.77330464,0.8299358
00028527.jpg,0.7304797,0.7593034
00009921.jpg,0.81319475,0.8840078
00001563.jpg,0.74770236,0.7658922
00030754.jpg,0.9023058,0.878676
00028675.jpg,0.70764256,0.7236716
00018140.jpg,0.8745769,0.8893958
00035577.jpg,0.64615524,0.6354832
00038616.jpg,0.6211199,0.7236482
00031870.jpg,0.74207985,0.756732
5a5e7d6ce6eb8735.jpg,0.81949127,0.8021978
00053255.jpg,0.77339816,0.7066872
00005621.jpg,0.87699914,0.8725338
00016646.jpg,0.8714726,0.9017354
00017735.jpg,0.78562355,0.8652788
00004334.jpg,0.79901344,0.7966796
n02089078_3449.jpg,0.8046443,0.72164947
00036936.jpg,0.7183137,0.6792318
00006765.jpg,0.81850594,0.8139914
00006890.jpg,0.6431429,0.5784686
00029195.jpg,0.90153265,0.9648068
00030232.jpg,0.61337584,0.6772476
00043674.jpg,0.815001,0.8002328
00052433.jpg,0.69256413,0.7923198
00052439.jpg,0.8196732,0.7682562
00044750.jpg,0.7703841,0.7301384
00044580.jpg,0.8290398,0.7510442
00009909.jpg,0.7452768,0.727244
00005668.jpg,0.7422636,0.6416094
00024109.jpg,0.8637311,0.8948382
00057505.jpg,0.5921315,0.4812186
00053251.jpg,0.79969674,0.8625798
00009971.jpg,0.71176493,0.7524172
00055823.jpg,0.74986064,0.80449
00013084.jpg,0.7269724,0.7181948
00057823.jpg,0.60583496,0.6663268
00004697.jpg,0.85180765,0.8503644
00025633.jpg,0.7133523,0.7207294
00026294.jpg,0.7460879,0.6252346
00002093.jpg,0.86439747,0.9201382
00056194.jpg,0.89271384,0.79349
00048342.jpg,0.7942609,0.694893
000000068167.jpg,0.6223068,0.5824176
00046564.jpg,0.8386568,0.8269618
00023496.jpg,0.8832429,0.8468152
00041684.jpg,0.7719091,0.7125264
00013097.jpg,0.8026257,0.9161936
00002201.jpg,0.81272966,0.7711582
00025406.jpg,0.50462294,0.3788284
00047832.jpg,0.7009445,0.670628
00051503.jpg,0.70782995,0.7358604
00056777.jpg,0.82206756,0.8561234
00015502.jpg,0.54936755,0.6644602
n04465501_1535.jpg,0.66475,0.7094017
00029796.jpg,0.6509918,0.6816666
00057772.jpg,0.7877738,0.7924976
00031950.jpg,0.9505576,0.7928202
00020181.jpg,0.78593147,0.6997402
00046932.jpg,0.7012591,0.6735206
00000033.jpg,0.87024826,0.9410702
00002046.jpg,0.8185581,0.871014
00038741.jpg,0.67971915,0.5854076
f14eeb74dab7f8c1.jpg,0.6145011,0.59375
00022608.jpg,0.86214495,0.826979
00013552.jpg,0.63497996,0.6903538
00038179.jpg,0.6143206,0.5801898
00045470.jpg,0.7367488,0.7118988
000000420002.jpg,0.78518903,0.76666665
00057056.jpg,0.8216251,0.8268076
00053176.jpg,0.76449454,0.6813968
00015540.jpg,0.7131259,0.7418862
00034160.jpg,0.6843442,0.7356802
n07850329_5631.jpg,0.8694172,0.8666667
00053550.jpg,0.84621716,0.7959222
00049592.jpg,0.6754236,0.6805324
00043258.jpg,0.8871528,0.9130642
00030757.jpg,0.8019966,0.8491892
000000323460.jpg,0.8647909,0.93
00016438.jpg,0.7748535,0.8336794
00049480.jpg,0.86938024,0.9277428
00030563.jpg,0.87689483,0.9605514
00051592.jpg,0.88696384,0.7989928
00045393.jpg,0.726939,0.5864064
00048657.jpg,0.7157439,0.7318202
00009468.jpg,0.71313405,0.826219
00034987.jpg,0.5950753,0.7945382
00040051.jpg,0.75876015,0.7968406
00043553.jpg,0.7026824,0.799718
00045891.jpg,0.7979405,0.7003942
n07690273_23539.jpg,0.8914835,0.81609195
00027521.jpg,0.80895925,0.844801
00019772.jpg,0.7809273,0.9184238
00039985.jpg,0.72034127,0.8390826
00012641.jpg,0.7999334,0.7210186
n00464894_9589.jpg,0.7970873,0.8804348
00002202.jpg,0.74851584,0.7303716
n04349306_5083.jpg,0.77506137,0.6756757
00004661.jpg,0.7267196,0.8671204
00007155.jpg,0.7648936,0.7482596
00023099.jpg,0.7652352,0.857121
00026503.jpg,0.7277681,0.6745558
00046094.jpg,0.8011563,0.7965762
00031255.jpg,0.801947,0.868557
00006650.jpg,0.7571471,0.8466278
00013816.jpg,0.85097885,0.7824946
00031860.jpg,0.6691813,0.7561418
00028708.jpg,0.79168224,0.8321322
00003220.jpg,0.8014375,0.8144948
00007978.jpg,0.7791461,0.807732
n04465501_7646.jpg,0.82978475,0.95049506
00025700.jpg,0.8316406,0.9071616
00054115.jpg,0.88756204,0.8738112
00002002.jpg,0.6435869,0.6043284
00028024.jpg,0.80790037,0.7309224
00036584.jpg,0.6122717,0.6198282
n07654148_10592.jpg,0.8403598,0.89534885
00031727.jpg,0.7717382,0.7541496
00047171.jpg,0.7455318,0.6476968
00038563.jpg,0.57172185,0.5929554
00043957.jpg,0.734426,0.6535496
00022198.jpg,0.664702,0.5753904
00042359.jpg,0.7877714,0.6935226
00038008.jpg,0.75340027,0.7155288
00011719.jpg,0.7260668,0.6517512
00000816.jpg,0.80818236,0.8386314
00009207.jpg,0.72019124,0.7623336
00038597.jpg,0.74147785,0.6413114
000000459975.jpg,0.7277243,0.7446808
00014478.jpg,0.5473917,0.4189906
00025651.jpg,0.8966755,0.9160664
00032661.jpg,0.6990113,0.6707996
00043841.jpg,0.52222735,0.5491558
00005841.jpg,0.72788703,0.8292708
00039676.jpg,0.8107492,0.8479356
3dad27f92386e120.jpg,0.8095224,0.79831934
00018207.jpg,0.8346866,0.9623736
n01846331_15481.jpg,0.7241913,0.82653064
00047047.jpg,0.8550796,0.8092698
00007668.jpg,0.7483937,0.6534022
00048879.jpg,0.5459044,0.6670766
00008075.jpg,0.7254779,0.649424
00006326.jpg,0.64843655,0.5923484
00043150.jpg,0.67369086,0.663429
00022581.jpg,0.6309951,0.5633506
00025022.jpg,0.8020859,0.7517732
00038018.jpg,0.6643096,0.6202416
00008015.jpg,0.85422254,0.8572398
00051097.jpg,0.7855003,0.7674288
n03791053_540.jpg,0.82839984,0.8910891
00019951.jpg,0.8146006,0.7409078
00000427.jpg,0.880459,0.950294
00022262.jpg,0.83121943,0.7901854
00000823.jpg,0.5248208,0.610624
00021101.jpg,0.8767489,0.8561836
00002510.jpg,0.7583961,0.8008076
66a52f1afa8ef6ed.jpg,0.89412737,0.8072289
00032344.jpg,0.8347801,0.8916776
00005199.jpg,0.7928101,0.8144438
00021737.jpg,0.77104115,0.6630634
00053330.jpg,0.7803792,0.8121368
00057067.jpg,0.8390715,0.8077948
00029554.jpg,0.70614284,0.7570862
00001625.jpg,0.8097555,0.7871182
00025052.jpg,0.780408,0.9057864
n09376198_5439.jpg,0.5946979,0.61702126
00011892.jpg,0.671001,0.5835598
00034291.jpg,0.7758634,0.8854424
00051833.jpg,0.82799804,0.8854798
00032777.jpg,0.7704359,0.6770344
00008054.jpg,0.7939107,0.8049854
00026868.jpg,0.73883975,0.7093556
00041351.jpg,0.8026937,0.827506
00036528.jpg,0.6775282,0.686955
00020847.jpg,0.70087934,0.716675
00033064.jpg,0.5748204,0.3874364
00006896.jpg,0.5800173,0.4551108
00028892.jpg,0.70157325,0.6914534
00006205.jpg,0.77064776,0.889448
00050043.jpg,0.755769,0.6157164
00056423.jpg,0.92515,0.8163874
00051062.jpg,0.7830628,0.8446926
00042849.jpg,0.79831517,0.7188174
00031553.jpg,0.7574736,0.8474
00056664.jpg,0.862989,0.9253346
00027119.jpg,0.8364002,0.7803798
00005103.jpg,0.6436776,0.5752924
00001183.jpg,0.7673025,0.8478474
00036738.jpg,0.7630192,0.7667246
n04465501_1769.jpg,0.7527082,0.7777778
00023096.jpg,0.7867101,0.6891676
00001242.jpg,0.7281556,0.6484416
00006675.jpg,0.759506,0.6640058
00045999.jpg,0.81716466,0.8957142
00012239.jpg,0.7280962,0.8074848
00009564.jpg,0.8457809,0.9355032
00000691.jpg,0.83364177,0.9497304
00048506.jpg,0.80017936,0.7602728
00042971.jpg,0.7687416,0.7922144
00054921.jpg,0.86618793,0.9042904
00057349.jpg,0.93577826,0.9468216
00046804.jpg,0.7504872,0.6178294
00024786.jpg,0.73769695,0.8012908
00040040.jpg,0.7101955,0.737442
00051003.jpg,0.6269723,0.5929198
00047632.jpg,0.7006079,0.661931
00006619.jpg,0.7368492,0.5543162
00049110.jpg,0.79708695,0.6324208
00058383.jpg,0.821252,0.9227512
00016089.jpg,0.8908037,0.8428412
00001326.jpg,0.67869,0.7119032
00021508.jpg,0.6953205,0.7676154
00038030.jpg,0.64313215,0.52068
00042578.jpg,0.59049076,0.5796718
00001483.jpg,0.8533567,0.8469926
00053371.jpg,0.77038026,0.777562
00018285.jpg,0.79026574,0.9025328
00003308.jpg,0.8700367,0.965989
00003570.jpg,0.82135713,0.834722
00050390.jpg,0.76671326,0.8577278
00018772.jpg,0.6522596,0.7455786
0cb561aef1e16beb.jpg,0.74726945,0.63095236
00011379.jpg,0.6381631,0.6751962
n07693725_10301.jpg,0.79275507,0.8910891
00044253.jpg,0.8033085,0.8217506
df438d38ff6da2cc.jpg,0.87478673,0.9266055
00026558.jpg,0.79471606,0.7617794
00020361.jpg,0.85332614,0.8702608
00030286.jpg,0.7691536,0.6894972
00015933.jpg,0.8162656,0.8663228
00041666.jpg,0.8136734,0.7545668
000000034428.jpg,0.7294544,0.6952381
00038231.jpg,0.52544504,0.5100214
000000215565.jpg,0.8661011,0.9318182
00015936.jpg,0.82321954,0.818293
n02834778_4304.jpg,0.82234335,0.7941176
00009600.jpg,0.7519715,0.670715
00043438.jpg,0.8021244,0.7047406
00027490.jpg,0.8830607,0.9103642
00009531.jpg,0.7095732,0.6742466
00012015.jpg,0.85363615,0.8875296
000000495336.jpg,0.77432257,0.7752809
00054819.jpg,0.77165014,0.8150992
00021264.jpg,0.6369155,0.6816444
00053008.jpg,0.8241087,0.770893
00049000.jpg,0.84382427,0.8677996
00051176.jpg,0.8678702,0.8410412
00000567.jpg,0.74846643,0.7177792
00000461.jpg,0.8373362,0.9293828
00035956.jpg,0.70458585,0.7597854
00002016.jpg,0.6939566,0.6675618
00042921.jpg,0.7799238,0.7664286
00031109.jpg,0.85930794,0.826943
00018734.jpg,0.7280637,0.7642348
000000525443.jpg,0.8827425,0.9306931
00030543.jpg,0.79079723,0.8662272
00052043.jpg,0.89131033,0.9308956
00006391.jpg,0.9921146,0.985524
00031027.jpg,0.6846731,0.7101708
00020385.jpg,0.7435197,0.852951
00036522.jpg,0.69629014,0.6807882
00016384.jpg,0.7320822,0.7000312
00050527.jpg,0.7980744,0.8436508
00051251.jpg,0.88188016,0.9018366
00052191.jpg,0.80499935,0.893934
n09359803_20697.jpg,0.5283135,0.55
00007908.jpg,0.66883665,0.7807454
00018039.jpg,0.62800616,0.7398188
n02878222_46730.jpg,0.6996937,0.75961536
00026312.jpg,0.71071476,0.556594
00030461.jpg,0.7212247,0.7358918
n02324045_11540.jpg,0.8513509,0.84313726
00016612.jpg,0.9378903,0.9217392
00022891.jpg,0.7973738,0.9038226
00048881.jpg,0.7709118,0.797154
00041971.jpg,0.7913765,0.7059508
00003578.jpg,0.7985252,0.770513
00028130.jpg,0.69937086,0.6611008
n07711569_1453.jpg,0.7998975,0.7809524
00055301.jpg,0.8094067,0.8002058
00045424.jpg,0.782668,0.7151362
sun_bdeatbjcovyqdrti.jpg,0.76522136,0.85148513
00008387.jpg,0.66797054,0.637856
sun_becpynhazdxerqrj.jpg,0.72159934,0.57575756
00030408.jpg,0.89355564,0.8120894
00044341.jpg,0.72318286,0.5551796
00056520.jpg,0.8233222,0.88906
00041235.jpg,0.68491685,0.6349992
00012066.jpg,0.8289999,0.9190848
00047331.jpg,0.70900667,0.8170986
n03790512_6472.jpg,0.78253245,0.7777778
00011968.jpg,0.8678074,0.8568968
00019533.jpg,0.733465,0.781355
00055921.jpg,0.7527752,0.8785534
00019985.jpg,0.85456645,0.9068256
00020210.jpg,0.7061991,0.69605
00055579.jpg,0.5907871,0.6284472
00039363.jpg,0.8024206,0.7159208
00055599.jpg,0.8511508,0.7416958
00020645.jpg,0.5487003,0.5016152
00041561.jpg,0.78025055,0.6756212
00032898.jpg,0.72859275,0.6337934
00036609.jpg,0.7938883,0.7937908
00014436.jpg,0.84103936,0.7963534
00027416.jpg,0.8402834,0.7670958
00049133.jpg,0.86218166,0.8294872
e7d7dbd2012df9fd.jpg,0.8090422,0.6896552
00044065.jpg,0.780989,0.81266
00041274.jpg,0.626623,0.6103274
00029714.jpg,0.77916324,0.8720314
00044982.jpg,0.81218195,0.7835202
00043895.jpg,0.75313663,0.6960838
00055857.jpg,0.7458227,0.887632
00010305.jpg,0.727758,0.6622808
00044082.jpg,0.82613295,0.8091506
00039165.jpg,0.8192459,0.8133904
00038615.jpg,0.7319479,0.7818142
000000379401.jpg,0.7526929,0.7227723
00039771.jpg,0.75338745,0.6901752
00055115.jpg,0.81854546,0.8117774
00004780.jpg,0.8590648,0.8251276
00011629.jpg,0.5689226,0.6172482
n07711569_5370.jpg,0.84131956,0.75
00008149.jpg,0.84360564,0.8305046
000000099540.jpg,0.7466506,0.7307692
00012426.jpg,0.84710443,0.8414142
00023490.jpg,0.78327584,0.6933998
00010637.jpg,0.7168414,0.7240806
00005017.jpg,0.83385336,0.9116864
00011391.jpg,0.824437,0.794369
00039938.jpg,0.7668804,0.6612424
00024422.jpg,0.8531601,0.8706602
00030454.jpg,0.73982155,0.6843124
00045950.jpg,0.62839305,0.6009342
n09288635_3580.jpg,0.6154764,0.6145833
00000141.jpg,0.7467998,0.6988222
00040317.jpg,0.6366647,0.5758476
00024135.jpg,0.7517776,0.8380828
00055351.jpg,0.81543463,0.8173616
00005044.jpg,0.7264498,0.8022276
00032360.jpg,0.5546694,0.4071854
00043745.jpg,0.7176549,0.5967916
00035061.jpg,0.6570443,0.6379524
00010497.jpg,0.7203376,0.6281114
00019208.jpg,0.790897,0.9239972
000000245598.jpg,0.77386045,0.9
00005463.jpg,0.69588846,0.7058026
n03594945_26966.jpg,0.81873906,0.88461536
00003330.jpg,0.7361949,0.6469046
00015394.jpg,0.6973588,0.8193436
n09472597_14703.jpg,0.6747159,0.5
00046471.jpg,0.8075634,0.8154198
00032120.jpg,0.7226158,0.6714684
sun_axkbfhmkopqemnsq.jpg,0.5622566,0.5869565
00010885.jpg,0.7687539,0.727668
00034168.jpg,0.7572503,0.8395778
00011841.jpg,0.60860556,0.5104822
00023675.jpg,0.6407984,0.5723302
00058036.jpg,0.75391924,0.781259
00022557.jpg,0.58645105,0.7345106
00038932.jpg,0.8019626,0.7891926
00044456.jpg,0.67916596,0.6726302
00030752.jpg,0.8890053,0.9645618
n02324045_22597.jpg,0.812704,0.6788991
000000402775.jpg,0.84151274,0.877193
00003590.jpg,0.8404709,0.845898
00016712.jpg,0.9402966,0.8848998
00033196.jpg,0.8639704,0.9557454
00015681.jpg,0.77791095,0.7506072
00014194.jpg,0.7613899,0.6848178
00031857.jpg,0.663962,0.702358
00051182.jpg,0.73868006,0.8217246
00032035.jpg,0.8539109,0.8221554
00048274.jpg,0.8096992,0.871614
00022421.jpg,0.69705886,0.6209478
00005380.jpg,0.7549812,0.7168672
00055121.jpg,0.7944539,0.8976168
00030256.jpg,0.73159206,0.7121332
00012318.jpg,0.74724424,0.7516564
n00445351_4658.jpg,0.72787297,0.8396226
00019800.jpg,0.7006939,0.8379174
00046607.jpg,0.6995205,0.652986
00050309.jpg,0.78770757,0.8759948
00016974.jpg,0.69819975,0.7482058
00029855.jpg,0.8020841,0.7887242
00039322.jpg,0.70774424,0.7492218
00055687.jpg,0.7961955,0.7811974
n09376198_34637.jpg,0.74966925,0.79012346
00036512.jpg,0.6249641,0.6189674
000000378626.jpg,0.7491498,0.81609195
00055045.jpg,0.82390964,0.8333882
00049433.jpg,0.8233341,0.744556
00025825.jpg,0.8317375,0.8025016
00004360.jpg,0.78306174,0.9361178
00007238.jpg,0.8939983,0.762073
00042342.jpg,0.78837466,0.665039
00012377.jpg,0.8194338,0.8091702
00034243.jpg,0.7177896,0.793703
00047157.jpg,0.6721095,0.634941
00023645.jpg,0.74109447,0.7945924
00003165.jpg,0.7818767,0.701104
000000412666.jpg,0.7872869,0.7920792
00019081.jpg,0.9612073,0.9108092
00044198.jpg,0.7223058,0.7922372
00011420.jpg,0.88616234,0.9496824
00001227.jpg,0.71861804,0.8001294
00021566.jpg,0.62157625,0.7199084
00018366.jpg,0.72406375,0.7403874
00052235.jpg,0.7332152,0.6973936
00000924.jpg,0.7341956,0.746234
00028966.jpg,0.68946546,0.8054398
00030221.jpg,0.7669904,0.8452552
00002049.jpg,0.79632723,0.8820442
00004117.jpg,0.7299527,0.6935132
00006979.jpg,0.5702287,0.433399
00056965.jpg,0.821839,0.8124688
00022166.jpg,0.77285635,0.8730628
00051905.jpg,0.85537076,0.9589394
n09359803_19326.jpg,0.6823447,0.5154639
n09393605_64769.jpg,0.7395883,0.61
00045990.jpg,0.7195399,0.8538014
n07574602_26959.jpg,0.7550937,0.6781609
00007301.jpg,0.73737484,0.7445318
00050782.jpg,0.56938004,0.5187582
00004426.jpg,0.5648655,0.7378678
00010581.jpg,0.96812266,0.939706
00004841.jpg,0.91084874,1.0
00025311.jpg,0.76649237,0.6880958
n12345899_12760.jpg,0.73592997,0.8469388
00020562.jpg,0.74736035,0.756679
00016125.jpg,0.8229238,0.924671
00020465.jpg,0.6603608,0.7800898
00042060.jpg,0.83088887,0.9231624
00027766.jpg,0.76184577,0.6876766
00027099.jpg,0.5486159,0.583242
00053157.jpg,0.7852724,0.7552702
00014275.jpg,0.9486555,0.9275258
e04b7724f7319907.jpg,0.8947749,0.9207921
00008215.jpg,0.8974405,0.9359608
00012235.jpg,0.71263224,0.7947062
00005642.jpg,0.7509283,0.815143
00054354.jpg,0.87256074,0.9618132
00041060.jpg,0.72625756,0.6928126
00000742.jpg,0.70511526,0.6965064
00058740.jpg,0.7602357,0.691634
00025941.jpg,0.76898134,0.72743
00004473.jpg,0.83913976,0.8579236
00056255.jpg,0.6771103,0.7118806
00007653.jpg,0.8400444,0.7378718
00012945.jpg,0.79713565,0.6758818
00049799.jpg,0.77377474,0.8584308
00045944.jpg,0.6193461,0.6226594
00051998.jpg,0.72070646,0.74052
00039458.jpg,0.7903377,0.7966802
00050808.jpg,0.78628397,0.7753592
00034013.jpg,0.5779094,0.6360316
00020202.jpg,0.7504666,0.906678
c94d77cbfa784521.jpg,0.8602179,0.9029126
00017685.jpg,0.78482634,0.8418822
n02129165_20206.jpg,0.81641537,0.8235294
9c2452fbe657faf8.jpg,0.78671634,0.91588783
00000227.jpg,0.7170667,0.7524718
n02355227_14128.jpg,0.8215339,0.88990825
n03670208_10624.jpg,0.7917065,0.85
00054582.jpg,0.8237843,0.8569014
00011348.jpg,0.8420861,0.846306
00048377.jpg,0.8095324,0.8078742
00015171.jpg,0.76837707,0.7260494
00035689.jpg,0.5855975,0.5994858
n09472597_25917.jpg,0.74112076,0.6486486
00047304.jpg,0.6795157,0.7528082
00029699.jpg,0.6044748,0.6169942
00053674.jpg,0.7453682,0.6885292
00009518.jpg,0.8440402,0.8562398
00040257.jpg,0.751509,0.684833
00026602.jpg,0.7870979,0.6656428
00030638.jpg,0.8054111,0.6986058
00014490.jpg,0.72320473,0.6935022
00020725.jpg,0.71578264,0.6363394
00020669.jpg,0.84877694,0.8948032
00006567.jpg,0.6369576,0.6199846
n03541923_1892.jpg,0.84387624,0.8613861
00056924.jpg,0.8805066,0.8636796
00036536.jpg,0.6717084,0.6315738
00011378.jpg,0.7319977,0.6888
00012847.jpg,0.9648599,0.968897
00041114.jpg,0.76636475,0.8434766
n07753592_1816.jpg,0.83497196,0.90588236
00039513.jpg,0.7920766,0.751701
n02396427_744.jpg,0.85256445,0.8271605
00002972.jpg,0.7962089,0.791057
00053841.jpg,0.8539497,0.8691172
00039587.jpg,0.77315,0.8306804
269ff2d9438b0934.jpg,0.8389954,0.85046726
00005808.jpg,0.6323606,0.4197076
00015164.jpg,0.82191753,0.9101308
00031610.jpg,0.7992585,0.8493772
sun_aosvqijvmwznjrsh.jpg,0.5618494,0.45454547
00006446.jpg,0.7390189,0.6484628
00055169.jpg,0.8006165,0.8886436
00029271.jpg,0.89743036,0.8697654
00058001.jpg,0.87479645,0.8522926
00001962.jpg,0.85356337,0.8131028
00058622.jpg,0.7198359,0.722762
00011040.jpg,0.6155101,0.6118136
00034301.jpg,0.68974507,0.5663662
00003514.jpg,0.8887928,0.9656526
00011502.jpg,0.9022916,0.98036
00022308.jpg,0.77813065,0.8248282
00042046.jpg,0.71748567,0.7398362
00001568.jpg,0.7746904,0.7987618
00006988.jpg,0.55499846,0.475257
00037197.jpg,0.65585196,0.5657178
00014251.jpg,0.6901689,0.6724014
00027871.jpg,0.7000339,0.805228
00043729.jpg,0.7216142,0.6856646
n07574602_28789.jpg,0.7875235,0.85046726
00023475.jpg,0.81458044,0.7951016
00017266.jpg,0.5372757,0.5360446
00026232.jpg,0.6765844,0.643277
n02342885_13001.jpg,0.8455587,0.8962264
00003333.jpg,0.7575716,0.7776752
41e092c947498605.jpg,0.56558335,0.56122446
00014870.jpg,0.6586964,0.5054704
n02932891_9585.jpg,0.69252604,0.7113402
00035948.jpg,0.6075834,0.549434
00050244.jpg,0.8407223,0.8065756
00016294.jpg,0.66427577,0.7011272
000000187509.jpg,0.82060504,0.85106385
00045632.jpg,0.7617971,0.6968292
00014242.jpg,0.6837437,0.6290288
00023962.jpg,0.7276458,0.6823648
00058116.jpg,0.629719,0.5766954
n02932891_26954.jpg,0.6093893,0.58536583
n02324045_610.jpg,0.84730136,0.8490566
00045938.jpg,0.71894187,0.6637742
00044394.jpg,0.8223549,0.7334112
00015539.jpg,0.8337885,0.7359534
00028522.jpg,0.782907,0.7123954
00015167.jpg,0.8277496,1.0
00053726.jpg,0.76893127,0.8174304
00004030.jpg,0.85464543,0.9009992
00043541.jpg,0.81742674,0.7827666
00019277.jpg,0.83170086,0.8385856
00018338.jpg,0.8291464,0.7934378
00055667.jpg,0.826267,0.8782142
00055324.jpg,0.70203006,0.736787
8c620ba803c05daa.jpg,0.50706387,0.5566038
00035856.jpg,0.7052581,0.7176008
3621d630ce4d726b.jpg,0.76244617,0.74725276
00037903.jpg,0.54115516,0.5189134
00034565.jpg,0.75454366,0.795188
00026767.jpg,0.6986425,0.6118304
00037418.jpg,0.76865906,0.748238
00004407.jpg,0.8137844,0.8148298
00004273.jpg,0.84082156,0.8434502
00045185.jpg,0.78887635,0.663009
00011928.jpg,0.74306893,0.6819644
00041821.jpg,0.71029854,0.6457518
00023062.jpg,0.7676465,0.8148074
