image_path,pred_score,true_score
00005772.jpg,0.77903575,0.7897936
00041188.jpg,0.79209965,0.7499194
00043502.jpg,0.70550793,0.7674162
00032292.jpg,0.77574617,0.7649608
00015954.jpg,0.70197994,0.6918384
00049423.jpg,0.7018234,0.633023
00056447.jpg,0.777101,0.8418288
00041735.jpg,0.74949545,0.75179
00014825.jpg,0.61104804,0.7038096
00005391.jpg,0.66586816,0.6768844
00056191.jpg,0.8579628,0.8938316
00032312.jpg,0.7557009,0.7741824
000000318464.jpg,0.60462046,0.6037736
00045046.jpg,0.6421091,0.7070152
00042716.jpg,0.5853152,0.6307006
00052235.jpg,0.6665287,0.6973936
00014265.jpg,0.73400384,0.8764728
00015304.jpg,0.74020875,0.7237096
00021615.jpg,0.6468061,0.6756578
00007017.jpg,0.8855743,0.8675828
00022129.jpg,0.79554665,0.85181
00053327.jpg,0.74044234,0.7380304
00040063.jpg,0.66410434,0.56213
00029872.jpg,0.79894495,0.8191126
000000242368.jpg,0.7949237,0.7685185
00028010.jpg,0.85446304,0.77096
n09428293_2791.jpg,0.5696168,0.6091954
n04610013_24979.jpg,0.70276785,0.70454544
n07863374_18711.jpg,0.867349,0.8269231
00051407.jpg,0.75422865,0.8109756
000000494707.jpg,0.66446674,0.72043014
00008842.jpg,0.67211306,0.7200902
sun_aafufhgywldccful.jpg,0.563565,0.5754717
00012888.jpg,0.73207635,0.7313142
00058553.jpg,0.81622833,0.9042374
00021493.jpg,0.8020837,0.8900404
00048069.jpg,0.7164392,0.7125108
00018382.jpg,0.77751726,0.7566512
00006846.jpg,0.6409444,0.6517136
00034442.jpg,0.6761181,0.7010844
00004191.jpg,0.7771533,0.8944132
00000351.jpg,0.6455497,0.4809204
00005071.jpg,0.53102934,0.5201982
00047591.jpg,0.837315,0.896867
00032569.jpg,0.54968554,0.6095086
n04467665_28965.jpg,0.79508716,0.67741936
00011917.jpg,0.68372107,0.7591698
00016022.jpg,0.8170687,0.8082222
00034141.jpg,0.5443868,0.5886764
00010608.jpg,0.5587377,0.3730854
n07863374_15623.jpg,0.7936101,0.56989247
00003041.jpg,0.77353567,0.8529428
n02946348_601.jpg,0.7053275,0.72
00054244.jpg,0.6900967,0.7726628
00036885.jpg,0.6741732,0.6494208
00023776.jpg,0.7002523,0.6302768
000000038919.jpg,0.6475216,0.62
00013087.jpg,0.6883437,0.6472476
00052198.jpg,0.7732381,0.9234018
n07863374_18636.jpg,0.8371864,0.8636364
00026578.jpg,0.9139534,0.8288714
00014997.jpg,0.7439365,0.703446
00054833.jpg,0.45477098,0.5391684
00027216.jpg,0.7900977,0.848534
00056920.jpg,0.8423138,0.8431172
00009087.jpg,0.7010652,0.7700068
00042784.jpg,0.68731177,0.6698792
00010610.jpg,0.61906445,0.5596538
00040576.jpg,0.73262966,0.810822
00058672.jpg,0.62428427,0.7179092
00029592.jpg,0.90154916,0.9279262
00032547.jpg,0.5655637,0.4696306
00049658.jpg,0.8617261,0.9002266
00000814.jpg,0.8620085,0.838186
00031166.jpg,0.71713144,0.8316212
00035308.jpg,0.59592986,0.4837264
n09421951_11867.jpg,0.6501759,0.6421053
00026336.jpg,0.63398665,0.5598152
00013321.jpg,0.6176162,0.6226314
559d6b3d60bdf647.jpg,0.6852747,0.75
00007165.jpg,0.67598236,0.5140002
4ec1db0726dc0eb9.jpg,0.56688344,0.5555556
00003535.jpg,0.727282,0.8277596
00010428.jpg,0.8616457,0.8061024
00025933.jpg,0.6729168,0.6386094
00022798.jpg,0.65243137,0.6604426
00046711.jpg,0.7939611,0.730149
00024751.jpg,0.633644,0.75749
00009658.jpg,0.6950628,0.4828198
00043025.jpg,0.70447165,0.6987392
00031569.jpg,0.67708707,0.7069946
00018150.jpg,0.7436144,0.6749192
00006134.jpg,0.76236975,0.837312
00027860.jpg,0.84341854,0.8976438
00001689.jpg,0.8298425,0.7527854
00014399.jpg,0.7777925,0.8390852
00058254.jpg,0.7660492,0.8451062
00030951.jpg,0.7384713,0.7054578
00052025.jpg,0.8144482,0.7375328
00032901.jpg,0.54998004,0.5831128
00024879.jpg,0.63334835,0.5448958
00028073.jpg,0.80636495,0.8072832
00052017.jpg,0.6332294,0.6872288
00004765.jpg,0.6990858,0.5722282
00039575.jpg,0.6546823,0.7107796
00003766.jpg,0.7768408,0.8295392
00048859.jpg,0.6779007,0.6896526
n02324045_31803.jpg,0.80520695,0.8235294
00002859.jpg,0.74914056,0.887601
00051147.jpg,0.7159225,0.8088068
sun_acjgmeycvyfhcccn.jpg,0.57862836,0.4347826
00029984.jpg,0.81138223,0.8816956
00026159.jpg,0.6342833,0.5523636
00008157.jpg,0.77238923,0.8239694
00011370.jpg,0.8288425,0.955145
00051324.jpg,0.76183146,0.712032
sun_aacbgqunsjqeatcv.jpg,0.6072263,0.4347826
00034989.jpg,0.72700876,0.6737324
00000106.jpg,0.759749,0.843925
00021361.jpg,0.67290103,0.6717018
00007592.jpg,0.6412281,0.6243026
00010325.jpg,0.8975242,0.8902252
00047137.jpg,0.6271332,0.60489
00008112.jpg,0.8649846,0.887938
00052442.jpg,0.7900422,0.7986542
00039967.jpg,0.7677775,0.7315484
00046736.jpg,0.6488017,0.6706956
00004967.jpg,0.7686824,0.7579706
00054863.jpg,0.8071479,0.7512282
00045199.jpg,0.7782387,0.7028686
00009714.jpg,0.7952793,0.7788786
00035142.jpg,0.5871309,0.633014
00033677.jpg,0.7119777,0.6068434
00005765.jpg,0.7918312,0.8078296
00016652.jpg,0.8037042,0.8560226
00046575.jpg,0.66939616,0.672327
00003677.jpg,0.6983076,0.8093302
00023629.jpg,0.7467725,0.857771
00004371.jpg,0.7643041,0.753167
9eb13ec3324f5d88.jpg,0.8760615,0.8
n04461696_21110.jpg,0.7966803,0.9072165
00008729.jpg,0.64453125,0.4754578
00015969.jpg,0.723569,0.7892952
00053904.jpg,0.6871695,0.7314312
00012850.jpg,0.8413126,0.853841
00004456.jpg,0.7992931,0.79569
00056564.jpg,0.7787472,0.7847436
00010236.jpg,0.7734014,0.822138
n07838073_22187.jpg,0.8132465,0.8
n02431441_6984.jpg,0.77834636,0.75
00021374.jpg,0.7427877,0.9268378
00013878.jpg,0.71674126,0.8214216
00039746.jpg,0.7655566,0.8531194
00032929.jpg,0.70451355,0.7944626
n02793495_7506.jpg,0.62054884,0.675
00027151.jpg,0.7048372,0.817536
ebf78708d9a7bfa8.jpg,0.6233879,0.6296296
00000638.jpg,0.63870007,0.6733472
00028632.jpg,0.6132695,0.467431
00033763.jpg,0.6584907,0.6477582
00016711.jpg,0.8008816,0.915764
00021505.jpg,0.55120987,0.552479
00044767.jpg,0.68335694,0.7801074
00058626.jpg,0.80690867,0.8273078
00003460.jpg,0.8526466,0.9020494
00005715.jpg,0.69861346,0.731956
00039584.jpg,0.70093536,0.6224608
n02396427_2723.jpg,0.8657306,0.9101124
00056945.jpg,0.5687455,0.345941
00003947.jpg,0.77273,0.8315274
sun_azgczltqhsuihlwx.jpg,0.5878305,0.49056605
00057078.jpg,0.73310786,0.7005002
00029488.jpg,0.71375555,0.713897
00055461.jpg,0.77291906,0.7735502
00038272.jpg,0.5969752,0.5594798
00036778.jpg,0.6592351,0.7349566
00042916.jpg,0.6910036,0.7968398
00004220.jpg,0.87637806,0.8864742
00008917.jpg,0.8057318,0.9158572
00042824.jpg,0.75083137,0.7754922
00040033.jpg,0.74320143,0.669428
00018577.jpg,0.5521478,0.5733216
00045733.jpg,0.7532198,0.9084862
n07690273_22317.jpg,0.8234107,0.90384614
00021046.jpg,0.9224226,0.9396724
00056175.jpg,0.6157491,0.5564062
00010644.jpg,0.8492901,0.8705982
00029379.jpg,0.68153405,0.707426
00009099.jpg,0.5745684,0.6479428
00040619.jpg,0.80054796,0.841137
00039185.jpg,0.7954674,0.9393446
00025518.jpg,0.8710265,0.9716054
00015508.jpg,0.8144322,0.7270028
00030902.jpg,0.6490586,0.567684
00010537.jpg,0.7535928,0.7489834
00006772.jpg,0.80534226,0.7450074
00008578.jpg,0.82985526,0.9018372
00043855.jpg,0.78745085,0.7589812
00051641.jpg,0.6834129,0.7455934
00053347.jpg,0.83776486,0.9365542
00026980.jpg,0.79967695,0.749359
00030058.jpg,0.63320494,0.8002806
00012505.jpg,0.8409353,0.786185
00048329.jpg,0.78360796,0.8294284
00022105.jpg,0.86359864,0.8940674
00029643.jpg,0.72920984,0.9140492
00012287.jpg,0.77341205,0.8521464
00045003.jpg,0.66028893,0.64662
00046197.jpg,0.8466429,0.9240532
00038701.jpg,0.6418696,0.6167582
00030313.jpg,0.73512757,0.7681368
00023603.jpg,0.80934757,0.9000478
00048672.jpg,0.64490265,0.6287656
00044446.jpg,0.7671625,0.7750524
00044198.jpg,0.680427,0.7922372
n02118333_7668.jpg,0.7914091,0.87234044
00033241.jpg,0.70943147,0.774519
00056943.jpg,0.83944035,0.8926126
00006563.jpg,0.6771313,0.6476626
00021536.jpg,0.79909307,0.756639
n03512147_1585.jpg,0.7771375,0.74666667
n03594945_4404.jpg,0.7547682,0.77227724
00026325.jpg,0.5712418,0.6024518
00045140.jpg,0.78036946,0.8252356
00040002.jpg,0.7877882,0.7534342
00025691.jpg,0.6876997,0.712474
00019306.jpg,0.72921723,0.716565
00057992.jpg,0.78719026,0.8907444
00018941.jpg,0.7777423,0.7447746
00010651.jpg,0.8276927,0.8451572
00016207.jpg,0.8877059,0.9742668
00017280.jpg,0.70776683,0.7741154
00004756.jpg,0.60814124,0.589451
00050466.jpg,0.6568169,0.829428
00042001.jpg,0.6914189,0.5964848
n09393605_32348.jpg,0.66591394,0.5588235
00032730.jpg,0.80118674,0.891988
00048926.jpg,0.6952695,0.709169
00056801.jpg,0.8235453,0.8602868
n09415671_19391.jpg,0.59551144,0.45833334
00006851.jpg,0.8183307,0.8097366
00038420.jpg,0.65902,0.627512
00003594.jpg,0.75921583,0.7775676
00011617.jpg,0.61171526,0.513723
00014179.jpg,0.77713066,0.7582324
00016752.jpg,0.79318434,0.8145522
00047843.jpg,0.83193636,0.914476
00030700.jpg,0.84273976,0.7187406
00009292.jpg,0.7223746,0.6900832
00027708.jpg,0.83316696,0.8498198
00044951.jpg,0.8292665,0.7988506
n02396427_10212.jpg,0.65958124,0.70408165
00051665.jpg,0.63202804,0.629142
00022101.jpg,0.7523144,0.819983
00023503.jpg,0.70469,0.7851636
n04587559_10908.jpg,0.6191268,0.53932583
00003470.jpg,0.60811853,0.4801324
00025974.jpg,0.6600026,0.7707804
d57c16af2d536088.jpg,0.7582608,0.7282609
00029079.jpg,0.81808907,0.8357788
00044901.jpg,0.76553696,0.7682178
00008159.jpg,0.8866528,0.8579266
00047451.jpg,0.8350646,0.8492946
00033146.jpg,0.8521426,0.8419864
n02342885_10581.jpg,0.8540481,0.9381443
00040424.jpg,0.7046895,0.8182806
00023736.jpg,0.7379496,0.7672984
00051316.jpg,0.7945399,0.8852176
00052688.jpg,0.8257511,0.8533936
00057463.jpg,0.827885,0.8470348
00001284.jpg,0.59198165,0.4663096
00048609.jpg,0.58802056,0.659766
00006922.jpg,0.64191526,0.5052844
00004225.jpg,0.8332972,0.9225966
n04610013_2835.jpg,0.7256874,0.6754386
00057548.jpg,0.8436641,0.844597
00051460.jpg,0.76356876,0.730711
00012496.jpg,0.7516119,0.7676942
00022217.jpg,0.797525,0.879189
00008908.jpg,0.55836785,0.5999846
00032236.jpg,0.82236,0.804557
00022237.jpg,0.70689225,0.9009128
sun_akscftsonlgcygdr.jpg,0.6706315,0.62637365
00008335.jpg,0.806691,0.9125432
00006535.jpg,0.65126383,0.6290978
n03670208_7734.jpg,0.79676676,0.8854167
00019864.jpg,0.802743,0.8133444
00041518.jpg,0.70570827,0.8946448
00021394.jpg,0.8101953,0.7848046
00045317.jpg,0.83644,0.7911646
000000256662.jpg,0.88288444,0.88461536
00014645.jpg,0.73927826,0.8991892
00007484.jpg,0.77810067,0.7513192
00038331.jpg,0.5215466,0.6366608
000000063290.jpg,0.8471021,0.8640777
00029779.jpg,0.8227383,0.8744398
00017066.jpg,0.64978075,0.6626264
00007930.jpg,0.79474646,0.7810258
00041235.jpg,0.68415195,0.6349992
n07690273_20948.jpg,0.8234931,0.9052632
00021977.jpg,0.81463706,0.8396296
00007050.jpg,0.5713432,0.70971
00050962.jpg,0.7823331,0.8980364
00004189.jpg,0.8137748,0.8725502
00001751.jpg,0.67322063,0.7356612
00041296.jpg,0.7154973,0.756373
00049306.jpg,0.7488654,0.7847384
00008077.jpg,0.79417634,0.796787
00035209.jpg,0.71430326,0.8163002
00041232.jpg,0.77323663,0.7942726
n09415671_20286.jpg,0.60223943,0.43023255
00017553.jpg,0.64431965,0.7055578
00022325.jpg,0.6564144,0.7957384
00017096.jpg,0.6212021,0.5425184
00036864.jpg,0.6643357,0.5276174
n07849336_20238.jpg,0.7671884,0.77011496
00009745.jpg,0.6143805,0.61659
n02934451_20914.jpg,0.73759615,0.8727273
00052595.jpg,0.8702916,0.937221
00023796.jpg,0.72254634,0.7044882
00012076.jpg,0.84102285,0.7502056
00009172.jpg,0.69289374,0.572179
00033190.jpg,0.742269,0.8971702
00015129.jpg,0.6795683,0.5883002
00027152.jpg,0.8943873,0.8340212
00025031.jpg,0.68867135,0.7744794
00000767.jpg,0.7569712,0.8280804
00017087.jpg,0.80959815,0.7363486
00038835.jpg,0.7112325,0.7889426
00039667.jpg,0.65526783,0.6907862
00011071.jpg,0.74515325,0.825731
00047246.jpg,0.745753,0.76263
00052048.jpg,0.68984616,0.7219114
00032455.jpg,0.72708017,0.8689546
00049483.jpg,0.71347,0.6791874
00006297.jpg,0.8744715,0.9661884
00019412.jpg,0.78051925,0.7140684
00054002.jpg,0.6643039,0.673288
00022306.jpg,0.68485075,0.622391
00004341.jpg,0.72240204,0.6373526
a0c5e577c169edb2.jpg,0.7528851,0.8207547
00033100.jpg,0.86361235,0.8309658
000000555062.jpg,0.87127334,0.9108911
00033485.jpg,0.85396165,0.899618
00004458.jpg,0.660794,0.8306754
00000907.jpg,0.8162642,0.8304418
00013498.jpg,0.8509063,0.9059612
00013143.jpg,0.68100643,0.5107684
00043003.jpg,0.69789636,0.6252846
00011955.jpg,0.68563616,0.627708
00034792.jpg,0.635204,0.6016246
00007373.jpg,0.7665321,0.802152
n07849336_20401.jpg,0.82269317,0.95555556
n02691156_12560.jpg,0.6565718,0.7234042
00045239.jpg,0.8494533,0.847209
00040366.jpg,0.5570849,0.5640562
00041214.jpg,0.81165427,0.886692
00032846.jpg,0.8498891,0.974244
00002174.jpg,0.8295241,0.7556384
000000051001.jpg,0.8226419,0.8952381
00025587.jpg,0.51773715,0.7819778
00007660.jpg,0.73852867,0.7244404
00031253.jpg,0.81105745,0.8156436
00010070.jpg,0.86696124,0.9217802
00051364.jpg,0.8028466,0.6413468
00018015.jpg,0.82254714,0.8966638
00032095.jpg,0.63124114,0.7071776
00020965.jpg,0.83661133,0.9325694
00034634.jpg,0.6108675,0.665427
00021718.jpg,0.6736783,0.615302
00046950.jpg,0.686754,0.8598882
n07711569_4905.jpg,0.80145234,0.9126214
00011276.jpg,0.78519243,0.772644
00048905.jpg,0.773552,0.7749656
00004158.jpg,0.62502164,0.7346378
00002207.jpg,0.95621437,0.919137
00016731.jpg,0.6853758,0.7103526
00010422.jpg,0.72966266,0.733103
00055836.jpg,0.655048,0.62247
00043203.jpg,0.622152,0.5912282
00046651.jpg,0.75224715,0.820695
00037964.jpg,0.685947,0.7452014
00055700.jpg,0.8188992,0.8219728
00035577.jpg,0.65075153,0.6354832
00025619.jpg,0.94040287,0.9372664
sun_avjgnengissyhclc.jpg,0.62392247,0.5480769
00011321.jpg,0.73298746,0.7698172
00041287.jpg,0.70288026,0.6418784
00021750.jpg,0.60743886,0.6176734
00007162.jpg,0.7266083,0.6826322
00041263.jpg,0.78291136,0.8096536
00010874.jpg,0.67872065,0.510283
00044521.jpg,0.6511625,0.8168604
00010715.jpg,0.717017,0.7215264
00021026.jpg,0.77155644,0.8477984
00001927.jpg,0.71103674,0.6781508
n02129165_4588.jpg,0.8143857,0.90816325
n02132580_24520.jpg,0.79022056,0.8965517
00051948.jpg,0.8238885,0.888767
00013940.jpg,0.8487925,0.7787362
00032822.jpg,0.7818782,0.9224502
n09468604_1698.jpg,0.5348557,0.5106383
00019676.jpg,0.6228913,0.5664606
00041966.jpg,0.85061795,0.9372866
00002848.jpg,0.8458125,0.9095954
00045518.jpg,0.8105919,0.8084532
00029063.jpg,0.7892321,0.826109
00010367.jpg,0.86784124,0.833344
00022170.jpg,0.69892895,0.7512378
00010939.jpg,0.53235775,0.4236578
00053518.jpg,0.78385377,0.7951802
00000759.jpg,0.7046992,0.6570476
00049017.jpg,0.72174084,0.8610864
00000477.jpg,0.77467287,0.8161836
00007497.jpg,0.7559896,0.7386548
00053246.jpg,0.82592994,0.8064918
n04335435_11388.jpg,0.7603752,0.7938144
00014986.jpg,0.90025675,0.9437802
n07806221_23555.jpg,0.7916638,0.87628865
00051980.jpg,0.8431412,0.8545782
00010288.jpg,0.6995884,0.79107
00036032.jpg,0.670772,0.5502926
00006703.jpg,0.77304983,0.7522528
00012073.jpg,0.86411196,0.8474796
00047865.jpg,0.6991761,0.7994748
00038451.jpg,0.57910466,0.6747466
00052258.jpg,0.7138333,0.7221814
00055460.jpg,0.6188096,0.741268
00024841.jpg,0.7695598,0.8647004
2fdb25f2d29f9efa.jpg,0.8080864,0.85263157
n07693725_11246.jpg,0.87887007,0.90425533
00022522.jpg,0.7266034,0.8162106
00050935.jpg,0.7445941,0.8533568
00025411.jpg,0.831443,0.7142866
00028534.jpg,0.8102724,0.7916028
00053282.jpg,0.6068404,0.7187204
00031294.jpg,0.76792854,0.8568364
00024366.jpg,0.85102296,0.909514
00051533.jpg,0.81832534,0.8546858
n03384352_3206.jpg,0.78416395,0.875
00044212.jpg,0.73633575,0.5929258
00011762.jpg,0.74637353,0.9032858
00019626.jpg,0.7815352,0.8951198
00023129.jpg,0.61272144,0.6804132
00012952.jpg,0.5983043,0.6998342
00015414.jpg,0.83060944,0.8613372
00022753.jpg,0.7654212,0.8599248
00032693.jpg,0.78939295,0.8076678
000000534311.jpg,0.7274732,0.6179775
00022578.jpg,0.800907,0.8510366
00031790.jpg,0.7178741,0.6670552
00028930.jpg,0.8216159,0.809387
00050250.jpg,0.8859355,0.910213
00027633.jpg,0.8172055,0.8261418
000000267136.jpg,0.6997922,0.8956522
00055374.jpg,0.6194318,0.6015696
00026979.jpg,0.7458655,0.634093
n04465501_1949.jpg,0.7781562,0.8130841
n07717556_81.jpg,0.8001778,0.88461536
00046443.jpg,0.78886694,0.6935824
00040920.jpg,0.7207739,0.7505594
00008386.jpg,0.76859576,0.7168116
00031722.jpg,0.7586258,0.7488128
00031792.jpg,0.86352855,0.7521846
00034275.jpg,0.6652366,0.6704618
00022568.jpg,0.71527207,0.7931652
00005670.jpg,0.5848038,0.6150446
n07850329_9140.jpg,0.78277874,0.7111111
00052163.jpg,0.779167,0.729075
00002830.jpg,0.80728954,0.8327014
00014797.jpg,0.7994236,0.8625956
n09289331_7811.jpg,0.5725287,0.36263737
00037300.jpg,0.7699414,0.774674
00032139.jpg,0.8486522,0.8568498
00051689.jpg,0.76054245,0.7045192
n04610013_2959.jpg,0.7293483,0.7032967
00017196.jpg,0.8086533,0.7264676
00028845.jpg,0.6376891,0.6193764
00051962.jpg,0.7227931,0.6923034
00016874.jpg,0.7139153,0.7425388
00046308.jpg,0.8923323,0.9073966
000000541635.jpg,0.85488147,0.9230769
00012126.jpg,0.741587,0.6729434
00048507.jpg,0.7764898,0.93652
00009891.jpg,0.7200235,0.5449504
00041384.jpg,0.83903855,0.8144754
00028343.jpg,0.7458088,0.5762128
00006426.jpg,0.7170599,0.8487994
00050420.jpg,0.86311585,0.9659106
00038210.jpg,0.6278978,0.72331
00017172.jpg,0.8066558,0.8656698
00009880.jpg,0.77557623,0.781394
00058593.jpg,0.66978216,0.7166918
00014049.jpg,0.6745787,0.745055
n07711569_5820.jpg,0.8542673,0.9026549
00017335.jpg,0.6925099,0.7315632
00034972.jpg,0.70476055,0.7927798
b05e042522cd4195.jpg,0.5808402,0.50617284
00044424.jpg,0.72953737,0.7814496
00042626.jpg,0.70080054,0.729303
00012403.jpg,0.66853887,0.5996616
00043984.jpg,0.6237807,0.607093
sun_aiynsrgvdjyalznn.jpg,0.5661854,0.45652175
00041372.jpg,0.83959275,0.957478
00025969.jpg,0.5986413,0.5746732
00049431.jpg,0.8635348,0.8703536
00023655.jpg,0.6462823,0.652186
00001317.jpg,0.757467,0.8004848
n04461696_6327.jpg,0.76807475,0.6923077
00016231.jpg,0.65825516,0.6202326
00045167.jpg,0.77740914,0.8251518
0c3228734c66d31b.jpg,0.80346364,0.86538464
00002321.jpg,0.8416187,0.951017
00044871.jpg,0.62143403,0.587186
00021315.jpg,0.58934724,0.5576732
00021581.jpg,0.69605315,0.7210894
00024900.jpg,0.6151592,0.689914
00056953.jpg,0.80381376,0.8621198
00018011.jpg,0.72769135,0.794291
00030784.jpg,0.7702518,0.8040072
n02324045_6994.jpg,0.8195538,0.75961536
00002608.jpg,0.77609533,0.8171998
00051335.jpg,0.8847943,0.8639714
000000315381.jpg,0.73880804,0.74
00045813.jpg,0.7533242,0.7612732
00045446.jpg,0.7297679,0.8179538
00007399.jpg,0.8146647,0.7824772
00055814.jpg,0.7682942,0.8567836
00034920.jpg,0.48143038,0.517683
00032185.jpg,0.8426875,0.9230616
00042362.jpg,0.7995798,0.7770798
00034765.jpg,0.6236896,0.6487896
00015427.jpg,0.7616069,0.9310676
00023562.jpg,0.7041099,0.612734
00020438.jpg,0.80430156,0.8090426
00012376.jpg,0.5040895,0.5042524
00033753.jpg,0.5710284,0.6119778
00021365.jpg,0.7933929,0.821106
00051090.jpg,0.7839125,0.7872666
00002741.jpg,0.8567016,0.8163192
00014595.jpg,0.7683969,0.6689726
00049946.jpg,0.7807239,0.8039598
n07680932_11247.jpg,0.89753,0.9756098
n07711569_5007.jpg,0.8946617,0.9074074
00039237.jpg,0.6112071,0.6508812
00048525.jpg,0.7325813,0.690466
00027939.jpg,0.8601312,0.7359982
00049826.jpg,0.83574545,0.9692688
00041925.jpg,0.6893446,0.7812868
00023941.jpg,0.6840917,0.6683474
00019206.jpg,0.6146428,0.6668106
00040439.jpg,0.60405844,0.6776676
00046040.jpg,0.6474156,0.6499612
00057657.jpg,0.7163609,0.7601312
00056843.jpg,0.67131406,0.6335758
00018225.jpg,0.60978657,0.6541984
n02450034_9515.jpg,0.74539965,0.7765958
00033562.jpg,0.7763242,0.6735232
00016756.jpg,0.6733992,0.784788
00027132.jpg,0.7845604,0.7428346
00022340.jpg,0.7731069,0.8044542
n00440941_10802.jpg,0.76150995,0.7757009
00050429.jpg,0.8153144,0.8936732
00034407.jpg,0.8416497,0.9243206
n07849336_21355.jpg,0.81780607,0.7980769
00055928.jpg,0.8895562,0.8891346
00029436.jpg,0.6102743,0.6843436
00032707.jpg,0.7955786,0.929676
00029831.jpg,0.7359051,0.6049748
00000004.jpg,0.8282706,0.788467
00036141.jpg,0.63579184,0.7385658
00009335.jpg,0.52723634,0.4934836
n07717556_6559.jpg,0.8360015,0.92
00042500.jpg,0.7043015,0.662312
00045624.jpg,0.694276,0.6926474
9e9a9795ec31cae4.jpg,0.8097617,0.7777778
00009810.jpg,0.8785279,0.8884578
n09393605_57047.jpg,0.63803315,0.509434
00028058.jpg,0.886553,0.9348354
00019384.jpg,0.79155356,0.7638034
00041150.jpg,0.70794207,0.7163224
00043114.jpg,0.7611243,0.8092604
00006863.jpg,0.8424121,0.833904
d4844275f480e5ce.jpg,0.6986954,0.62068963
n04465501_13294.jpg,0.7026428,0.59090906
00043867.jpg,0.7022075,0.764955
00023928.jpg,0.86676353,0.9713868
00017911.jpg,0.822269,0.8349752
00004354.jpg,0.6947443,0.7934294
00028155.jpg,0.6399385,0.6300268
00008768.jpg,0.74047613,0.6842404
00050854.jpg,0.70624936,0.8011684
00002647.jpg,0.7214034,0.7857902
n07716358_680.jpg,0.9469821,0.94623655
00031916.jpg,0.85227686,0.881463
00050675.jpg,0.8305884,0.7612002
00053649.jpg,0.8010116,0.7890564
00029697.jpg,0.63561016,0.6159228
00033280.jpg,0.7850326,0.7811232
00054654.jpg,0.69689006,0.8376924
00058394.jpg,0.75363976,0.805415
00037559.jpg,0.6203357,0.5928026
00029080.jpg,0.6787158,0.767349
000000407768.jpg,0.7711013,0.75
00058457.jpg,0.8549201,0.874197
741cb9983009b9d4.jpg,0.60539985,0.5277778
00036264.jpg,0.5656596,0.5711386
00029129.jpg,0.9161223,0.8237846
00051558.jpg,0.7207424,0.5017554
00018731.jpg,0.80748993,0.8159934
00002178.jpg,0.8874789,0.8511786
00045328.jpg,0.5893818,0.5099834
00035351.jpg,0.63935447,0.717001
00001276.jpg,0.6388076,0.7466134
00009699.jpg,0.65445375,0.5868646
n02132580_21450.jpg,0.7628346,0.8181818
00004547.jpg,0.6887138,0.6702958
00019587.jpg,0.7348036,0.6929768
00053516.jpg,0.77865976,0.7523638
00049816.jpg,0.7552889,0.5732874
00026060.jpg,0.79876584,0.808677
00019039.jpg,0.69811213,0.6063248
n03351262_897.jpg,0.76403195,0.74358976
00056685.jpg,0.662753,0.6819588
00053168.jpg,0.8410342,0.8903138
000000212095.jpg,0.788016,0.85106385
n02118333_9049.jpg,0.8136328,0.8165138
00006621.jpg,0.8085275,0.8302092
00008022.jpg,0.81771284,0.861908
n07711569_4200.jpg,0.8409235,0.7802198
00020623.jpg,0.83533275,0.8188302
00035416.jpg,0.6441406,0.529334
00008447.jpg,0.9046472,0.8039764
00016700.jpg,0.6855267,0.702023
00014992.jpg,0.60948926,0.5817772
00057045.jpg,0.663152,0.6987414
00013967.jpg,0.7927279,0.8245844
00010648.jpg,0.727699,0.7843774
00039353.jpg,0.6445145,0.5739602
00024275.jpg,0.5482535,0.5291678
00028315.jpg,0.779598,0.7768858
00056218.jpg,0.6309968,0.772826
00030136.jpg,0.8561385,0.9099114
00044079.jpg,0.58418024,0.5500906
00013221.jpg,0.6409476,0.6201356
00052643.jpg,0.7572797,0.8171966
000000289354.jpg,0.7747419,0.8367347
00049505.jpg,0.7624313,0.8246922
00034946.jpg,0.6112371,0.6239636
00028941.jpg,0.81810194,0.9105556
00051428.jpg,0.6921712,0.7773876
00007792.jpg,0.79008675,0.8962196
00029604.jpg,0.71758074,0.7290296
n04467665_21912.jpg,0.7563922,0.8023256
00028407.jpg,0.68248945,0.673317
00035225.jpg,0.6340385,0.630491
00049151.jpg,0.80044824,0.786296
000000009768.jpg,0.8732863,0.83
n04335435_11527.jpg,0.7189652,0.754717
00016802.jpg,0.6617517,0.5637416
n07690273_23601.jpg,0.85974056,0.8396226
00040601.jpg,0.7180199,0.7373906
n03670208_11267.jpg,0.8181605,0.95327103
00021645.jpg,0.7364825,0.8004742
00056956.jpg,0.6825804,0.5831752
00030185.jpg,0.8705848,0.7853602
00041487.jpg,0.76935846,0.7814674
00011568.jpg,0.79396594,0.8760166
fd12abc98c5136f6.jpg,0.6381742,0.6627907
00040936.jpg,0.72912747,0.699493
00043498.jpg,0.72356606,0.7982922
00007929.jpg,0.7867477,0.8985524
00001326.jpg,0.6292712,0.7119032
00038522.jpg,0.5794042,0.6918008
00051753.jpg,0.7889138,0.8238524
00021916.jpg,0.8504551,0.8957088
00048531.jpg,0.705228,0.7419756
00055831.jpg,0.7244355,0.810964
00048290.jpg,0.9131349,0.922101
00039186.jpg,0.7988381,0.8914368
00018949.jpg,0.6475522,0.7158914
00023303.jpg,0.5980207,0.5569568
00030450.jpg,0.822403,0.7925504
00017449.jpg,0.8345508,0.8556714
00020878.jpg,0.80898887,0.8840444
00032925.jpg,0.8257376,0.874965
00044707.jpg,0.7468056,0.7252028
00034180.jpg,0.6405926,0.6497762
00053378.jpg,0.6551523,0.7009578
00007386.jpg,0.75641924,0.75183
00056348.jpg,0.739145,0.9233208
00003163.jpg,0.6992048,0.8177444
00003900.jpg,0.5657204,0.5478892
00014834.jpg,0.6922893,0.741816
00045309.jpg,0.7356405,0.6476872
00026457.jpg,0.59831655,0.7612514
00044439.jpg,0.67610455,0.753828
00046992.jpg,0.7154593,0.7135596
00033652.jpg,0.662974,0.700009
00040150.jpg,0.8240693,0.8414172
00051644.jpg,0.9017035,1.0
00048142.jpg,0.83496296,0.9844524
b824501af079ad43.jpg,0.6309308,0.5849057
00010780.jpg,0.6723131,0.7777178
00022559.jpg,0.86523825,0.9239558
00014898.jpg,0.50746673,0.6085886
00054042.jpg,0.92242306,0.9541844
00026672.jpg,0.79088265,0.8204914
00039728.jpg,0.81840056,0.8116806
000000411182.jpg,0.8835463,0.9009009
00021372.jpg,0.67572314,0.6696572
00048344.jpg,0.79806894,0.68662
n07711569_3584.jpg,0.78424704,0.8076923
00038383.jpg,0.606748,0.6084534
00003954.jpg,0.69446504,0.6577504
00022754.jpg,0.6817378,0.748701
00008302.jpg,0.79777473,0.8777178
00042735.jpg,0.68889487,0.626093
00000594.jpg,0.86021835,0.9073828
00008873.jpg,0.6862736,0.7842122
00053821.jpg,0.7869309,0.7215748
00010901.jpg,0.7237578,0.7628406
00057860.jpg,0.5892645,0.6537798
00027346.jpg,0.72234493,0.6746166
00037171.jpg,0.67193115,0.553185
00055901.jpg,0.83011067,0.8483152
00053136.jpg,0.78400135,0.7545048
00014419.jpg,0.7325333,0.4791506
00037532.jpg,0.7685458,0.827723
00012780.jpg,0.72645897,0.7552538
00014655.jpg,0.7500929,0.6856396
00042103.jpg,0.7905111,0.8580256
00010778.jpg,0.8128962,0.8715984
00046682.jpg,0.709342,0.6921254
00013696.jpg,0.7911981,0.8380328
00004992.jpg,0.76418346,0.7783802
00057619.jpg,0.816701,0.754565
5540b1af6082d5e4.jpg,0.6081652,0.5877193
n04349306_5722.jpg,0.79011124,0.84090906
00002159.jpg,0.543978,0.5012016
000000101979.jpg,0.6665919,0.68085104
0e8bb816c0cb5fbe.jpg,0.59468126,0.61403507
00014948.jpg,0.7650253,0.755492
00003466.jpg,0.67237383,0.7563296
00056925.jpg,0.7055774,0.8235996
00003425.jpg,0.8471636,0.8739328
sun_aliffdbpuityevxn.jpg,0.5869745,0.5346535
00034430.jpg,0.76120406,0.7826512
00024104.jpg,0.77858347,0.8890954
00050324.jpg,0.67070186,0.7295618
00035266.jpg,0.63283825,0.4856952
00032518.jpg,0.755426,0.7846296
00010075.jpg,0.7363473,0.8467492
00029417.jpg,0.76792246,0.7499576
00046822.jpg,0.7078606,0.6927028
00034689.jpg,0.63044196,0.6123958
00043181.jpg,0.7622326,0.87547
00025195.jpg,0.67408895,0.7471312
00053218.jpg,0.77050436,0.885777
00012361.jpg,0.8920942,0.8610192
00000448.jpg,0.7761882,0.8042746
00025867.jpg,0.8728181,0.843907
00045922.jpg,0.698493,0.757648
00008906.jpg,0.7554633,0.8057932
00024564.jpg,0.52775997,0.6283388
00022793.jpg,0.8341928,0.8836678
00058466.jpg,0.5678481,0.7151346
00015297.jpg,0.71010715,0.8254798
00020137.jpg,0.7172757,0.6739176
00044837.jpg,0.7472491,0.766522
00044560.jpg,0.7750505,0.7771282
00042146.jpg,0.6221666,0.5757342
00006668.jpg,0.9163143,0.912457
00032821.jpg,0.7539162,0.671421
00022734.jpg,0.7433815,0.7494688
00003575.jpg,0.8143997,0.7668866
00012600.jpg,0.66483957,0.6993062
00016816.jpg,0.7286898,0.7449082
00034779.jpg,0.6638025,0.5984858
00024155.jpg,0.86732113,0.807225
00010982.jpg,0.76118135,0.8479206
00011651.jpg,0.77058923,0.7919198
00020771.jpg,0.6202658,0.5853188
00050286.jpg,0.65625566,0.7020176
00052925.jpg,0.76172084,0.7134346
00040987.jpg,0.708864,0.730921
00040013.jpg,0.7072758,0.7640878
00029256.jpg,0.78751045,0.834213
00048434.jpg,0.81153816,0.81397
00040859.jpg,0.765177,0.865807
00057520.jpg,0.8406369,0.8665342
00030680.jpg,0.7332817,0.6504554
00001196.jpg,0.74852854,0.6829188
00035068.jpg,0.6835215,0.6592534
00004551.jpg,0.7819581,0.899497
00045866.jpg,0.7511194,0.7239422
00008330.jpg,0.78972644,0.8294242
00044830.jpg,0.7290018,0.662006
00024552.jpg,0.8424066,0.8781542
00023028.jpg,0.8300887,0.8495672
00000308.jpg,0.75275534,0.7194378
00010568.jpg,0.5320132,0.5642624
00021030.jpg,0.741774,0.8870236
00031320.jpg,0.7891895,0.7377852
00014388.jpg,0.87869984,0.9453086
00013826.jpg,0.84320945,0.9026434
61052fcae53fe1d1.jpg,0.8051962,0.8659794
000000141376.jpg,0.7904913,0.9166667
00031875.jpg,0.54761314,0.5523798
00022221.jpg,0.7809066,0.8032808
00015835.jpg,0.8016425,0.8252628
00047578.jpg,0.6715977,0.6480452
00023579.jpg,0.7514476,0.825909
00000706.jpg,0.6954428,0.6237796
00021715.jpg,0.6617526,0.6724494
sun_apbpvrqbmgpebras.jpg,0.63861,0.65591395
00021924.jpg,0.75086886,0.7982608
00013545.jpg,0.7314438,0.8886246
00049535.jpg,0.7216583,0.7875744
00010617.jpg,0.6305466,0.5536626
00044289.jpg,0.78547865,0.819406
00038652.jpg,0.53910923,0.5575584
00003475.jpg,0.634841,0.4011818
00019883.jpg,0.7442983,0.7811734
00045888.jpg,0.64682204,0.5096066
00015434.jpg,0.7841048,0.8110798
00058478.jpg,0.75362146,0.6973608
00026042.jpg,0.69227815,0.6747222
00038873.jpg,0.7431297,0.6794434
00050030.jpg,0.7242066,0.7123852
n07680932_10382.jpg,0.9218303,0.8965517
00007732.jpg,0.7612399,0.6181268
n07806221_25360.jpg,0.75691193,0.8352941
00049159.jpg,0.6078746,0.654626
00009441.jpg,0.5352126,0.5572568
00004514.jpg,0.85024947,0.9473868
00058236.jpg,0.8850631,0.7981582
00056422.jpg,0.76878434,0.9315148
00026087.jpg,0.65741193,0.7490808
00035509.jpg,0.6166504,0.5987096
00055406.jpg,0.59277815,0.6748456
00050284.jpg,0.83332807,0.8836682
00009786.jpg,0.7902742,0.791506
00048957.jpg,0.72581846,0.6965962
00032254.jpg,0.762937,0.754081
ed2fcee42f94162d.jpg,0.7401653,0.7387387
00045466.jpg,0.5514506,0.6345038
00021939.jpg,0.6331201,0.7883324
sun_arusttoegilizoqz.jpg,0.63751704,0.6106195
00003523.jpg,0.7869682,0.8765832
00043143.jpg,0.84691435,0.9272756
00031441.jpg,0.78789026,0.7880214
00003842.jpg,0.81064564,0.92544
00033605.jpg,0.6010547,0.5834718
00015423.jpg,0.7622313,0.736538
00025511.jpg,0.77544147,0.7070308
00027482.jpg,0.75555676,0.8915194
54d149d732cd530b.jpg,0.7423088,0.77272725
00025592.jpg,0.74255544,0.5973146
00001094.jpg,0.75075835,0.802656
00029237.jpg,0.843574,0.9003054
00000362.jpg,0.81333524,0.7916742
00017936.jpg,0.6974935,0.9051348
00016334.jpg,0.83806235,0.915444
000000518575.jpg,0.7429642,0.6421053
00010066.jpg,0.69383085,0.680423
00045065.jpg,0.79061705,0.8733042
00010767.jpg,0.7182426,0.8104878
00014927.jpg,0.7544127,0.785195
00016637.jpg,0.64284104,0.7939188
00000393.jpg,0.72261316,0.7921838
00051889.jpg,0.77583486,0.8748364
n03384352_11538.jpg,0.76720536,0.78571427
n04166281_5182.jpg,0.76834077,0.67676765
n09468604_21841.jpg,0.63405716,0.5816327
00011115.jpg,0.86437875,0.906771
00033972.jpg,0.72621065,0.6144384
00039215.jpg,0.6524247,0.7165496
00002832.jpg,0.5760296,0.4870554
00032337.jpg,0.8447699,0.8391482
00033877.jpg,0.6253793,0.5745538
00055366.jpg,0.79522693,0.8095332
000000021338.jpg,0.73372597,0.76842105
00001588.jpg,0.7694841,0.7804466
00055376.jpg,0.8049888,0.9011706
00026365.jpg,0.65274537,0.4691926
00039917.jpg,0.6588481,0.7348408
00015976.jpg,0.76721495,0.9267826
00051382.jpg,0.63581824,0.5468704
fa0b553ad96e5242.jpg,0.78939325,0.8021978
00045080.jpg,0.71090376,0.7363528
00055421.jpg,0.894689,0.9593256
00057033.jpg,0.85275257,0.8295576
00024553.jpg,0.8119143,0.8322654
00041853.jpg,0.83192164,0.9344696
00046485.jpg,0.8092788,0.8801214
00017879.jpg,0.6795294,0.8104348
00004754.jpg,0.8108502,0.9469482
00023135.jpg,0.64009684,0.7824558
00027103.jpg,0.7720784,0.8437922
00047261.jpg,0.7386426,0.8989012
00056610.jpg,0.6429581,0.8068138
00041013.jpg,0.6771962,0.7912782
00047682.jpg,0.74756783,0.870081
00037178.jpg,0.6027036,0.6516318
00031238.jpg,0.71825045,0.952099
00029357.jpg,0.809202,0.878534
00037284.jpg,0.7519025,0.7408592
00020638.jpg,0.83246404,0.8374498
00037240.jpg,0.67400086,0.7448796
000000012876.jpg,0.72402364,0.83809525
00002730.jpg,0.6875368,0.5974754
00007123.jpg,0.7420483,0.8017202
n07680932_55396.jpg,0.87015766,0.94736844
00005959.jpg,0.6567304,0.8484276
00029024.jpg,0.58675545,0.6560884
n07893642_18392.jpg,0.8157918,0.8333333
00006595.jpg,0.60754776,0.735137
n00468480_10598.jpg,0.77509433,0.8367347
00023379.jpg,0.9144895,0.9426608
00038837.jpg,0.7273987,0.6585146
00028695.jpg,0.8313953,0.912646
n07690273_22169.jpg,0.84181213,0.9217391
00000612.jpg,0.54567766,0.4088464
00056565.jpg,0.68185997,0.604757
00005299.jpg,0.803243,0.8267662
000000219099.jpg,0.80465084,0.73636365
00051944.jpg,0.7122895,0.8101038
00014922.jpg,0.68011,0.7151462
00017973.jpg,0.5395061,0.6382672
00006415.jpg,0.6511899,0.632024
00029329.jpg,0.7403472,0.7460058
00023089.jpg,0.74152225,0.7480738
00037711.jpg,0.6596087,0.6464484
00028096.jpg,0.68508524,0.6901604
n04610013_11493.jpg,0.6202086,0.5104167
00019265.jpg,0.6874027,0.7549674
00036494.jpg,0.66180575,0.5583402
00026583.jpg,0.7401281,0.6724668
00022671.jpg,0.69317186,0.7113322
00026240.jpg,0.85215384,0.8889684
00008539.jpg,0.64572364,0.7622082
d1a2a4d8137a71e0.jpg,0.9259288,0.89361703
00026019.jpg,0.607648,0.6490358
00041417.jpg,0.78642184,0.7036784
00054171.jpg,0.68205816,0.7085812
00051375.jpg,0.8533668,0.7645996
00041289.jpg,0.81023204,0.8510152
00049005.jpg,0.7347028,0.6448372
00045126.jpg,0.80164057,0.8046408
000000165043.jpg,0.75466925,0.8453608
00004817.jpg,0.8698811,0.853851
00045012.jpg,0.70357555,0.7481392
00037294.jpg,0.76828724,0.8676582
00056039.jpg,0.8214174,0.8697002
000000185248.jpg,0.85872626,0.94285715
00036238.jpg,0.7517581,0.718513
00047477.jpg,0.8499103,0.8365108
00049878.jpg,0.7071716,0.8241102
00028490.jpg,0.8901923,0.8647846
00040967.jpg,0.6977854,0.6345346
00007338.jpg,0.7384734,0.696986
00038800.jpg,0.7254547,0.8010886
00038947.jpg,0.7322697,0.7364776
00019716.jpg,0.7170064,0.7300266
00052574.jpg,0.68083936,0.682387
00041239.jpg,0.7317262,0.8304542
00016319.jpg,0.75835806,0.7681242
00020226.jpg,0.8540271,0.8507802
000000382041.jpg,0.77050847,0.77
00047945.jpg,0.60980576,0.7216702
00015807.jpg,0.7913222,0.8519538
00031917.jpg,0.5927581,0.62158
n07849336_22032.jpg,0.80019516,0.8125
00041057.jpg,0.724348,0.7383538
n09468604_23201.jpg,0.49568492,0.5
00020202.jpg,0.73042375,0.906678
n01514859_4326.jpg,0.8094835,0.7419355
00041450.jpg,0.7991285,0.7920018
00002847.jpg,0.822697,0.7767836
00005847.jpg,0.8294719,0.8061344
00043590.jpg,0.6954685,0.7935002
00051466.jpg,0.6916428,0.7107018
00038288.jpg,0.76516974,0.726987
000000285089.jpg,0.8269696,0.90909094
00043130.jpg,0.8594864,0.687554
00042742.jpg,0.72048384,0.8026184
00010401.jpg,0.87363374,0.9281202
00043354.jpg,0.79294926,0.8319786
00014989.jpg,0.94583356,0.915125
00027321.jpg,0.68243355,0.5616926
00045603.jpg,0.78560543,0.7626884
00044256.jpg,0.77526563,0.856689
00050409.jpg,0.71853936,0.8361298
000000489261.jpg,0.7307326,0.8072289
00003596.jpg,0.6118951,0.7243594
00013237.jpg,0.5952659,0.505104
00016539.jpg,0.70512676,0.757803
00031833.jpg,0.84558594,0.916181
00010139.jpg,0.7669867,0.5470136
00033808.jpg,0.6627037,0.5633978
00015987.jpg,0.79800665,0.8698566
00053848.jpg,0.8225339,0.8343956
00051149.jpg,0.8692402,0.8514108
00037002.jpg,0.6502781,0.6869668
3e92430853ab3484.jpg,0.7684938,0.75789475
00025128.jpg,0.7381558,0.5577866
00024012.jpg,0.76907694,0.9179674
00046114.jpg,0.67832613,0.6231428
00032469.jpg,0.80994064,0.8027064
00018131.jpg,0.81965065,0.8646056
00031273.jpg,0.6552303,0.7632606
00050746.jpg,0.7111841,0.5941434
00053832.jpg,0.5504679,0.5071996
00058116.jpg,0.6518643,0.5766954
00055998.jpg,0.86887246,0.8245274
00054823.jpg,0.85272247,0.9001004
00056336.jpg,0.71565425,0.7217858
00016563.jpg,0.79518324,0.833144
n09468604_51684.jpg,0.5260092,0.5670103
n03541923_3913.jpg,0.8460613,0.84158415
00007299.jpg,0.85741484,0.8360224
00051223.jpg,0.97250885,0.9100312
n04465501_2636.jpg,0.7606643,0.81914896
00022043.jpg,0.88707143,0.8655902
00038972.jpg,0.7273093,0.670382
00001875.jpg,0.74829197,0.8059992
00057626.jpg,0.8489711,0.7899202
00029062.jpg,0.8123859,0.8396344
00039880.jpg,0.66861254,0.4743466
00044175.jpg,0.78107023,0.7088056
00044925.jpg,0.59220386,0.5702632
00032038.jpg,0.7135465,0.6880322
n07801091_43670.jpg,0.58785874,0.6764706
00031035.jpg,0.7161034,0.8459096
00020276.jpg,0.6435822,0.722683
00035579.jpg,0.63661134,0.600737
00053222.jpg,0.7951378,0.7942934
00051099.jpg,0.8592023,0.9863498
00055176.jpg,0.721529,0.8719986
n07711569_4658.jpg,0.8184728,0.87323946
00050056.jpg,0.66401553,0.7174996
00026453.jpg,0.6010699,0.6139942
00050471.jpg,0.6483743,0.5340604
00010406.jpg,0.71129364,0.6871608
00056124.jpg,0.7340452,0.6740426
00028650.jpg,0.72845346,0.8424496
00028850.jpg,0.82810265,0.8640748
00031299.jpg,0.86842126,0.7139662
00013178.jpg,0.608185,0.6259208
00051281.jpg,0.7032987,0.8506416
00001198.jpg,0.5839022,0.528718
00044157.jpg,0.69353724,0.5770472
n02932891_15504.jpg,0.7143565,0.7227723
00054166.jpg,0.7623106,0.7256198
00029539.jpg,0.60078293,0.730499
00056694.jpg,0.82953256,0.7038294
00046153.jpg,0.675078,0.6757442
00002920.jpg,0.7356828,0.7472418
00057501.jpg,0.7680326,0.7028534
00041969.jpg,0.7596136,0.6885642
000000046737.jpg,0.63320255,0.647541
00051579.jpg,0.8071946,0.777436
00056359.jpg,0.8515862,0.7919754
00025329.jpg,0.6991404,0.6543484
000000369331.jpg,0.7237925,0.75
00047762.jpg,0.81616986,0.8473944
00051572.jpg,0.74261624,0.6413836
n07801508_15309.jpg,0.78887373,0.82857144
00046957.jpg,0.87985486,0.8837078
00052388.jpg,0.85721,0.8235216
000000540027.jpg,0.76313776,0.83495146
00010498.jpg,0.70083785,0.7480128
000000070812.jpg,0.7047456,0.73333335
00058032.jpg,0.8215503,0.941068
00048204.jpg,0.6057732,0.516
00035121.jpg,0.615705,0.7088672
00015128.jpg,0.8411147,0.8051026
n07849336_31583.jpg,0.8318178,0.8426966
00032025.jpg,0.57967025,0.6571726
00045537.jpg,0.6959121,0.7719626
00031856.jpg,0.7824864,0.8122286
00041946.jpg,0.7422821,0.6981744
00019237.jpg,0.80247444,0.9001704
00001603.jpg,0.76236886,0.8144868
00049596.jpg,0.6792397,0.6964432
n07654148_11187.jpg,0.86884886,0.9166667
00020246.jpg,0.73879033,0.7114958
218a7e0c84466325.jpg,0.7051067,0.72289157
000000439602.jpg,0.88503796,0.9347826
00029311.jpg,0.6237251,0.704355
5b51fadf42110451.jpg,0.56665087,0.6494845
000000522175.jpg,0.72810656,0.6132075
00039360.jpg,0.7380619,0.818524
00020128.jpg,0.6686598,0.7863934
n07849336_30264.jpg,0.83903426,0.8018868
00048871.jpg,0.7896372,0.9051042
00003813.jpg,0.8446929,0.9223246
00057166.jpg,0.6120264,0.6737166
00027467.jpg,0.8133819,0.760699
00016956.jpg,0.7885316,0.8155094
00033274.jpg,0.78444546,0.7886772
00018148.jpg,0.8578113,0.8102346
00012699.jpg,0.89691114,0.7905762
00043915.jpg,0.8041447,0.7756348
00014909.jpg,0.71007866,0.7277284
00045037.jpg,0.65675896,0.5791064
00004349.jpg,0.82100385,0.8045138
00039520.jpg,0.80615515,0.8849956
00050344.jpg,0.7720602,0.8031504
00054582.jpg,0.85242957,0.8569014
00039867.jpg,0.79270846,0.8751918
00041654.jpg,0.7258556,0.6691478
00030769.jpg,0.81488484,0.7936778
00040349.jpg,0.7786364,0.863717
n07720875_7650.jpg,0.87795526,0.9051724
00034675.jpg,0.68391377,0.6022462
00022548.jpg,0.6902226,0.8529512
00053452.jpg,0.81120765,0.8599
00029672.jpg,0.5851819,0.4681348
000000557586.jpg,0.7226381,0.74285716
00040919.jpg,0.7989269,0.5907174
00014885.jpg,0.76817656,0.865322
n02946348_6967.jpg,0.7235895,0.8220339
00042578.jpg,0.56428075,0.5796718
00019773.jpg,0.6393478,0.7055258
00038276.jpg,0.6913007,0.6365416
00024913.jpg,0.6978477,0.5742762
00029528.jpg,0.7960805,0.8199718
n04166281_4975.jpg,0.73720556,0.875
00009198.jpg,0.81685096,0.8884314
00057663.jpg,0.72997016,0.5857284
00025148.jpg,0.8195672,0.7907334
00057730.jpg,0.7700189,0.8882938
00005871.jpg,0.8288645,0.9430334
00055380.jpg,0.9320407,0.896057
00001550.jpg,0.600523,0.6626218
01bd4bab4175a966.jpg,0.6048507,0.56363636
00027618.jpg,0.6661485,0.6789296
00038507.jpg,0.7599146,0.6933286
00020179.jpg,0.7889326,0.7559056
00007999.jpg,0.90199155,0.8890204
00049774.jpg,0.6564492,0.670919
00023378.jpg,0.8806886,0.8486804
00041048.jpg,0.80554354,0.7541378
00040906.jpg,0.81990856,0.7556582
00050638.jpg,0.8631272,0.8351762
00050785.jpg,0.9407008,0.8507184
00019844.jpg,0.83137745,0.809517
00007710.jpg,0.7876008,0.6541618
00051972.jpg,0.5934048,0.7486564
00011645.jpg,0.6845211,0.62898
n04349306_7700.jpg,0.75288135,0.8518519
00050823.jpg,0.8103042,0.8548464
00056437.jpg,0.70176685,0.6849232
00008886.jpg,0.82737225,0.7619782
af3a6f8922f38a81.jpg,0.7332571,0.6699029
00051848.jpg,0.8540837,0.9448988
00044086.jpg,0.6557939,0.768348
00004610.jpg,0.7963812,0.7582646
00043612.jpg,0.85560983,0.9304852
00030742.jpg,0.8260551,0.78564
00052903.jpg,0.6499133,0.6769066
00024607.jpg,0.8671078,0.8520804
00040432.jpg,0.80662924,0.8939098
00044749.jpg,0.705915,0.79952
00042633.jpg,0.5332841,0.548555
00045800.jpg,0.74500513,0.8888078
00011503.jpg,0.76335365,0.8012602
00027305.jpg,0.7165234,0.9074116
00012351.jpg,0.6075082,0.4798648
00006063.jpg,0.8698857,0.8678216
00024802.jpg,0.7396808,0.7693234
00010928.jpg,0.80706036,0.7094882
00012191.jpg,0.72889906,0.7946134
00032027.jpg,0.9521856,0.9841446
n09468604_48588.jpg,0.5752491,0.5154639
00050744.jpg,0.67531496,0.8224036
00026412.jpg,0.808227,0.759407
00021038.jpg,0.7710486,0.7928128
00044055.jpg,0.84956735,0.8717806
n07716358_4376.jpg,0.82917374,0.8333333
00054592.jpg,0.62259257,0.6765518
00052888.jpg,0.69991076,0.6652558
00021106.jpg,0.77613384,0.8535894
00001762.jpg,0.75099415,0.7910228
00050152.jpg,0.827872,0.8206824
00027929.jpg,0.68674624,0.731772
00033927.jpg,0.7367143,0.8232508
00020021.jpg,0.8510764,0.9170556
000000016977.jpg,0.71269214,0.78333336
00023614.jpg,0.6308797,0.8009524
00038019.jpg,0.60978544,0.7565432
00037315.jpg,0.6827931,0.7559854
00045882.jpg,0.76687175,0.7441668
00016024.jpg,0.6772096,0.6723426
00032650.jpg,0.60781,0.6317854
00015589.jpg,0.79275686,0.798883
00035829.jpg,0.7113953,0.4168278
00005657.jpg,0.6757996,0.645716
00056273.jpg,0.7902443,0.7249068
00031471.jpg,0.6561884,0.6343492
00054544.jpg,0.66129076,0.7503174
00052625.jpg,0.79899263,0.8579172
00047850.jpg,0.6703241,0.5736436
000000403249.jpg,0.68209326,0.7093023
00008670.jpg,0.5750278,0.6891376
00027330.jpg,0.73227286,0.5953828
00025503.jpg,0.8367905,0.916854
00040765.jpg,0.70498073,0.7029042
00044922.jpg,0.768935,0.697839
00024663.jpg,0.81696784,0.8557456
00041712.jpg,0.7576285,0.726489
00034569.jpg,0.6463861,0.6165814
00007180.jpg,0.5657676,0.462308
00006943.jpg,0.68861187,0.5682646
sun_ahnszpffynlympqu.jpg,0.55278516,0.5222222
00050088.jpg,0.8335592,0.8646128
00021744.jpg,0.84974116,0.8264456
00046466.jpg,0.7899857,0.8530258
00037422.jpg,0.5183027,0.4460896
00008704.jpg,0.9539735,0.933966
00021875.jpg,0.66763496,0.680105
00054338.jpg,0.7789109,0.8766584
00011810.jpg,0.75983495,0.7655796
00049285.jpg,0.74120766,0.6879814
00010864.jpg,0.60887086,0.693044
00001246.jpg,0.6125638,0.5566564
n02132136_19488.jpg,0.80116236,0.7717391
n07806221_22956.jpg,0.7333479,0.7413793
00037556.jpg,0.6714556,0.7223032
00007334.jpg,0.73681986,0.7063822
00019081.jpg,0.9389862,0.9108092
00042028.jpg,0.772655,0.7896898
00053094.jpg,0.77405775,0.7529654
n02118333_5774.jpg,0.8555468,0.96039605
00039517.jpg,0.740419,0.7747388
00045021.jpg,0.6070123,0.7883178
00021002.jpg,0.67763054,0.5664968
00048084.jpg,0.67776334,0.784393
00027624.jpg,0.75734305,0.8274746
00050616.jpg,0.77889436,0.7626738
00046982.jpg,0.8060873,0.6542702
00008758.jpg,0.8329681,0.9492492
00050080.jpg,0.82805985,0.8010306
00058510.jpg,0.7303099,0.830856
00031135.jpg,0.80837697,0.7641884
00019470.jpg,0.69768864,0.7866922
00040492.jpg,0.68500316,0.7610586
00053755.jpg,0.80528957,0.8250434
00054105.jpg,0.68967205,0.8494816
00024180.jpg,0.7426592,0.7273514
00009468.jpg,0.71427405,0.826219
00051282.jpg,0.79135454,0.9514818
00010294.jpg,0.5410676,0.5728792
000000248297.jpg,0.7036438,0.5631068
n01846331_14161.jpg,0.7740548,0.74
00042665.jpg,0.52058643,0.4651734
00033106.jpg,0.622264,0.6917776
00057419.jpg,0.86523646,0.940326
00027835.jpg,0.8021355,0.9257442
00017425.jpg,0.82194096,0.8261752
621864587e59e56a.jpg,0.7673688,0.85294116
2fdbe9ca76fdfd99.jpg,0.6450252,0.80701756
00048108.jpg,0.7698805,0.701648
00037603.jpg,0.8159185,0.7360286
00006788.jpg,0.8228496,0.7267482
00052542.jpg,0.83307034,0.8614282
000000425254.jpg,0.7237926,0.89361703
00009354.jpg,0.70037186,0.560811
00026666.jpg,0.77783453,0.7946964
00057493.jpg,0.7769982,0.8025032
000000096884.jpg,0.85953134,0.9101124
00037844.jpg,0.7530138,0.887976
00009347.jpg,0.7558973,0.7255274
00023210.jpg,0.92944264,0.8250444
00008445.jpg,0.75593203,0.8683104
00052255.jpg,0.55442214,0.618721
00025048.jpg,0.6292385,0.6460214
00041581.jpg,0.7713579,0.6066146
00033632.jpg,0.8088863,0.800534
00033440.jpg,0.85994464,0.816574
00000959.jpg,0.69176733,0.3912666
00022834.jpg,0.8715796,0.9645918
00057971.jpg,0.59589845,0.706372
00016076.jpg,0.7105646,0.890284
00015649.jpg,0.6849824,0.6426584
00001365.jpg,0.87712157,0.8237812
00034029.jpg,0.6859691,0.5735488
00044178.jpg,0.7959864,0.7786464
00057729.jpg,0.7379277,0.8453452
000000267568.jpg,0.75450295,0.73333335
00050887.jpg,0.81104916,0.6959322
00014385.jpg,0.71785504,0.7137916
00035599.jpg,0.78255284,0.7454526
n04461696_12319.jpg,0.7535406,0.5529412
00011720.jpg,0.6380145,0.5179124
00002045.jpg,0.6499477,0.6648612
00050111.jpg,0.7910108,0.6932636
00056374.jpg,0.6803726,0.6027876
00024832.jpg,0.8393717,0.8839712
00048949.jpg,0.7248689,0.840034
00000802.jpg,0.82206553,0.7892482
00001478.jpg,0.8123116,0.8369324
3542ee5b92d38d25.jpg,0.5848619,0.45714286
00048796.jpg,0.7632757,0.735407
00031914.jpg,0.7852201,0.6997048
00026724.jpg,0.7335383,0.7335966
00039588.jpg,0.7485551,0.7189608
00001651.jpg,0.7832183,0.7282726
00023507.jpg,0.8392828,0.9064232
00006051.jpg,0.89261526,0.901579
00040421.jpg,0.74230903,0.8169984
00000643.jpg,0.5970862,0.7047078
n07923748_11512.jpg,0.8036706,0.8229167
00027389.jpg,0.68727416,0.654937
00040635.jpg,0.80271965,0.905722
00019226.jpg,0.8247399,0.8847122
00018674.jpg,0.69576806,0.8313398
00007379.jpg,0.672761,0.6102384
00021765.jpg,0.5580696,0.5957196
n09415671_9361.jpg,0.5111617,0.4512195
00034453.jpg,0.7840212,0.8669448
00010331.jpg,0.7101781,0.8172642
00048669.jpg,0.70503,0.733395
00037408.jpg,0.647155,0.6839706
00018736.jpg,0.71807295,0.8018994
00042264.jpg,0.7553111,0.7306018
00005518.jpg,0.8399991,0.799601
00028099.jpg,0.633306,0.7298124
00029828.jpg,0.6316979,0.6090894
00048846.jpg,0.74168354,0.7698678
00030194.jpg,0.6467781,0.4855468
00002332.jpg,0.77888155,0.7700014
00000302.jpg,0.90228504,0.8942744
00028054.jpg,0.81684905,0.8111562
00029834.jpg,0.6672561,0.7299028
00049885.jpg,0.70945466,0.7707138
n07849336_21762.jpg,0.8000564,0.87826085
84ebed9f630e379a.jpg,0.7718827,0.8137255
00020214.jpg,0.836024,0.8283892
00034605.jpg,0.556285,0.494552
00025051.jpg,0.7138571,0.7480296
b2bee0c1ec3cc149.jpg,0.6013662,0.7358491
00037756.jpg,0.7013457,0.5657096
00017860.jpg,0.744956,0.7551278
00033097.jpg,0.6561583,0.6822278
00024244.jpg,0.80869234,0.915593
00012594.jpg,0.7129764,0.6676194
00047495.jpg,0.71787053,0.63697
00020951.jpg,0.74227166,0.7022256
00036812.jpg,0.6570718,0.6872348
00047289.jpg,0.6674748,0.611556
00009481.jpg,0.7265969,0.825865
00048318.jpg,0.7497515,0.69172
00025926.jpg,0.8073433,0.816706
00056383.jpg,0.6798601,0.6564914
00031006.jpg,0.79140353,0.9559302
00009369.jpg,0.6387964,0.704884
00008994.jpg,0.79615945,0.9296994
00055997.jpg,0.86716455,0.9136936
00046850.jpg,0.723914,0.5851648
00033270.jpg,0.78187865,0.748797
00007333.jpg,0.5625106,0.5617796
00000621.jpg,0.59806466,0.5119048
00043357.jpg,0.66868126,0.5985732
00003327.jpg,0.67099726,0.6957212
00009182.jpg,0.81259394,0.6632956
sun_antwgrnlkmlyvnjx.jpg,0.5131237,0.36956522
00039325.jpg,0.7312194,0.8317104
00030019.jpg,0.7333443,0.7880722
00005544.jpg,0.8227039,0.8283814
n01811909_13059.jpg,0.82918066,0.8933333
00005288.jpg,0.79678816,0.7926392
00015574.jpg,0.7596057,0.6378018
00025595.jpg,0.79753786,0.8422382
000000136929.jpg,0.904077,0.9385965
00056670.jpg,0.88859254,0.9001362
2c41faad4c1f65b5.jpg,0.7436261,0.8651685
00000098.jpg,0.8568674,0.9323644
a8feca346e12cda2.jpg,0.686653,0.4811321
00020888.jpg,0.72569424,0.716751
00042278.jpg,0.681599,0.6015736
00000299.jpg,0.8048318,0.731469
00020806.jpg,0.82678,0.9043582
00022530.jpg,0.8965753,0.824471
00051713.jpg,0.7616281,0.8414362
00038867.jpg,0.7180324,0.6539786
c22e29581c0e797e.jpg,0.7854349,0.74285716
00037938.jpg,0.72539264,0.6140058
00048771.jpg,0.7436151,0.7107544
00040790.jpg,0.68019146,0.6505426
n04231693_19772.jpg,0.67923576,0.59210527
00035845.jpg,0.69298196,0.6245482
00046589.jpg,0.80718654,0.833095
00018465.jpg,0.61216897,0.7484458
00048673.jpg,0.74777526,0.7894308
00054065.jpg,0.81491584,0.8529004
n03384352_9687.jpg,0.757281,0.8604651
00045166.jpg,0.53158724,0.7388756
00039350.jpg,0.7521124,0.6939792
00043981.jpg,0.8272957,0.8096036
00010518.jpg,0.8494139,0.7569754
00003885.jpg,0.9105102,0.9120754
00027602.jpg,0.7572115,0.795951
00000597.jpg,0.77997273,0.7241026
00013387.jpg,0.7308729,0.7100998
00008251.jpg,0.65962815,0.778253
00006236.jpg,0.6220393,0.783342
00051170.jpg,0.8424336,0.8551308
00053927.jpg,0.56132954,0.5051438
00031449.jpg,0.5969936,0.5270826
00007043.jpg,0.7598883,0.8136448
00051943.jpg,0.7341353,0.8552238
n01846331_4035.jpg,0.80404955,0.8446602
00036860.jpg,0.6697204,0.6193934
00022690.jpg,0.6512328,0.5943486
00052517.jpg,0.7307727,0.7301188
n04467665_43858.jpg,0.74215585,0.8727273
00021121.jpg,0.7716822,0.8393684
00018048.jpg,0.7095287,0.7787394
00013250.jpg,0.7884175,0.8468144
00009553.jpg,0.73649794,0.802607
00039881.jpg,0.64205706,0.7270452
00026008.jpg,0.6965878,0.7421772
00017809.jpg,0.7383286,0.8522842
2534461df861856c.jpg,0.6705787,0.5471698
00041659.jpg,0.6164781,0.5692106
00037131.jpg,0.7468719,0.733568
00044967.jpg,0.7715388,0.6757992
00056879.jpg,0.84278697,0.9014828
00031789.jpg,0.81819206,0.784842
00048323.jpg,0.77696025,0.8267992
00018308.jpg,0.8655918,0.9151798
00050215.jpg,0.61176515,0.677143
00009815.jpg,0.5514287,0.5244906
00036628.jpg,0.6650751,0.6322232
n03594945_15617.jpg,0.76027113,0.7383177
00028472.jpg,0.6316619,0.6269752
00013951.jpg,0.8683504,0.8847252
00019000.jpg,0.81859976,0.7188128
00011795.jpg,0.65242827,0.579055
00026683.jpg,0.7839727,0.7978762
00041433.jpg,0.6662098,0.6706768
00022207.jpg,0.7166815,0.7244686
00029510.jpg,0.6432878,0.538674
00030905.jpg,0.7247239,0.8503706
00038718.jpg,0.54135156,0.4677864
00054457.jpg,0.8177689,0.7737682
00000728.jpg,0.7910593,0.7724844
00032253.jpg,0.8411167,0.8602172
00004697.jpg,0.816322,0.8503644
00051052.jpg,0.8582615,0.8242862
000000530717.jpg,0.7334995,0.75555557
00018801.jpg,0.6423649,0.6700252
n07880968_2104.jpg,0.76901007,0.77
00031562.jpg,0.78865236,0.7854704
00013032.jpg,0.6391264,0.705848
00028894.jpg,0.7244523,0.5663124
00020275.jpg,0.68039423,0.8393318
00034893.jpg,0.6344183,0.6229614
00038735.jpg,0.73020697,0.714018
00052196.jpg,0.8064551,0.8740924
00027276.jpg,0.7464103,0.6162042
00002909.jpg,0.8401133,0.7979602
00002622.jpg,0.63154787,0.7594308
00045931.jpg,0.6583631,0.5059718
00043384.jpg,0.7302446,0.698645
00011097.jpg,1.057188,0.8465864
00016402.jpg,0.75049174,0.8356908
052d46f94d922f49.jpg,0.844276,0.88659793
00000623.jpg,0.9474446,0.7848932
00043062.jpg,0.7303072,0.7272844
00034331.jpg,0.7200746,0.5622172
n07717556_4146.jpg,0.89496404,0.9207921
00035862.jpg,0.6970232,0.8363756
00004400.jpg,0.67114156,0.6613938
00014015.jpg,0.7255965,0.7183996
00017296.jpg,0.57103896,0.708348
00032298.jpg,0.9318718,0.9504002
00013550.jpg,0.76415277,0.8352546
000000558303.jpg,0.6932403,0.66071427
00000241.jpg,0.80159575,0.8227078
sun_azmnsxrpcylcebsm.jpg,0.59621453,0.65957445
00010820.jpg,0.8586847,0.8747154
00035881.jpg,0.65686345,0.4504044
00052334.jpg,0.66509247,0.612364
00034500.jpg,0.7524748,0.8046262
000000384964.jpg,0.82590896,0.82222223
n07693725_8807.jpg,0.8261364,0.9230769
00021143.jpg,0.7127321,0.618596
00039604.jpg,0.5810583,0.5953458
00030006.jpg,0.6193718,0.70489
00056441.jpg,0.7746525,0.8330906
00058396.jpg,0.81910044,0.8276486
00033073.jpg,0.5761534,0.570715
00036089.jpg,0.534446,0.6070754
00009260.jpg,0.741937,0.636345
00052245.jpg,0.78779787,0.7883966
00057208.jpg,0.76920956,0.8025362
00040763.jpg,0.71306163,0.6981986
00019899.jpg,0.7433146,0.715765
00040560.jpg,0.7607431,0.7698724
00025028.jpg,0.91515666,0.8566638
000000088398.jpg,0.7247591,0.7282609
n04166281_1290.jpg,0.73783433,0.8252427
00051166.jpg,0.79768145,0.8214462
00027039.jpg,0.7809138,0.821616
00020100.jpg,0.8327171,0.896093
000000278665.jpg,0.7514445,0.6956522
00017218.jpg,0.7753703,0.810089
00011287.jpg,0.7998819,0.8479038
42f6decb34b04c85.jpg,0.79979146,0.8679245
n03670208_2214.jpg,0.8036028,0.8913044
00009823.jpg,0.7411124,0.820846
00007550.jpg,0.8745068,0.774246
n04587559_11131.jpg,0.77621037,0.625
00024635.jpg,0.7681401,0.7369436
00001551.jpg,0.73626876,0.735392
00051643.jpg,0.6907953,0.7172248
00009559.jpg,0.7461685,0.7561108
00052121.jpg,0.8306883,0.917698
00023731.jpg,0.6441264,0.5832868
00043209.jpg,0.8286517,0.8774826
00012412.jpg,0.6417732,0.5724034
00014868.jpg,0.7434309,0.8255858
00013442.jpg,0.7015927,0.701383
00053008.jpg,0.82668114,0.770893
00037948.jpg,0.6321137,0.413201
00042333.jpg,0.7520737,0.715828
00018670.jpg,0.70095694,0.773193
00025147.jpg,0.7385262,0.7094772
00008326.jpg,0.77400225,0.7561888
00033602.jpg,0.8007789,0.8879894
00021646.jpg,0.77409726,0.8915916
00021387.jpg,0.7374142,0.840393
n03541923_4128.jpg,0.7683158,0.75247526
00036489.jpg,0.7182494,0.8723334
00002949.jpg,0.6681226,0.7216256
00031142.jpg,0.68758947,0.824495
000000422185.jpg,0.7418352,0.78350514
00016074.jpg,0.69282496,0.7765222
00010719.jpg,0.861363,0.883797
n09393605_58223.jpg,0.58403945,0.6396396
00032639.jpg,0.791392,0.8466
00045123.jpg,0.67775565,0.6855856
00014125.jpg,0.63438594,0.5827066
ab3255d92dfcb5ab.jpg,0.5800264,0.43
00014313.jpg,0.87975687,0.920321
n09288635_1990.jpg,0.7649633,0.6516854
n07574602_25417.jpg,0.7816792,0.8659794
n09359803_42246.jpg,0.5850744,0.6770833
00020183.jpg,0.6837118,0.6227926
n07933274_31151.jpg,0.85704964,0.8888889
00019940.jpg,0.5573822,0.5457278
00008544.jpg,0.8192954,0.8513178
00028542.jpg,0.77282614,0.813231
00037138.jpg,0.6373195,0.6404114
00009461.jpg,0.8363462,0.8857732
2c0fb4cdbd9f1bf3.jpg,0.61909485,0.675
00049862.jpg,0.74247783,0.7403106
n03384352_1735.jpg,0.7485647,0.70526314
00046802.jpg,0.59785575,0.6996696
00010463.jpg,0.73115677,0.476835
00000262.jpg,0.71819955,0.682404
n12345899_12760.jpg,0.7067785,0.8469388
7b96be62afaaac4d.jpg,0.59254205,0.79545456
00024744.jpg,0.58563054,0.5559524
00030535.jpg,0.693246,0.6420184
n07929519_33136.jpg,0.79040545,0.6938776
00026573.jpg,0.7986995,0.798462
00024464.jpg,0.74534184,0.7271434
n02355227_15406.jpg,0.80592483,0.9082569
n04461696_3759.jpg,0.7998654,0.75
00010779.jpg,0.67151874,0.7062912
00043315.jpg,0.7532013,0.8089606
00019494.jpg,0.7491273,0.7788856
00038416.jpg,0.63012457,0.5397456
00042506.jpg,0.6123003,0.6682224
00011324.jpg,0.6543306,0.5570324
00004386.jpg,0.6375829,0.58897
00014801.jpg,0.62448883,0.5309594
00054236.jpg,0.7984487,0.8354946
00044469.jpg,0.6821127,0.6905316
00001214.jpg,0.78724587,0.6681706
sun_aprsgtcazbqqcmis.jpg,0.61353177,0.6164383
sun_aoskolsljsnaxmsq.jpg,0.6359334,0.5408163
00034583.jpg,0.6493349,0.4830654
00049760.jpg,0.8164521,0.9014372
00014101.jpg,0.81466454,0.794657
00016773.jpg,0.7874387,0.7970438
00046126.jpg,0.8511288,0.8273808
n04467665_857.jpg,0.7335051,0.75
00009286.jpg,0.6848484,0.6319048
00024999.jpg,0.78933436,0.8489554
00014912.jpg,0.7950935,0.6841752
00005130.jpg,0.79977113,0.7712766
00002410.jpg,0.80318815,0.8452194
00010039.jpg,0.8395224,0.8379332
00046462.jpg,0.6999372,0.5937656
00011856.jpg,0.8267661,0.8008722
000000490261.jpg,0.8060356,0.9117647
00050929.jpg,0.6455465,0.5699034
n02355227_12339.jpg,0.8156652,0.82568806
00015424.jpg,0.9153268,0.8245466
00056134.jpg,0.79276097,0.7234566
n01811909_2537.jpg,0.75632775,0.78125
00000646.jpg,0.8240294,0.8123786
00040415.jpg,0.72355026,0.8022054
00043647.jpg,0.7802798,0.8635116
00052253.jpg,0.83049047,0.9616044
00014443.jpg,0.7194888,0.86691
00003099.jpg,0.8207175,0.7224194
00042000.jpg,0.8812383,0.8146954
00006357.jpg,0.81237835,0.7424248
00021896.jpg,0.7721564,0.7017306
c5b9ff0502b34dc7.jpg,0.6226477,0.72321427
00006271.jpg,0.58809674,0.6833408
00055101.jpg,0.705606,0.7885762
00036579.jpg,0.60894513,0.569643
00054397.jpg,0.6303123,0.6192842
n07697537_10780.jpg,0.88027817,0.96428573
00028555.jpg,0.8062142,0.8914546
00022732.jpg,0.58577865,0.6262272
000000364364.jpg,0.8196517,0.85333335
00011646.jpg,0.8297246,0.9133126
000000166021.jpg,0.7766691,0.8703704
00021501.jpg,0.8259061,0.8607818
00041842.jpg,0.6932375,0.7825758
00024470.jpg,0.7254419,0.824271
000000411415.jpg,0.720139,0.6574074
00023664.jpg,0.58933526,0.6018028
00044934.jpg,0.6687137,0.563868
000000181224.jpg,0.7684583,0.79
00033403.jpg,0.79486567,0.7629648
ac7c8233108052d9.jpg,0.8112058,0.78571427
00015960.jpg,0.7858923,0.8835918
00024025.jpg,0.6198664,0.6233398
00044790.jpg,0.765454,0.6695708
00020012.jpg,0.7536419,0.6556326
00005951.jpg,0.79536617,0.7732726
00015428.jpg,0.78084195,0.895163
00003552.jpg,0.6020865,0.5211748
00048346.jpg,0.71340245,0.7467372
00022981.jpg,0.83123916,0.9526168
00037949.jpg,0.64444005,0.667515
00038555.jpg,0.7089801,0.7895802
00033356.jpg,0.7723515,0.7824646
00007112.jpg,0.78258044,0.8129586
00036375.jpg,0.5860609,0.7192766
00013072.jpg,0.8943389,0.918432
000000001712.jpg,0.7624668,0.80851066
00012365.jpg,0.68599623,0.6222338
00033953.jpg,0.55914265,0.4645376
00018798.jpg,0.83006984,0.8584318
00039085.jpg,0.6844336,0.7275004
n07654148_16882.jpg,0.77918935,0.8
00058011.jpg,0.75708526,0.6919686
00033911.jpg,0.6099266,0.5535528
00007288.jpg,0.7854246,0.7462274
00039768.jpg,0.7403453,0.8983182
00004187.jpg,0.7466347,0.8122532
00004273.jpg,0.8157607,0.8434502
n03790512_3214.jpg,0.79265875,0.8598131
00049375.jpg,0.8166093,0.8446322
00013673.jpg,0.67765737,0.557809
00024307.jpg,0.7045926,0.6206324
00009648.jpg,0.77959317,0.7846868
00052091.jpg,0.6876572,0.6178852
00050657.jpg,0.59407914,0.6637836
00039329.jpg,0.75714165,0.8077748
00046586.jpg,0.5806823,0.5776228
00046380.jpg,0.73245335,0.8521754
00007454.jpg,0.72510284,0.8192856
n07933274_30681.jpg,0.8782553,0.96638656
00004629.jpg,0.75115794,0.7567214
00032703.jpg,0.831371,0.8190752
00026330.jpg,0.87429875,0.894936
00022184.jpg,0.60503423,0.436325
000000535080.jpg,0.8116341,0.9514563
00024530.jpg,0.82135147,0.83847
00023848.jpg,0.5677097,0.4518452
00003576.jpg,0.71477324,0.7230118
00014327.jpg,0.73494834,0.7206932
00003347.jpg,0.5970224,0.5523742
00050208.jpg,0.94852024,0.9597052
00043065.jpg,0.7169846,0.7445074
00030796.jpg,0.69605136,0.772914
00016522.jpg,0.64104605,0.6904896
00040043.jpg,0.7112221,0.8154484
00046684.jpg,0.7445783,0.7059056
00013574.jpg,0.85164136,0.9249628
84de14e092404f46.jpg,0.55563974,0.63095236
00032694.jpg,0.5818044,0.5884604
00008035.jpg,0.796889,0.6934582
00008923.jpg,0.56393176,0.4326362
00016193.jpg,0.84335965,0.947463
00054057.jpg,0.6145709,0.6451352
00038333.jpg,0.62622595,0.4892036
00014755.jpg,0.832611,0.5911706
00054580.jpg,0.7063105,0.6970516
00007257.jpg,0.834156,0.9472752
00016459.jpg,0.6296424,0.6259014
00032711.jpg,0.81268865,0.9161344
n02793495_22937.jpg,0.6119052,0.76237625
00051421.jpg,0.8573809,0.9419566
00052328.jpg,0.7210123,0.6731494
00003058.jpg,0.78725904,0.7222472
00054395.jpg,0.6766057,0.6965102
00046857.jpg,0.7376966,0.7573218
00003406.jpg,0.80747724,0.8500628
00014896.jpg,0.90395564,0.907447
00037614.jpg,0.66974497,0.7578378
00003398.jpg,0.79878217,0.8248692
372644d098fe67ac.jpg,0.55006486,0.47107437
00011034.jpg,0.78432995,0.8392498
00005527.jpg,0.79313564,0.8813376
00006583.jpg,0.86477494,0.94516
00005718.jpg,0.8147482,0.8810834
00001928.jpg,0.8258012,0.83114
000000206893.jpg,0.7784454,0.8598131
000000092631.jpg,0.6262363,0.7075472
00054755.jpg,0.7183979,0.8658962
00017204.jpg,0.7779722,0.7705074
00025170.jpg,0.69783586,0.7637068
n04610013_582.jpg,0.7150267,0.6987952
00051004.jpg,0.835267,0.8992236
00039062.jpg,0.7459212,0.821706
00016138.jpg,0.7640415,0.7430326
00054972.jpg,0.83226043,0.8557748
00043680.jpg,0.67776346,0.825934
00005522.jpg,0.68373656,0.6979032
00028742.jpg,0.7861306,0.8079114
00014585.jpg,0.6800439,0.805146
n09308572_4667.jpg,0.74518913,0.83505154
00051168.jpg,0.67042464,0.7031192
00010798.jpg,0.7628838,0.80776
00020575.jpg,0.7528101,0.7482194
00020289.jpg,0.7589664,0.8419072
00001567.jpg,0.83911276,0.845204
00056400.jpg,0.7244843,0.7776064
n03384352_202.jpg,0.7676547,0.8333333
000000117407.jpg,0.7719603,0.72380954
00051458.jpg,0.780634,0.7009194
00054552.jpg,0.7502392,0.7931036
00006938.jpg,0.7512433,0.6980166
sun_asemkfzrcriwppec.jpg,0.6707538,0.8108108
00050205.jpg,0.8567938,0.9080778
00038619.jpg,0.763776,0.8429974
00031434.jpg,0.78064805,0.9277724
00051257.jpg,0.7172325,0.8660446
00016478.jpg,0.6757425,0.88805
n07574602_24364.jpg,0.79062885,0.7176471
00054192.jpg,0.7756689,0.7638984
n07679356_29539.jpg,0.82157487,0.77894735
00057080.jpg,0.7504671,0.8828076
00023415.jpg,0.7330207,0.901434
00050948.jpg,0.83013666,0.8237642
00013880.jpg,0.7347298,0.8136794
00002890.jpg,0.83057356,0.9004088
00030074.jpg,0.7846771,0.937999
00009981.jpg,0.82535356,0.8740032
00010150.jpg,0.63991827,0.6322192
00055442.jpg,0.7372005,0.7322104
00031426.jpg,0.75176114,0.7447376
00052060.jpg,0.63400567,0.6263258
00023534.jpg,0.5829135,0.6352832
n04461696_21863.jpg,0.7610045,0.78431374
n00480993_10142.jpg,0.7994154,0.8333333
00017506.jpg,0.98688096,0.9309686
00044745.jpg,0.7504506,0.7683428
00049038.jpg,0.8913056,0.9515104
00016115.jpg,0.8256755,0.801354
00026752.jpg,0.72913796,0.6815664
00024693.jpg,0.672649,0.7397032
00056247.jpg,0.84390837,0.8464076
00023605.jpg,0.9577103,0.917478
00027471.jpg,0.78373945,0.6726336
80f83da8bdc0ae70.jpg,0.868162,0.8595041
00039657.jpg,0.7734155,0.8262122
00037852.jpg,0.63295025,0.5928644
00003356.jpg,0.85207146,0.9232778
00006855.jpg,0.7247386,0.7792834
00031658.jpg,0.8183101,0.796262
00010418.jpg,0.8043509,0.8962122
00036717.jpg,0.6006153,0.490377
00009730.jpg,0.7667056,0.5573762
00001691.jpg,0.8604101,0.8805936
00044007.jpg,0.71041965,0.66082
000000356496.jpg,0.7770873,0.68
00003310.jpg,0.66033787,0.6781612
000000345835.jpg,0.73555714,0.60227275
00054024.jpg,0.66027975,0.766296
00042268.jpg,0.7045375,0.7797484
00007823.jpg,0.80292106,0.7950744
00020835.jpg,0.7341718,0.746738
n09376198_15858.jpg,0.6779722,0.73626375
00002834.jpg,0.8439747,0.9333302
00019460.jpg,0.86092967,0.9170156
00017168.jpg,0.9003714,0.8458224
00044331.jpg,0.75621873,0.7566274
00022757.jpg,0.7436709,0.7779456
00054935.jpg,0.7435904,0.7172712
00045859.jpg,0.7155525,0.8689048
00027868.jpg,0.8008364,0.810303
00044388.jpg,0.8051848,0.8569208
00040191.jpg,0.78835875,0.7314684
00014515.jpg,0.5684722,0.5287748
00033444.jpg,0.8929406,0.832221
00017684.jpg,0.74293274,0.7752492
00030360.jpg,0.6914149,0.890691
n03791053_7806.jpg,0.7648271,0.8224299
00042792.jpg,0.6971882,0.6574942
00048466.jpg,0.8072912,0.8353252
00005097.jpg,0.8935856,0.973444
daed65c08618e0d7.jpg,0.8305682,0.92783505
00027622.jpg,0.8368025,0.9477692
00049590.jpg,0.6457211,0.7637792
n07679356_26882.jpg,0.8781438,0.959596
n04610013_4073.jpg,0.7271048,0.70873785
00011544.jpg,0.6520742,0.453796
00027479.jpg,0.6022184,0.7224564
00054440.jpg,0.6732419,0.7072024
n01846331_5309.jpg,0.7655547,0.72289157
00047040.jpg,0.77235407,0.786502
00013194.jpg,0.73925394,0.8846718
00045871.jpg,0.7500469,0.6294158
n09270735_21232.jpg,0.7458593,0.7708333
00058512.jpg,0.8257082,0.7366276
00035879.jpg,0.6603822,0.6356498
00027492.jpg,0.81159455,0.8872178
00025522.jpg,0.749847,0.7374434
n03384352_2940.jpg,0.7584723,0.8152174
00055674.jpg,0.88857114,0.8447856
00044679.jpg,0.75969666,0.8176028
00051341.jpg,0.76789886,0.8526818
00038612.jpg,0.77448356,0.8238076
00009308.jpg,0.7488493,0.7838512
00052677.jpg,0.7870291,0.88235
00004825.jpg,0.88387865,0.8353828
n07693725_8448.jpg,0.72766906,0.6818182
00005011.jpg,0.5446175,0.4919232
00044012.jpg,0.703652,0.7435736
00032349.jpg,0.77897245,0.797923
n09376198_19782.jpg,0.5858551,0.47272727
00037276.jpg,0.7424274,0.8027412
00054988.jpg,0.8781499,0.9734086
n07838073_11347.jpg,0.7530995,0.70526314
00049439.jpg,0.63308823,0.593466
00033045.jpg,0.7980012,0.7781322
00008485.jpg,0.78743976,0.872083
00011625.jpg,0.7815991,0.7608528
00051183.jpg,0.6639335,0.7536968
00039387.jpg,0.7931933,0.8794998
n04610013_25569.jpg,0.7210909,0.7090909
00050666.jpg,0.53877926,0.6481964
00051156.jpg,0.6128345,0.6489742
00023499.jpg,0.79481167,0.7374494
00028792.jpg,0.6532856,0.576485
n07690273_20318.jpg,0.8339158,0.8791209
00042184.jpg,0.7992237,0.8754338
00009071.jpg,0.7568388,0.7311104
00014418.jpg,0.84342486,0.8862484
000000127550.jpg,0.6931379,0.79
00025925.jpg,0.658498,0.6147048
00047389.jpg,0.6556286,0.5347452
00047662.jpg,0.73553115,0.8065068
00005491.jpg,0.79925543,0.8324462
00003100.jpg,0.66673565,0.588487
705a34e58044ec9f.jpg,0.8358877,0.8703704
00040235.jpg,0.6256041,0.783647
00041836.jpg,0.60828626,0.7414672
00039874.jpg,0.8388938,0.8481764
00050231.jpg,0.8414278,0.9457946
00043744.jpg,0.7191172,0.693384
00013539.jpg,0.76407415,0.7340202
00029310.jpg,0.7518466,0.6687366
00022479.jpg,0.8312598,0.8086862
00019671.jpg,0.71397847,0.700581
00041301.jpg,0.7872085,0.8969576
00021243.jpg,0.799637,0.8388988
00022022.jpg,0.7714074,0.8779516
00023314.jpg,0.58903885,0.7757536
n01811909_4836.jpg,0.7696878,0.90361446
00048080.jpg,0.6173501,0.5381232
00006756.jpg,0.7338807,0.794959
00036746.jpg,0.6060163,0.5208376
00007286.jpg,0.6231687,0.7552918
00012297.jpg,0.68625367,0.7241218
00008472.jpg,0.75964016,0.7487246
00054758.jpg,0.8126277,0.8154576
00036434.jpg,0.69549143,0.6926126
00020829.jpg,0.6786269,0.7621852
00015483.jpg,0.8371352,0.92791
00051214.jpg,0.76324224,0.7944448
00049545.jpg,0.817264,0.849341
00042598.jpg,0.72163814,0.650209
n01846331_3530.jpg,0.76791,0.7413793
00016064.jpg,0.8276579,0.8300542
00051777.jpg,0.65101767,0.6979892
00029188.jpg,0.8612667,0.8830428
00053463.jpg,0.78737086,0.8591264
00055789.jpg,0.76225615,0.8314338
00020292.jpg,0.77272964,0.8130754
00030468.jpg,0.8652695,0.8787638
00035578.jpg,0.616364,0.6966182
00041197.jpg,0.70954764,0.8510386
00043440.jpg,0.67281187,0.697437
00017587.jpg,0.895319,0.8568686
00039140.jpg,0.56579953,0.6745672
n07911677_14638.jpg,0.84867996,0.8584906
00040933.jpg,0.7582,0.785931
000000044240.jpg,0.7698972,0.76635516
00018134.jpg,0.82187116,0.8888686
00057968.jpg,0.73465157,0.8438132
00029498.jpg,0.6156746,0.6193218
00001330.jpg,0.8415242,0.8690506
00001390.jpg,0.8008527,0.7094824
00034094.jpg,0.7034615,0.852221
00028163.jpg,0.7236416,0.7647024
00002519.jpg,0.7123232,0.7625078
00034757.jpg,0.68434435,0.8363302
00056087.jpg,0.79375434,0.8307092
00026275.jpg,0.8760292,0.8731488
00005816.jpg,0.8238717,0.6969622
00008552.jpg,0.6545322,0.674847
00049987.jpg,0.7028916,0.7769194
00056492.jpg,0.6935471,0.7135482
00000810.jpg,0.7386798,0.895941
00029104.jpg,0.58908385,0.5746154
00038317.jpg,0.78483194,0.875367
00025663.jpg,0.53573895,0.5412876
00028878.jpg,0.64273745,0.622546
n03541923_2848.jpg,0.8457007,0.8761905
00040245.jpg,0.605631,0.5990634
00008605.jpg,0.65019006,0.8307684
00036531.jpg,0.63958865,0.6684984
00026981.jpg,0.76899385,0.7144366
00033979.jpg,0.650399,0.601619
00031260.jpg,0.8525179,0.847628
00005152.jpg,0.76168853,0.7665286
00014458.jpg,0.692449,0.602552
00005821.jpg,0.8353454,0.8823136
00030339.jpg,0.79833806,0.820699
00033320.jpg,0.7069458,0.695278
000000253030.jpg,0.8136783,0.7966102
00042398.jpg,0.72978,0.8248196
00055042.jpg,0.7753004,0.7071538
00052503.jpg,0.7947723,0.7771134
00026967.jpg,0.8670563,0.8863086
000000247723.jpg,0.7750487,0.67346936
00046262.jpg,0.72401273,0.7758788
00044984.jpg,0.6100586,0.636543
00001796.jpg,0.6665959,0.7316902
00015107.jpg,0.7730137,0.8573576
n09270735_11686.jpg,0.77771735,0.90909094
00057290.jpg,0.7805372,0.8531232
00007059.jpg,0.8222065,0.8667336
00054135.jpg,0.719402,0.8510448
00023681.jpg,0.5035501,0.4887448
00013681.jpg,0.8548872,0.762095
00033349.jpg,0.77250594,0.8134294
00025915.jpg,0.73720366,0.7080614
00000790.jpg,0.7941245,0.6866
00047866.jpg,0.6519549,0.6473706
00019659.jpg,0.7475191,0.8010644
n07753592_7792.jpg,0.8395693,0.90082645
00040986.jpg,0.6570872,0.6721554
00052495.jpg,0.5692849,0.6254528
00056085.jpg,0.6592839,0.7374498
00047773.jpg,0.67005277,0.7329078
00034631.jpg,0.6985581,0.4634532
00007095.jpg,0.8232617,0.783659
00007407.jpg,0.64723754,0.6429164
00032332.jpg,0.74366456,0.6642078
00043666.jpg,0.82832694,0.8785512
n07716358_6492.jpg,0.82384825,0.81609195
00025577.jpg,0.7170781,0.5524144
00006715.jpg,0.70649374,0.773173
00030428.jpg,0.7000948,0.6820386
00018211.jpg,0.641304,0.6935814
n02932891_26954.jpg,0.6470744,0.58536583
00017313.jpg,0.75468427,0.8104782
00048944.jpg,0.7958527,0.8067176
00005173.jpg,0.7641279,0.7758922
00013809.jpg,0.8020551,0.917194
00048877.jpg,0.80812865,0.7716012
00009702.jpg,0.78692955,0.7318388
00020135.jpg,0.6309895,0.7156232
5318d42b4fb3be9d.jpg,0.8075371,0.7882353
00056019.jpg,0.7636747,0.7860658
00021390.jpg,0.68981737,0.616381
00036530.jpg,0.6994474,0.6535094
00046514.jpg,0.6836101,0.6426146
00040287.jpg,0.67785275,0.7323308
00056016.jpg,0.8249241,0.8925764
00010749.jpg,0.774594,0.8370374
00039310.jpg,0.6936447,0.73877
00036156.jpg,0.59526426,0.4661844
00011585.jpg,0.73154294,0.7489146
00002254.jpg,0.8066715,0.82633
000000363880.jpg,0.8272125,0.9130435
00013667.jpg,0.77375495,0.7699082
00045611.jpg,0.6936519,0.6114806
00012462.jpg,0.90804213,0.9011868
00038926.jpg,0.8050777,0.568308
00054259.jpg,0.60303116,0.7603632
00031759.jpg,0.76709837,0.8072186
00006304.jpg,0.7515455,0.5526322
00017823.jpg,0.630201,0.6543388
00026973.jpg,0.5407858,0.520914
00035345.jpg,0.6162702,0.6535474
00010018.jpg,0.7220797,0.8877724
00040593.jpg,0.650628,0.5923408
n07863374_18258.jpg,0.789489,0.7692308
00044490.jpg,0.7839691,0.7301526
n00470966_26356.jpg,0.8383371,0.89285713
00036661.jpg,0.6905056,0.5405418
00056130.jpg,0.8145482,0.9230282
00006411.jpg,0.8330992,0.8698946
00047830.jpg,0.7521789,0.767937
00053139.jpg,0.6518643,0.5775092
00018814.jpg,0.73812205,0.5510742
00047960.jpg,0.73126763,0.7253158
a9c524228aecdba0.jpg,0.73461384,0.88659793
00018490.jpg,0.6545152,0.693852
00052169.jpg,0.85927075,0.9248728
00001118.jpg,0.80834985,0.7985254
00005880.jpg,0.9104207,0.9350946
00040386.jpg,0.7267056,0.5841838
00045424.jpg,0.7698407,0.7151362
00046894.jpg,0.6978911,0.714393
00048656.jpg,0.7061951,0.6733528
00057274.jpg,0.6407761,0.7378698
00002838.jpg,0.8175541,0.950206
00010607.jpg,0.7224437,0.8051582
00013910.jpg,0.84188515,0.858398
00038745.jpg,0.6643828,0.5585418
00021871.jpg,0.8305768,0.8520768
00036690.jpg,0.6641192,0.5773826
00023519.jpg,0.8164372,0.8218818
00024652.jpg,0.73167366,0.8059354
00017260.jpg,0.69678,0.6696072
00044957.jpg,0.6822376,0.7562912
00035481.jpg,0.5289611,0.5565152
00007866.jpg,0.74301225,0.76128
00009168.jpg,0.72700244,0.702151
00011864.jpg,0.7589183,0.6758316
00044678.jpg,0.78197473,0.5798946
sun_azmctncekrqydlxc.jpg,0.5249399,0.6090909
00021184.jpg,0.7448687,0.7809128
00057542.jpg,0.80301136,0.8743164
00003057.jpg,0.71757025,0.5133722
00034687.jpg,0.7375669,0.7897132
00033141.jpg,0.7092327,0.8809594
00041031.jpg,0.73197585,0.8356658
00023406.jpg,0.8343745,0.811844
00043188.jpg,0.66086566,0.5623074
n09359803_23220.jpg,0.54791325,0.36956522
n07690273_23872.jpg,0.8237332,0.88461536
00022747.jpg,0.8446397,0.8341322
00004613.jpg,0.6732112,0.7599958
00009423.jpg,0.7536208,0.744975
00022261.jpg,0.8569343,0.8692952
000000540164.jpg,0.8099418,0.8090909
00023260.jpg,0.77162814,0.760469
00050734.jpg,0.8179684,0.7965216
00003645.jpg,0.8341637,0.9450452
00055848.jpg,0.81225014,0.925112
00042625.jpg,0.7139935,0.6761908
00051495.jpg,0.7466343,0.762135
00010317.jpg,0.7939201,0.798926
00012518.jpg,0.8048046,0.7972806
00002773.jpg,0.696889,0.7475678
00005795.jpg,0.70926595,0.7758448
256f1eeaf5cb433c.jpg,0.7411278,0.8148148
00043909.jpg,0.62655056,0.5997884
00028275.jpg,0.91180444,0.9090558
00048138.jpg,0.76466835,0.8025154
00054901.jpg,0.7345455,0.6656614
00002728.jpg,0.7231007,0.7337354
00032752.jpg,0.8273689,0.8730222
00006116.jpg,0.64834076,0.77713
c0256abf502efa34.jpg,0.7999086,0.8214286
00023532.jpg,0.78830117,0.9461882
00028427.jpg,0.7848573,0.769129
00023002.jpg,0.8724757,0.8979848
00034847.jpg,0.7602836,0.741553
00014105.jpg,0.6584164,0.5989252
n09288635_1006.jpg,0.72784495,0.76086956
00011077.jpg,0.77105874,0.7577816
00027942.jpg,0.8142669,0.9284312
00000549.jpg,0.8859792,0.9089712
00036400.jpg,0.77787983,0.7242768
00047359.jpg,0.7285232,0.735191
00012992.jpg,0.6396818,0.6611262
00039542.jpg,0.68018055,0.854404
00050505.jpg,0.78609365,0.6862654
00019586.jpg,0.8081203,0.8979442
00027421.jpg,0.8675197,0.7770382
00005485.jpg,0.8972614,0.866236
00054195.jpg,0.79660136,0.7381116
00033439.jpg,0.88102967,0.9124954
00047220.jpg,0.684864,0.7767932
00016858.jpg,0.8150131,0.779136
00033428.jpg,0.7784516,0.6669844
00041556.jpg,0.7738276,0.7777002
00034226.jpg,0.580608,0.5638464
n09421951_10569.jpg,0.631478,0.5283019
00012371.jpg,0.81765026,0.8153052
n02834778_6714.jpg,0.7704486,0.74285716
00046198.jpg,0.621022,0.5784912
00016697.jpg,0.8013994,0.7807352
00034724.jpg,0.6406171,0.6155858
00024453.jpg,0.7616306,0.8089814
00038548.jpg,0.62243146,0.5628522
00002261.jpg,0.5421068,0.6092836
00028915.jpg,0.69476074,0.7497604
00011032.jpg,0.57151127,0.7334352
00039380.jpg,0.6573443,0.7552616
00055424.jpg,0.7810232,0.7772912
00008718.jpg,0.7012503,0.7544096
00001344.jpg,0.64233893,0.6201712
00031148.jpg,0.85872144,0.8629346
00037395.jpg,0.5988069,0.6182168
00015198.jpg,0.81690544,0.8581596
000000532631.jpg,0.69477606,0.7368421
00043007.jpg,0.69942474,0.7335076
00000107.jpg,0.7359455,0.7600814
n09472597_13289.jpg,0.6195549,0.7604167
00024702.jpg,0.6183122,0.6674494
00000700.jpg,0.7564288,0.8684424
00001122.jpg,0.6810693,0.765041
00041510.jpg,0.6043546,0.6076114
00012227.jpg,0.7722066,0.7746342
00002475.jpg,0.7506469,0.750415
00038770.jpg,0.5760367,0.6642228
00033872.jpg,0.62837964,0.71922
00048218.jpg,0.6497487,0.7226096
00019213.jpg,0.55988973,0.5634784
905e0d0c54017903.jpg,0.642746,0.63829786
00002492.jpg,0.8144631,0.85008
00049651.jpg,0.8119572,0.794102
00031900.jpg,0.8006235,0.817353
00054821.jpg,0.77555215,0.8498496
00043343.jpg,0.6619489,0.6897398
e4b1c5899c40d102.jpg,0.5415318,0.53333336
00012614.jpg,0.6879758,0.7916088
00028298.jpg,0.77406305,0.8029676
00002215.jpg,0.6866418,0.7013698
00005156.jpg,0.8118668,0.7846478
00034789.jpg,0.6869704,0.600677
00049514.jpg,0.61269206,0.7691352
000000026323.jpg,0.68211186,0.8172043
n07697537_26124.jpg,0.8194585,0.76744187
00030110.jpg,0.72171956,0.7757172
00052765.jpg,0.82474506,0.7861208
00019771.jpg,0.5600945,0.532193
00055822.jpg,0.7851847,0.9042248
00052780.jpg,0.8226388,0.955178
00051738.jpg,0.7178544,0.836354
00008166.jpg,0.6577318,0.650479
00032178.jpg,0.826884,0.8391962
00057832.jpg,0.78732127,0.7450986
00037511.jpg,0.71007526,0.7739356
00004497.jpg,0.6847103,0.5950138
00011329.jpg,0.67919564,0.652107
00018451.jpg,0.8721612,0.9039274
00058342.jpg,0.6228337,0.8235964
00003071.jpg,0.81720775,0.8803982
n02932891_23097.jpg,0.7123397,0.52136755
00031143.jpg,0.8179831,0.8465888
00000642.jpg,0.7412031,0.8056372
00025429.jpg,0.61862963,0.6760444
00029382.jpg,0.85000736,0.892191
00034622.jpg,0.5587826,0.5927682
00046145.jpg,0.7753431,0.693471
00055863.jpg,0.6992382,0.7204228
00006920.jpg,0.68845326,0.7353122
00033390.jpg,0.6241823,0.5486032
00018079.jpg,0.62842095,0.7435286
000000064588.jpg,0.803021,0.75641024
00002008.jpg,0.85980266,0.8665852
00011981.jpg,0.8616256,0.8297854
00002427.jpg,0.7612156,0.6017724
00033011.jpg,0.81605405,0.8349766
00049100.jpg,0.7805986,0.753382
00005255.jpg,0.8011362,0.8449378
00025889.jpg,0.9000383,0.8797548
00000216.jpg,0.6984428,0.7333356
00022570.jpg,0.82061905,0.8124792
00046457.jpg,0.7583716,0.7322702
00017257.jpg,0.6330119,0.525755
00057378.jpg,0.95007974,0.7390188
00036075.jpg,0.6455704,0.6959684
00047644.jpg,0.6477145,0.6795794
00029288.jpg,0.68470967,0.7831822
00003019.jpg,0.8241034,0.9081366
00043780.jpg,0.73045176,0.7087524
n09472597_21426.jpg,0.679094,0.6698113
n09421951_9201.jpg,0.58903813,0.5277778
00047970.jpg,0.73012197,0.8901606
00051231.jpg,0.74081165,0.6382502
00019351.jpg,0.71636206,0.7916444
00013522.jpg,0.77964896,0.8240806
00001340.jpg,0.81079704,0.8459174
00010497.jpg,0.7192874,0.6281114
00008460.jpg,0.67115986,0.6143372
ab535640d044766d.jpg,0.5796071,0.48913044
00053203.jpg,0.70310026,0.4944884
00055594.jpg,0.844969,0.8469616
00021725.jpg,0.8010553,0.8715494
00044163.jpg,0.7510835,0.8337146
00049348.jpg,0.8105418,0.9460998
00057936.jpg,0.9352445,0.9451712
94a31ee11cd9ff43.jpg,0.7383396,0.67777777
00026787.jpg,0.7609221,0.8545444
n09428293_36611.jpg,0.61864483,0.675
00041824.jpg,0.70214534,0.8177734
00046302.jpg,0.7023339,0.6263512
000000489799.jpg,0.7290481,0.81609195
00046977.jpg,0.8132921,0.8096116
00019746.jpg,0.87928563,0.9235928
00014836.jpg,0.6791041,0.7356654
00030540.jpg,0.72832286,0.8260996
00056420.jpg,0.6640316,0.5335214
n02946348_18684.jpg,0.76909214,0.78125
00041916.jpg,0.69397604,0.7761634
00030514.jpg,0.8080031,0.8485674
00007147.jpg,0.815129,0.8492268
00043438.jpg,0.78013176,0.7047406
00015317.jpg,0.80273235,0.7898424
293f56dc17a59733.jpg,0.7397925,0.74285716
00043765.jpg,0.7756441,0.7938162
00012062.jpg,0.7969338,0.8169114
00002366.jpg,0.63428617,0.7020388
00049808.jpg,0.7758581,0.7187904
00016922.jpg,0.73233193,0.770473
8ec8d873e23d2435.jpg,0.771535,0.84090906
00011520.jpg,0.595204,0.5798278
00004291.jpg,0.7808822,0.7353998
n03512147_40762.jpg,0.80573434,0.75
00013509.jpg,0.7901798,0.7996824
00046560.jpg,0.68833613,0.4953226
00051718.jpg,0.8628241,0.8459102
00050560.jpg,0.6087382,0.6890216
00043615.jpg,0.8028683,0.763213
00004554.jpg,0.7935755,0.8536722
00056890.jpg,0.75226724,0.7925018
00029012.jpg,0.7176943,0.8823618
00008721.jpg,0.7816865,0.9110092
00015743.jpg,0.74091065,0.6567036
00022248.jpg,0.75654715,0.7081418
00036764.jpg,0.629068,0.8257752
00011231.jpg,0.86118346,0.8709752
00011987.jpg,0.9086276,0.8683982
00058740.jpg,0.70725906,0.691634
00006518.jpg,0.75061595,0.743695
00056094.jpg,0.5360315,0.536155
00017721.jpg,0.6232542,0.5055758
00021705.jpg,0.6348851,0.5790802
00015933.jpg,0.79283375,0.8663228
00035596.jpg,0.749414,0.7022278
00036282.jpg,0.7042829,0.6760686
00016687.jpg,0.8533974,0.8357504
00053938.jpg,0.7369928,0.7810708
00024573.jpg,0.7914334,0.9043924
00014534.jpg,0.842341,0.9044334
00012801.jpg,0.62627566,0.5934694
00008396.jpg,0.6157109,0.680973
00002658.jpg,0.7228996,0.748155
000000025559.jpg,0.7658377,0.7222222
00000384.jpg,0.7880933,0.8763424
00044359.jpg,0.6516898,0.6363026
n03512147_6092.jpg,0.7873668,0.74157304
00002373.jpg,0.8641115,0.842739
00037176.jpg,0.6029288,0.7662436
00024684.jpg,0.7304407,0.7153578
00013067.jpg,0.68451434,0.6349592
000000531146.jpg,0.6464101,0.84210527
00004452.jpg,0.88205415,0.8848728
00042532.jpg,0.62585235,0.6330528
00036323.jpg,0.6674466,0.5441988
00032077.jpg,0.7812365,0.7876536
00016696.jpg,0.7646961,0.7406494
00010310.jpg,0.81548566,0.8781444
n09308572_596.jpg,0.66023535,0.74509805
00057981.jpg,0.781434,0.8431492
000000175470.jpg,0.7659109,0.78846157
00045477.jpg,0.6779116,0.6895478
00057834.jpg,0.9034483,0.8510338
00034844.jpg,0.6906559,0.7157924
00050298.jpg,0.78943944,0.749745
00043727.jpg,0.7065716,0.6708174
000000381430.jpg,0.7490681,0.82474226
00002632.jpg,0.7051818,0.7822654
00008645.jpg,0.8806674,0.822331
00039289.jpg,0.7938782,0.7932202
00043202.jpg,0.7812786,0.8158952
00022792.jpg,0.8734817,0.7771168
00042572.jpg,0.72956926,0.7603428
00055548.jpg,0.7834956,0.7480354
00025694.jpg,0.7004465,0.6792712
00050530.jpg,0.7569669,0.8152314
00001010.jpg,0.78914446,0.7692324
00056715.jpg,0.7414866,0.762725
00056746.jpg,0.78999203,0.6828572
00020166.jpg,0.75201315,0.8678526
00019394.jpg,0.7500245,0.7832594
00028216.jpg,0.8017135,0.8025836
00055334.jpg,0.6115611,0.6982882
00016374.jpg,0.7470839,0.7080406
000000337013.jpg,0.77056867,0.7888889
00045088.jpg,0.7341978,0.751749
00014005.jpg,0.5693775,0.6574412
00047172.jpg,0.81149846,0.8534552
00038630.jpg,0.66534543,0.5822012
00046698.jpg,0.9614242,0.9340292
00028025.jpg,0.8516995,0.8183004
00042775.jpg,0.55573153,0.573417
n02924116_71067.jpg,0.73682076,0.7764706
00043228.jpg,0.70934415,0.451317
00025388.jpg,0.7987804,0.8804174
00006052.jpg,0.7153645,0.6155598
00055769.jpg,0.6297424,0.8707446
00037423.jpg,0.7683627,0.7953618
00005789.jpg,0.740486,0.6981964
00040930.jpg,0.7336119,0.7181942
00004692.jpg,0.7722798,0.79055
00040217.jpg,0.6948376,0.5525216
00025141.jpg,0.80367047,0.811474
00030200.jpg,0.5877656,0.318509
dbaa033be5e95bd9.jpg,0.8093994,0.87777776
00040784.jpg,0.6537478,0.7616702
00012757.jpg,0.8193218,0.869265
00019276.jpg,0.74328035,0.6656142
00029265.jpg,0.7439733,0.8428056
00000142.jpg,0.6970372,0.6850678
00030153.jpg,0.6597266,0.6900586
00022150.jpg,0.758903,0.860098
00051571.jpg,0.7586626,0.8073068
00058413.jpg,0.6781865,0.7831434
00052212.jpg,0.8027304,0.8131462
00002405.jpg,0.7226708,0.8181286
00050808.jpg,0.70834786,0.7753592
n09289331_580.jpg,0.70354754,0.7
00001842.jpg,0.7294292,0.7133458
00023233.jpg,0.8655975,0.8983094
00053970.jpg,0.7776162,0.9098532
00008602.jpg,0.7118909,0.6563376
00013547.jpg,0.61309105,0.671832
00053043.jpg,0.7961008,0.8443072
00056983.jpg,0.67372537,0.7899576
00007275.jpg,0.66471857,0.559361
00008160.jpg,0.8876106,0.8574786
00045089.jpg,0.6027436,0.6921822
00015692.jpg,0.86958396,0.9108228
00009857.jpg,0.8216361,0.8203688
00029968.jpg,0.7304808,0.7541362
000000358890.jpg,0.74409145,0.8333333
00040092.jpg,0.77756596,0.8006178
00003335.jpg,0.889219,0.93057
00011807.jpg,0.89775294,0.7548008
00038672.jpg,0.5676997,0.5084424
2e7c8ac130906525.jpg,0.88422334,0.9583333
00037218.jpg,0.6788645,0.649688
00008488.jpg,0.812017,0.854589
00032388.jpg,0.8065099,0.891663
00047797.jpg,0.78747004,0.7718644
00012926.jpg,0.859183,0.9444272
00055388.jpg,0.8105789,0.9203798
00002346.jpg,0.7788919,0.6452382
00029707.jpg,0.6601276,0.6752814
00006483.jpg,0.8292792,0.8171612
00005245.jpg,0.6997721,0.7507432
00017594.jpg,0.8518445,0.9638874
n07574602_27043.jpg,0.8199597,0.9385965
00046752.jpg,0.629845,0.7798658
n04610013_379.jpg,0.6993474,0.7078652
00021055.jpg,0.7775904,0.6846258
6c27f89d9081572e.jpg,0.74754506,0.8817204
00017306.jpg,0.90970397,0.9159036
00006572.jpg,0.5967145,0.5013144
00005175.jpg,0.6973822,0.68783
00052259.jpg,0.8156146,0.8336034
00052678.jpg,0.6312942,0.701793
00042236.jpg,0.7995006,0.7040574
00025121.jpg,0.79141086,0.9116028
00037264.jpg,0.7480925,0.850922
00012284.jpg,0.6098451,0.6772542
00028273.jpg,0.64350903,0.566504
00024038.jpg,0.77661806,0.7821106
00043573.jpg,0.71886206,0.7324476
00042731.jpg,0.63457495,0.6812246
00047394.jpg,0.7338589,0.7080592
00007933.jpg,0.62699354,0.6874356
41e092c947498605.jpg,0.5531276,0.56122446
00030948.jpg,0.7625713,0.74552
00023561.jpg,0.6990786,0.6510796
00020566.jpg,0.79259354,0.9286608
00044959.jpg,0.6852195,0.588681
00005102.jpg,0.5536835,0.6102048
00037326.jpg,0.6550784,0.7666592
00040841.jpg,0.74843234,0.6979046
cca26d0015d1fbc9.jpg,0.8756031,0.9029126
00041144.jpg,0.865165,0.910229
00028170.jpg,0.7227123,0.7583926
00002196.jpg,0.7670436,0.7863002
00042822.jpg,0.73359185,0.732081
000000220306.jpg,0.71722627,0.8363636
00032272.jpg,0.8233804,0.7954746
00038183.jpg,0.6180551,0.4394274
00003222.jpg,0.66263306,0.6551244
000000117105.jpg,0.82809234,0.9009901
00039286.jpg,0.76672715,0.852466
00010104.jpg,0.74541765,0.8528384
00051817.jpg,0.7596199,0.7438472
00057093.jpg,0.8621166,0.9434666
000000271283.jpg,0.7995107,0.80898875
00017614.jpg,0.79102194,0.8920168
00050673.jpg,0.8794599,0.8500766
00038265.jpg,0.59398234,0.6089642
00023388.jpg,0.7892296,0.7295906
00037677.jpg,0.60163546,0.6668644
00042604.jpg,0.7864929,0.7316602
00046136.jpg,0.67416394,0.6276038
00049594.jpg,0.8678749,0.8183398
00041207.jpg,0.7810636,0.8246916
00009793.jpg,0.7987152,0.806979
00007528.jpg,0.8196419,0.7206386
sun_agdbqrwoyiuhkrcq.jpg,0.5878305,0.44329897
n02324045_16354.jpg,0.7753533,0.81632656
00031725.jpg,0.7468828,0.847879
00024416.jpg,0.8568669,0.795266
00002305.jpg,0.7571653,0.8288498
00033790.jpg,0.5660647,0.6206112
00017492.jpg,0.82671624,0.8042444
00037727.jpg,0.4946391,0.4739502
00050692.jpg,0.7428065,0.8778224
00022832.jpg,0.76218444,0.8144364
00052887.jpg,0.67955,0.7485652
n04335435_10234.jpg,0.7503789,0.7894737
n02118333_11249.jpg,0.84040624,0.86538464
53e5bad051a9bbeb.jpg,0.78086287,0.88297874
00055080.jpg,0.6455969,0.7184188
00051650.jpg,0.6894299,0.6548606
97aaac154962a793.jpg,0.76074034,0.82051283
00039105.jpg,0.75137615,0.7933358
00019528.jpg,0.79076487,0.7486912
00033150.jpg,0.5658607,0.5014874
00026255.jpg,0.7495777,0.8458932
00055973.jpg,0.8728979,0.9466788
n04252077_6724.jpg,0.72112316,0.7821782
00006840.jpg,0.7638663,0.7577154
00057904.jpg,0.81446785,0.9080156
n02932891_36476.jpg,0.7290306,0.625
00058611.jpg,0.635987,0.6271428
n09393605_3369.jpg,0.5719759,0.45348838
00017855.jpg,0.5744408,0.5891398
00050313.jpg,0.8652062,0.8095458
n02396427_912.jpg,0.7903928,0.8333333
00015150.jpg,0.8098528,0.8233058
00000968.jpg,0.8215347,0.8177062
00026501.jpg,0.76691633,0.7914292
00044708.jpg,0.77512497,0.8284228
00026136.jpg,0.879232,0.849238
00001092.jpg,0.56596464,0.6033478
000000249815.jpg,0.7228585,0.9255319
00031359.jpg,0.7440844,0.7584876
n02089078_3449.jpg,0.77601105,0.72164947
00019154.jpg,0.799194,0.8481622
n09288635_2320.jpg,0.619148,0.66071427
00003037.jpg,0.7161513,0.7530628
00032714.jpg,0.91137695,0.9195314
00021154.jpg,0.8535951,0.7168444
00037090.jpg,0.5233489,0.5891228
00052270.jpg,0.80088514,0.7925294
00010192.jpg,0.7130284,0.6573822
00010738.jpg,0.66120267,0.5286602
000000073669.jpg,0.7833218,0.9029126
00038570.jpg,0.76337844,0.799098
00039515.jpg,0.6219444,0.7315088
00057440.jpg,0.75681573,0.913992
00019192.jpg,0.61272573,0.6800542
00048161.jpg,0.75523955,0.7425532
00018744.jpg,0.79603845,0.8694352
00034033.jpg,0.6590572,0.5762544
00031989.jpg,0.7062092,0.7713094
00016313.jpg,0.7640179,0.7397298
00011694.jpg,0.77385074,0.8771412
00046911.jpg,0.6720967,0.6516004
n07911677_193.jpg,0.82584,0.7818182
00032805.jpg,0.7068597,0.6443244
00028215.jpg,0.7541253,0.8421232
00007120.jpg,0.844171,0.9382608
00014020.jpg,0.82715565,0.8745488
n04610013_2593.jpg,0.6758665,0.76086956
00055590.jpg,0.68484545,0.5721764
00032809.jpg,0.9742909,0.9623526
00048109.jpg,0.7579562,0.7199296
00041147.jpg,0.77829355,0.9019448
00003741.jpg,0.80173427,0.7636822
00036353.jpg,0.68145317,0.7373118
00035734.jpg,0.67195773,0.6663004
00033910.jpg,0.6378436,0.6808714
00029300.jpg,0.72636014,0.7433048
00047651.jpg,0.7480889,0.8403608
00043403.jpg,0.81465036,0.7606056
1b9dbd5b723f8ec4.jpg,0.77745515,0.83809525
00036398.jpg,0.6338886,0.6871962
00020240.jpg,0.8267519,0.8167814
00054127.jpg,0.7959468,0.9279058
00031588.jpg,0.688096,0.6604108
n02342885_12792.jpg,0.8915594,0.9130435
00019713.jpg,0.7389824,0.7277304
00011264.jpg,0.7192501,0.6732264
00057768.jpg,0.7153758,0.7496046
00025720.jpg,0.8167892,0.8968362
00032159.jpg,0.8461042,0.8200628
00024032.jpg,0.8177867,0.8027824
00023271.jpg,0.78241354,0.7893352
00025338.jpg,0.8302981,0.7731816
00050480.jpg,0.7737673,0.813245
00045471.jpg,0.71438855,0.741782
00057380.jpg,0.7247199,0.828692
00004491.jpg,0.60094434,0.6157758
n02793495_14549.jpg,0.6681711,0.70642203
00003241.jpg,0.6101501,0.6281354
00054888.jpg,0.9203473,0.9077088
00011015.jpg,0.80626655,0.8511484
00005570.jpg,0.82332665,0.6945632
00030528.jpg,0.8576142,0.8488264
00023676.jpg,0.73113316,0.794092
00034916.jpg,0.59184,0.6739834
00048909.jpg,0.7135137,0.7087304
n02396427_9648.jpg,0.8586001,0.8229167
00025288.jpg,0.80597216,0.7847022
00014621.jpg,0.85125995,0.8451274
00002413.jpg,0.8316598,0.8208766
n09359803_42842.jpg,0.58822787,0.37634408
00036078.jpg,0.6843255,0.5591572
00053404.jpg,0.68222237,0.6748616
00013615.jpg,0.85585445,0.8846682
00049427.jpg,0.7046879,0.815305
00037227.jpg,0.5620836,0.6376638
00026721.jpg,0.6579311,0.7202916
00058555.jpg,0.6812513,0.7248472
n04166281_6665.jpg,0.7602437,0.682243
00032061.jpg,0.82481843,0.8797596
00018714.jpg,0.77229315,0.5549994
00043595.jpg,0.79197794,0.9256938
00018937.jpg,0.85774386,0.951324
00012154.jpg,0.7032017,0.7388646
00003522.jpg,0.6634493,0.594439
n02132136_1954.jpg,0.81106013,0.78350514
00042105.jpg,0.7892364,0.9143892
00015468.jpg,0.84510344,0.7842744
00005533.jpg,0.830669,0.937472
00046320.jpg,0.71152145,0.781161
00029001.jpg,0.82363725,0.8049062
00040288.jpg,0.8464075,0.8306222
00042082.jpg,0.7990739,0.7414308
00037125.jpg,0.67390275,0.5648508
00036503.jpg,0.744761,0.780906
00001776.jpg,0.823898,0.8639448
000000146601.jpg,0.86492324,0.9223301
n02834778_4359.jpg,0.70142967,0.4117647
00028175.jpg,0.67272365,0.7255014
00016116.jpg,0.79126936,0.9038098
00047397.jpg,0.84603596,0.8859266
00021739.jpg,0.7631248,0.8045306
00030505.jpg,0.69082606,0.7238286
00021114.jpg,0.6672076,0.6589148
00032501.jpg,0.7431533,0.7174146
n09415671_15542.jpg,0.58357567,0.56
000000325517.jpg,0.7862516,0.8979592
00044360.jpg,0.61213964,0.6696356
00058687.jpg,0.76211184,0.7499632
533b85f1b088732d.jpg,0.83406645,0.85263157
00035531.jpg,0.60487735,0.6175192
00039568.jpg,0.75912976,0.723083
00013567.jpg,0.7869051,0.8081242
00043792.jpg,0.6894842,0.6782818
00041124.jpg,0.6472188,0.8825714
000000366379.jpg,0.71914047,0.6744186
00017303.jpg,0.7157009,0.6589176
00010301.jpg,0.87946945,0.8403768
n07880968_1873.jpg,0.801925,0.7692308
00034963.jpg,0.69969475,0.7235368
00026431.jpg,0.7620522,0.7815044
00046566.jpg,0.69918394,0.7549856
n03351262_8162.jpg,0.6206754,0.6304348
00004340.jpg,0.7191184,0.8196092
00015480.jpg,0.58473325,0.533137
n02946348_15930.jpg,0.7135096,0.8086957
00031302.jpg,0.6604449,0.8983118
00031803.jpg,0.77969295,0.7761586
00031172.jpg,0.8434375,0.7888846
00013334.jpg,0.8990067,0.8723684
00047091.jpg,0.7544876,0.7224494
00039219.jpg,0.72283405,0.7298646
8ca9624b99f261f2.jpg,0.76134604,0.8
00015698.jpg,0.64172375,0.7379858
00004325.jpg,0.64316976,0.700306
00043126.jpg,0.80810064,0.8862474
00028793.jpg,0.8817655,0.9022006
00054858.jpg,0.9067133,0.9007786
00037202.jpg,0.58009434,0.6579848
000000053875.jpg,0.6073594,0.7876106
n02450034_11358.jpg,0.7760082,0.84
sun_amstctgduhgtglor.jpg,0.590739,0.76
00002474.jpg,0.7219093,0.742821
00037725.jpg,0.59080243,0.7159382
00027438.jpg,0.7920513,0.8526478
00024535.jpg,0.7876628,0.7508902
00020489.jpg,0.5233208,0.4892808
n02793495_8429.jpg,0.57912123,0.6111111
00030311.jpg,0.70977926,0.8314866
00051275.jpg,0.82722473,0.8638674
00013502.jpg,0.662853,0.598892
00036298.jpg,0.6749441,0.5491188
n09270735_53301.jpg,0.6280266,0.59090906
00008775.jpg,0.7492261,0.7299786
00054046.jpg,0.8059521,0.7451398
00050716.jpg,0.8385705,0.9398274
00038609.jpg,0.78724176,0.834304
00034962.jpg,0.60688496,0.5570546
00025240.jpg,0.8412412,0.923961
n02878222_10852.jpg,0.6819966,0.5681818
00050624.jpg,0.7281315,0.7094036
00002481.jpg,0.8384209,0.7793534
00017598.jpg,0.8485934,0.833692
00049570.jpg,0.7755236,0.6536814
00011522.jpg,0.71087754,0.5358396
00044566.jpg,0.72651917,0.612479
00043258.jpg,0.85324603,0.9130642
00041486.jpg,0.63913846,0.6608032
00002018.jpg,0.5487536,0.4222342
00027924.jpg,0.7475248,0.5962754
00051318.jpg,0.72829145,0.7604244
00002980.jpg,0.56684554,0.5158576
00030162.jpg,0.6599721,0.7132396
00000411.jpg,0.67720383,0.6714536
00020477.jpg,0.6795026,0.4446812
00005864.jpg,0.6529689,0.6315726
n03790512_11044.jpg,0.76696736,0.70535713
00053261.jpg,0.69596606,0.751348
00007346.jpg,0.74655086,0.9049858
00009987.jpg,0.5803807,0.514455
00058730.jpg,0.7766958,0.9018682
00053709.jpg,0.86543226,0.814588
n09468604_22643.jpg,0.6395755,0.5769231
00015737.jpg,0.6345421,0.7260324
00052827.jpg,0.66278005,0.6276912
00036811.jpg,0.59082353,0.5979538
n07711569_1651.jpg,0.84289825,0.83653843
00044002.jpg,0.81043833,0.817819
00049021.jpg,0.55293787,0.5604522
30c83644cca56b50.jpg,0.60961604,0.5882353
00015023.jpg,0.8079064,0.8520168
00053853.jpg,0.69837546,0.7827918
00040792.jpg,0.792986,0.7121158
00002685.jpg,0.7604466,0.7833864
00056417.jpg,0.70353174,0.5704256
00039792.jpg,0.64918315,0.6003126
00054365.jpg,0.806552,0.7733358
00036988.jpg,0.6570159,0.6767798
00055659.jpg,0.6533804,0.6057576
00019860.jpg,0.7661629,0.8098918
00005997.jpg,0.8563655,0.9130878
00028264.jpg,0.69198525,0.6646818
00047008.jpg,0.64114726,0.6810322
00054814.jpg,0.89547616,0.791453
00045886.jpg,0.73953587,0.7452854
00001571.jpg,0.61368954,0.600484
00055613.jpg,0.44697356,0.4633648
00035357.jpg,0.77300733,0.5861436
00054114.jpg,0.6368067,0.7045882
000000528882.jpg,0.77958566,0.8
00015327.jpg,0.8834222,0.8571184
00008932.jpg,0.79707247,0.8609686
00021746.jpg,0.54762983,0.5744382
00024115.jpg,0.70862484,0.6903364
00010211.jpg,0.6751003,0.560613
n07753592_8041.jpg,0.7842079,0.85227275
00011274.jpg,0.77456766,0.741651
00001985.jpg,0.86753833,0.9042786
00055579.jpg,0.6405739,0.6284472
00043777.jpg,0.70672643,0.7258724
n07690273_20374.jpg,0.800523,0.79569894
00045161.jpg,0.71646106,0.616543
00051516.jpg,0.8000248,0.827042
00029180.jpg,0.719198,0.6559982
00030119.jpg,0.77799547,0.810416
00015489.jpg,0.78899723,0.82824
a8d0951911af67f8.jpg,0.7035154,0.59821427
n07838073_21675.jpg,0.85124904,0.90677965
00033797.jpg,0.64481235,0.5216974
00018479.jpg,0.81177765,0.867718
00041764.jpg,0.81837445,0.8159144
00020823.jpg,0.7408054,0.813634
n01811909_5541.jpg,0.75796276,0.8202247
00028218.jpg,0.7479257,0.619623
00007737.jpg,0.7765069,0.6992676
00045547.jpg,0.60444397,0.6163594
00026655.jpg,0.7585636,0.6591916
00018666.jpg,0.75658363,0.8049518
00015558.jpg,0.7928037,0.851222
n07697537_33979.jpg,0.8853398,0.90756303
00014714.jpg,0.82132703,0.8270564
00011878.jpg,0.8175293,0.910909
00047736.jpg,0.70964706,0.695105
00031292.jpg,0.74349326,0.8351662
00048847.jpg,0.6518643,0.6372272
00058276.jpg,0.82815784,0.814765
00043408.jpg,0.7868375,0.7845616
00033025.jpg,0.8119671,0.7300974
00053789.jpg,0.8763965,0.8686202
00053845.jpg,0.77777314,0.7987512
00051839.jpg,0.8365993,0.8887788
00056462.jpg,0.777499,0.7862524
00041237.jpg,0.77494323,0.7965936
00025560.jpg,0.7000226,0.8238014
00007652.jpg,0.695771,0.6274198
00034528.jpg,0.50819397,0.6592054
00040500.jpg,0.7220295,0.6969528
n07696625_4335.jpg,0.8308453,0.8703704
00022503.jpg,0.7874295,0.783818
000000420552.jpg,0.6894242,0.752809
00036350.jpg,0.58274806,0.5409966
803df0dee9e9e1d7.jpg,0.7772123,0.8152174
00036723.jpg,0.5614182,0.6956024
00001302.jpg,0.7817105,0.6871736
00041957.jpg,0.7089809,0.625139
00054209.jpg,0.8346128,0.9571958
00012633.jpg,0.77362674,0.652139
00011054.jpg,0.6194512,0.4587134
00018625.jpg,0.8373284,0.824963
00043284.jpg,0.784281,0.7598682
00055065.jpg,0.6360936,0.679984
00020713.jpg,0.7243412,0.8744028
00005451.jpg,0.7667193,0.6885364
00024639.jpg,0.927767,0.8802114
000000417347.jpg,0.7073632,0.71590906
00029166.jpg,0.7946461,0.831243
00052884.jpg,0.86611265,0.8325804
00052939.jpg,0.8374054,0.8151118
00004628.jpg,0.78358936,0.7774452
00044391.jpg,0.70238656,0.7479778
00025789.jpg,0.5171459,0.5957002
00023783.jpg,0.5934875,0.5830536
00044321.jpg,0.9067486,0.8976032
00007720.jpg,0.9151222,0.905209
00023705.jpg,0.8148795,0.8277984
1f5f5a2e5bbc00f0.jpg,0.7279842,0.66086954
00033357.jpg,0.81715363,0.8364328
2da2f8e4173ec2d8.jpg,0.54768366,0.45794392
00009832.jpg,0.5668089,0.528214
00008591.jpg,0.55464137,0.646168
00014600.jpg,0.7848026,0.796919
00001999.jpg,0.8131921,0.8916922
00035290.jpg,0.6174011,0.6640212
00046042.jpg,0.77690715,0.8007762
n09289331_4894.jpg,0.7063949,0.83
00008081.jpg,0.78126425,0.8130504
00007085.jpg,0.87120265,0.8841186
00052727.jpg,0.8170867,0.8679144
n09472597_28880.jpg,0.67302334,0.6168224
00034736.jpg,0.6420454,0.544642
00038188.jpg,0.55842245,0.648769
00019767.jpg,0.8108341,0.844671
00003183.jpg,0.6399447,0.5624468
00044280.jpg,0.7448313,0.7184928
00040857.jpg,0.7116459,0.5820538
00056023.jpg,0.64149046,0.6395766
00007663.jpg,0.7219428,0.7666706
00053609.jpg,0.5398464,0.6961258
00031534.jpg,0.8009232,0.8154272
n02396427_941.jpg,0.68734026,0.5740741
00047047.jpg,0.8579387,0.8092698
00049364.jpg,0.5848247,0.6301834
00017902.jpg,0.61790156,0.694481
00016311.jpg,0.81609637,0.8584594
00052172.jpg,0.78990906,0.8529798
00011206.jpg,0.562613,0.503942
00046511.jpg,0.6296431,0.7651116
00004230.jpg,0.76542646,0.5987662
00033752.jpg,0.70676804,0.5686892
00055379.jpg,0.8116682,0.8177956
000000250367.jpg,0.7812347,0.84615386
00036114.jpg,0.51913065,0.519022
n07574602_24483.jpg,0.7922488,0.73275864
00005983.jpg,0.6708687,0.7414826
00052832.jpg,0.8873099,0.8764604
00035594.jpg,0.6024109,0.5937818
n02355227_7587.jpg,0.7050254,0.60227275
00016146.jpg,0.7884437,0.7741382
00014882.jpg,0.80542654,0.789759
00053066.jpg,0.7636841,0.932013
00012923.jpg,0.6703267,0.652503
00041791.jpg,0.8196354,0.9380392
00056787.jpg,0.8007753,0.8562368
00012290.jpg,0.794615,0.7819408
00048503.jpg,0.6819403,0.6163094
n01792955_93.jpg,0.80473477,0.70642203
00003381.jpg,0.90147203,0.951212
00030963.jpg,0.822253,0.964162
00010302.jpg,0.88530606,0.9013792
00007313.jpg,0.8486435,0.8771648
00033469.jpg,0.5836313,0.5117298
00057885.jpg,0.6088826,0.6095534
00008199.jpg,0.8078905,0.7779468
00045168.jpg,0.70130503,0.8211092
00033009.jpg,0.6362692,0.5656998
00040689.jpg,0.78633255,0.777018
00006653.jpg,0.82919943,0.8553522
00021913.jpg,0.7174693,0.8155636
00022488.jpg,0.55930436,0.6098
sun_apkofvbpiueutjgo.jpg,0.4965974,0.3508772
n09468604_71480.jpg,0.54780066,0.66019416
n01846331_613.jpg,0.7368815,0.8210526
n12345899_15631.jpg,0.6077506,0.67391306
00000447.jpg,0.81778294,0.8158736
00046430.jpg,0.6993096,0.6392798
00025132.jpg,0.7240121,0.8188996
00039639.jpg,0.7050733,0.7813402
00039482.jpg,0.7215592,0.662742
00021694.jpg,0.75879085,0.7933048
00040825.jpg,0.70381784,0.7385398
00056082.jpg,0.7904039,0.8645632
n07680932_5209.jpg,0.75277543,0.8095238
00056425.jpg,0.5976731,0.6766174
f85c058e1b60c705.jpg,0.8009258,0.8787879
00034859.jpg,0.6167816,0.5462736
n07929519_31858.jpg,0.83659667,0.9569892
00050403.jpg,0.6862718,0.7193312
00003532.jpg,0.6446392,0.6773292
n01811909_3153.jpg,0.7671263,0.85057473
00006776.jpg,0.7872675,0.751133
00028111.jpg,0.56494486,0.563538
00008946.jpg,0.86953884,0.9022558
00027902.jpg,0.77779204,0.762807
n02324045_27845.jpg,0.8247542,0.8877551
00009511.jpg,0.7053081,0.5859602
00036168.jpg,0.65039164,0.657302
00009619.jpg,0.7989917,0.9066856
n09415671_13467.jpg,0.5386057,0.4950495
000000093014.jpg,0.76689273,0.9292929
00050753.jpg,0.83154273,0.7697286
00019843.jpg,0.6359069,0.6465788
n07716358_12705.jpg,0.9403624,0.9361702
00001367.jpg,0.67764115,0.7486386
00050363.jpg,0.7599843,0.8412334
00040309.jpg,0.7417429,0.7257888
n09270735_24858.jpg,0.63396347,0.6923077
00045156.jpg,0.7540744,0.7621232
00000974.jpg,0.60125494,0.6122246
00026131.jpg,0.7136448,0.6416388
00004308.jpg,0.6518934,0.5848408
00028979.jpg,0.83061904,0.838115
00034868.jpg,0.69605184,0.626923
00000203.jpg,0.710258,0.6606104
00030477.jpg,0.6322477,0.560671
00009448.jpg,0.71772903,0.6261696
00009498.jpg,0.8805887,0.800016
00053123.jpg,0.85238683,0.868479
00020234.jpg,0.58421797,0.6324328
00004380.jpg,0.63625467,0.6523672
00057919.jpg,0.7965608,0.811845
00009664.jpg,0.7931729,0.8695884
00041708.jpg,0.72861975,0.816774
00035767.jpg,0.57052916,0.5944872
n07880968_3496.jpg,0.82757604,0.7706422
00038789.jpg,0.6750473,0.6888986
00026077.jpg,0.64066297,0.6897142
n07716358_11437.jpg,0.7121566,0.74157304
n02396427_1298.jpg,0.7882481,0.8495575
00045043.jpg,0.73451436,0.6705788
00030310.jpg,0.6436904,0.7152808
n00445351_8103.jpg,0.80602276,0.84347826
00012366.jpg,0.5264252,0.5657806
00020067.jpg,0.75851494,0.769281
00027640.jpg,0.6805599,0.7115486
00034048.jpg,0.7078835,0.6927458
00040753.jpg,0.74693096,0.8171542
00024965.jpg,0.6417192,0.5738624
00027150.jpg,0.59232664,0.518296
000000034412.jpg,0.7918873,0.85714287
n02355227_14189.jpg,0.83357686,0.9
00024950.jpg,0.76213986,0.8855582
00041725.jpg,0.7817888,0.744201
00013834.jpg,0.62574166,0.7033226
00007090.jpg,0.6817601,0.6025486
00055898.jpg,0.7839239,0.8637302
00048029.jpg,0.7241211,0.764184
00023602.jpg,0.78776187,0.7246402
00001476.jpg,0.5808238,0.6913726
00031126.jpg,0.78623325,0.8447898
n07850329_10790.jpg,0.89502126,0.84210527
00037033.jpg,0.6642125,0.6523954
00013103.jpg,0.77998006,0.8539092
00000126.jpg,0.846456,0.7917168
00029095.jpg,0.7450704,0.8273608
n02450034_8355.jpg,0.75404596,0.7355372
00027775.jpg,0.7655423,0.7801336
00021726.jpg,0.7547981,0.8401628
00045365.jpg,0.8157019,0.6829394
00032528.jpg,0.8745932,0.8874112
00050645.jpg,0.8418605,0.9407128
n09472597_20993.jpg,0.66848844,0.5862069
00050240.jpg,0.74298567,0.8069598
00047113.jpg,0.6996677,0.6572072
00020506.jpg,0.8823975,0.9204922
f3de0d72febbe17f.jpg,0.82141274,0.8214286
00035872.jpg,0.59436065,0.6859148
00008933.jpg,0.83539563,0.9254808
00013942.jpg,0.812168,0.7794444
00037273.jpg,0.60799766,0.7688964
00043352.jpg,0.78471917,0.7635074
00029431.jpg,0.8016915,0.927788
00045572.jpg,0.64357054,0.6660812
n03384352_4313.jpg,0.7815679,0.8125
00048317.jpg,0.65043783,0.6099504
00015236.jpg,0.6608889,0.7295952
00023958.jpg,0.67626137,0.7160624
00022615.jpg,0.8520061,0.5521096
00017822.jpg,0.602944,0.6043734
00014897.jpg,0.80583304,0.8627246
00027792.jpg,0.89703417,0.9293252
00053324.jpg,0.78200185,0.8653574
00008920.jpg,0.5985762,0.5826354
000000194531.jpg,0.6765017,0.8214286
00034615.jpg,0.6209345,0.660673
n02355227_14799.jpg,0.8001255,0.8613861
00004179.jpg,0.5530065,0.5554572
00015908.jpg,0.6275918,0.7276984
00002204.jpg,0.77147275,0.7689104
n02450034_14659.jpg,0.7548388,0.8019802
00029162.jpg,0.8160843,0.8807212
00016493.jpg,0.7976729,0.8918414
00038786.jpg,0.7087901,0.7000714
00005470.jpg,0.87103087,0.89665
000000127856.jpg,0.70142096,0.8035714
00000957.jpg,0.8256791,0.8650922
00016853.jpg,0.8170959,0.7932662
8c6459b9f289fa47.jpg,0.83649653,0.88297874
000000275663.jpg,0.8191413,0.9
00044639.jpg,0.7333687,0.7606518
00032156.jpg,0.79782575,0.6861068
00013618.jpg,0.76513946,0.7628134
2f535abd45f435ff.jpg,0.7140766,0.7373737
00029250.jpg,0.5500485,0.523533
00051256.jpg,0.75597906,0.7668784
00017864.jpg,0.7205497,0.7410552
00006587.jpg,0.8888788,0.9466432
00002223.jpg,0.84749657,0.8506278
n07693725_3523.jpg,0.8584083,0.9009901
00050649.jpg,0.71819365,0.7699178
n07806221_21827.jpg,0.7321314,0.71276593
00042508.jpg,0.85930604,0.9080128
000000216820.jpg,0.8036364,0.84313726
00031600.jpg,0.7491201,0.7132602
00015403.jpg,0.72923297,0.682781
00017337.jpg,0.84936756,0.9354262
00057516.jpg,0.7739649,0.8362024
00023635.jpg,0.76461786,0.77519
00045906.jpg,0.8013291,0.8210606
n01811909_1526.jpg,0.777132,0.86
00031998.jpg,0.8420417,0.655862
00041744.jpg,0.8126313,0.7465188
000000167045.jpg,0.7580252,0.6727273
00042783.jpg,0.7746894,0.714136
b0bc605978c40a86.jpg,0.7323032,0.77272725
00054014.jpg,0.88217896,0.9398494
00035197.jpg,0.65661,0.8393194
00039719.jpg,0.65747356,0.6784496
00050437.jpg,0.81915456,0.8455956
00044483.jpg,0.7698733,0.770945
00034020.jpg,0.56700873,0.511896
00011357.jpg,0.80040926,0.904129
00022296.jpg,0.58024836,0.626182
00035094.jpg,0.6646298,0.632819
n03634034_7346.jpg,0.51986367,0.28
00030650.jpg,0.8185568,0.7767742
00056403.jpg,0.7160366,0.641546
00029665.jpg,0.6146091,0.7319348
00031118.jpg,0.85336125,0.9051118
00014639.jpg,0.56745374,0.6108812
00000912.jpg,0.67792934,0.5648242
00057361.jpg,0.68672144,0.7746034
00041374.jpg,0.8158539,0.8029952
00057015.jpg,0.85499793,0.8614506
00045271.jpg,0.73548716,0.7494996
n03634034_7886.jpg,0.64302886,0.6730769
00040499.jpg,0.8514498,0.79882
00053368.jpg,0.724227,0.8183958
00017001.jpg,0.7643406,0.7969026
00007086.jpg,0.7677271,0.8846992
00042154.jpg,0.733141,0.722237
00017342.jpg,0.50453144,0.5458942
00034310.jpg,0.6157259,0.5097724
00048907.jpg,0.82682353,0.8525244
n02324045_15673.jpg,0.85536706,0.9174312
00009300.jpg,0.9018682,0.9031616
n02793495_8390.jpg,0.59692854,0.6037736
00045108.jpg,0.75570893,0.830856
n01811909_3010.jpg,0.80047137,0.85714287
n03790512_11888.jpg,0.76746625,0.7383177
00047500.jpg,0.76993793,0.7010136
00047743.jpg,0.69759846,0.6602382
00022750.jpg,0.75068706,0.8391488
00050265.jpg,0.7989546,0.7839426
00001436.jpg,0.7822718,0.8108376
000000103401.jpg,0.7101595,0.71875
00027248.jpg,0.7846171,0.7530998
00015136.jpg,0.65142393,0.7515218
000000580986.jpg,0.84155446,0.81904763
00035896.jpg,0.5809282,0.5783498
00003499.jpg,0.7796959,0.828938
00020736.jpg,0.7219417,0.8116556
00049457.jpg,0.78067017,0.7535586
00004650.jpg,0.76596326,0.8801808
00003285.jpg,0.80920094,0.9087032
00034942.jpg,0.76484156,0.7998146
00030955.jpg,0.84395367,0.8283404
00041882.jpg,0.60373604,0.6776576
00005888.jpg,0.83517957,0.7169236
00008532.jpg,0.932542,0.8328104
00024723.jpg,0.80744255,0.8833804
00009672.jpg,0.7711562,0.8036528
sun_avswlmagvlcsnzrk.jpg,0.6249149,0.63529414
00046259.jpg,0.6841905,0.7225342
00033210.jpg,0.67706156,0.7919836
00011822.jpg,0.6893421,0.718878
00056091.jpg,0.7994054,0.9133576
000000310757.jpg,0.8095158,0.8854167
00046868.jpg,0.6600025,0.7206964
00017118.jpg,0.6084431,0.6226546
00041480.jpg,0.6802465,0.7772196
00023733.jpg,0.8414368,0.8594298
00015166.jpg,0.7895358,0.8338642
00001316.jpg,0.61078036,0.5486496
00014189.jpg,0.7092757,0.7083052
00054991.jpg,0.75374895,0.7733444
00017876.jpg,0.7594215,0.8325882
00053626.jpg,0.6471993,0.799085
00042725.jpg,0.7551658,0.7570626
00046966.jpg,0.7137944,0.6208396
00036326.jpg,0.66541743,0.778135
00002478.jpg,0.8003053,0.854923
00031095.jpg,0.8144157,0.8685862
00044290.jpg,0.7760356,0.8730874
00042337.jpg,0.6658131,0.6679048
n02342885_4368.jpg,0.8746564,0.92783505
00057452.jpg,0.8179461,0.7843612
00023455.jpg,0.7544126,0.8290178
00015011.jpg,0.7391853,0.6550454
00043603.jpg,0.78171647,0.715355
00001898.jpg,0.61082983,0.408342
00037772.jpg,0.6418067,0.8043062
1bf7b18e9816e5c6.jpg,0.72762996,0.83809525
00044418.jpg,0.75855476,0.7088618
00044723.jpg,0.789355,0.8445074
00006016.jpg,0.7497681,0.8616564
000000392869.jpg,0.83131593,0.7619048
00015568.jpg,0.7915209,0.8145298
00029285.jpg,0.717577,0.687508
00046418.jpg,0.7356704,0.6878014
00010832.jpg,0.8346768,0.8859216
00050441.jpg,0.8980014,0.8701348
00056575.jpg,0.84960747,0.863662
00050020.jpg,0.805273,0.8042892
00031474.jpg,0.81169903,0.8368418
00025301.jpg,0.79714066,0.8639374
00013300.jpg,0.69117427,0.72899
00020144.jpg,0.67762303,0.598782
00028492.jpg,0.82305735,0.8387456
00004011.jpg,0.6928447,0.6755366
00027051.jpg,0.7422498,0.6069324
00020655.jpg,0.798707,0.8419516
00006499.jpg,0.84469,0.8788962
00013664.jpg,0.81140006,0.7918064
00056710.jpg,0.55388117,0.5433904
00028581.jpg,0.7782907,0.9107178
00013030.jpg,0.7224465,0.8491634
00040543.jpg,0.71931916,0.7223994
00006464.jpg,0.87386376,0.8678542
00027504.jpg,0.7939242,0.8406204
00035283.jpg,0.66712654,0.6213488
00040618.jpg,0.7889681,0.8183298
00013710.jpg,0.82261676,0.8475562
00024551.jpg,0.82659477,0.911897
00016736.jpg,0.7753405,0.8454654
n02396427_16212.jpg,0.8189036,0.8055556
00029607.jpg,0.55915624,0.658786
00055237.jpg,0.56024736,0.7437984
00009595.jpg,0.7964609,0.7618318
00025370.jpg,0.6826371,0.6942148
00015668.jpg,0.7466803,0.6916042
00005631.jpg,0.76099634,0.8040308
00028698.jpg,0.74666613,0.7068626
00032845.jpg,0.7906601,0.7664648
00058046.jpg,0.6507836,0.7992606
00010934.jpg,0.7121955,0.651764
00014631.jpg,0.7334584,0.7554494
00006180.jpg,0.7388601,0.733924
00025315.jpg,0.72775453,0.8422312
00000375.jpg,0.7228985,0.6381838
00029934.jpg,0.5771322,0.5893884
n07654148_11193.jpg,0.848518,0.8378378
00027136.jpg,0.66843885,0.7494466
00005976.jpg,0.8016494,0.8429138
00038015.jpg,0.6697997,0.6094692
00014134.jpg,0.70926535,0.7054512
00037257.jpg,0.7821744,0.7624342
00039154.jpg,0.78606623,0.7795208
00047267.jpg,0.7403417,0.674005
00046783.jpg,0.6855446,0.7055954
00044498.jpg,0.7761432,0.7465326
00002999.jpg,0.6699889,0.7376872
00009345.jpg,0.605491,0.569045
00030826.jpg,0.74802643,0.7785104
n02324045_35005.jpg,0.76341426,0.7948718
00030786.jpg,0.7634356,0.8510122
n01846331_15480.jpg,0.79782194,0.7604167
sun_azlynmqjfwjytkdv.jpg,0.7254512,0.7058824
00033614.jpg,0.7816232,0.8081536
00021443.jpg,0.651952,0.5849552
n02450034_12504.jpg,0.735423,0.7395833
00036877.jpg,0.62054557,0.6558212
00007957.jpg,0.7081461,0.7052876
n02332755_948.jpg,0.7905476,0.88990825
00016497.jpg,0.75777227,0.7188164
00032432.jpg,0.7246955,0.7596806
00018296.jpg,0.820159,0.8272528
00007008.jpg,0.86374325,0.8255632
00022268.jpg,0.8833715,0.9908902
n03541923_2351.jpg,0.7499177,0.5980392
00055104.jpg,0.7190067,0.766044
00054562.jpg,0.89478433,0.8892858
00045637.jpg,0.7880911,0.8093922
00050162.jpg,0.68945724,0.6817756
00047849.jpg,0.690099,0.6920886
00012691.jpg,0.7442282,0.7933534
00040868.jpg,0.7333026,0.75554
00024839.jpg,0.8901536,0.978656
00039993.jpg,0.80609,0.8238556
00003064.jpg,0.6683295,0.5511404
00010782.jpg,0.7033212,0.822577
n04335435_10726.jpg,0.76790625,0.7920792
00013297.jpg,0.6780852,0.637465
00024886.jpg,0.75652987,0.8440322
00052084.jpg,0.87688476,0.8933526
00036732.jpg,0.7435377,0.674557
00015090.jpg,0.6222791,0.631734
00008826.jpg,0.8781814,0.9161798
00045869.jpg,0.7945706,0.811581
00006153.jpg,0.9294759,0.9212488
00056799.jpg,0.56651086,0.599746
000000458388.jpg,0.9042421,0.9433962
00033691.jpg,0.65703136,0.5548912
00018565.jpg,0.771453,0.8473218
00033163.jpg,0.90562385,0.9478922
00035941.jpg,0.62759024,0.8119946
00045215.jpg,0.6710879,0.7617186
00019511.jpg,0.7594865,0.8130928
00030098.jpg,0.6871033,0.796146
000000007211.jpg,0.7209818,0.86021507
00039744.jpg,0.77020127,0.701019
n03512147_57.jpg,0.79691166,0.79347825
00039495.jpg,0.69374394,0.6865312
00037744.jpg,0.67173547,0.7859314
00030403.jpg,0.6117611,0.5765716
00022009.jpg,0.7630626,0.7356798
00056692.jpg,0.7803458,0.7977534
00046604.jpg,0.79049337,0.817645
00054092.jpg,0.8017123,0.8893774
00053089.jpg,0.6396598,0.609466
00011772.jpg,0.5780643,0.6214716
00036846.jpg,0.76030624,0.8726468
00020667.jpg,0.6525099,0.722539
00037485.jpg,0.68331975,0.6609208
00030824.jpg,0.8153968,0.735057
00013643.jpg,0.84622437,0.8212944
00040622.jpg,0.7954157,0.7741364
00052530.jpg,0.72847193,0.6533358
00048676.jpg,0.7442238,0.7255256
00041095.jpg,0.621505,0.6740058
00024726.jpg,0.80786186,0.7309632
00013823.jpg,0.8904374,0.8529688
00027361.jpg,0.6400921,0.7252776
00032947.jpg,0.84523076,0.8044016
00006047.jpg,0.7221909,0.7290058
00031828.jpg,0.849925,0.7516018
00022725.jpg,0.8443826,0.8562972
000000103331.jpg,0.7851298,0.81
00023764.jpg,0.6308131,0.7239564
00044906.jpg,0.7331551,0.7667544
00042863.jpg,0.84065044,0.8241796
00032744.jpg,0.6758529,0.7142592
00012205.jpg,0.68943286,0.7035822
00012115.jpg,0.8249885,0.7342926
00001363.jpg,0.8101286,0.8384484
00014876.jpg,0.80656135,0.7863988
00045536.jpg,0.753905,0.8949358
00023921.jpg,0.8521599,0.7983086
00035820.jpg,0.8141622,0.8429324
00007136.jpg,0.8380217,0.8008202
00001076.jpg,0.8236893,0.8717908
n04252077_4506.jpg,0.7132414,0.75757575
00054571.jpg,0.7647389,0.7390644
00035149.jpg,0.6643147,0.6310534
00042085.jpg,0.6808387,0.7124324
n03541923_4292.jpg,0.6435204,0.6813187
00004782.jpg,0.7789878,0.7737254
00029689.jpg,0.75123346,0.7025358
00017985.jpg,0.7852242,0.6695814
00004883.jpg,0.5499108,0.6218066
00005154.jpg,0.691665,0.620534
00055231.jpg,0.9378815,0.8929062
00029346.jpg,0.8099683,0.7816438
n09309168_2076.jpg,0.69650614,0.6976744
00057723.jpg,0.8705025,0.8549412
00043955.jpg,0.7258394,0.5692844
00020207.jpg,0.6708007,0.5381116
00042413.jpg,0.81596625,0.775947
n04610013_1345.jpg,0.71430844,0.67676765
00028841.jpg,0.83089286,0.8431882
00003265.jpg,0.70251405,0.7438962
n07693725_8046.jpg,0.92083895,0.9166667
00056993.jpg,0.8827783,0.8360608
00007898.jpg,0.75206167,0.8035102
00040407.jpg,0.8428792,0.8586612
00043144.jpg,0.79355353,0.8483456
00025638.jpg,0.6556967,0.6715646
00026806.jpg,0.718952,0.6994384
00052375.jpg,0.8556539,0.8079968
00035759.jpg,0.6139024,0.6308826
00055502.jpg,0.7949425,0.863606
00041575.jpg,0.71514684,0.7996726
00025671.jpg,0.8078428,0.7527448
7f3847662c324790.jpg,0.67262584,0.6730769
00007764.jpg,0.639065,0.7436034
n02793495_435.jpg,0.6969887,0.65486723
61a523fb9fa663e8.jpg,0.6118018,0.53763443
00049170.jpg,0.73564506,0.9279432
00047413.jpg,0.760848,0.705676
00045376.jpg,0.7867393,0.8487678
00053866.jpg,0.71219105,0.8136592
31957706f94af9d3.jpg,0.7961274,0.7692308
00021679.jpg,0.8094761,0.855007
00011605.jpg,0.82534236,0.8195236
000000067084.jpg,0.7629417,0.83908045
00007563.jpg,0.68859124,0.7716532
00048266.jpg,0.70795244,0.5857242
00054227.jpg,0.8627676,0.864413
00027461.jpg,0.77055806,0.7450452
00044819.jpg,0.6512755,0.5817406
n03791053_2585.jpg,0.82677037,0.83
00009462.jpg,0.7894804,0.7649214
00046349.jpg,0.83479184,0.7924312
278e8a805970f410.jpg,0.5604873,0.627451
00006614.jpg,0.8481188,0.9005434
000000212824.jpg,0.7516076,0.8495575
00015533.jpg,0.78527254,0.885022
000000563458.jpg,0.7517282,0.77
00042472.jpg,0.66051894,0.5761036
00010465.jpg,0.8291722,0.799138
00013378.jpg,0.77009505,0.7412158
00015088.jpg,0.7287846,0.7774386
00041918.jpg,0.6422864,0.7301818
00040135.jpg,0.7116766,0.798165
00029538.jpg,0.8282592,0.7295194
00007578.jpg,0.6376449,0.48017
000000511121.jpg,0.6834822,0.62222224
8341d6c1644efe7e.jpg,0.8090443,0.81632656
00046385.jpg,0.8120286,0.9070624
00020419.jpg,0.6774279,0.8503218
n02324045_19580.jpg,0.7026688,0.7263158
00033846.jpg,0.73464763,0.799333
00045702.jpg,0.71828574,0.7608084
00044114.jpg,0.7441512,0.6351962
00044689.jpg,0.6679428,0.6999488
00027859.jpg,0.6310648,0.5903144
00016943.jpg,0.8002136,0.8581828
00037636.jpg,0.7220772,0.7369902
00024936.jpg,0.78477585,0.7899036
00008284.jpg,0.87273127,0.9325134
n07923748_18786.jpg,0.7917475,0.8469388
00026138.jpg,0.75227433,0.8926068
00003623.jpg,0.8480403,0.8150126
65be698e9bedbe8c.jpg,0.6111199,0.4488189
00046099.jpg,0.68477863,0.7377744
n02793495_2078.jpg,0.54966736,0.37755102
00049347.jpg,0.7965588,0.8023728
00003920.jpg,0.6430155,0.6664782
00000207.jpg,0.6671878,0.5527066
000000447684.jpg,0.8346574,0.9263158
00035581.jpg,0.68679494,0.7084922
000000402362.jpg,0.7912753,0.75
00051882.jpg,0.810419,0.9147582
00047909.jpg,0.764008,0.7409296
00052786.jpg,0.6608271,0.7236638
00055834.jpg,0.6526514,0.6785246
00038382.jpg,0.6450473,0.6843874
n02129165_10931.jpg,0.8409708,0.8695652
00013640.jpg,0.8304493,0.8200888
00014732.jpg,0.7580151,0.8460062
n02118333_7631.jpg,0.83558375,0.79591835
sun_aafjjnugpsuiktvh.jpg,0.67519855,0.6728972
00000257.jpg,0.81198996,0.8547054
00024627.jpg,0.93966657,0.9465626
n02129165_22929.jpg,0.7921838,0.7256637
00022082.jpg,0.8174112,0.967536
00003707.jpg,0.78452563,0.7061978
00053572.jpg,0.6614096,0.6134616
00022134.jpg,0.81151515,0.8679314
00013868.jpg,0.7747851,0.8702196
n02118333_10668.jpg,0.7930058,0.8148148
00039049.jpg,0.6635487,0.7173214
00006112.jpg,0.6762594,0.6526608
00019630.jpg,0.54675776,0.5190014
00010036.jpg,0.7182953,0.6991832
00028778.jpg,0.64368486,0.816742
00034580.jpg,0.7152476,0.6176318
00000138.jpg,0.7624722,0.7376872
00048992.jpg,0.6011074,0.772066
00000425.jpg,0.8168092,0.8034924
00038347.jpg,0.5426124,0.649554
00051481.jpg,0.79380983,0.8237164
00015898.jpg,0.84772706,0.8183156
00047917.jpg,0.64407,0.6446314
00020011.jpg,0.5516058,0.5599142
00036615.jpg,0.60337555,0.479648
00055689.jpg,0.5653789,0.4731012
00036708.jpg,0.58751154,0.460987
n01846331_2820.jpg,0.7825163,0.8736842
00041494.jpg,0.7959128,0.8516564
00056560.jpg,0.8336849,0.8193654
00057074.jpg,0.8658003,0.9415108
00005516.jpg,0.6357614,0.533449
00044132.jpg,0.7765189,0.7660102
00007242.jpg,0.7133942,0.6029942
00021766.jpg,0.7890055,0.9327188
00044074.jpg,0.62687117,0.7375084
6142922d5809e5de.jpg,0.6919903,0.7105263
00052107.jpg,0.7989147,0.8601072
00030848.jpg,0.7341252,0.6609544
00051041.jpg,0.8076904,0.7878474
00021586.jpg,0.7596044,0.8515612
00046788.jpg,0.5660788,0.710114
00019766.jpg,0.80900145,0.7566128
00040167.jpg,0.745867,0.6690884
00017367.jpg,0.8300553,0.9088592
00045146.jpg,0.85166115,0.9400198
00046130.jpg,0.72569674,0.7860542
00057085.jpg,0.89801323,0.8847016
00016104.jpg,0.8173054,0.7731186
00024914.jpg,0.8004958,0.8416088
00037196.jpg,0.64837396,0.5516816
00040848.jpg,0.7481213,0.8307726
00052036.jpg,0.85832924,0.8635058
n03512147_426.jpg,0.7876616,0.8541667
00040970.jpg,0.7171629,0.6880684
00001920.jpg,0.77069914,0.7308056
000000192457.jpg,0.92789274,0.9468085
00041108.jpg,0.81462413,0.8620164
00005929.jpg,0.78414327,0.8500612
00016392.jpg,0.6771054,0.706302
00054139.jpg,0.7479964,0.8604732
00014038.jpg,0.6811813,0.740076
00055195.jpg,0.8234448,0.6770868
sun_ajcopavjqtimjnsa.jpg,0.58358145,0.6785714
00035350.jpg,0.6009076,0.507915
00033908.jpg,0.62159526,0.5947972
00032984.jpg,0.8012422,0.851519
00039313.jpg,0.7400473,0.7390212
98a873a3a095d8a4.jpg,0.60190856,0.33653846
00049458.jpg,0.8640472,0.8149526
00027878.jpg,0.66683614,0.6240132
00058481.jpg,0.7598004,0.8119466
00054038.jpg,0.5826471,0.6101796
4b9dd131b6d77acd.jpg,0.5868594,0.79591835
00023505.jpg,0.79718286,0.8699638
00035196.jpg,0.67250925,0.628774
00011483.jpg,0.66900647,0.7250154
00005162.jpg,0.84039474,0.755691
00001181.jpg,0.78074425,0.7184008
00037569.jpg,0.6235342,0.7197008
n07680932_1211.jpg,0.84074193,0.9035088
n01811909_7814.jpg,0.7229238,0.8064516
n04465501_2088.jpg,0.78569466,0.75308645
00032167.jpg,0.81684816,0.936148
00056212.jpg,0.75786406,0.8835058
00043628.jpg,0.74990225,0.6534654
00038051.jpg,0.730274,0.7913724
00024295.jpg,0.7777621,0.7665072
00013961.jpg,0.76406187,0.8423898
00009752.jpg,0.54084617,0.5214874
00001759.jpg,0.858864,0.8514326
00046972.jpg,0.70548886,0.7647906
00058345.jpg,0.888596,0.9292304
00050596.jpg,0.80500025,0.7701758
00027745.jpg,0.8391108,0.7354404
00018062.jpg,0.85079986,0.8520292
000000161705.jpg,0.8285971,0.8648649
00055444.jpg,0.70564044,0.846111
00003459.jpg,0.6948904,0.6872532
00014557.jpg,0.77603334,0.7371274
00018673.jpg,0.6429458,0.6839298
00054650.jpg,0.6306258,0.5281712
00007393.jpg,0.72727996,0.795369
00014706.jpg,0.7536848,0.7942116
00046005.jpg,0.86305696,0.9007732
000000153428.jpg,0.71378374,0.78651685
n00468480_8753.jpg,0.79522794,0.8137255
00057214.jpg,0.81393784,0.8418634
00003656.jpg,0.80430585,0.7795272
00022397.jpg,0.6530871,0.7295804
00045917.jpg,0.77993935,0.6057638
00055784.jpg,0.6386096,0.7303852
00046315.jpg,0.7006555,0.6786424
n03512147_2680.jpg,0.73763007,0.8023256
00022085.jpg,0.84479636,0.7926828
000000102741.jpg,0.65699583,0.70873785
00019024.jpg,0.68187594,0.7124284
00024998.jpg,0.8508073,0.8056362
00054920.jpg,0.81795144,0.7731904
00020500.jpg,0.7865457,0.778872
00047179.jpg,0.77791005,0.7378124
00022239.jpg,0.63825434,0.638854
00031949.jpg,0.78827584,0.6347126
00035256.jpg,0.6759106,0.6898624
00052586.jpg,0.6518643,0.5018552
00016531.jpg,0.75852185,0.8554438
00012144.jpg,0.6121105,0.4668414
00024000.jpg,0.6051014,0.8281514
00034753.jpg,0.7781276,0.8727574
00005150.jpg,0.82887554,0.7444552
00029774.jpg,0.8408429,0.7964002
00034886.jpg,0.79025775,0.704994
5ba82a78da57b025.jpg,0.82475317,0.83928573
00052230.jpg,0.7518583,0.8374952
00023347.jpg,0.77594745,0.7986342
n02434954_5509.jpg,0.7334826,0.75555557
00028390.jpg,0.6735266,0.663732
00022079.jpg,0.68239427,0.760414
fad43fb6ac0d9c90.jpg,0.71840185,0.754717
00015302.jpg,0.8739099,0.830108
00013591.jpg,0.65681654,0.5948414
00004852.jpg,0.6813816,0.5006826
00036481.jpg,0.69152904,0.655472
00021961.jpg,0.700377,0.6056942
n02396427_22128.jpg,0.8000988,0.9459459
00040700.jpg,0.7010462,0.730714
00050950.jpg,0.8299779,0.82035
00036206.jpg,0.69912076,0.8767512
00018761.jpg,0.76269233,0.8401444
n07693725_9698.jpg,0.8715125,0.872093
00016968.jpg,0.6651532,0.626117
00001133.jpg,0.6898168,0.648827
00011707.jpg,0.47968507,0.5074026
00007752.jpg,0.85434586,0.9406494
00005996.jpg,0.8191113,0.8854256
n03670208_3865.jpg,0.657051,0.74157304
00036566.jpg,0.7553191,0.736942
a148d39484d0148d.jpg,0.7535741,0.7888889
00052134.jpg,0.7193286,0.7766694
00014455.jpg,0.69127536,0.6355058
00031394.jpg,0.50523686,0.5359138
00039525.jpg,0.8137129,0.938884
00039607.jpg,0.69387186,0.793082
770b7a6fccae6986.jpg,0.6162753,0.51578945
00012703.jpg,0.6394627,0.6015436
00025480.jpg,0.55132455,0.5504916
314b18e4dd4e1f84.jpg,0.8056838,0.9207921
n04166281_2715.jpg,0.75650835,0.7875
00034329.jpg,0.69028115,0.6826336
00024229.jpg,0.8402595,0.8776408
00019464.jpg,0.7276126,0.8050062
00039091.jpg,0.79984194,0.63695
00030051.jpg,0.50611377,0.4909076
00025773.jpg,0.8310601,0.9166206
00016941.jpg,0.7903025,0.887772
00041351.jpg,0.7870158,0.827506
00007637.jpg,0.8625318,0.8058084
00032595.jpg,0.65644825,0.6413386
00015200.jpg,0.84841055,0.9053064
00032775.jpg,0.7457094,0.7118052
00048595.jpg,0.77586925,0.8361708
00015580.jpg,0.8095536,0.7727868
00017424.jpg,0.8657895,0.9398688
n02924116_10499.jpg,0.8019778,0.8023256
00028969.jpg,0.7515284,0.809219
00028990.jpg,0.94435734,0.9158364
n02118333_9285.jpg,0.8487324,0.9072165
00033311.jpg,0.74895173,0.857229
00016380.jpg,0.62782115,0.6385424
00017730.jpg,0.789708,0.9464038
000000035663.jpg,0.65291154,0.78571427
00050440.jpg,0.7723727,0.7056222
00050094.jpg,0.7549043,0.877329
00023737.jpg,0.54017675,0.5345272
00043732.jpg,0.8136849,0.7724456
00032500.jpg,0.7743243,0.8630224
00024396.jpg,0.6618917,0.6930742
00056571.jpg,0.56063145,0.6338096
00004792.jpg,0.7845467,0.8098546
00029115.jpg,0.8863136,0.9459344
sun_aovleumwusplcnph.jpg,0.558332,0.4883721
n07720875_9394.jpg,0.85368186,0.9292929
00015235.jpg,0.6761869,0.630224
000000399981.jpg,0.91053534,0.92
00012190.jpg,0.76986164,0.7540644
00027962.jpg,0.5104677,0.478416
00050422.jpg,0.8529745,0.9242214
00025472.jpg,0.85209095,0.9154376
00018743.jpg,0.84126955,0.8959446
00055311.jpg,0.69184154,0.7917282
00016622.jpg,0.57185245,0.441819
00027016.jpg,0.71264297,0.6454594
00018678.jpg,0.6211688,0.7713152
00045275.jpg,0.84339744,0.7881048
00020629.jpg,0.8119189,0.9556954
00029444.jpg,0.8601023,0.7768588
00022121.jpg,0.8695363,0.861483
00005373.jpg,0.586978,0.6608708
00039625.jpg,0.6639288,0.58851
n02355227_4066.jpg,0.8154653,0.7676768
00034116.jpg,0.6389761,0.4609734
00035119.jpg,0.69777626,0.6568574
00047509.jpg,0.65324426,0.7050814
00010631.jpg,0.7073385,0.7402966
00015425.jpg,0.7487026,0.7407648
00046269.jpg,0.60587037,0.6963282
00049547.jpg,0.8515931,0.9322704
00009397.jpg,0.7725728,0.8068572
00015244.jpg,0.7653227,0.7505466
00003013.jpg,0.79363114,0.8780422
00004459.jpg,0.65919113,0.6637572
000000425131.jpg,0.78990704,0.9111111
n03351262_15090.jpg,0.70777565,0.6421053
00049748.jpg,0.53677,0.6379644
n07717556_4167.jpg,0.8145225,0.8082192
00002110.jpg,0.7309372,0.8144238
16557ffcb475ee5c.jpg,0.66530854,0.7303371
00018205.jpg,0.81752676,0.8355662
sun_akxbwsrgnuadikod.jpg,0.53587157,0.36956522
00006098.jpg,0.8401415,0.9164856
00005858.jpg,0.7862238,0.6141652
00002797.jpg,0.767608,0.7309052
00025734.jpg,0.7652556,0.8748176
00049796.jpg,0.64213043,0.6104734
00032664.jpg,0.6318246,0.5478216
00004683.jpg,0.69546723,0.7705458
00028669.jpg,0.7747002,0.8124126
00037439.jpg,0.6300777,0.4552734
00002212.jpg,0.85772973,0.9078898
000000303658.jpg,0.7945823,0.8043478
00006092.jpg,0.7886303,0.8695298
00038671.jpg,0.66968703,0.7326398
00002228.jpg,0.63784057,0.6510288
5081ae7d7bd1a83a.jpg,0.7347576,0.72321427
00026606.jpg,0.74490565,0.7199416
sun_ahtyrtpnrhzwuqfj.jpg,0.64566445,0.65957445
00037668.jpg,0.64083844,0.7621028
00006637.jpg,0.65817404,0.476854
00035949.jpg,0.6278743,0.6519684
00048521.jpg,0.7043249,0.5552864
00022852.jpg,0.78096825,0.7403916
00054518.jpg,0.74294263,0.7865208
00034657.jpg,0.70973516,0.6047134
n04349306_8827.jpg,0.74013597,0.81914896
00044082.jpg,0.8326645,0.8091506
00017929.jpg,0.84139115,0.8507798
00002047.jpg,0.64672995,0.6809952
00041540.jpg,0.78785104,0.9056132
00025548.jpg,0.8977844,0.908989
00056229.jpg,0.72384506,0.717303
00017961.jpg,0.89690876,0.7926336
00027237.jpg,0.74253595,0.8098894
00030273.jpg,0.5837522,0.6391186
00041755.jpg,0.68510264,0.6696228
00022736.jpg,0.64502835,0.5077826
00033537.jpg,0.7368573,0.847067
00030643.jpg,0.71974415,0.7080088
00028985.jpg,0.81227237,0.7700708
00005464.jpg,0.7522148,0.7469962
00025052.jpg,0.7937791,0.9057864
56e041b89d9a9838.jpg,0.6076959,0.72839504
00039935.jpg,0.7221642,0.8291004
00003148.jpg,0.7692004,0.7511318
00006884.jpg,0.7857632,0.7685358
00023310.jpg,0.8051666,0.8383368
00030525.jpg,0.8717554,0.9550416
00033261.jpg,0.8198952,0.8600394
00057217.jpg,0.7878068,0.7570908
00057354.jpg,0.8423802,0.9419834
00010818.jpg,0.8563807,0.6792218
00006250.jpg,0.7314114,0.754988
00027830.jpg,0.6787196,0.739374
00052849.jpg,0.7193161,0.9190818
00033125.jpg,0.8942196,0.9275006
00004636.jpg,0.55480504,0.5570578
00042720.jpg,0.7617889,0.8586924
00049812.jpg,0.548277,0.5623416
00023841.jpg,0.78009105,0.8281536
00026775.jpg,0.6678967,0.589924
00039760.jpg,0.6329775,0.6930642
00057551.jpg,0.7142156,0.695352
n02355227_5466.jpg,0.8483193,0.96938777
00011172.jpg,0.70140904,0.7817626
00015257.jpg,0.759866,0.597567
6ca88869cb213178.jpg,0.818044,0.8198198
00005850.jpg,0.7509871,0.840053
00037816.jpg,0.6499269,0.6161172
00018116.jpg,0.77830464,0.7482192
00042063.jpg,0.8772524,0.936145
00016269.jpg,0.77223915,0.8254744
00040597.jpg,0.7466013,0.790553
00045235.jpg,0.7125656,0.705645
00010913.jpg,0.7381368,0.7521318
n02946348_11646.jpg,0.7803791,0.9052632
00021578.jpg,0.80012965,0.8286638
00052866.jpg,0.8442103,0.7936104
00058622.jpg,0.66520166,0.722762
00017434.jpg,0.5604429,0.5600726
n07933274_32238.jpg,0.6955013,0.47115386
00056633.jpg,0.6844076,0.8160236
00035035.jpg,0.72482663,0.6729166
00007248.jpg,0.8794063,0.938323
00020034.jpg,0.876552,0.935293
00053722.jpg,0.8744651,0.933149
00036766.jpg,0.65965664,0.6758206
55ef7b5629ffa944.jpg,0.79156464,0.8
00004259.jpg,0.75152224,0.8026036
n02324045_29383.jpg,0.83294135,0.90625
00000893.jpg,0.7767785,0.8007234
n02129165_6087.jpg,0.8383125,0.85714287
00007568.jpg,0.63349915,0.726995
00051885.jpg,0.8285019,0.8542782
00028531.jpg,0.7395914,0.718567
n07850329_28366.jpg,0.8327472,0.9247312
00030615.jpg,0.8863972,0.832242
00003948.jpg,0.6562674,0.6363624
00046298.jpg,0.67781484,0.6607364
00051024.jpg,0.53338534,0.6074094
00015126.jpg,0.7023717,0.7470916
n02834778_11401.jpg,0.8243237,0.8736842
00034911.jpg,0.7292398,0.7814732
00003103.jpg,0.79958516,0.9597524
n09217230_1761.jpg,0.61218065,0.5959596
00049337.jpg,0.78613514,0.8955
00054751.jpg,0.84416634,0.8776684
00005017.jpg,0.81454223,0.9116864
00055335.jpg,0.680085,0.7177948
n07863374_17226.jpg,0.853913,0.9626168
00002993.jpg,0.6547357,0.574952
00046986.jpg,0.76238143,0.7351814
00038090.jpg,0.6161202,0.521261
00050738.jpg,0.5926962,0.5783746
00057680.jpg,0.65137696,0.6602266
00057388.jpg,0.5829593,0.6078714
00008795.jpg,0.73589,0.8376546
00014412.jpg,0.7052191,0.8171208
00029728.jpg,0.60298455,0.4544658
00051416.jpg,0.71274143,0.7459986
00053697.jpg,0.8712794,0.9048534
00035566.jpg,0.71457803,0.832872
00048129.jpg,0.7958329,0.8473158
00035227.jpg,0.7095108,0.8187146
00029083.jpg,0.65738386,0.6760142
00042593.jpg,0.64288443,0.6291748
00054623.jpg,0.7037442,0.6360058
00029892.jpg,0.7907471,0.8126924
00034607.jpg,0.789865,0.9102832
00003638.jpg,0.8197771,0.8779136
00042790.jpg,0.7271524,0.6572584
00018767.jpg,0.75722593,0.8131566
00039826.jpg,0.71733725,0.667188
00034399.jpg,0.63930523,0.5727976
00054855.jpg,0.7756752,0.776025
00023762.jpg,0.90311545,0.8663136
00054657.jpg,0.7940858,0.8165582
00044568.jpg,0.76255804,0.7165322
00016791.jpg,0.93502015,0.786046
00024509.jpg,0.8772209,0.8352128
00036659.jpg,0.6713201,0.78725
00032874.jpg,0.78417104,0.8040896
00050150.jpg,0.77473843,0.8297708
00004135.jpg,0.6339971,0.5073392
00007505.jpg,0.7228047,0.79223
00035542.jpg,0.5943833,0.6455062
00021373.jpg,0.69372654,0.751673
00004055.jpg,0.7188327,0.7790354
00013501.jpg,0.8541428,0.8823346
00013160.jpg,0.7192834,0.7330378
00044102.jpg,0.8248443,0.7720688
00016282.jpg,0.8286256,0.7845358
00018980.jpg,0.85603505,0.884491
00036929.jpg,0.7184122,0.7330282
00022722.jpg,0.7911812,0.6512966
00002083.jpg,0.8219761,0.9740478
00055157.jpg,0.60121256,0.5380564
00044952.jpg,0.62266016,0.6049134
00026172.jpg,0.70659155,0.8258178
00001584.jpg,0.86032933,0.8188362
00046897.jpg,0.67378676,0.6735906
00035750.jpg,0.69774795,0.6616362
00016633.jpg,0.64881164,0.6701786
000000303016.jpg,0.7060442,0.72380954
00020790.jpg,0.75907075,0.8849596
00008409.jpg,0.6633763,0.603256
00004646.jpg,0.6146953,0.6517688
00022365.jpg,0.80686164,0.8367786
00005885.jpg,0.72821087,0.90311
00034624.jpg,0.7067715,0.8457262
00021197.jpg,0.71940917,0.7867384
00000704.jpg,0.94354004,0.9252312
00040436.jpg,0.745182,0.6226216
00044009.jpg,0.7250911,0.866526
00006740.jpg,0.7538697,0.8794598
00044208.jpg,0.67207634,0.7044332
00057277.jpg,0.55943197,0.596902
00043914.jpg,0.81983644,0.9361906
00001966.jpg,0.5593714,0.699673
00046182.jpg,0.7415158,0.6597182
00057407.jpg,0.84164244,0.9110426
00050518.jpg,0.68564814,0.8992466
00047265.jpg,0.754177,0.5802478
00007303.jpg,0.6972809,0.6384478
00040444.jpg,0.76453865,0.859067
000000244635.jpg,0.75806236,0.7407407
00023667.jpg,0.74226475,0.6945492
00045751.jpg,0.63235044,0.7631486
00052728.jpg,0.7629717,0.7272902
000000033633.jpg,0.79582685,0.94285715
00016598.jpg,0.6085452,0.6433324
00035526.jpg,0.69182223,0.5464282
00034992.jpg,0.65351224,0.7902408
00000641.jpg,0.8050534,0.9327694
00005104.jpg,0.73241866,0.6617502
00013203.jpg,0.87349504,0.8596434
00003409.jpg,0.76826024,0.7315744
00024788.jpg,0.77974343,0.9019246
00036279.jpg,0.688339,0.5661428
00049197.jpg,0.812393,0.8245416
00043108.jpg,0.77119046,0.6991154
00024902.jpg,0.7035645,0.6916394
n07716358_11514.jpg,0.937187,0.9361702
00022162.jpg,0.7329996,0.821048
n02090827_3313.jpg,0.79451126,0.7755102
00050898.jpg,0.7987594,0.7993716
00006198.jpg,0.7889088,0.8522494
n04461696_4084.jpg,0.686599,0.6886792
00009312.jpg,0.812157,0.83582
00028037.jpg,0.730705,0.710231
00014878.jpg,0.7497745,0.6577854
00028511.jpg,0.81349736,0.8228408
00032652.jpg,0.7502138,0.760418
00024134.jpg,0.84983927,0.90985
00022143.jpg,0.77840704,0.7333986
00050073.jpg,0.7695437,0.7331474
00056411.jpg,0.8993766,0.8803254
n02118333_11749.jpg,0.87625724,0.8910891
00046956.jpg,0.72904366,0.7660322
00051975.jpg,0.81083935,0.8442334
00023395.jpg,0.81101,0.7437748
00022872.jpg,0.76750046,0.9414818
00008674.jpg,0.7681011,0.6609454
00051499.jpg,0.71186817,0.8191224
00026956.jpg,0.7978535,0.7689438
00020875.jpg,0.76183474,0.7888668
00039619.jpg,0.73309535,0.5534382
000000415821.jpg,0.7449649,0.8636364
00024653.jpg,0.80033994,0.8827558
sun_anypncvcngxkbnfz.jpg,0.5969811,0.59090906
00016300.jpg,0.76060915,0.6747062
00034269.jpg,0.7065499,0.5319794
00056390.jpg,0.594088,0.5050256
00013033.jpg,0.7883591,0.82951
00011543.jpg,0.5542028,0.5428904
00056876.jpg,0.6666734,0.6738062
00049922.jpg,0.7776274,0.731716
00010076.jpg,0.85288084,0.8924606
00044030.jpg,0.6829957,0.6611382
00032220.jpg,0.7061029,0.5643292
00023055.jpg,0.7550308,0.790008
00012185.jpg,0.6593119,0.729734
00012489.jpg,0.77153456,0.772785
sun_aaquttcuxwjcswwz.jpg,0.610602,0.51086956
00037515.jpg,0.6638926,0.7668174
00047816.jpg,0.7811436,0.6303728
n02834778_5315.jpg,0.7738677,0.84
00057091.jpg,0.8877954,0.8637974
00010744.jpg,0.77282864,0.8037308
00005725.jpg,0.9034269,0.822217
00037109.jpg,0.6224048,0.717536
00053786.jpg,0.8572636,0.8296556
00012473.jpg,0.7016283,0.713743
00038089.jpg,0.58246756,0.564426
00016371.jpg,0.7205147,0.7469882
000000019413.jpg,0.809769,0.7979798
00038211.jpg,0.6729015,0.6254368
00007044.jpg,0.810847,0.6784122
00011481.jpg,0.8558056,0.9608038
00052808.jpg,0.8804384,0.8663388
00037084.jpg,0.6873983,0.8208148
00050790.jpg,0.8591207,0.8124356
00003763.jpg,0.5964565,0.6062948
n04465501_2689.jpg,0.81018126,0.84615386
00052954.jpg,0.7288118,0.734991
00024350.jpg,0.87847656,0.874427
00058729.jpg,0.86400443,0.8526308
00039708.jpg,0.615335,0.6339052
00045825.jpg,0.77785665,0.6598582
00005746.jpg,0.7738152,0.8451898
00037220.jpg,0.7231067,0.819448
00007308.jpg,0.78791255,0.8848856
000000432636.jpg,0.85452706,0.8229167
n02355227_12971.jpg,0.7632304,0.84313726
00055878.jpg,0.55794966,0.416724
00013246.jpg,0.6301627,0.7302684
00045395.jpg,0.83142376,0.8796394
n07863374_16147.jpg,0.79081154,0.9425287
n03634034_3909.jpg,0.6576066,0.76404494
00004686.jpg,0.7944718,0.8494836
00024167.jpg,0.75439936,0.6726268
00050190.jpg,0.64582235,0.6177966
00039816.jpg,0.73421884,0.7315972
n07838073_21591.jpg,0.8064352,0.8137255
7015248aec86e3ca.jpg,0.60564697,0.7029703
00004997.jpg,0.73217344,0.7143248
00040851.jpg,0.72650534,0.6075398
00033288.jpg,0.74498,0.6910972
00033196.jpg,0.81656635,0.9557454
00026627.jpg,0.82573014,0.8344352
00009973.jpg,0.6507333,0.614135
00006683.jpg,0.7775193,0.843504
00031689.jpg,0.8330659,0.8711466
00009935.jpg,0.79509515,0.8890222
00044674.jpg,0.7544663,0.5432814
n02834778_7050.jpg,0.7777819,0.94736844
00029632.jpg,0.7276135,0.8443478
00054534.jpg,0.60390437,0.6244488
n01846331_13327.jpg,0.8076643,0.8
00019074.jpg,0.5600463,0.5306272
n02834778_4434.jpg,0.7417528,0.6732673
00052432.jpg,0.5608242,0.5870732
00023021.jpg,0.7606869,0.8546084
00052917.jpg,0.92479193,0.9156362
00041448.jpg,0.71309745,0.63278
00009997.jpg,0.6881753,0.8279364
00041323.jpg,0.7431411,0.7015102
00051106.jpg,0.794527,0.7011386
00043983.jpg,0.6450399,0.654052
00047064.jpg,0.8157965,0.7755724
00048321.jpg,0.6714567,0.621329
00004038.jpg,0.7153856,0.749227
00058601.jpg,0.81533056,0.7722974
00026917.jpg,0.53233004,0.4375994
00036064.jpg,0.61666644,0.684286
00055996.jpg,0.66122395,0.691778
n02132136_4740.jpg,0.787183,0.7747748
000000565077.jpg,0.7079548,0.7924528
00053763.jpg,0.9030238,0.7454852
00047051.jpg,0.7645635,0.8297966
00013827.jpg,0.84521306,0.9221544
00052345.jpg,0.7690173,0.8847564
00055251.jpg,0.7148836,0.7913374
00027710.jpg,0.64189607,0.71966
00016264.jpg,0.82687813,0.791437
00001739.jpg,0.70858604,0.6126596
00053948.jpg,0.6874571,0.6554812
n09472597_22931.jpg,0.5918391,0.6810345
00043820.jpg,0.7771435,0.804778
00053398.jpg,0.877126,0.893774
00054415.jpg,0.7945145,0.8474454
00047999.jpg,0.66106135,0.727011
00007859.jpg,0.6916181,0.731314
00024163.jpg,0.79504436,0.845992
00034519.jpg,0.6617739,0.4321872
00007434.jpg,0.6139075,0.5341878
00049356.jpg,0.83439404,0.858515
00002813.jpg,0.63447523,0.6168812
00028171.jpg,0.8848407,0.866541
00022333.jpg,0.8063701,0.8575246
n03790512_12076.jpg,0.7861758,0.7809524
00015261.jpg,0.7990009,0.8947302
00020656.jpg,0.7871529,0.8173996
n07849336_32099.jpg,0.80482167,0.8761905
00058365.jpg,0.78825706,0.8910984
00035147.jpg,0.5915881,0.7387726
00007584.jpg,0.8229541,0.809167
00029139.jpg,0.7770105,0.7474226
00008058.jpg,0.671466,0.8651708
00025916.jpg,0.7535154,0.7661682
00011198.jpg,0.90578824,0.7982762
00011493.jpg,0.7106088,0.8373192
00022443.jpg,0.7319085,0.5973904
00004944.jpg,0.8581724,0.8671408
00043566.jpg,0.6835298,0.7247786
00029738.jpg,0.68316436,0.7106194
00037043.jpg,0.68528515,0.6001502
00022196.jpg,0.7216147,0.5351778
00044363.jpg,0.714789,0.8204488
00044450.jpg,0.74462664,0.7267498
00049669.jpg,0.8511631,0.9034154
00049011.jpg,0.8167649,0.7022044
00006367.jpg,0.5595768,0.5366212
00044238.jpg,0.76367,0.7695278
00022679.jpg,0.7132997,0.9015464
00002448.jpg,0.8251465,0.8962316
00008707.jpg,0.55655116,0.6403694
00034129.jpg,0.6489241,0.6746996
00013326.jpg,0.77956647,0.8470558
00017427.jpg,0.8455762,0.9512912
00040608.jpg,0.75234324,0.707648
00010784.jpg,0.51654583,0.5133428
00045273.jpg,0.75662225,0.776341
00019022.jpg,0.83423054,0.8339452
00057775.jpg,0.7674329,0.7990554
n01846331_5760.jpg,0.73360044,0.64285713
00041393.jpg,0.5733382,0.6866538
00033193.jpg,0.68258226,0.8345562
00015865.jpg,0.7950637,0.8908738
n07849336_29367.jpg,0.82218057,0.91752577
00016179.jpg,0.89855367,0.9020786
00044651.jpg,0.71126693,0.6666668
00036013.jpg,0.64349854,0.5410198
00030278.jpg,0.78927106,0.7573564
sun_afdaynbvsppiyvxm.jpg,0.6919281,0.6574074
00018657.jpg,0.73075277,0.8127684
00039118.jpg,0.782973,0.7849574
00043725.jpg,0.69385856,0.8294998
00041189.jpg,0.79334646,0.7916518
00033571.jpg,0.66040444,0.6547838
00053666.jpg,0.8080421,0.8638164
00008385.jpg,0.728378,0.7138588
00012647.jpg,0.62435776,0.7999888
00002074.jpg,0.8378323,0.9306566
00038968.jpg,0.8476743,0.8591396
00005366.jpg,0.68873876,0.6213664
00018224.jpg,0.71706814,0.8253184
00024591.jpg,0.9616985,0.9845326
00042640.jpg,0.7617809,0.8391804
00012302.jpg,0.6917654,0.5615944
000000289423.jpg,0.724834,0.6699029
00002027.jpg,0.67088157,0.6346688
00050876.jpg,0.66390955,0.6836876
00004678.jpg,0.85686165,0.9265952
00009614.jpg,0.75556004,0.7645604
00052607.jpg,0.88700455,0.8935252
00039252.jpg,0.7691389,0.7360642
000000223757.jpg,0.7552245,0.8148148
00005361.jpg,0.8198853,0.7726756
00053639.jpg,0.7044028,0.7988172
00000927.jpg,0.8392057,0.7287816
n07850329_8115.jpg,0.83379275,0.65656567
n09359803_9166.jpg,0.5875993,0.4623656
00058250.jpg,0.75516474,0.7267828
00007626.jpg,0.637218,0.7069674
00039415.jpg,0.67418504,0.8052642
00038456.jpg,0.79462874,0.8688666
00035564.jpg,0.7525555,0.867306
00007243.jpg,0.6140439,0.6868282
00023241.jpg,0.8030434,0.8074446
00014510.jpg,0.80927604,0.7129912
00013836.jpg,0.79170436,0.8890584
00028760.jpg,0.77073795,0.8270306
00036557.jpg,0.6560849,0.7353256
00013353.jpg,0.72282726,0.6655164
00051588.jpg,0.8288389,0.8707162
00053434.jpg,0.7187482,0.657709
n03791053_23754.jpg,0.77112925,0.85714287
n09303008_22139.jpg,0.649722,0.8659794
00039911.jpg,0.7972457,0.804453
00030155.jpg,0.7418271,0.7625502
n02793495_12207.jpg,0.7244591,0.82
00004181.jpg,0.90929836,0.9463232
00009942.jpg,0.5965252,0.4461268
00032713.jpg,0.80596447,0.7762342
00006143.jpg,0.6542586,0.5946696
00047567.jpg,0.6087374,0.7905404
00024546.jpg,0.78381884,0.823296
00051076.jpg,0.75193423,0.8041476
n04335435_7223.jpg,0.6289729,0.4516129
00042569.jpg,0.7533793,0.874697
n02332755_2108.jpg,0.86248547,0.9391304
00022244.jpg,0.70035803,0.751241
00041159.jpg,0.7500233,0.864455
00012160.jpg,0.8523571,0.9170886
00040034.jpg,0.722799,0.7256012
00002432.jpg,0.885024,0.8733928
00055106.jpg,0.751264,0.7476106
00007879.jpg,0.71984667,0.6377596
00003550.jpg,0.62180793,0.5669146
n04467665_2044.jpg,0.74860877,0.74
00005768.jpg,0.9066363,0.8978336
00000129.jpg,0.7973048,0.8723336
00012077.jpg,0.7934907,0.8015046
00051366.jpg,0.7488794,0.7001874
n02129165_17467.jpg,0.82711285,0.8557692
00019947.jpg,0.8087465,0.9343534
00011790.jpg,0.788421,0.8249656
00005685.jpg,0.7872059,0.8853582
00042590.jpg,0.7414738,0.6719962
000000219653.jpg,0.70153654,0.8598131
00000586.jpg,0.8306959,0.8158034
00029429.jpg,0.84321326,0.8226478
00052523.jpg,0.76445264,0.8478892
00057697.jpg,0.8418131,0.7933956
00054101.jpg,0.6852108,0.640238
00037112.jpg,0.7248924,0.7419758
00014169.jpg,0.7538201,0.7797676
00048945.jpg,0.86575586,0.8052424
00053294.jpg,0.76261544,0.7426418
00010438.jpg,0.81214476,0.7525412
000000429407.jpg,0.6957599,0.93203884
00039723.jpg,0.7084655,0.8222048
n02430045_3946.jpg,0.7595295,0.7979798
n00464894_11143.jpg,0.80527985,0.80991733
00040077.jpg,0.76039594,0.7610322
00053140.jpg,0.7725969,0.8587568
00039599.jpg,0.7603312,0.804945
48e5771d92691ae3.jpg,0.5825677,0.52873564
00003531.jpg,0.77175444,0.8379846
00055306.jpg,0.73371583,0.8497958
00044523.jpg,0.6795041,0.686137
00007751.jpg,0.8379578,0.811072
00049253.jpg,0.6897756,0.6643142
00050017.jpg,0.7097453,0.7387322
000000191994.jpg,0.7618992,0.8958333
00021078.jpg,0.87725717,0.9121686
00039208.jpg,0.6513455,0.655071
000000319211.jpg,0.7440576,0.736
00029732.jpg,0.68823296,0.5678528
00013889.jpg,0.7622919,0.843492
00002569.jpg,0.78120893,0.7304544
000000428457.jpg,0.6849762,0.71568626
00010011.jpg,0.7531042,0.8248866
00020580.jpg,0.7737821,0.7682842
000000482310.jpg,0.83861244,0.88785046
000000104028.jpg,0.76349366,0.8125
00032613.jpg,0.7566327,0.8321636
00030661.jpg,0.7935011,0.8305958
00028917.jpg,0.79304737,0.9403412
000000098808.jpg,0.6528672,0.6952381
00016046.jpg,0.8319331,0.970024
sun_ajruwqvmgkclbhgj.jpg,0.6890018,0.7628866
00032641.jpg,0.62407374,0.6332468
00026784.jpg,0.770112,0.8802152
00032279.jpg,0.5774852,0.6302104
n01514668_7269.jpg,0.8111404,0.87096775
00047376.jpg,0.72368425,0.8626604
00056786.jpg,0.77988786,0.8324444
00012080.jpg,0.8767956,0.7599478
00044347.jpg,0.65007406,0.714236
00042963.jpg,0.7852223,0.6615078
n02129165_9455.jpg,0.7695084,0.7171717
00001525.jpg,0.7547781,0.686569
n07838073_20318.jpg,0.80589944,0.8596491
sun_blrcuczqoxmuvmqc.jpg,0.67306954,0.8137255
00025804.jpg,0.5374955,0.3693354
00015518.jpg,0.779334,0.7961308
00026401.jpg,0.8221274,0.8322436
sun_bqgrxjafdmczsueo.jpg,0.67552876,0.8041237
00054141.jpg,0.6684206,0.722255
00015746.jpg,0.7104937,0.7041252
n02332755_345.jpg,0.83420056,0.86725664
00049145.jpg,0.86676675,0.9567558
00010007.jpg,0.83320266,0.8679364
00036333.jpg,0.71485436,0.757742
n09270735_22985.jpg,0.6150278,0.62857145
00018777.jpg,0.68552375,0.6746344
00007103.jpg,0.5569796,0.5723794
sun_bczwjohiabrbsydx.jpg,0.5490012,0.43010753
00044531.jpg,0.79117376,0.9334292
00045484.jpg,0.7621996,0.8403284
n02374451_17392.jpg,0.6736928,0.6106195
00034162.jpg,0.5889232,0.3923376
n02431337_6373.jpg,0.7228422,0.73636365
00044001.jpg,0.7939556,0.8172878
00048784.jpg,0.8006764,0.8007934
c1a866badf03b36b.jpg,0.60190547,0.73195875
00058386.jpg,0.7147117,0.8268094
00058662.jpg,0.7784651,0.6360256
00036262.jpg,0.60159796,0.49349
41af3efaefe26242.jpg,0.77258384,0.8181818
00007782.jpg,0.57855886,0.8191136
00052645.jpg,0.6537187,0.7332634
00053127.jpg,0.7502774,0.893994
00006444.jpg,0.8189818,0.7756448
00025598.jpg,0.68506753,0.8021242
00035212.jpg,0.59649813,0.6083202
00015487.jpg,0.8122178,0.8782886
00002844.jpg,0.9046566,0.944163
00046542.jpg,0.6990131,0.7483606
00020048.jpg,0.63306296,0.4975584
00022749.jpg,0.9153546,0.9131726
00036491.jpg,0.6522434,0.7479496
00001480.jpg,0.6935971,0.782906
n02834778_629.jpg,0.7341418,0.9183673
00031993.jpg,0.673768,0.7136116
00019350.jpg,0.8716565,0.8647858
00037586.jpg,0.57026994,0.6732754
00030066.jpg,0.72201055,0.6541832
00023240.jpg,0.6537781,0.8316534
00019299.jpg,0.89309293,0.7985272
sun_akdbxepnruyrbtrp.jpg,0.65612614,0.52427185
00006103.jpg,0.8745101,0.8713476
00020129.jpg,0.6174583,0.6513252
00024299.jpg,0.70874673,0.6570308
00050279.jpg,0.71957487,0.7978452
1ff02c2dd58ac89e.jpg,0.88060045,0.74
00055032.jpg,0.6179243,0.7170016
00049937.jpg,0.83736545,0.9005246
00003169.jpg,0.6201509,0.5403076
00040698.jpg,0.7922555,0.8012908
00012935.jpg,0.7849724,0.7815502
00006686.jpg,0.6073625,0.6133182
n07929519_33781.jpg,0.85986704,0.88785046
00010348.jpg,0.8418546,0.9039036
000000230104.jpg,0.7341758,0.77272725
00018104.jpg,0.69673437,0.5806872
00027326.jpg,0.8811649,0.9299124
00014362.jpg,0.6015084,0.6828696
00016186.jpg,0.7891667,0.6280242
00043040.jpg,0.67667603,0.8892574
00037557.jpg,0.7583067,0.7997476
n07849336_23055.jpg,0.8397273,0.86915886
a0b6a1c932eebe9e.jpg,0.66815877,0.6283186
00040838.jpg,0.62693685,0.6670174
00037733.jpg,0.59782016,0.6320532
00028592.jpg,0.7966779,0.8341218
n09468604_22268.jpg,0.54206985,0.35789475
00017206.jpg,0.68458754,0.6595856
00043134.jpg,0.89546406,0.8970898
00034380.jpg,0.6049424,0.4179866
00038860.jpg,0.85688335,0.8260082
00023418.jpg,0.8265269,0.8210314
00042534.jpg,0.7548192,0.7191796
00021274.jpg,0.8412464,0.8713374
00003767.jpg,0.83791405,0.834431
00043550.jpg,0.77595884,0.7943082
00009400.jpg,0.5573277,0.438484
00013365.jpg,0.7960337,0.8365868
00023323.jpg,0.564922,0.5579122
n04610013_22656.jpg,0.6756577,0.7037037
n07806221_21906.jpg,0.77177125,0.79787236
00003214.jpg,0.614712,0.6150534
00019405.jpg,0.77370375,0.8913558
00037657.jpg,0.57074094,0.4281112
00023987.jpg,0.74242514,0.7930474
00032134.jpg,0.76121056,0.8161088
00004708.jpg,0.77461946,0.8362234
000000295476.jpg,0.70670843,0.84375
00036990.jpg,0.6434209,0.7337052
00039213.jpg,0.70196265,0.613412
00053310.jpg,0.8227496,0.8575322
00000006.jpg,0.81691074,0.9753366
00016548.jpg,0.8052083,0.8899314
000000575005.jpg,0.75357354,0.84821427
00012861.jpg,0.6219227,0.681924
00031473.jpg,0.79283935,0.8363172
00054111.jpg,0.6444874,0.7766002
n09421951_8175.jpg,0.6089419,0.75789475
n02878222_49287.jpg,0.6901988,0.5963303
00023565.jpg,0.82989377,0.79591
00042557.jpg,0.72823685,0.683612
00049226.jpg,0.82520175,0.8602066
00050200.jpg,0.61713946,0.6035334
00008337.jpg,0.68513054,0.6077456
00017405.jpg,0.56949574,0.462554
00039045.jpg,0.6713559,0.8287576
00030112.jpg,0.5710307,0.6336188
00040405.jpg,0.76461124,0.8873524
00040263.jpg,0.81210166,0.8179924
00037046.jpg,0.5951424,0.5924576
00041238.jpg,0.78673536,0.8506234
00038654.jpg,0.7358064,0.8758432
00051913.jpg,0.7875757,0.8691712
n07693725_8396.jpg,0.8468351,0.91818184
00047891.jpg,0.8334666,0.906232
n07880968_5396.jpg,0.776777,0.8227848
00046109.jpg,0.6849892,0.715955
00047219.jpg,0.804293,0.7525148
000000136132.jpg,0.7919142,0.80246913
00028456.jpg,0.6905366,0.714873
00028976.jpg,0.64161634,0.6793338
00037648.jpg,0.67997694,0.7461842
00003243.jpg,0.674412,0.7127646
00046263.jpg,0.7312233,0.7803996
00057886.jpg,0.7401766,0.8564312
00017955.jpg,0.8552172,0.9048068
n07654148_18423.jpg,0.8126636,0.7647059
00002476.jpg,0.6334049,0.5629478
00047758.jpg,0.8448195,0.8305682
00022224.jpg,0.8436039,0.849283
00031593.jpg,0.784697,0.7180588
00029895.jpg,0.739775,0.8501464
00050816.jpg,0.58195513,0.562773
00050937.jpg,0.91508454,0.9603952
00045817.jpg,0.91282135,0.9374782
00057700.jpg,0.83885056,0.7988724
n07711569_2344.jpg,0.8732615,0.95652175
00008130.jpg,0.64927864,0.6954158
00009268.jpg,0.67968374,0.6473808
00021859.jpg,0.7711529,0.8425044
00050350.jpg,0.6864671,0.7662438
00041200.jpg,0.79325193,0.7840738
00050223.jpg,0.8847819,0.8171292
000000575325.jpg,0.76969767,0.73
00052958.jpg,0.8488254,0.8451704
00026866.jpg,0.826683,0.6969136
n07863374_15512.jpg,0.81892425,0.8888889
00026168.jpg,0.77868706,0.7641704
00050557.jpg,0.7921421,0.8231038
00020724.jpg,0.72546095,0.7026344
n07933274_29270.jpg,0.845316,0.83157897
00031527.jpg,0.6575713,0.6845586
00041410.jpg,0.72819805,0.700885
00033820.jpg,0.5935624,0.578817
00036993.jpg,0.63903534,0.6093816
00023953.jpg,0.561833,0.5468456
00056764.jpg,0.7335988,0.7734108
00013926.jpg,0.5640158,0.6372978
00035968.jpg,0.64940846,0.5410526
00055626.jpg,0.676797,0.735713
00045230.jpg,0.6681303,0.7324278
00057866.jpg,0.77505475,0.8501444
00006890.jpg,0.62708944,0.5784686
00018244.jpg,0.5849401,0.55859
00012650.jpg,0.80398464,0.9105712
00038335.jpg,0.5730303,0.4372648
00001060.jpg,0.7680381,0.7538216
00000595.jpg,0.82127464,0.8897868
00020458.jpg,0.64395833,0.6392698
n07849336_20909.jpg,0.74815965,0.54545456
00052531.jpg,0.8215371,0.890163
5f43a15a53189d7a.jpg,0.78393346,0.75728154
00007444.jpg,0.6789012,0.696166
00019357.jpg,0.803027,0.9104724
000000152844.jpg,0.768242,0.5504587
00050617.jpg,0.9227516,0.9233554
n04166281_5691.jpg,0.77867407,0.7741935
00009315.jpg,0.7909686,0.6712638
00043069.jpg,0.5755755,0.6418488
00011808.jpg,0.6368705,0.782415
00040590.jpg,0.8808199,0.9035126
00044582.jpg,0.72729343,0.7254126
00032453.jpg,0.7942866,0.8848484
n07753592_8891.jpg,0.83532447,0.8913044
n04461696_1918.jpg,0.79110414,0.8165138
00000496.jpg,0.80385584,0.8859188
n02355227_15897.jpg,0.78630656,0.85714287
00028068.jpg,0.88797456,0.8431634
00000436.jpg,0.52638805,0.6162222
00021381.jpg,0.8499064,0.861762
00027523.jpg,0.5463035,0.5897336
00029905.jpg,0.6830075,0.7694954
00007199.jpg,0.77070445,0.8827588
00033062.jpg,0.8322235,0.9187848
00021123.jpg,0.54551715,0.5128278
00001102.jpg,0.671965,0.6662734
00049307.jpg,0.8196979,0.8615278
00039181.jpg,0.59345424,0.6799374
00021801.jpg,0.6954826,0.6043512
00027715.jpg,0.8436281,0.774567
00011025.jpg,0.89438254,0.887272
00028358.jpg,0.6923852,0.7394104
00030302.jpg,0.8865113,0.8596434
00006658.jpg,0.70244926,0.7343024
00006252.jpg,0.8212831,0.9028128
00013124.jpg,0.7267549,0.853572
00055767.jpg,0.86008936,0.7956096
00037580.jpg,0.766301,0.8491118
00002726.jpg,0.8149382,0.8472408
00002497.jpg,0.83421767,0.9358026
00016849.jpg,0.7786185,0.8584096
00042501.jpg,0.6502524,0.8629906
00016682.jpg,0.87241507,0.848527
00046873.jpg,0.8250179,0.7382768
00027282.jpg,0.8084632,0.7654912
000000102610.jpg,0.7353651,0.83516484
00058683.jpg,0.8533752,0.9127664
00041330.jpg,0.7350221,0.6941368
00036662.jpg,0.5939508,0.6806008
00036057.jpg,0.6319617,0.6452188
00052010.jpg,0.6298249,0.8066726
00046830.jpg,0.7485144,0.6309068
00051646.jpg,0.7662813,0.7304664
00043518.jpg,0.61143726,0.669951
00006847.jpg,0.7029574,0.4853824
00013059.jpg,0.78198165,0.9200384
00009872.jpg,0.7702795,0.832138
00003970.jpg,0.8008901,0.833561
00035046.jpg,0.63622993,0.6656808
00009445.jpg,0.79741853,0.8455188
00024285.jpg,0.77086765,0.7800584
00037368.jpg,0.6628215,0.7254762
000000236000.jpg,0.7452933,0.79591835
00008467.jpg,0.7592835,0.740491
00028400.jpg,0.8774218,0.9556024
00004019.jpg,0.7567734,0.748278
n01514668_18223.jpg,0.86761695,0.9587629
00047696.jpg,0.6089592,0.6328506
00019556.jpg,0.79234785,0.8072204
00014641.jpg,0.8182817,0.9177116
00018493.jpg,0.8775591,0.8210272
00056893.jpg,0.75910014,0.729782
00028562.jpg,0.66833353,0.5726932
00030239.jpg,0.6892647,0.7242794
00041704.jpg,0.80868393,0.9060726
00031045.jpg,0.8297156,0.8947844
00028867.jpg,0.69334364,0.5852536
n02132136_4685.jpg,0.7435604,0.8045977
00013848.jpg,0.755235,0.7416362
00027903.jpg,0.7562619,0.6922568
00023743.jpg,0.6210378,0.4294916
00007985.jpg,0.8458311,0.8975018
00025780.jpg,0.72710913,0.6933052
n03670208_40294.jpg,0.84510607,0.9186047
00015472.jpg,0.7340849,0.743039
00040529.jpg,0.7387708,0.75813
00001849.jpg,0.7544109,0.6449688
00006233.jpg,0.87385684,0.876673
000000527365.jpg,0.7768226,0.6756757
00039913.jpg,0.6197267,0.624966
00054066.jpg,0.9040951,0.8762814
00016117.jpg,0.83882755,0.8153604
00023231.jpg,0.7832441,0.8449174
00054149.jpg,0.6921117,0.735867
00006586.jpg,0.65802485,0.6897252
00033161.jpg,0.74629694,0.7747606
00028466.jpg,0.6345526,0.599065
00043757.jpg,0.799364,0.7819382
00003609.jpg,0.61880046,0.6037908
00022113.jpg,0.9109098,0.929274
00032511.jpg,0.55100524,0.4465552
00010776.jpg,0.9185172,0.9416982
00005061.jpg,0.7454894,0.736753
00029860.jpg,0.8736847,0.8860948
00047314.jpg,0.7776898,0.7859072
00041438.jpg,0.7509315,0.83888
00026350.jpg,0.6291916,0.675765
00052750.jpg,0.6039891,0.5660534
00030216.jpg,0.8436467,0.9854294
00035170.jpg,0.6355139,0.7504404
00055015.jpg,0.7732995,0.7719562
00039511.jpg,0.68809205,0.569408
00050033.jpg,0.7619769,0.8640464
00018931.jpg,0.80632234,0.8997298
00011399.jpg,0.72377783,0.5528206
00012940.jpg,0.6450411,0.685523
00054675.jpg,0.7757168,0.9025676
00014637.jpg,0.8212532,0.7619048
00005416.jpg,0.6989692,0.6855882
00008611.jpg,0.6746453,0.6524736
00040058.jpg,0.72937834,0.6187378
00030108.jpg,0.8661269,0.8958958
00015052.jpg,0.7571365,0.8257928
00004565.jpg,0.61588335,0.5799722
00015335.jpg,0.8256541,0.9338326
00058012.jpg,0.7543926,0.7832974
00034315.jpg,0.82969195,0.8579782
n03670208_3857.jpg,0.6449871,0.74757284
00015647.jpg,0.8221883,0.832197
00049004.jpg,0.7519303,0.8089214
00041635.jpg,0.81061846,0.8628384
00053420.jpg,0.8853255,0.8256312
00030961.jpg,0.7111998,0.7394272
00030772.jpg,0.7670981,0.7908974
00036586.jpg,0.6997085,0.752787
00027306.jpg,0.61492664,0.5559922
00057352.jpg,0.8193963,0.7747862
dab8b622490cfc61.jpg,0.69775355,0.66019416
00002195.jpg,0.7694914,0.7952602
00040166.jpg,0.6183302,0.7154952
00010444.jpg,0.70544094,0.7229342
00045564.jpg,0.89120203,0.8544318
00040049.jpg,0.71160394,0.58959
00057410.jpg,0.8729977,0.8769024
00055587.jpg,0.8058714,0.7533858
00026383.jpg,0.88519746,0.8591994
00007400.jpg,0.7425688,0.8548264
00029092.jpg,0.59280556,0.7206712
00013260.jpg,0.75409657,0.632822
00055321.jpg,0.7251558,0.820835
00012536.jpg,0.84426314,0.827029
00042689.jpg,0.6561483,0.8273028
00019284.jpg,0.79584247,0.8726086
00034190.jpg,0.65859586,0.4654754
00042727.jpg,0.73469186,0.7965768
00008329.jpg,0.64128935,0.538638
00049815.jpg,0.7551552,0.7988776
n01846331_3060.jpg,0.83664376,0.94623655
00021865.jpg,0.8403813,0.8615638
6b27b3ffb904f51f.jpg,0.82873744,0.7625
00031134.jpg,0.6789228,0.8217188
00017566.jpg,0.5953145,0.5490728
00006272.jpg,0.8323,0.7242148
00056478.jpg,0.8958023,0.8842372
n01846331_1753.jpg,0.792728,0.84158415
00008777.jpg,0.7880737,0.8375774
00012591.jpg,0.9326642,0.9296086
n03541923_2560.jpg,0.70483387,0.7386364
00051637.jpg,0.69154876,0.7406842
00026526.jpg,0.7085513,0.6772896
00040016.jpg,0.83475834,0.8480536
00001208.jpg,0.7653525,0.8178212
00023062.jpg,0.74222606,0.8148074
00009098.jpg,0.8644186,0.941165
00013837.jpg,0.6439416,0.623778
n02932891_1765.jpg,0.6938557,0.7525773
00053713.jpg,0.8901904,0.8901664
00005552.jpg,0.78822464,0.9018744
00002954.jpg,0.78948975,0.7563136
00029303.jpg,0.72641575,0.628551
00008804.jpg,0.8995878,0.8167124
00028836.jpg,0.8379439,0.8469276
n01846331_1947.jpg,0.81705004,0.74766356
00013654.jpg,0.7124944,0.7381234
00030588.jpg,0.5781648,0.6416184
0cb561aef1e16beb.jpg,0.7502884,0.63095236
n07720875_2664.jpg,0.8795225,0.9708738
00022282.jpg,0.7978247,0.8920564
00005792.jpg,0.8585126,0.8646444
000000474653.jpg,0.6885167,0.68041235
000000182366.jpg,0.7712503,0.85263157
n07574602_22582.jpg,0.8554875,0.8446602
00010605.jpg,0.8075494,0.8381878
000000235652.jpg,0.8657921,0.872549
00027168.jpg,0.6559621,0.66721
00022515.jpg,0.77215755,0.8210606
00000298.jpg,0.9413113,0.9183586
00005139.jpg,0.6554592,0.7400858
00000994.jpg,0.75936896,0.7607106
00001910.jpg,0.74909097,0.8415362
n02118333_3903.jpg,0.7841354,0.827957
00048071.jpg,0.6905,0.5957084
00017653.jpg,0.82009494,0.8729048
00015764.jpg,0.84759027,0.8834654
00026355.jpg,0.7214515,0.7004704
00028036.jpg,0.82871336,0.7331658
n03512147_28892.jpg,0.74311393,0.7685185
a0b8948a5a669d86.jpg,0.7802426,0.8414634
00048716.jpg,0.74573964,0.7806324
00017139.jpg,0.61883247,0.6259742
00012669.jpg,0.7155428,0.7348564
00057801.jpg,0.5725385,0.6513452
000000139455.jpg,0.6723686,0.5263158
00012534.jpg,0.65756255,0.687813
00041555.jpg,0.8104611,0.8099824
00048444.jpg,0.78118294,0.7331614
00023673.jpg,0.7857129,0.869397
00039443.jpg,0.75337917,0.8762056
f6daef3ca544abf3.jpg,0.71397185,0.66346157
00026481.jpg,0.78163797,0.8329758
00035868.jpg,0.6530447,0.6343182
00019438.jpg,0.68960357,0.5661128
00054537.jpg,0.74100703,0.735312
00009161.jpg,0.6543747,0.5055946
00034412.jpg,0.79363245,0.7190888
00053462.jpg,0.8525967,0.8308572
00036529.jpg,0.6395242,0.5384474
00041877.jpg,0.7086221,0.5783494
00005791.jpg,0.705088,0.7708526
00049259.jpg,0.7356641,0.7676578
00022003.jpg,0.7684056,0.8421598
00038441.jpg,0.6176915,0.4292158
00051061.jpg,0.71156675,0.616585
00014862.jpg,0.793794,0.7884482
00040431.jpg,0.80464476,0.796313
00002936.jpg,0.739353,0.8232822
00049780.jpg,0.739465,0.8241916
00000509.jpg,0.7692835,0.7668472
00003776.jpg,0.80152696,0.7676308
n03512147_438.jpg,0.7501591,0.8545455
00015199.jpg,0.7608351,0.5831912
00049778.jpg,0.5754181,0.672016
00036014.jpg,0.72728646,0.797916
00046237.jpg,0.67416257,0.7271122
00054779.jpg,0.88687795,0.9190278
00042613.jpg,0.70061195,0.7032804
00037692.jpg,0.68700373,0.7357852
n07849336_22471.jpg,0.80376357,0.9411765
00013746.jpg,0.78634983,0.7789328
00033642.jpg,0.766498,0.7079906
00009836.jpg,0.69141513,0.8141712
00016215.jpg,0.77162486,0.9403006
00007899.jpg,0.60822093,0.6784644
00017166.jpg,0.76874596,0.8279492
00043641.jpg,0.73142844,0.6132614
00028420.jpg,0.7786451,0.8410042
00015396.jpg,0.8443803,0.8945926
00025216.jpg,0.76205724,0.7531628
00036629.jpg,0.6098242,0.6908234
n01846331_3449.jpg,0.7868154,0.71428573
00029121.jpg,0.7161289,0.8108044
00053873.jpg,0.8211054,0.6957668
00009939.jpg,0.779005,0.8539022
000000398304.jpg,0.7573303,0.8095238
00035511.jpg,0.83713406,0.8656012
00015000.jpg,0.6815896,0.7727754
00030380.jpg,0.8662519,0.9359886
00018175.jpg,0.8436018,0.8614708
00004268.jpg,0.82554704,0.9020724
00049755.jpg,0.7461596,0.7119286
00004843.jpg,0.73997855,0.8097306
00010307.jpg,0.6752436,0.7574984
00017330.jpg,0.81911975,0.7845806
00013956.jpg,0.6660075,0.53326
000000389152.jpg,0.8068094,0.8411215
00019389.jpg,0.78810847,0.8830474
00011937.jpg,0.76596934,0.8111936
00023491.jpg,0.7544202,0.9062094
00018203.jpg,0.6414295,0.555373
00048426.jpg,0.7207932,0.807148
000000232085.jpg,0.83983105,0.8956522
00015112.jpg,0.69170177,0.6819386
00031068.jpg,0.72721595,0.69919
00054466.jpg,0.77597106,0.6965606
00032459.jpg,0.86557156,0.841187
00013872.jpg,0.8032084,0.7027644
00010855.jpg,0.74484843,0.7508946
00028579.jpg,0.76865166,0.7981868
00054352.jpg,0.598961,0.7479136
00035187.jpg,0.75746053,0.7534256
00041971.jpg,0.8079,0.7059508
00002770.jpg,0.85848933,0.8243414
00049510.jpg,0.6994332,0.796458
00022918.jpg,0.740709,0.6912006
00027418.jpg,0.6026477,0.5516188
00013075.jpg,0.67366767,0.664993
n07583197_6829.jpg,0.7931129,0.5948276
35669675caf4ebe9.jpg,0.7597137,0.8039216
00045716.jpg,0.6964026,0.6497648
00045061.jpg,0.81245124,0.8919082
n02355227_11977.jpg,0.8589316,0.8952381
00042228.jpg,0.85694104,0.9103436
n07850329_16941.jpg,0.85560787,0.91
00054677.jpg,0.7345263,0.7287992
00006003.jpg,0.6547062,0.540851
00053375.jpg,0.61553335,0.6236994
00025637.jpg,0.6532215,0.5793114
00012214.jpg,0.7068034,0.584699
00038742.jpg,0.6917568,0.7838142
00014792.jpg,0.8301193,0.8658832
00015214.jpg,0.799974,0.8937294
00001289.jpg,0.7185125,0.8155578
00039092.jpg,0.7906083,0.7110042
sun_alheovotlhwqzvmo.jpg,0.67127484,0.6581197
00042423.jpg,0.6874827,0.7584378
00021515.jpg,0.86158216,0.8547538
000000574282.jpg,0.7415909,0.8857143
00044242.jpg,0.8415727,0.9584946
00007118.jpg,0.61952996,0.6744752
00020424.jpg,0.61981416,0.7086998
00053980.jpg,0.74758786,0.8280426
00019780.jpg,0.7906895,0.8154928
00050300.jpg,0.6946104,0.805393
00014473.jpg,0.90427226,0.846046
00054912.jpg,0.7167661,0.6271158
00013051.jpg,0.7613441,0.7946152
00010393.jpg,0.799159,0.7918966
00035410.jpg,0.83550864,0.827355
00003698.jpg,0.7870283,0.7589304
000000124462.jpg,0.7483695,0.9230769
00018715.jpg,0.86168945,0.8462382
00006852.jpg,0.8303072,0.9066724
n09289331_679.jpg,0.54408485,0.5726496
00008008.jpg,0.67740846,0.735564
00044161.jpg,0.65640783,0.6969846
00044452.jpg,0.63155454,0.6479614
00048928.jpg,0.84602624,0.8648576
00032537.jpg,0.72646385,0.8170426
000000084356.jpg,0.6675452,0.82653064
00052452.jpg,0.8115578,0.6741476
n07849336_25045.jpg,0.7920632,0.8598131
00039250.jpg,0.7009069,0.5947236
n03351262_13855.jpg,0.6991846,0.682243
00009269.jpg,0.9012427,0.6900246
00024612.jpg,0.7820167,0.7993722
sun_avkfkuagzulwurbc.jpg,0.5408265,0.61165047
00021936.jpg,0.7163946,0.7664998
00025039.jpg,0.63517654,0.597274
00026071.jpg,0.67188776,0.8759328
00007046.jpg,0.81049234,0.7706168
00038781.jpg,0.80442804,0.8311288
00018614.jpg,0.9089708,0.945077
00020291.jpg,0.74909836,0.7216652
n02324045_6970.jpg,0.81245834,0.74444443
00048308.jpg,0.6657586,0.6208718
000000309694.jpg,0.8190673,0.8611111
00046710.jpg,0.735362,0.7388408
00020069.jpg,0.66463166,0.7216714
00018239.jpg,0.7945878,0.8615924
00040060.jpg,0.69225264,0.80847
00057772.jpg,0.7663032,0.7924976
00034870.jpg,0.7094467,0.7578164
00021193.jpg,0.5714831,0.5780788
00052946.jpg,0.6518643,0.581695
00042653.jpg,0.79859245,0.79521
00008690.jpg,0.5711448,0.6184432
00035891.jpg,0.6616637,0.3851128
00053369.jpg,0.7645591,0.8475522
00014504.jpg,0.7412258,0.8460822
n02129165_15707.jpg,0.86135226,0.8773585
00004013.jpg,0.76274616,0.7421346
00011759.jpg,0.7503234,0.816239
00009669.jpg,0.75046337,0.6706552
00012138.jpg,0.8119276,0.814736
00005083.jpg,0.6963017,0.5888472
00006314.jpg,0.6464213,0.5859922
00044705.jpg,0.7636624,0.8834198
00053270.jpg,0.8093852,0.8738128
00003827.jpg,0.79852027,0.672346
00057287.jpg,0.8353582,0.9011586
n07838073_15549.jpg,0.78187716,0.5811966
00016962.jpg,0.6485951,0.6010876
00010282.jpg,0.80082744,0.879242
sun_aamfjaaldpjwzuma.jpg,0.5436858,0.4597701
00008287.jpg,0.7625697,0.8139382
00036386.jpg,0.7495825,0.7756362
00054106.jpg,0.876401,0.8487588
94c53be316c9a02e.jpg,0.71533597,0.87341774
00040552.jpg,0.79001474,0.8782156
00057953.jpg,0.84494853,0.7772034
00047384.jpg,0.8235223,0.7571128
00021090.jpg,0.7263685,0.8348704
00057097.jpg,0.78218067,0.8526328
00040116.jpg,0.69936967,0.70491
00026769.jpg,0.7820003,0.6448326
00026359.jpg,0.825749,0.7923764
00025272.jpg,0.86856264,0.9505988
00052366.jpg,0.8378884,0.8514584
00012555.jpg,0.53551006,0.6864088
00005995.jpg,0.8572879,0.6932386
00055445.jpg,0.7095281,0.7313326
000000126964.jpg,0.7026619,0.8787879
000000500987.jpg,0.7253822,0.67777777
00000910.jpg,0.7357175,0.741206
00004035.jpg,0.8506696,0.733113
n03791053_5855.jpg,0.79822725,0.8173077
00042804.jpg,0.66788083,0.6490272
00053902.jpg,0.75795877,0.825837
00028102.jpg,0.7741925,0.8373886
00012696.jpg,0.7668144,0.8641344
00044676.jpg,0.67822707,0.6627588
00016904.jpg,0.7303398,0.7112254
00041402.jpg,0.7331226,0.6068924
00056970.jpg,0.77194077,0.7808574
00040091.jpg,0.66195196,0.6972998
00035255.jpg,0.57373786,0.5397888
00030546.jpg,0.76325816,0.8453778
00017605.jpg,0.838452,0.9062076
00020115.jpg,0.8320853,0.7846446
00043745.jpg,0.68411076,0.5967916
00047035.jpg,0.82141644,0.9052292
00028697.jpg,0.7961373,0.9216022
00005114.jpg,0.7229392,0.765396
00055017.jpg,0.65606624,0.6637036
00029958.jpg,0.80987287,0.8704266
00048167.jpg,0.65396756,0.7318012
00026129.jpg,0.71722096,0.736389
00002167.jpg,0.8292771,0.7952958
n07583197_6815.jpg,0.81812036,0.8947368
00055646.jpg,0.84068733,0.8436266
00020614.jpg,0.7753329,0.6676662
00008135.jpg,0.73545474,0.769658
000000199331.jpg,0.76462346,0.8217822
00018534.jpg,0.7604018,0.8198912
00035644.jpg,0.58018076,0.623118
00038034.jpg,0.63912886,0.6246032
00033641.jpg,0.65866125,0.6980618
00040402.jpg,0.752701,0.788997
00019161.jpg,0.6160894,0.5120196
00001507.jpg,0.8063218,0.9217228
00055886.jpg,0.7071903,0.8275754
00022763.jpg,0.9162596,0.9597036
00032584.jpg,0.6043916,0.6204176
00009438.jpg,0.7323808,0.8084624
00039276.jpg,0.6977368,0.7248214
00005120.jpg,0.7341477,0.8672926
00042177.jpg,0.69747066,0.752637
00044697.jpg,0.7861003,0.809225
e02a4720aa913ac8.jpg,0.63888144,0.6666667
00014185.jpg,0.87949544,0.850031
n02332755_7861.jpg,0.8298408,0.8701299
00014987.jpg,0.75976056,0.6954152
00001729.jpg,0.6363802,0.579465
00009279.jpg,0.84684473,0.898738
00015430.jpg,0.7039297,0.728702
00044964.jpg,0.64628303,0.5843868
00009212.jpg,0.6529439,0.7050054
00039013.jpg,0.8178057,0.7335968
n04335435_21107.jpg,0.7370777,0.814433
00010065.jpg,0.61036146,0.6201988
00016032.jpg,0.5729081,0.7283772
00028947.jpg,0.64295673,0.5321386
00017430.jpg,0.79738367,0.8807404
00042079.jpg,0.70069134,0.697407
00030390.jpg,0.66087145,0.548647
000000564432.jpg,0.70767856,0.9381443
00018863.jpg,0.7503528,0.7466482
00044072.jpg,0.810089,0.7293428
00036034.jpg,0.7073953,0.6719246
00024676.jpg,0.9024183,0.9281164
00044182.jpg,0.7363151,0.8180738
00012790.jpg,0.8372098,0.9285438
00041283.jpg,0.65805507,0.6020562
00058143.jpg,0.7542351,0.8170708
00036482.jpg,0.54358053,0.5846302
000000408623.jpg,0.7656119,0.8020833
00039494.jpg,0.8095854,0.9283964
00011728.jpg,0.6667538,0.7265314
00007293.jpg,0.66762114,0.7807284
00046428.jpg,0.8095571,0.8259704
00052644.jpg,0.9215964,0.7163334
00007140.jpg,0.83176833,0.766729
00033414.jpg,0.7283785,0.6778094
00019765.jpg,0.68088275,0.805861
00018073.jpg,0.596262,0.5412212
00058701.jpg,0.7404143,0.832208
00003752.jpg,0.59794426,0.4895816
00012728.jpg,0.8490471,0.9107796
000000166376.jpg,0.72218925,0.8396226
00024745.jpg,0.7576927,0.771392
00024812.jpg,0.80908656,0.7492608
00029807.jpg,0.8337323,0.8719686
00048760.jpg,0.8591568,0.8598364
000000418091.jpg,0.6791171,0.7037037
00003703.jpg,0.7895881,0.9364948
00014507.jpg,0.83800966,0.9313632
00006832.jpg,0.864919,0.894785
00052701.jpg,0.7153442,0.7521164
4237c823b4f8ea49.jpg,0.7936918,0.8202247
00033889.jpg,0.5928108,0.614842
n07838073_14985.jpg,0.7941157,0.8888889
00041934.jpg,0.6924941,0.7477962
00042436.jpg,0.7551382,0.8011848
00023096.jpg,0.78311366,0.6891676
00019622.jpg,0.8137659,0.8107462
00001337.jpg,0.7930152,0.8078202
00017947.jpg,0.7950181,0.7704656
00024049.jpg,0.79692656,0.8962626
00033621.jpg,0.8226703,0.900809
00014345.jpg,0.8976769,0.870706
00029338.jpg,0.78902584,0.8665736
00018220.jpg,0.7859349,0.6475386
00034542.jpg,0.70069087,0.7603716
00041441.jpg,0.76536673,0.8106074
00041929.jpg,0.8128344,0.861276
n03594945_29753.jpg,0.76714414,0.79347825
sun_afpnqehwapeidjtp.jpg,0.60171854,0.41489363
000000358086.jpg,0.7424248,0.7078652
00003591.jpg,0.8130016,0.9537658
00033896.jpg,0.707444,0.8425422
00024395.jpg,0.8022235,0.7860846
00008239.jpg,0.7041366,0.7201326
00042441.jpg,0.79816395,0.76043
00055896.jpg,0.8298903,0.8774224
00002500.jpg,0.85939175,0.7913728
00006803.jpg,0.6704087,0.7337766
00043201.jpg,0.7514413,0.7555964
00024469.jpg,0.7188058,0.81057
00007831.jpg,0.8439705,0.9234878
00035423.jpg,0.64227855,0.6327756
00015539.jpg,0.8578807,0.7359534
00029609.jpg,0.8265925,0.8526126
00045818.jpg,0.70912683,0.5800918
00007768.jpg,0.6990557,0.8493592
ae387da9890adf09.jpg,0.7312167,0.7826087
00051097.jpg,0.757099,0.7674288
00010090.jpg,0.77994496,0.8828768
00032017.jpg,0.69748473,0.5908534
00010220.jpg,0.73937947,0.8459158
00054540.jpg,0.72929126,0.668687
00021915.jpg,0.81464666,0.9704852
00038857.jpg,0.7567733,0.8257408
n07693725_2526.jpg,0.8048309,0.9285714
00012135.jpg,0.71015096,0.662187
00000637.jpg,0.7228037,0.7570774
00026470.jpg,0.78617173,0.8382426
00024201.jpg,0.8122951,0.8820564
00046626.jpg,0.7298252,0.8374884
00037730.jpg,0.5804652,0.62981
00028084.jpg,0.75464803,0.8061818
00032597.jpg,0.89490527,0.90969
00016246.jpg,0.72232264,0.8012986
00026870.jpg,0.7844198,0.7296362
00057038.jpg,0.7957651,0.7341034
sun_axhrgmuqrljrfnpd.jpg,0.58599627,0.43396226
00023099.jpg,0.75959194,0.857121
sun_ahksbkeqopdxmskp.jpg,0.5934932,0.4065934
00020376.jpg,0.8346221,0.7489312
00009774.jpg,0.80948955,0.8253764
00009743.jpg,0.85180384,0.7807612
00010077.jpg,0.62800825,0.6258854
00019566.jpg,0.7911409,0.8825222
00018260.jpg,0.79552966,0.742759
00017896.jpg,0.62574446,0.7400108
2e8af3c96d099203.jpg,0.6030548,0.5268817
00047194.jpg,0.7140615,0.7457922
00056052.jpg,0.80969614,0.8374754
42daecc83058cdc9.jpg,0.6760466,0.5555556
00025485.jpg,0.77955955,0.8080304
00056905.jpg,0.6022909,0.5342396
00021791.jpg,0.7845404,0.9074494
00038329.jpg,0.6977453,0.8785246
00011429.jpg,0.5735426,0.6382572
00044101.jpg,0.76834744,0.7700866
00054184.jpg,0.73447216,0.72195
00034225.jpg,0.57131267,0.6140058
00058543.jpg,0.79824007,0.8590702
00032005.jpg,0.7043304,0.6553558
00011182.jpg,0.7849346,0.9382452
00048970.jpg,0.7527825,0.8197228
00018376.jpg,0.79894966,0.7463772
00006083.jpg,0.59566224,0.4570732
00017469.jpg,0.71724427,0.8036344
00013631.jpg,0.6433991,0.7409618
00053924.jpg,0.7552955,0.7275814
00022645.jpg,0.8086638,0.8074572
00054648.jpg,0.71662277,0.7799574
00045099.jpg,0.6276419,0.6626128
000000327918.jpg,0.74497765,0.7745098
sun_aayounnakjpewywf.jpg,0.6590937,0.5677966
00050510.jpg,0.7066971,0.7389436
n09428293_6924.jpg,0.62302315,0.6117647
00033443.jpg,0.7776435,0.8276186
00017447.jpg,0.81303257,0.8637258
00011444.jpg,0.74280155,0.78995
00032011.jpg,0.7821744,0.7414694
00009303.jpg,0.8670383,0.8902046
00000575.jpg,0.79386413,0.8864702
bde032dcf7d9ef26.jpg,0.6661518,0.6666667
00015761.jpg,0.74425745,0.8359996
00017048.jpg,0.7000546,0.5683084
00031379.jpg,0.8247548,0.8290884
00035183.jpg,0.7361961,0.6160034
00011539.jpg,0.5730702,0.5671526
00023151.jpg,0.83976823,0.8369868
00045675.jpg,0.73997205,0.7448824
00046746.jpg,0.683733,0.7458964
00010421.jpg,0.78159183,0.7482056
00010267.jpg,0.71834856,0.8203832
00023577.jpg,0.828486,0.9447652
00035305.jpg,0.7260038,0.7503212
n02132136_2313.jpg,0.7990468,0.8488372
00017385.jpg,0.68693125,0.8662102
00010238.jpg,0.71465945,0.6714214
00027566.jpg,0.73376447,0.8118066
00002809.jpg,0.8545433,0.8145454
00025416.jpg,0.76347417,0.7663926
00009435.jpg,0.83950335,0.8746786
00054262.jpg,0.6494375,0.583251
00028680.jpg,0.8139891,0.7380358
00006328.jpg,0.6738284,0.7902364
00041467.jpg,0.6944796,0.6968714
00054134.jpg,0.777205,0.8112154
00016294.jpg,0.67700595,0.7011272
00029876.jpg,0.54126185,0.6069556
00021116.jpg,0.77368826,0.7542254
00043539.jpg,0.61022323,0.6978418
00017003.jpg,0.6233883,0.6044998
00021767.jpg,0.59984267,0.6295904
00017225.jpg,0.64548624,0.6186098
00027018.jpg,0.76687855,0.8227438
00057317.jpg,0.881725,0.8802528
00018218.jpg,0.67714894,0.617975
00003270.jpg,0.8639869,0.6973738
00037824.jpg,0.7234029,0.6058302
00036729.jpg,0.6617432,0.615218
00026607.jpg,0.6885575,0.7394842
00056704.jpg,0.6309993,0.7030888
00039326.jpg,0.72968554,0.6604348
00026698.jpg,0.7745672,0.8346852
00027109.jpg,0.67667484,0.5201824
00013490.jpg,0.63841534,0.671361
00041835.jpg,0.7960473,0.7831386
00027879.jpg,0.84438145,0.7952478
00002626.jpg,0.76616603,0.8287354
00054089.jpg,0.80252343,0.8010616
00046550.jpg,0.65423524,0.781597
n03512147_4982.jpg,0.8253347,0.6732673
00000837.jpg,0.8234614,0.9296686
000000512459.jpg,0.78381187,0.8217822
000000259491.jpg,0.74294883,0.682243
00006877.jpg,0.7973239,0.8457186
00011333.jpg,0.7493114,0.738997
00026368.jpg,0.82474583,0.6965096
00031440.jpg,0.7531889,0.7124748
00004059.jpg,0.59377426,0.5253054
00037330.jpg,0.64850557,0.5432774
00047667.jpg,0.7120683,0.7507948
00047018.jpg,0.80631465,0.8947986
00015726.jpg,0.78561383,0.7121968
00045408.jpg,0.7821285,0.7725456
00001559.jpg,0.6822933,0.467168
00031171.jpg,0.77627796,0.7774218
00039885.jpg,0.63553536,0.5738844
00033521.jpg,0.768498,0.82979
00014235.jpg,0.66280997,0.527001
00049575.jpg,0.6740066,0.5791738
00040035.jpg,0.82065934,0.8014698
00035130.jpg,0.61622834,0.5078078
00049727.jpg,0.8090586,0.7836238
00028479.jpg,0.6584865,0.412854
000000402082.jpg,0.82956856,0.8235294
000000196344.jpg,0.6907971,0.51086956
00011552.jpg,0.7449314,0.7900012
00038282.jpg,0.6941714,0.7375088
00017607.jpg,0.8004251,0.6410116
00037649.jpg,0.61510277,0.6751532
00034541.jpg,0.71299565,0.7328736
00007698.jpg,0.69126266,0.7025288
00045093.jpg,0.7351424,0.7075244
00053288.jpg,0.7336566,0.8024716
00014549.jpg,0.74960643,0.708565
00015020.jpg,0.68081594,0.6371646
00038263.jpg,0.6280767,0.7112472
00003077.jpg,0.8861837,0.7882876
00058156.jpg,0.6342182,0.6248466
00053923.jpg,0.87576765,0.8709202
00049910.jpg,0.85309917,0.9326228
n01514668_20315.jpg,0.79886824,0.77011496
00042674.jpg,0.70208246,0.6728826
00025935.jpg,0.76075095,0.8179554
00028801.jpg,0.807849,0.8767574
000000302582.jpg,0.7007351,0.63461536
00019634.jpg,0.7130336,0.6858708
00024696.jpg,0.87115055,0.915694
00054494.jpg,0.7223143,0.8541026
00004303.jpg,0.7951912,0.9333926
00024232.jpg,0.76946276,0.7719188
00049986.jpg,0.68022203,0.648521
00030664.jpg,0.6591543,0.7498116
00049372.jpg,0.6813818,0.734851
00015361.jpg,0.72266996,0.7127104
00006831.jpg,0.65743524,0.496932
00013785.jpg,0.78564626,0.806151
n09288635_14334.jpg,0.66090024,0.6219512
00011278.jpg,0.65657806,0.7005884
00035574.jpg,0.6431042,0.760013
e4f55f661a8c4977.jpg,0.75105613,0.7818182
00013968.jpg,0.89090306,0.8991508
n04461696_19012.jpg,0.70289326,0.64
00000090.jpg,0.7974723,0.797104
n02934451_11983.jpg,0.7130758,0.7340425
00016975.jpg,0.8639174,0.907445
e40c9760d612b7b9.jpg,0.7502237,0.8125
00020378.jpg,0.8705599,0.8361618
00031298.jpg,0.63925064,0.6776712
00029787.jpg,0.60208595,0.7039034
00007582.jpg,0.6397046,0.6342822
00007185.jpg,0.8531954,0.8804118
n01514859_10948.jpg,0.80765,0.8053097
00057424.jpg,0.74879026,0.6820926
00021005.jpg,0.7327186,0.768689
00018201.jpg,0.77242416,0.8412202
00053505.jpg,0.71482843,0.7257076
00014694.jpg,0.8405632,0.849266
00017804.jpg,0.8020204,0.7923376
00005466.jpg,0.80654174,0.8787814
00021919.jpg,0.75451744,0.7903548
00042455.jpg,0.893183,0.8873648
00057262.jpg,0.57588816,0.4913858
00035431.jpg,0.7031877,0.663038
00048399.jpg,0.7711772,0.7968698
00039096.jpg,0.7528445,0.783167
00053967.jpg,0.6694036,0.6952648
00002815.jpg,0.8349679,0.8204842
000000338091.jpg,0.7643673,0.7938144
00053335.jpg,0.6688491,0.6891448
00046345.jpg,0.6846355,0.7938884
00049164.jpg,0.88764495,0.9138176
00044241.jpg,0.63705295,0.8755846
n02946348_4367.jpg,0.6403562,0.67256635
00004870.jpg,0.70694876,0.7472668
00024289.jpg,0.8658976,0.9274312
00001871.jpg,0.77164596,0.8302228
00030439.jpg,0.56960124,0.6264428
00056705.jpg,0.82438105,0.9392412
00046947.jpg,0.6734009,0.6402376
00050411.jpg,0.6535581,0.6519686
00011340.jpg,0.70542234,0.6858984
00022845.jpg,0.7534584,0.730249
00026908.jpg,0.6883891,0.7247568
00023555.jpg,0.83614045,0.8691076
4e9a1e1079484886.jpg,0.59612834,0.5882353
n09359803_36040.jpg,0.6332661,0.72043014
00038274.jpg,0.6007764,0.6086576
00031992.jpg,0.7877621,0.850276
00038381.jpg,0.76069957,0.6326826
00013849.jpg,0.88726425,0.8946096
00022704.jpg,0.9025472,0.8830876
00042496.jpg,0.7038216,0.559703
n00470966_18523.jpg,0.79607576,0.8113208
00030030.jpg,0.6562947,0.714494
00004802.jpg,0.7075912,0.6840294
00058606.jpg,0.690243,0.7853042
00019454.jpg,0.77719456,0.6694326
00053552.jpg,0.7808237,0.7917772
00013969.jpg,0.81206554,0.6628624
00048373.jpg,0.68523,0.7113254
00004434.jpg,0.815551,0.9194812
00036119.jpg,0.7226028,0.6410912
n00480993_4180.jpg,0.77077574,0.76086956
00048002.jpg,0.71160495,0.8054436
00020084.jpg,0.7632568,0.7584086
00045377.jpg,0.8218565,0.8039924
00021563.jpg,0.7054621,0.7476446
n09376198_34266.jpg,0.6105047,0.46
00057514.jpg,0.86213446,0.948798
00015500.jpg,0.79846245,0.9112358
00004614.jpg,0.7509282,0.7662106
00019505.jpg,0.8808494,0.838836
00038297.jpg,0.72509295,0.8194386
00035726.jpg,0.59492415,0.2751784
00044876.jpg,0.75562257,0.7336708
n01514859_10423.jpg,0.77779615,0.5913978
00043407.jpg,0.7891606,0.7874452
00013483.jpg,0.8403111,0.8524936
00000899.jpg,0.7877839,0.6580588
00017125.jpg,0.6990237,0.664825
00036683.jpg,0.7785507,0.8367862
000000190199.jpg,0.7032496,0.67741936
00045142.jpg,0.6018521,0.4874948
00013812.jpg,0.79867566,0.7202296
00029699.jpg,0.6104045,0.6169942
00050952.jpg,0.81459135,0.7761416
00057434.jpg,0.8748022,0.7626298
00013091.jpg,0.70296407,0.6290702
n03512147_962.jpg,0.7428375,0.8020833
00025232.jpg,0.81250125,0.8603852
00023387.jpg,0.7396495,0.7839376
00023588.jpg,0.88571787,0.903637
00016723.jpg,0.6507794,0.6092008
00041656.jpg,0.7309874,0.7886652
000000152162.jpg,0.6319003,0.7619048
00025197.jpg,0.7843858,0.7761656
n04467665_1891.jpg,0.6953376,0.7525773
00024276.jpg,0.61010206,0.5290652
00010440.jpg,0.79414946,0.862653
00022159.jpg,0.65180016,0.827532
00005400.jpg,0.76096934,0.7036456
000000376746.jpg,0.75018054,0.8433735
00014583.jpg,0.836279,0.8778102
00047421.jpg,0.72181803,0.7564414
00021920.jpg,0.6826931,0.8560348
00023556.jpg,0.78984946,0.7889864
00031974.jpg,0.8281565,0.9307378
n07679356_38784.jpg,0.8988548,0.8818182
000000433259.jpg,0.74512196,0.8828829
00024047.jpg,0.6933994,0.8119246
n02118333_6735.jpg,0.8495591,0.8924731
00055194.jpg,0.6253479,0.5580522
000000340420.jpg,0.8545787,0.9324324
00054473.jpg,0.8025599,0.8890118
00058468.jpg,0.7930073,0.8017028
n04335435_10781.jpg,0.7382391,0.7777778
00050143.jpg,0.80823356,0.817371
00008279.jpg,0.7441113,0.6744754
00017207.jpg,0.7983307,0.7652788
00006073.jpg,0.79790884,0.8670986
00032788.jpg,0.78720313,0.8847416
00027679.jpg,0.6396432,0.557256
00031681.jpg,0.81989557,0.8031302
00054841.jpg,0.8968914,0.8438204
n04166281_4467.jpg,0.6998938,0.62886596
00029160.jpg,0.83734316,0.7032748
00031218.jpg,0.64442706,0.6217456
00000450.jpg,0.8004903,0.8226894
00034558.jpg,0.76225203,0.8769832
00041460.jpg,0.83499855,0.8951542
00029560.jpg,0.85403705,0.8578274
00017773.jpg,0.69030684,0.9018444
00058586.jpg,0.7321677,0.5862788
00041469.jpg,0.8179408,0.7253568
000000213945.jpg,0.7125893,0.6
00035938.jpg,0.72039247,0.8669186
00022538.jpg,0.66148967,0.7063636
00031750.jpg,0.7127361,0.8072112
00048428.jpg,0.6601736,0.713304
00038079.jpg,0.66470444,0.635419
00016212.jpg,0.6617919,0.6286426
00018429.jpg,0.71857303,0.7543518
00047619.jpg,0.7938482,0.7940932
n09217230_702.jpg,0.69127584,0.7473684
00007336.jpg,0.79687023,0.8192256
00052099.jpg,0.7095287,0.8231564
00010751.jpg,0.79682165,0.8945006
00013134.jpg,0.6280573,0.7165748
00004348.jpg,0.81484073,0.9379644
00002128.jpg,0.709149,0.7499308
00008695.jpg,0.7952977,0.8429874
00025696.jpg,0.7556345,0.8221056
00034985.jpg,0.7278423,0.806868
00008393.jpg,0.7588758,0.8504516
29f8063ae27714ec.jpg,0.6114377,0.59183675
00055349.jpg,0.69019854,0.8211936
00056949.jpg,0.83811,0.8851544
00034610.jpg,0.6499098,0.6434752
00002805.jpg,0.76383215,0.801892
00052344.jpg,0.71715266,0.651279
00015643.jpg,0.78877276,0.85755
00045249.jpg,0.61997384,0.638513
00032154.jpg,0.5464514,0.5012066
00014141.jpg,0.79111916,0.8151956
00001790.jpg,0.73129356,0.802126
00000274.jpg,0.6885648,0.5737062
00010549.jpg,0.66225386,0.6942888
00015477.jpg,0.7019409,0.7536236
00023793.jpg,0.7960775,0.8089916
00053621.jpg,0.78286374,0.751129
00052890.jpg,0.74849755,0.8344076
00052723.jpg,0.6995864,0.7845902
00051869.jpg,0.84639114,0.8735618
00052906.jpg,0.7582062,0.7522222
00056169.jpg,0.7209493,0.8038088
00047362.jpg,0.7409703,0.8047366
00042487.jpg,0.7924804,0.8755116
00002985.jpg,0.64213884,0.5608732
00019168.jpg,0.7512627,0.7418752
00032484.jpg,0.8184957,0.908656
00023224.jpg,0.6424552,0.6792026
00002268.jpg,0.7292371,0.7830348
00037146.jpg,0.71143895,0.8445318
00013929.jpg,0.8714344,0.9219742
00025502.jpg,0.5815837,0.6086508
00009850.jpg,0.7722072,0.7962386
00049867.jpg,0.8266602,0.7454496
00053425.jpg,0.86124825,0.9499136
n03512147_3019.jpg,0.7609788,0.8111111
00007375.jpg,0.70284235,0.7815984
00008171.jpg,0.6447815,0.5770474
00010311.jpg,0.8333607,0.9010118
00014517.jpg,0.6407519,0.6379486
00001349.jpg,0.79744977,0.7000364
00003309.jpg,0.7527323,0.7755678
00004937.jpg,0.7059237,0.8676646
00047468.jpg,0.7145161,0.6342064
00025235.jpg,0.9013306,0.9176992
00027577.jpg,0.821969,0.8489282
00008661.jpg,0.6915358,0.7729346
00023368.jpg,0.79315954,0.8216706
00043886.jpg,0.80551124,0.8415478
n02432983_20980.jpg,0.7658402,0.86725664
00044969.jpg,0.6642188,0.6281896
00008350.jpg,0.75704825,0.6593384
00028588.jpg,0.6832144,0.8192774
00007661.jpg,0.7772421,0.6507868
00022549.jpg,0.7985683,0.783671
00048023.jpg,0.71330947,0.855939
00029525.jpg,0.7654463,0.6663826
00015671.jpg,0.78336245,0.7537484
n07693725_3451.jpg,0.83501667,0.84347826
n04465501_1257.jpg,0.77573764,0.7570093
00002485.jpg,0.7600362,0.7261178
00000137.jpg,0.8126045,0.8574836
00047479.jpg,0.7918312,0.7997348
00022881.jpg,0.8898689,0.8345302
00029340.jpg,0.72371423,0.7511964
00009205.jpg,0.61763513,0.6034232
00037989.jpg,0.6255126,0.6402972
00009841.jpg,0.7099939,0.517806
000000003480.jpg,0.7597179,0.7027027
00008541.jpg,0.7908553,0.918082
00031835.jpg,0.7720713,0.7773982
00048515.jpg,0.8238463,0.8071868
00044302.jpg,0.68991506,0.6628344
00016460.jpg,0.54551,0.5199762
00002719.jpg,0.8036935,0.7478038
00015013.jpg,0.7907829,0.723466
00012528.jpg,0.73942804,0.8544102
00002600.jpg,0.52046996,0.6078182
00009740.jpg,0.8530444,0.8001924
00028532.jpg,0.6795817,0.7241776
00054358.jpg,0.8236818,0.8949928
00007538.jpg,0.7326941,0.7615978
00047935.jpg,0.6164067,0.542335
00036725.jpg,0.63700217,0.6153574
00008582.jpg,0.91103536,0.978894
00051337.jpg,0.8586919,0.856365
596ec3440b5a9f93.jpg,0.7083051,0.83809525
000000055642.jpg,0.7777433,0.8235294
00047900.jpg,0.71893567,0.7737242
n03670208_49557.jpg,0.8073916,0.8202247
00028410.jpg,0.81984824,0.8547926
000000432372.jpg,0.88112587,0.8817204
00045086.jpg,0.7478607,0.7460672
00053670.jpg,0.7679028,0.8691384
00054787.jpg,0.6831143,0.6724678
00043080.jpg,0.7093177,0.6749536
00032616.jpg,0.8568318,0.9022594
00056780.jpg,0.76574236,0.7926022
00039324.jpg,0.68194354,0.8167416
00005690.jpg,0.8399701,0.9234934
n03791053_2629.jpg,0.78937167,0.7446808
00038776.jpg,0.7777311,0.8504326
00049549.jpg,0.82788414,0.8111732
n12345899_35112.jpg,0.691514,0.7614679
n04467665_38369.jpg,0.6735822,0.61764705
00051675.jpg,0.8741121,0.8828734
00057907.jpg,0.761902,0.760249
00034649.jpg,0.58173203,0.6320518
00054453.jpg,0.75514483,0.794429
00042287.jpg,0.8155519,0.8808592
00007049.jpg,0.58847195,0.5902418
00028902.jpg,0.78549665,0.7475292
00046951.jpg,0.7576249,0.7900166
00053385.jpg,0.62000483,0.6136484
00019772.jpg,0.7750918,0.9184238
00022602.jpg,0.73523515,0.7116896
e72a78a65ebb88fd.jpg,0.8364973,0.9099099
00008639.jpg,0.87673855,0.919968
00006856.jpg,0.672986,0.7495834
00008839.jpg,0.7493439,0.8046628
00029120.jpg,0.8475811,0.885888
00001030.jpg,0.82488793,0.8451476
00017867.jpg,0.72820634,0.6595868
00012377.jpg,0.7892359,0.8091702
00037346.jpg,0.7130762,0.831874
00042006.jpg,0.7231174,0.7865196
00023524.jpg,0.8649232,0.7655894
00007559.jpg,0.66225684,0.6992204
00026884.jpg,0.7388191,0.6820794
00040379.jpg,0.77700025,0.85472
00044575.jpg,0.74003226,0.6884952
n02342885_12243.jpg,0.82647187,0.87777776
a4aee15c257b1c08.jpg,0.81483823,0.84210527
00028774.jpg,0.78803957,0.843371
00001531.jpg,0.66532123,0.7990742
00017224.jpg,0.7797464,0.6767626
00052086.jpg,0.85054976,0.845868
00043182.jpg,0.8335427,0.740229
00037019.jpg,0.73563844,0.7729468
00016408.jpg,0.8252695,0.9186038
00025644.jpg,0.8282942,0.9135702
n04465501_4403.jpg,0.8258181,0.853211
00025611.jpg,0.87613165,0.9393264
000000231060.jpg,0.6469419,0.75247526
00051697.jpg,0.92121786,0.9280994
00046964.jpg,0.7729848,0.7754408
n04335435_10652.jpg,0.70026886,0.6635514
00018561.jpg,0.85688096,0.88389
00025353.jpg,0.7478228,0.8930868
n02324045_5559.jpg,0.7844678,0.814433
00053256.jpg,0.62465024,0.7008658
00035501.jpg,0.7232703,0.8477528
00022812.jpg,0.8241053,0.8319716
00053615.jpg,0.71596676,0.7915768
00018708.jpg,0.67706984,0.7849194
n09308572_109.jpg,0.68930125,0.7830189
00001350.jpg,0.5908718,0.4934062
00053061.jpg,0.76174,0.6977002
00039292.jpg,0.6773242,0.5220608
n04467665_1225.jpg,0.7699427,0.7356322
00034589.jpg,0.66050804,0.729633
00011480.jpg,0.57897645,0.4933634
00037495.jpg,0.6085776,0.5715714
00008240.jpg,0.7705588,0.668069
00044862.jpg,0.77043283,0.7878938
00018765.jpg,0.9541553,0.9822368
00009488.jpg,0.8182902,0.9452186
n07863374_16163.jpg,0.77990186,0.7708333
00049737.jpg,0.833607,0.800652
00040791.jpg,0.70191854,0.5559326
00057993.jpg,0.8744606,0.8659424
00019548.jpg,0.8134579,0.790669
00032975.jpg,0.82803327,0.8319184
00057392.jpg,0.6233936,0.744311
00034722.jpg,0.60037625,0.673097
00052149.jpg,0.8411017,0.7651112
00003181.jpg,0.7528745,0.6863832
00057039.jpg,0.79148453,0.8552914
00020700.jpg,0.72898394,0.7248764
00023494.jpg,0.63131565,0.7124374
00030036.jpg,0.8168923,0.7001894
00032322.jpg,0.57063395,0.643725
00057176.jpg,0.55001307,0.6359978
00052119.jpg,0.6545614,0.6324216
n07717556_5351.jpg,0.84483,0.89320385
00040684.jpg,0.67963827,0.6597816
00050014.jpg,0.5597324,0.6030924
00003565.jpg,0.801551,0.8093448
00055738.jpg,0.6844155,0.7239662
00021872.jpg,0.70329213,0.733463
00033583.jpg,0.7476554,0.8716956
000000278449.jpg,0.7866512,0.88990825
00005653.jpg,0.66678935,0.8779638
00052877.jpg,0.7475962,0.747208
00020732.jpg,0.7408319,0.8156956
00026417.jpg,0.5900378,0.6797218
n04610013_591.jpg,0.7138919,0.6875
000000240960.jpg,0.83487314,0.92523366
00002140.jpg,0.8619047,0.8280372
00016267.jpg,0.7142594,0.6839598
00040228.jpg,0.74633473,0.7225434
n04467665_34667.jpg,0.7328446,0.71875
n07693725_11570.jpg,0.9059174,0.94392526
121629e6f8fed1aa.jpg,0.6628577,0.3909091
00058296.jpg,0.7015463,0.786034
00053474.jpg,0.90761507,0.9511684
00013426.jpg,0.9154964,0.8001192
00020811.jpg,0.77780455,0.7839526
00015373.jpg,0.57674885,0.5677516
00038434.jpg,0.6484275,0.5821218
00011582.jpg,0.84509677,0.9142578
00002363.jpg,0.90530336,0.8919258
00010273.jpg,0.7644834,0.7357072
00045912.jpg,0.7057865,0.7656126
n07838073_8665.jpg,0.83266395,0.7570093
00030566.jpg,0.70072806,0.5596492
00050799.jpg,0.6578213,0.648962
00020842.jpg,0.5889138,0.6048622
fc7afe7b96d4616f.jpg,0.57014364,0.46666667
eef37194bf91e872.jpg,0.65787214,0.62025315
00047365.jpg,0.80056125,0.8744826
00003113.jpg,0.77450407,0.794907
00032701.jpg,0.81384724,0.7028876
00051584.jpg,0.820663,0.7488362
00005320.jpg,0.76249856,0.8589332
00034822.jpg,0.617752,0.599333
00005675.jpg,0.8608145,0.8626276
00023324.jpg,0.76157326,0.8236112
00005559.jpg,0.71573013,0.6442588
00053817.jpg,0.565371,0.4951516
00005201.jpg,0.613533,0.6274182
00005618.jpg,0.8043546,0.9246342
000000038357.jpg,0.7264604,0.75
00027060.jpg,0.7806409,0.8463216
00015856.jpg,0.7665839,0.8016868
00022739.jpg,0.80662185,0.7585824
00007778.jpg,0.6848633,0.8846832
00025109.jpg,0.5139955,0.5594536
00054404.jpg,0.88308036,0.9315194
00026631.jpg,0.7892366,0.652749
00010278.jpg,0.76994663,0.7679196
00000001.jpg,0.716284,0.520508
00036925.jpg,0.5942926,0.5187594
00026354.jpg,0.7272812,0.6398854
00009331.jpg,0.8766256,0.9109432
00023854.jpg,0.8340249,0.9084694
sun_axgmqwzfyslqksrt.jpg,0.7301641,0.6666667
00046570.jpg,0.7200287,0.7810622
00042421.jpg,0.65418315,0.8120312
00019348.jpg,0.8139929,0.9065176
00040117.jpg,0.67617255,0.718177
00002340.jpg,0.6493466,0.6517074
00045630.jpg,0.74436074,0.7079098
00011007.jpg,0.7002496,0.7574478
00014977.jpg,0.85355616,0.9082714
00025381.jpg,0.72254777,0.6570434
00044530.jpg,0.86799544,0.9070414
00014093.jpg,0.7099936,0.5741468
00017638.jpg,0.7584533,0.8463496
00048812.jpg,0.759587,0.7722448
00019580.jpg,0.828312,0.8485148
00047075.jpg,0.71427953,0.6332254
00021221.jpg,0.7904594,0.763819
00006633.jpg,0.8640998,0.6967892
00044413.jpg,0.719843,0.7554924
00007656.jpg,0.59139305,0.6437358
00039018.jpg,0.6079496,0.7381658
00047142.jpg,0.75889033,0.7945928
00017811.jpg,0.6814935,0.7686038
00004577.jpg,0.9464132,0.963098
00010606.jpg,0.82026654,0.8889888
00003346.jpg,0.72020864,0.604036
00046919.jpg,0.5856371,0.7138094
00029402.jpg,0.8193542,0.7330356
00035143.jpg,0.6066765,0.5316934
00001432.jpg,0.6178778,0.5799606
00055235.jpg,0.7838982,0.7242758
00018833.jpg,0.7979495,0.8597184
2adc2001f2704f06.jpg,0.8524253,0.85858583
00012490.jpg,0.76163864,0.7296826
00032323.jpg,0.73503023,0.8308194
000000445557.jpg,0.8703085,0.9237288
00024379.jpg,0.705956,0.8407468
00029748.jpg,0.7328927,0.9123758
sun_arwykvgzpgybhibg.jpg,0.60151464,0.3877551
00037522.jpg,0.6120445,0.6598834
00015071.jpg,0.7292978,0.660134
00004824.jpg,0.6991143,0.790641
00002192.jpg,0.6849565,0.772409
n00470966_27438.jpg,0.8055021,0.8869565
00033646.jpg,0.80130106,0.7946364
00048395.jpg,0.6739948,0.6878492
00042090.jpg,0.7551557,0.7380736
n07574602_26891.jpg,0.7594231,0.93203884
00037595.jpg,0.64136904,0.635018
00042089.jpg,0.7065727,0.6184962
00048111.jpg,0.6482301,0.6887278
00026051.jpg,0.68042564,0.5752172
00055002.jpg,0.78116107,0.7211922
00013507.jpg,0.755524,0.650469
00012577.jpg,0.6675266,0.871536
00036852.jpg,0.6041945,0.7055642
n07679356_29289.jpg,0.8764377,0.8269231
00038402.jpg,0.8535525,0.9486612
00030609.jpg,0.8110201,0.9089166
00041693.jpg,0.604746,0.6552856
00018628.jpg,0.8289593,0.860809
00030418.jpg,0.7281878,0.744297
00036399.jpg,0.6869536,0.5943646
00056274.jpg,0.6575546,0.805358
n04610013_2600.jpg,0.69468623,0.65
00039247.jpg,0.78094804,0.7298374
sun_bejnrezcpbzinzmr.jpg,0.6314201,0.6455696
00016245.jpg,0.6579984,0.672326
00051367.jpg,0.88160187,0.9080944
00045779.jpg,0.6672298,0.7746416
000000070603.jpg,0.75882846,0.712963
00000813.jpg,0.55679274,0.4108914
00030936.jpg,0.78581005,0.8913662
00000231.jpg,0.84449404,0.8463278
00010407.jpg,0.77219206,0.8481192
00008673.jpg,0.8425615,0.7971
00054169.jpg,0.81215197,0.8476286
00013232.jpg,0.83971274,0.9309218
00019424.jpg,0.5456116,0.5916372
00026890.jpg,0.81554973,0.8464572
00031078.jpg,0.8016642,0.8465414
00032529.jpg,0.6048771,0.5673684
000000398632.jpg,0.7702108,0.82758623
00008398.jpg,0.7127244,0.8877264
00030682.jpg,0.5740957,0.5099364
00014656.jpg,0.6540066,0.6566696
00010225.jpg,0.64565575,0.7019392
00035685.jpg,0.6730853,0.6679458
00021550.jpg,0.77164674,0.8258264
00031163.jpg,0.57765627,0.5666104
00015398.jpg,0.6517212,0.7364282
00001513.jpg,0.73744404,0.8547442
00037092.jpg,0.6171803,0.6680382
00022976.jpg,0.64750093,0.6331774
00022800.jpg,0.6761439,0.8541504
00038589.jpg,0.65653837,0.682553
00018946.jpg,0.6655965,0.6116388
00049428.jpg,0.83358604,0.808303
000000277375.jpg,0.849297,0.9680851
00018049.jpg,0.6062482,0.6492984
00026391.jpg,0.62007207,0.5399862
00048239.jpg,0.68304175,0.644834
00036301.jpg,0.7439077,0.6671734
00039560.jpg,0.76267236,0.7816648
00028423.jpg,0.75427014,0.6969336
00026045.jpg,0.60822487,0.6345106
00001808.jpg,0.7533751,0.689919
n02342885_7041.jpg,0.8271679,0.8596491
00053699.jpg,0.80185014,0.8135978
00008491.jpg,0.8624969,0.7939128
00011499.jpg,0.7709149,0.7816892
00055240.jpg,0.48810476,0.5425718
00052441.jpg,0.8418854,0.899704
00014202.jpg,0.7718643,0.9349346
00007839.jpg,0.7337555,0.6757968
000000047953.jpg,0.7899356,0.8454546
00055748.jpg,0.863406,0.9136738
00031406.jpg,0.8026917,0.7090468
00058355.jpg,0.577652,0.4779516
00018024.jpg,0.6485887,0.6024226
00003384.jpg,0.7119277,0.7203128
00006836.jpg,0.7766679,0.7652388
00041500.jpg,0.6769009,0.735763
00036253.jpg,0.6921667,0.5362696
00020815.jpg,0.7208389,0.6931258
00034425.jpg,0.76830816,0.7983656
n03512147_553.jpg,0.79185003,0.8367347
00037428.jpg,0.59093446,0.6731092
00015991.jpg,0.5382737,0.6087218
00002520.jpg,0.8828268,0.8939132
n03594945_7733.jpg,0.71190876,0.7714286
00044181.jpg,0.70922124,0.7485096
00017141.jpg,0.7871323,0.8841434
a3d1286c56e96238.jpg,0.7592128,0.85263157
00022519.jpg,0.7458522,0.8616422
00047706.jpg,0.8617502,0.9512068
00057987.jpg,0.6948204,0.7292282
00051712.jpg,0.76126057,0.765505
00052825.jpg,0.6359491,0.6905072
00019503.jpg,0.77641726,0.8205048
00021124.jpg,0.8274185,0.8311008
00055762.jpg,0.7266174,0.9020726
00045170.jpg,0.6970736,0.609585
00010911.jpg,0.8267214,0.8392578
000000302964.jpg,0.6726956,0.5652174
00040269.jpg,0.66087294,0.7775816
00042377.jpg,0.6975904,0.6117652
00039001.jpg,0.6488485,0.7687546
n09472597_8828.jpg,0.6585716,0.67021275
00042566.jpg,0.7732672,0.7875602
00052263.jpg,0.63634783,0.6741064
00025740.jpg,0.89572316,0.8974786
sun_adykjroazbibmkha.jpg,0.5542562,0.29268292
00027630.jpg,0.77061415,0.7414396
00048446.jpg,0.75556964,0.8117596
00052912.jpg,0.74130696,0.732149
00001156.jpg,0.69240576,0.7689782
00044268.jpg,0.8521982,0.889567
000000082898.jpg,0.74219614,0.8598131
00009421.jpg,0.7385265,0.862875
00041738.jpg,0.7667642,0.849452
00014194.jpg,0.75881404,0.6848178
00024889.jpg,0.773194,0.8365836
n07933274_30676.jpg,0.862612,0.90654206
00032631.jpg,0.7402949,0.8224448
00031532.jpg,0.56410515,0.495628
00040555.jpg,0.66543025,0.6689362
00020322.jpg,0.8916202,0.858428
00003922.jpg,0.716793,0.7918922
00052571.jpg,0.783557,0.7754378
00029421.jpg,0.74273264,0.7910572
00035135.jpg,0.6382719,0.5314006
00056114.jpg,0.6347831,0.7078302
00006256.jpg,0.70005,0.7582436
00006692.jpg,0.77778757,0.909673
00022768.jpg,0.59876907,0.4979478
00028165.jpg,0.8226252,0.8794754
n04335435_4069.jpg,0.709647,0.78640777
00010460.jpg,0.5778637,0.5040302
00043814.jpg,0.6905719,0.5962304
00023152.jpg,0.7594052,0.7302318
n07711569_4129.jpg,0.7943137,0.8636364
n07693725_2455.jpg,0.8615806,0.87777776
00051687.jpg,0.6761174,0.7263144
470ed9c49466aa58.jpg,0.74473614,0.8
n02355227_5898.jpg,0.84789735,0.9207921
n09428293_46696.jpg,0.57939434,0.5882353
00024935.jpg,0.7735233,0.6691646
00006825.jpg,0.6855036,0.8562342
00019789.jpg,0.69986975,0.8108172
00055393.jpg,0.74155957,0.8141636
00057192.jpg,0.9241176,0.9032294
000000383857.jpg,0.7030903,0.745283
287c6686c652da6a.jpg,0.6490869,0.6111111
00022731.jpg,0.79213613,0.843386
00002613.jpg,0.88077044,0.9311068
00048541.jpg,0.69567037,0.5633012
n02355227_12357.jpg,0.7472035,0.7894737
00029861.jpg,0.7039974,0.7757576
n12345899_7715.jpg,0.75184244,0.7128713
00036000.jpg,0.62052983,0.6535162
00055064.jpg,0.68750143,0.752045
00031926.jpg,0.7590781,0.8098114
00041845.jpg,0.68183523,0.592372
00037953.jpg,0.6529708,0.57529
00015369.jpg,0.8559134,0.9565092
00049926.jpg,0.86793745,0.7963452
000000421502.jpg,0.75109327,0.81395346
000000082449.jpg,0.85986143,0.86
00047445.jpg,0.69312716,0.762203
n02396427_16986.jpg,0.8431763,0.8736842
00034537.jpg,0.6275886,0.6449758
00032182.jpg,0.91727275,0.8391252
00007972.jpg,0.84379345,0.8577678
00027371.jpg,0.7623257,0.7813214
ffcc5ba8d6eb7f2c.jpg,0.77731997,0.74712646
00041552.jpg,0.6272328,0.5572494
00004568.jpg,0.7711248,0.8364154
00007394.jpg,0.7102717,0.7957202
00051524.jpg,0.6159435,0.6953122
000000389608.jpg,0.8101248,0.7368421
00018904.jpg,0.81632286,0.80859
00056398.jpg,0.8122588,0.7599256
00046568.jpg,0.74450654,0.7053548
00009646.jpg,0.87208277,0.8383186
n02793495_950.jpg,0.59502375,0.60952383
00039811.jpg,0.5978535,0.7088304
00043301.jpg,0.8267631,0.861581
00053352.jpg,0.69718575,0.8999764
00051906.jpg,0.83832216,0.858567
00034925.jpg,0.61039853,0.6685682
00004829.jpg,0.74300396,0.8172586
cbc706734e8e11cf.jpg,0.6502167,0.6494845
00057905.jpg,0.79503083,0.8753792
00057713.jpg,0.7806067,0.7338464
00053504.jpg,0.8800257,0.8288598
00027664.jpg,0.77205664,0.7361526
00057167.jpg,0.74030083,0.855921
00054547.jpg,0.6880524,0.6002414
00056853.jpg,0.8528097,0.881997
00012104.jpg,0.8032815,0.8495506
sun_agqnaqaigkgpfvia.jpg,0.5753778,0.42990655
00039778.jpg,0.66623026,0.7000616
00019285.jpg,0.72113866,0.7656624
00042321.jpg,0.7118564,0.6822762
00053877.jpg,0.8509396,0.9516998
00014680.jpg,0.65565336,0.7361694
000000020221.jpg,0.80870366,0.8433735
00000417.jpg,0.5623679,0.538186
00047044.jpg,0.57943916,0.623897
n07574602_24937.jpg,0.730548,0.75268817
00038262.jpg,0.60992193,0.6554912
00048356.jpg,0.65145314,0.6175682
n07717556_4814.jpg,0.8332242,0.93877554
00041329.jpg,0.57031465,0.5347334
00043389.jpg,0.6581114,0.5979142
00010803.jpg,0.7947381,0.6775136
00049265.jpg,0.79538774,0.935618
8f18961a8aabe2bf.jpg,0.75499517,0.8761905
00018444.jpg,0.6134951,0.5491722
00056193.jpg,0.81730324,0.8325954
00036944.jpg,0.7602487,0.8188448
00041036.jpg,0.7313306,0.779874
00007978.jpg,0.7744813,0.807732
00012072.jpg,0.8768435,0.8408028
00049912.jpg,0.7893799,0.8365728
000000220292.jpg,0.7028274,0.8425926
00021732.jpg,0.6316167,0.7032386
00018682.jpg,0.74303347,0.8299998
n03791053_12289.jpg,0.7451414,0.75
00040120.jpg,0.7325081,0.7661888
n07801091_37705.jpg,0.56942457,0.4
00038064.jpg,0.6522147,0.5301672
00018357.jpg,0.68343174,0.6522912
00053340.jpg,0.7751332,0.7558582
00012348.jpg,0.57243925,0.5405324
00028618.jpg,0.827103,0.9064618
00027758.jpg,0.74488,0.7061778
00046828.jpg,0.72281116,0.7768032
n02129165_22697.jpg,0.75929016,0.7980769
00021775.jpg,0.6737859,0.7839256
00004903.jpg,0.93145996,0.9714124
00002537.jpg,0.767955,0.793507
00010447.jpg,0.8379679,0.8204966
00017304.jpg,0.8050219,0.7916388
00052547.jpg,0.6920862,0.6568746
00009131.jpg,0.618023,0.6025918
00038687.jpg,0.7172455,0.7310536
00006700.jpg,0.61964095,0.607856
00007798.jpg,0.867246,0.944842
00024821.jpg,0.6852044,0.5948802
00034015.jpg,0.5689757,0.6047202
00053419.jpg,0.8464082,0.9358022
00036609.jpg,0.8028832,0.7937908
00021778.jpg,0.8793562,0.9033944
00001172.jpg,0.9059362,0.8887288
00043651.jpg,0.74947864,0.798958
00058717.jpg,0.69261575,0.715145
82b0bd6fbadf3ec9.jpg,0.6021502,0.42608696
00033906.jpg,0.6285293,0.3659034
00041090.jpg,0.73161495,0.7273174
000000220382.jpg,0.7436496,0.75961536
n04335435_55574.jpg,0.77350014,0.80508476
00030484.jpg,0.83580285,0.879687
00000179.jpg,0.65807265,0.7075518
00020869.jpg,0.7174544,0.5499666
00011827.jpg,0.7889049,0.8770206
00013396.jpg,0.7984648,0.8218562
00015630.jpg,0.6956328,0.6856676
00030924.jpg,0.64073735,0.5902096
00020320.jpg,0.8619376,0.917035
00011267.jpg,0.82917076,0.8657812
00047412.jpg,0.78151745,0.6702592
00045840.jpg,0.8286234,0.8505592
00052138.jpg,0.73803365,0.6664674
00007719.jpg,0.83757275,0.8244994
00009026.jpg,0.72441393,0.8389162
n04166281_5752.jpg,0.7714898,0.7798165
00007717.jpg,0.5640455,0.6425786
00031985.jpg,0.69039875,0.7059252
00029281.jpg,0.8077623,0.81298
00035235.jpg,0.654004,0.7801612
00015123.jpg,0.78707373,0.7922726
00005232.jpg,0.59160036,0.5437824
00050787.jpg,0.606974,0.6491824
00029660.jpg,0.87090915,0.953179
000000235575.jpg,0.78548694,0.6571429
00000463.jpg,0.82151955,0.7871924
00053379.jpg,0.714662,0.7227136
00002115.jpg,0.6845442,0.8884522
00051040.jpg,0.67608124,0.8468846
00043691.jpg,0.63714886,0.66867
00007337.jpg,0.7720711,0.6909702
n07583197_400.jpg,0.8532647,0.86538464
00035633.jpg,0.7467563,0.8353622
00037455.jpg,0.5838163,0.5991252
00050669.jpg,0.7015344,0.8784906
00052661.jpg,0.6202972,0.6655546
n03791053_28017.jpg,0.8232821,0.8541667
00050054.jpg,0.8468705,0.8112088
00044977.jpg,0.70244676,0.7710556
00000221.jpg,0.7632461,0.7717914
00038409.jpg,0.57917666,0.6761418
00030575.jpg,0.69594336,0.61874
00031120.jpg,0.84785575,0.871281
n07753592_11999.jpg,0.861159,0.8125
00029087.jpg,0.7425371,0.7320636
000000538113.jpg,0.69281065,0.6226415
00017959.jpg,0.74157447,0.868689
00035232.jpg,0.73082095,0.7235724
00008703.jpg,0.7849755,0.8103714
00050896.jpg,0.6362748,0.7671702
00058244.jpg,0.73219603,0.6213124
00018762.jpg,0.7145201,0.7116994
00042607.jpg,0.6380539,0.6818036
00034439.jpg,0.6877914,0.6652584
n07933274_33310.jpg,0.88416666,0.87234044
n07574602_26959.jpg,0.7602713,0.6781609
00041067.jpg,0.6581863,0.7017388
00035215.jpg,0.635587,0.6762764
00027130.jpg,0.7695418,0.6441164
00047529.jpg,0.814854,0.7592138
00013077.jpg,0.8182397,0.8769058
00026456.jpg,0.7952832,0.8390854
00047475.jpg,0.69393784,0.701972
00039119.jpg,0.60212034,0.6365444
00002970.jpg,0.6466502,0.7777518
00026823.jpg,0.80281246,0.8114126
00039733.jpg,0.6750008,0.7878074
00047690.jpg,0.7648483,0.8586232
0a6a03c8f23ee744.jpg,0.8131725,0.8148148
00026986.jpg,0.72618383,0.9155238
00037478.jpg,0.5124515,0.5335748
n07863374_16261.jpg,0.833358,0.8842105
n07801508_897.jpg,0.88293636,0.96842104
00056373.jpg,0.684136,0.74959
000000039860.jpg,0.7332352,0.7875
00027381.jpg,0.7806117,0.9056514
00006639.jpg,0.64675766,0.556807
00021823.jpg,0.7112244,0.7371018
00010623.jpg,0.69350827,0.6188818
00031312.jpg,0.6054902,0.735679
00012308.jpg,0.6838733,0.656209
00026976.jpg,0.88606626,0.8809004
00019043.jpg,0.8173617,0.8729662
00031976.jpg,0.62531346,0.7087258
00055020.jpg,0.5948765,0.7881352
00018387.jpg,0.5910443,0.7605116
00034373.jpg,0.7907142,0.753023
00057223.jpg,0.61570334,0.7089832
000000569223.jpg,0.78638285,0.88659793
00009731.jpg,0.81361055,0.7727906
00009413.jpg,0.68767667,0.7915066
n07838073_15555.jpg,0.79219866,0.75961536
00022163.jpg,0.66665524,0.5771504
00019194.jpg,0.7553738,0.6724358
00044948.jpg,0.79745907,0.9159846
00035441.jpg,0.6733842,0.7147716
00011609.jpg,0.79578465,0.8598078
00009537.jpg,0.75669926,0.8616492
n02793495_7457.jpg,0.6560241,0.7733333
00024455.jpg,0.6898076,0.5853896
00014535.jpg,0.6892451,0.864239
n07690273_20083.jpg,0.8408057,0.8684211
00038542.jpg,0.5704161,0.5553136
n04166281_1174.jpg,0.76169723,0.7714286
00047429.jpg,0.6196646,0.646164
00042599.jpg,0.8283261,0.837988
00035395.jpg,0.71797895,0.8508558
00013132.jpg,0.68758786,0.7743216
00026762.jpg,0.8134673,0.9030614
00009748.jpg,0.8540214,0.8662896
00052933.jpg,0.7318861,0.901981
n01811909_9824.jpg,0.7394021,0.78
00010337.jpg,0.713312,0.7401238
00003914.jpg,0.74450386,0.5877954
00005151.jpg,0.83920383,0.8840842
n03790512_14024.jpg,0.7509995,0.73626375
00007776.jpg,0.8336639,0.819377
n04231693_22406.jpg,0.6811603,0.75238097
00057151.jpg,0.65129966,0.7467434
00048783.jpg,0.61248356,0.6435958
00023812.jpg,0.8071796,0.8428548
00011424.jpg,0.786629,0.8318678
00018540.jpg,0.5778096,0.5274852
00035067.jpg,0.6011977,0.7424052
00008164.jpg,0.6505057,0.6903076
00006664.jpg,0.89220756,0.8628572
aa0f989e606f5ee2.jpg,0.7695623,0.8367347
00047418.jpg,0.76233786,0.7974416
00021279.jpg,0.8679336,0.8950906
00002978.jpg,0.53403795,0.4538384
00051747.jpg,0.9034013,0.912548
00034392.jpg,0.63680696,0.5653856
00015248.jpg,0.8126057,0.9224612
00007499.jpg,0.84085006,0.7526702
00013375.jpg,0.75323933,0.7721722
00058029.jpg,0.74616176,0.670721
00050739.jpg,0.8918394,0.9339552
00028657.jpg,0.7913214,0.7683196
00016672.jpg,0.7600227,0.7997966
00016879.jpg,0.74639183,0.7573604
00043415.jpg,0.76985246,0.7231768
00030128.jpg,0.6416122,0.8113922
00029158.jpg,0.82301486,0.833664
00021932.jpg,0.85305077,0.9136954
00037238.jpg,0.6523364,0.6064018
00046189.jpg,0.7905986,0.8037932
00037392.jpg,0.680512,0.6112902
00004976.jpg,0.781403,0.8405422
n07850329_22394.jpg,0.8210496,0.8989899
00013034.jpg,0.86480457,0.8942362
00045761.jpg,0.8022987,0.7491462
00045289.jpg,0.69570297,0.717682
00033262.jpg,0.78471655,0.8174584
n09217230_11848.jpg,0.61340755,0.39166668
00012397.jpg,0.75550354,0.7816152
000000101626.jpg,0.8022504,0.75
00014434.jpg,0.7026423,0.7943674
00035919.jpg,0.731581,0.8745364
00012538.jpg,0.80331457,0.9004724
00058013.jpg,0.7970583,0.7795554
00056497.jpg,0.8568774,0.975604
00018058.jpg,0.83291155,0.931282
00050024.jpg,0.8071236,0.7453104
00017785.jpg,0.8170692,0.7688004
00042942.jpg,0.6301464,0.6347772
00055197.jpg,0.7121125,0.7686102
00042886.jpg,0.7798828,0.8052356
00028705.jpg,0.67698115,0.729734
00050489.jpg,0.7579828,0.715959
00034971.jpg,0.63192844,0.5989496
00039906.jpg,0.6428209,0.6898494
00053299.jpg,0.7592201,0.7542922
00015026.jpg,0.59340596,0.5936482
00047756.jpg,0.8082042,0.9124562
00038577.jpg,0.8057934,0.9665296
00015636.jpg,0.7768124,0.8826296
00014159.jpg,0.58358866,0.4124304
00033596.jpg,0.8416758,0.889144
n00470966_18989.jpg,0.79183584,0.8131868
00027146.jpg,0.7925686,0.6563732
00011368.jpg,0.87239045,0.936662
00010495.jpg,0.71608585,0.642103
00017643.jpg,0.6710421,0.6566464
00001867.jpg,0.8960555,0.944979
n07583197_4277.jpg,0.84334826,0.7755102
00049498.jpg,0.8315011,0.9498324
n03791053_5670.jpg,0.8281154,0.79787236
00025137.jpg,0.83528525,0.9204236
00003250.jpg,0.9069832,0.879404
00030148.jpg,0.845715,0.9016138
85d247d5578830b5.jpg,0.7718273,0.7075472
00027010.jpg,0.8875196,0.8827524
00034613.jpg,0.5809828,0.6246556
00000367.jpg,0.7478655,0.8456606
00013727.jpg,0.7395299,0.6849672
00020043.jpg,0.7651788,0.8865534
00003491.jpg,0.7538043,0.6626284
00040750.jpg,0.75771564,0.8297246
00047608.jpg,0.7830201,0.7641778
00014068.jpg,0.6792746,0.696182
00027705.jpg,0.7130129,0.8076338
00051472.jpg,0.6498975,0.791008
n07806221_24625.jpg,0.78986704,0.7941176
00054153.jpg,0.7119604,0.8350776
00052065.jpg,0.8907826,0.8449282
00055647.jpg,0.9038251,0.9371344
000000238881.jpg,0.72219175,0.6
00001043.jpg,0.8531473,0.8600588
00039269.jpg,0.7604976,0.7922
00052734.jpg,0.8243296,0.8204856
00049355.jpg,0.795183,0.8522026
00057134.jpg,0.63737845,0.6938124
00042059.jpg,0.72614545,0.5839662
00011732.jpg,0.85212207,0.9226034
00053579.jpg,0.85277945,0.8880026
00024698.jpg,0.8176525,0.8215136
00055980.jpg,0.6722151,0.7988184
00051301.jpg,0.6597558,0.7659252
000000479172.jpg,0.7110055,0.8584906
00008601.jpg,0.7164326,0.7577442
00018746.jpg,0.7013,0.6387658
00044601.jpg,0.8052785,0.7689748
00031417.jpg,0.82382804,0.9475904
00034468.jpg,0.7682374,0.9247574
00020776.jpg,0.5983017,0.5270384
75b729e50df80c11.jpg,0.7962419,0.84313726
00028061.jpg,0.66659355,0.504756
a84e519a7d0684fc.jpg,0.74849707,0.76086956
00011123.jpg,0.65740466,0.59715
00014035.jpg,0.78523725,0.8301446
00036564.jpg,0.63029766,0.6835328
db190b9e53838d3e.jpg,0.8061853,0.79611653
00034027.jpg,0.6749954,0.7768788
00035777.jpg,0.6916862,0.752573
00036021.jpg,0.6164666,0.6357692
00032725.jpg,0.82488304,0.8683048
00027007.jpg,0.88360655,0.9596162
00056259.jpg,0.762294,0.8034234
00010032.jpg,0.76076335,0.815692
n03384352_4114.jpg,0.7771433,0.9150943
00022428.jpg,0.71856254,0.729989
00011423.jpg,0.8540661,0.9906776
000000010624.jpg,0.6927425,0.6888889
13fb10a6d2718757.jpg,0.69243497,0.7477477
00054998.jpg,0.84181434,0.8089098
n07838073_8585.jpg,0.8287657,0.83495146
00032374.jpg,0.7506154,0.6541988
00008169.jpg,0.69651806,0.6748738
00037690.jpg,0.6346458,0.4786274
c31e9f72ae2b7202.jpg,0.49009037,0.6185567
00043329.jpg,0.76621515,0.6964248
00029514.jpg,0.78972304,0.81589
000000501038.jpg,0.68155235,0.8076923
00016544.jpg,0.900358,0.9003866
00000276.jpg,0.7694599,0.9056088
00056149.jpg,0.7865983,0.7893056
00055222.jpg,0.8009213,0.9184568
00057930.jpg,0.8663982,0.8513712
00044480.jpg,0.64809555,0.738437
00026514.jpg,0.72512656,0.7315346
00030481.jpg,0.6924882,0.6783444
00049008.jpg,0.7736222,0.8473996
000000523673.jpg,0.7701394,0.75
00058073.jpg,0.7619344,0.8058656
00028302.jpg,0.80287,0.8482466
000000378626.jpg,0.7616196,0.81609195
00043480.jpg,0.75418526,0.829919
00036830.jpg,0.61532474,0.6527
00024226.jpg,0.7729989,0.8729938
00023905.jpg,0.85101414,0.8796078
5d4485ce19cf9ff1.jpg,0.639187,0.815534
00027485.jpg,0.6098825,0.7378
00004315.jpg,0.84996146,0.8981536
00050322.jpg,0.758756,0.7456686
00037155.jpg,0.7171328,0.8249162
n07929519_31724.jpg,0.7853074,0.84615386
n07806221_24658.jpg,0.76258224,0.7676768
n03670208_16904.jpg,0.8387729,0.88659793
00020799.jpg,0.7907639,0.83159
00030993.jpg,0.78611594,0.7920358
00052020.jpg,0.64787406,0.7180938
n09359803_42072.jpg,0.5723328,0.48514852
00052146.jpg,0.5443168,0.4933956
00040131.jpg,0.7453096,0.678474
00024533.jpg,0.62159884,0.6532316
000000545930.jpg,0.8868656,0.8947368
00051956.jpg,0.776972,0.7893974
00017530.jpg,0.5906994,0.5390118
00012847.jpg,0.95068437,0.968897
00053407.jpg,0.6057757,0.6261952
n02342885_18.jpg,0.85438395,0.88
00050522.jpg,0.83132863,0.8619672
00054727.jpg,0.58815664,0.6064768
000000047981.jpg,0.74561405,0.77227724
b5d4d36dc92c682e.jpg,0.8199792,0.88235295
n02946348_5270.jpg,0.778347,0.8
00012157.jpg,0.65213066,0.7031004
n07594066_9762.jpg,0.785988,0.7924528
00046695.jpg,0.73146915,0.706326
sun_ayjpisrqdpbcufcm.jpg,0.6005113,0.5319149
00001747.jpg,0.82438844,0.8094082
00016335.jpg,0.6834079,0.7530906
00008215.jpg,0.8619151,0.9359608
00035943.jpg,0.64436114,0.647174
00050103.jpg,0.6984923,0.8031562
00013917.jpg,0.7155389,0.7155716
00026176.jpg,0.8250585,0.844776
00009700.jpg,0.7563984,0.6961174
00015738.jpg,0.74234575,0.7168246
00037615.jpg,0.5625185,0.6879152
00057578.jpg,0.9191703,0.8178022
00002236.jpg,0.72218543,0.8132954
00022982.jpg,0.8279725,0.792592
00057114.jpg,0.8343032,0.9435252
00037570.jpg,0.63805777,0.5990758
00009389.jpg,0.66490734,0.5503012
00053346.jpg,0.882707,0.9735864
00002976.jpg,0.74918777,0.7389706
00006053.jpg,0.78725284,0.910376
00043270.jpg,0.77651364,0.8006578
00058508.jpg,0.8301406,0.8854302
n02342885_12511.jpg,0.79300714,0.86868685
00020089.jpg,0.7913961,0.6635498
00023466.jpg,0.65015507,0.744888
e0ebed8875f0d6f3.jpg,0.78280467,0.70652175
00057840.jpg,0.564824,0.5941548
000000467990.jpg,0.75482297,0.79
00023598.jpg,0.6712419,0.7573178
n03594945_9105.jpg,0.69554174,0.7157895
00007796.jpg,0.89397997,0.9086454
00021395.jpg,0.7392344,0.7879298
00027634.jpg,0.72594,0.7859008
00018695.jpg,0.7044302,0.7318714
00009509.jpg,0.6331661,0.6518054
00051797.jpg,0.85023135,0.871724
00044204.jpg,0.68559813,0.6423838
00032556.jpg,0.83087295,0.9305534
00041527.jpg,0.6927397,0.695233
n02118333_6923.jpg,0.79276794,0.80172414
00001061.jpg,0.8355978,0.7754646
00011004.jpg,0.822905,0.8159402
00021370.jpg,0.7640727,0.7921758
n01846331_3187.jpg,0.8159589,0.8202247
00028235.jpg,0.73210865,0.6383674
00043988.jpg,0.82363695,0.8376624
00025657.jpg,0.76553744,0.7545584
00027362.jpg,0.87742865,0.8846654
00026088.jpg,0.6262454,0.6638854
00054055.jpg,0.89759034,0.890737
00005041.jpg,0.75948656,0.8642414
00009513.jpg,0.88904184,0.835293
00019729.jpg,0.7555799,0.877042
00046416.jpg,0.7999168,0.8393052
4b1a686a8a90ce4b.jpg,0.70800376,0.6699029
n02118333_10468.jpg,0.80366474,0.9361702
00046925.jpg,0.73518515,0.7663462
00024227.jpg,0.8736468,0.9363596
00051724.jpg,0.8031618,0.8113714
00056362.jpg,0.7370941,0.7834426
00011683.jpg,0.75467616,0.826332
00048100.jpg,0.6487024,0.6330286
00026256.jpg,0.6526725,0.484238
00008550.jpg,0.74730533,0.7968816
n04252077_41.jpg,0.62761766,0.63265306
00025248.jpg,0.648759,0.7180932
00016157.jpg,0.70939845,0.6632358
000000283107.jpg,0.6677778,0.5217391
00017266.jpg,0.5618716,0.5360446
00028908.jpg,0.8182861,0.7989084
00026397.jpg,0.82677835,0.884213
00033147.jpg,0.6853587,0.6773118
00002001.jpg,0.7051387,0.7939386
00014188.jpg,0.7504522,0.9047412
00041311.jpg,0.71173877,0.768338
00000418.jpg,0.7203092,0.7062532
00037108.jpg,0.7097151,0.8154712
00051272.jpg,0.77882177,0.7963296
00034938.jpg,0.6118606,0.5961268
00022335.jpg,0.8515844,0.953951
00018288.jpg,0.73622245,0.7482936
910c63df860a274e.jpg,0.8123533,0.8
00053357.jpg,0.59268,0.8237288
00042535.jpg,0.72643167,0.7258622
00034578.jpg,0.7220584,0.8282722
00056047.jpg,0.8087036,0.7960766
00051963.jpg,0.65103686,0.7783274
00005902.jpg,0.7552196,0.8262562
00043395.jpg,0.79722124,0.6665032
n07880968_7029.jpg,0.8343677,0.9142857
00039793.jpg,0.75565237,0.7087268
00057454.jpg,0.84188133,0.7749262
000000510771.jpg,0.7036952,0.78846157
000000117849.jpg,0.7026437,0.65217394
00034368.jpg,0.6497979,0.7526196
n07849336_21675.jpg,0.8168844,0.80733943
n04610013_11968.jpg,0.6976545,0.7058824
000000470300.jpg,0.7800719,0.79347825
00020284.jpg,0.8177846,0.8454982
00016949.jpg,0.7064326,0.800255
00022640.jpg,0.738642,0.6652744
00015435.jpg,0.8577096,0.8640846
00003785.jpg,0.72692925,0.8099828
00054837.jpg,0.8267723,0.8556144
00046286.jpg,0.6681824,0.7675668
00050525.jpg,0.74131495,0.7809214
00020461.jpg,0.85565394,0.9280932
00000103.jpg,0.9138245,0.9483948
00016880.jpg,0.566967,0.4327044
00055202.jpg,0.67245966,0.7497526
00032996.jpg,0.5695219,0.509552
00044492.jpg,0.79758257,0.7951008
00048424.jpg,0.73612505,0.8523732
00000518.jpg,0.7610406,0.7086378
00032378.jpg,0.79973054,0.8399878
00031080.jpg,0.75040793,0.8745614
00029894.jpg,0.7008889,0.542291
00005000.jpg,0.6050778,0.4924318
n09359803_41173.jpg,0.62166685,0.6788991
00015594.jpg,0.764268,0.823743
00005490.jpg,0.6842185,0.8737824
00020883.jpg,0.594172,0.5525154
00034818.jpg,0.7049859,0.5997724
00041136.jpg,0.6921546,0.752349
00006021.jpg,0.67129374,0.8725354
00051560.jpg,0.7803342,0.8939712
00048438.jpg,0.8016929,0.7748772
00050586.jpg,0.8545374,0.7938266
00030953.jpg,0.75836307,0.8577228
1f3fa6f3ae30a4b3.jpg,0.7861702,0.8674699
00054110.jpg,0.7232118,0.8206288
dbd3e9304ac3c014.jpg,0.7583532,0.6448598
00025833.jpg,0.8799036,0.8012304
00043054.jpg,0.66010565,0.7077634
00027238.jpg,0.6498419,0.606748
00011203.jpg,0.77760106,0.7735712
00039234.jpg,0.8086683,0.8438324
00011224.jpg,0.61580014,0.4765114
00008801.jpg,0.7592197,0.8675766
00017065.jpg,0.52347195,0.5634894
00035823.jpg,0.6617377,0.5652614
00055390.jpg,0.81087166,0.872356
00016096.jpg,0.62316173,0.714792
n03594945_15506.jpg,0.7948676,0.8659794
00048644.jpg,0.60075176,0.5223978
00001632.jpg,0.8723977,0.8438552
00007784.jpg,0.7954043,0.7559992
00058249.jpg,0.70348626,0.7151052
00034606.jpg,0.63488495,0.7494034
00018986.jpg,0.6931836,0.6727922
00009581.jpg,0.8341272,0.868261
00034075.jpg,0.7062123,0.6466022
00013886.jpg,0.73427445,0.6128978
00001731.jpg,0.85415554,0.807199
00055720.jpg,0.8247408,0.8438436
a0de488cdeace1df.jpg,0.5640178,0.4
00038114.jpg,0.779635,0.770262
00046370.jpg,0.78950983,0.8272506
00055520.jpg,0.87482476,0.8870164
00047895.jpg,0.7194844,0.6151406
00010869.jpg,0.7478113,0.7552972
00007471.jpg,0.7965558,0.8646754
00031036.jpg,0.76044387,0.8602902
00045581.jpg,0.77938217,0.907996
00036506.jpg,0.6515415,0.6585864
00019336.jpg,0.87201846,0.823269
00022033.jpg,0.80008054,0.8813128
00044497.jpg,0.7263003,0.6582856
00004660.jpg,0.76479596,0.7804592
00002456.jpg,0.7968307,0.8057142
350146445a1383f8.jpg,0.54249096,0.5319149
00058552.jpg,0.7976574,0.7164192
n07911677_2899.jpg,0.78350455,0.814433
00052590.jpg,0.8101933,0.8807468
00030490.jpg,0.9203898,0.967857
00001600.jpg,0.7080761,0.6896016
00051006.jpg,0.8693266,0.9414298
000000492261.jpg,0.6069196,0.70873785
00007658.jpg,0.7126054,0.4397202
00029900.jpg,0.7591614,0.938674
00035450.jpg,0.57524663,0.5045144
00058316.jpg,0.90961564,0.916343
00009528.jpg,0.89867306,0.896308
00028499.jpg,0.8208576,0.839457
00039260.jpg,0.6654297,0.6511554
00019870.jpg,0.7217625,0.5506934
00028557.jpg,0.75379187,0.8380514
00038539.jpg,0.64339614,0.6891488
00049490.jpg,0.7781253,0.8427788
00036053.jpg,0.6442393,0.631823
00056347.jpg,0.7808545,0.814381
00014879.jpg,0.73596466,0.900353
00040826.jpg,0.7783235,0.7343912
00026027.jpg,0.7869422,0.8197688
n07717556_3650.jpg,0.86465853,0.90909094
00026326.jpg,0.5909884,0.6850056
00000446.jpg,0.836643,0.8639038
n02793495_5839.jpg,0.60304976,0.6413044
00038923.jpg,0.74697965,0.6714438
00055133.jpg,0.80354273,0.6224982
00031808.jpg,0.6427529,0.5987856
00027611.jpg,0.5544107,0.7198108
00052290.jpg,0.7466826,0.893605
00026449.jpg,0.7334502,0.7363468
00037348.jpg,0.7282602,0.7508698
00005578.jpg,0.84963363,0.9834834
00054492.jpg,0.82719815,0.8348224
00016420.jpg,0.6916644,0.7703842
00051150.jpg,0.7413607,0.715255
00004673.jpg,0.7546713,0.9109602
00043454.jpg,0.76709557,0.7676626
00010983.jpg,0.76061183,0.766806
00019286.jpg,0.6428056,0.7991256
00029687.jpg,0.89892215,0.9295512
00046585.jpg,0.7347191,0.7255336
n00445351_6131.jpg,0.8305706,0.8604651
2a7c45cb2c6ffdca.jpg,0.7412025,0.7326733
00032658.jpg,0.80327874,0.7264942
00052393.jpg,0.8544008,0.696684
00033976.jpg,0.63140464,0.75528
00055529.jpg,0.6541983,0.6972476
00037004.jpg,0.7944123,0.8576532
000000498270.jpg,0.71566546,0.8037383
00044940.jpg,0.7008784,0.662394
00036739.jpg,0.67480016,0.547606
9e0b50b69b095d1d.jpg,0.76203376,0.65
00055731.jpg,0.82165825,0.8526334
00042445.jpg,0.7506058,0.7801392
00006421.jpg,0.7967923,0.6567516
00017479.jpg,0.7740104,0.8196552
00013974.jpg,0.6764458,0.674649
n09376198_10146.jpg,0.6259576,0.42718446
00016646.jpg,0.8700693,0.9017354
00030811.jpg,0.87020886,0.9575236
00006662.jpg,0.8673046,0.8140022
00023124.jpg,0.76970524,0.7105826
00039794.jpg,0.6956494,0.6621752
00001039.jpg,0.8187278,0.841101
00041774.jpg,0.6786258,0.6895336
00011652.jpg,0.84584886,0.7807492
00029398.jpg,0.8286317,0.8868674
n07654148_13583.jpg,0.8370455,0.9411765
00031576.jpg,0.79390764,0.8904584
00012711.jpg,0.69994503,0.7511004
8ea0e36018513b71.jpg,0.7516467,0.8958333
00024191.jpg,0.60741246,0.722592
00009656.jpg,0.782748,0.735934
00050183.jpg,0.66786516,0.5069486
n07720875_8835.jpg,0.81448144,0.9310345
00014019.jpg,0.64816684,0.6663234
000000493911.jpg,0.79754835,0.8739496
00007312.jpg,0.8698302,0.8688926
00011294.jpg,0.81765175,0.899381
00053534.jpg,0.691066,0.8495688
00031442.jpg,0.5609145,0.5109776
00002820.jpg,0.78938305,0.8000904
8176d18af6992dd8.jpg,0.87638384,0.91525424
00045132.jpg,0.64506465,0.7387768
00022870.jpg,0.7435574,0.8002414
00005286.jpg,0.76145566,0.759815
00014218.jpg,0.8007731,0.7770632
00044327.jpg,0.7591097,0.9494032
00020204.jpg,0.76787585,0.7740858
00032972.jpg,0.7825021,0.9079436
n09270735_41870.jpg,0.68290013,0.6666667
00001415.jpg,0.74459237,0.746024
00025174.jpg,0.76354843,0.7421178
00055354.jpg,0.71945727,0.843714
00050532.jpg,0.80296487,0.851162
00038932.jpg,0.80313385,0.7891926
00049357.jpg,0.86399984,0.6937492
00055434.jpg,0.8361541,0.9430756
00039529.jpg,0.7436598,0.8009564
00012808.jpg,0.7538158,0.909038
00038690.jpg,0.5223887,0.5988516
00052336.jpg,0.5718529,0.5793312
00024826.jpg,0.7312948,0.7765236
00024175.jpg,0.7442953,0.7922886
00055074.jpg,0.7948967,0.8314574
00039546.jpg,0.7328095,0.6941436
00024132.jpg,0.7224874,0.7048914
58156b82c899e639.jpg,0.8355889,0.75454545
00055942.jpg,0.8136005,0.7703446
00002889.jpg,0.8130851,0.8891956
00057651.jpg,0.6983467,0.781584
n03670208_12165.jpg,0.65287757,0.74545455
00056860.jpg,0.77090275,0.8922032
00026862.jpg,0.76444215,0.8619122
00016068.jpg,0.75640714,0.8013888
00007553.jpg,0.7055138,0.7739786
00053481.jpg,0.80220747,0.968456
00038559.jpg,0.68514556,0.8514874
00027843.jpg,0.7860617,0.8243122
00009742.jpg,0.77997005,0.8000142
00042271.jpg,0.78775644,0.7748736
00052143.jpg,0.7262717,0.8576476
00056540.jpg,0.73614305,0.819792
00038084.jpg,0.6945923,0.7837478
00015973.jpg,0.7432924,0.6860206
00005585.jpg,0.72719973,0.668128
00027770.jpg,0.6261326,0.746374
00001506.jpg,0.6930581,0.644636
8495ab3a5a40c791.jpg,0.73937017,0.6262626
00053635.jpg,0.7286071,0.822114
00024399.jpg,0.6088935,0.633352
00004081.jpg,0.7556538,0.8147746
00018961.jpg,0.820711,0.8938456
00029979.jpg,0.7882591,0.7294926
00017349.jpg,0.8067487,0.8917932
00056020.jpg,0.76020926,0.793686
00009189.jpg,0.7696386,0.8080266
000000518954.jpg,0.86730236,0.96938777
00041990.jpg,0.8172711,0.8959224
00033757.jpg,0.6488258,0.620559
3f552ebe5afa4382.jpg,0.7519803,0.7184466
00056965.jpg,0.78765625,0.8124688
00032591.jpg,0.77947193,0.70278
00051988.jpg,0.7379235,0.7282034
717b396012deba08.jpg,0.8218606,0.9101124
00003539.jpg,0.74535567,0.8101634
00031764.jpg,0.8654255,0.901622
00057773.jpg,0.7141978,0.8004178
00049213.jpg,0.59915423,0.7257014
000000524508.jpg,0.68514246,0.6847826
00046316.jpg,0.5879976,0.8039216
00044555.jpg,0.77709144,0.8185632
00032311.jpg,0.8644578,0.8264664
n02118333_10534.jpg,0.81707066,0.79130435
00054992.jpg,0.8236614,0.8965842
00041055.jpg,0.81354994,0.8859472
00037799.jpg,0.6026611,0.5588302
00055640.jpg,0.62097543,0.5645308
00052244.jpg,0.8611221,0.8477692
00050938.jpg,0.7478538,0.8421368
9e11f75d740f84fe.jpg,0.74174905,0.7155963
00056963.jpg,0.8284186,0.8555504
00018019.jpg,0.82556695,0.9493374
n07696625_5833.jpg,0.8242093,0.7553192
00046622.jpg,0.7720795,0.8207104
00011331.jpg,0.8359478,0.7136268
00039535.jpg,0.68784696,0.7858112
00028892.jpg,0.69166064,0.6914534
00044694.jpg,0.7180154,0.644629
00058062.jpg,0.6973475,0.7352308
00044561.jpg,0.74126774,0.702089
sun_atworchkazufbyad.jpg,0.5769283,0.52040815
00033526.jpg,0.86462617,0.8535444
00015353.jpg,0.77401537,0.8192888
00019305.jpg,0.8751562,0.8244084
00019721.jpg,0.6378281,0.7924698
00057314.jpg,0.54615414,0.6507004
00029884.jpg,0.67460275,0.562527
00008376.jpg,0.5787412,0.5438468
n04465501_1705.jpg,0.6671134,0.60215056
00045098.jpg,0.72767997,0.5906706
00051784.jpg,0.7436456,0.766966
00053776.jpg,0.75635874,0.8585554
00011941.jpg,0.6181055,0.5403876
n01811909_4219.jpg,0.7770616,0.627451
00002052.jpg,0.69450015,0.7447088
00041000.jpg,0.76086074,0.8170298
00008355.jpg,0.58708197,0.4599316
00022510.jpg,0.81232387,0.8250486
00008632.jpg,0.8215061,0.9110892
00023440.jpg,0.7569579,0.841365
00000644.jpg,0.8702941,0.9226784
00028440.jpg,0.8116559,0.8088884
00000190.jpg,0.5797274,0.6515644
00052880.jpg,0.8667303,0.8250152
00032071.jpg,0.75013465,0.8249838
00017035.jpg,0.59896976,0.4651906
00024061.jpg,0.6738435,0.7289942
00007170.jpg,0.9052873,0.9200004
000000267556.jpg,0.7381963,0.75
00016821.jpg,0.7649846,0.8296672
n03670208_1659.jpg,0.7323503,0.8974359
n03670208_36069.jpg,0.70493376,0.8817204
00012619.jpg,0.8305338,0.8701794
00009490.jpg,0.5757872,0.6419444
000000078477.jpg,0.82791203,0.8666667
00015305.jpg,0.5863222,0.4830344
00037418.jpg,0.74394715,0.748238
n07654148_14261.jpg,0.7682318,0.875
00046311.jpg,0.7103747,0.750794
00012896.jpg,0.778681,0.7976292
00013776.jpg,0.73180574,0.5821454
00028835.jpg,0.7578307,0.8579248
00047614.jpg,0.75502104,0.7252028
00014762.jpg,0.52869946,0.5224624
00015185.jpg,0.5610904,0.4522046
00048962.jpg,0.8191628,0.7951816
00013925.jpg,0.64374274,0.6511924
00055262.jpg,0.8024352,0.7807892
00042002.jpg,0.68397486,0.6909502
00057133.jpg,0.6356857,0.7031288
00042429.jpg,0.7833609,0.7221834
00029192.jpg,0.7934131,0.8617858
n03512147_1408.jpg,0.70715624,0.75757575
00010930.jpg,0.68473566,0.7578502
n07690273_22081.jpg,0.85576177,0.8888889
00037993.jpg,0.70044214,0.6520502
00007420.jpg,0.74825615,0.8420098
00007630.jpg,0.69540584,0.6838644
00049701.jpg,0.71235687,0.850326
00011826.jpg,0.7725671,0.7248642
00049834.jpg,0.7882851,0.7979042
00047832.jpg,0.65197515,0.670628
00048248.jpg,0.6835868,0.6305862
00047971.jpg,0.61288655,0.5696112
00030076.jpg,0.66166294,0.730043
00008788.jpg,0.56164294,0.5360742
00023887.jpg,0.84010917,0.80426
00006225.jpg,0.768499,0.7036584
00005309.jpg,0.8450579,0.9442688
00002007.jpg,0.73498625,0.7662742
00027514.jpg,0.65062565,0.742736
00047714.jpg,0.7216367,0.738513
00004688.jpg,0.72505873,0.8719992
00048450.jpg,0.82911164,0.850856
00030089.jpg,0.6357386,0.5867478
00008963.jpg,0.7167115,0.8034816
00001845.jpg,0.61730015,0.606939
00049844.jpg,0.60196644,0.7550438
00004954.jpg,0.82371897,0.8473686
00024852.jpg,0.79415137,0.8741668
00000831.jpg,0.8094953,0.856794
n04349306_7659.jpg,0.77788335,0.92391306
000000428266.jpg,0.8438349,0.9270833
00008534.jpg,0.7238712,0.763893
00022074.jpg,0.82404107,0.8457626
00024106.jpg,0.6376039,0.7413094
00030164.jpg,0.6348119,0.6632206
00036610.jpg,0.7099626,0.7107902
00019886.jpg,0.8416005,0.9526194
00043305.jpg,0.648917,0.7321706
00034249.jpg,0.63869,0.8040734
n04349306_5257.jpg,0.8051928,0.8674699
00027490.jpg,0.8572263,0.9103642
00032031.jpg,0.8836495,0.8307778
00049013.jpg,0.8519103,0.8422352
00046743.jpg,0.65471745,0.660536
00010691.jpg,0.89729565,0.9220448
00036163.jpg,0.6148876,0.6800206
00022330.jpg,0.5618485,0.6619536
00005304.jpg,0.7863714,0.8032176
00021519.jpg,0.77692026,0.8515828
1aec2efcae150271.jpg,0.7818907,0.7
00023520.jpg,0.8985078,0.898737
n03791053_27019.jpg,0.78283775,0.8019802
00047882.jpg,0.7523017,0.727122
00042425.jpg,0.7740834,0.7067046
000000111400.jpg,0.8308484,0.8785047
00057991.jpg,0.7326942,0.7549262
n07929519_33340.jpg,0.8453778,0.92727274
00011436.jpg,0.8593736,0.8094904
00034111.jpg,0.6883272,0.7064958
00052310.jpg,0.8661681,0.841909
00048347.jpg,0.7350392,0.7382246
00019818.jpg,0.72328454,0.6859294
00013759.jpg,0.9422227,0.96396
00044334.jpg,0.7132248,0.7358196
000000473030.jpg,0.78420657,0.7589286
00026920.jpg,0.72660804,0.8448264
00050731.jpg,0.6270408,0.7014902
n02946348_31182.jpg,0.6792727,0.7659575
00031668.jpg,0.7609352,0.7357198
n00464894_10523.jpg,0.79379016,0.8207547
00014309.jpg,0.6373813,0.5984132
00044668.jpg,0.6342534,0.6773822
00054514.jpg,0.7631636,0.724304
00057766.jpg,0.66694427,0.688446
00035325.jpg,0.6923858,0.6955882
00006215.jpg,0.84475386,0.9143136
00024326.jpg,0.7345254,0.798007
00047134.jpg,0.63756573,0.4221836
00006971.jpg,0.84808725,0.860634
00014907.jpg,0.6963332,0.6626524
00023066.jpg,0.81324285,0.8425106
00023242.jpg,0.60342574,0.594105
00024016.jpg,0.65833956,0.4983122
00058164.jpg,0.6918685,0.6757098
00020728.jpg,0.6556808,0.675358
00016454.jpg,0.673851,0.5759364
00017191.jpg,0.90620524,0.8815356
00025945.jpg,0.5993556,0.6065766
00006766.jpg,0.77401775,0.8316554
00044994.jpg,0.79069513,0.8171722
00003819.jpg,0.8235802,0.8303302
00040974.jpg,0.6997253,0.5851286
00022572.jpg,0.84735703,0.9169106
00043912.jpg,0.62638897,0.6623976
00013349.jpg,0.70955503,0.8564322
00054050.jpg,0.75798625,0.7900178
000000061779.jpg,0.7030258,0.7777778
00057265.jpg,0.9277115,0.9035172
sun_bnwgrptznpkmyoll.jpg,0.58892334,0.7029703
00036697.jpg,0.5189215,0.6020782
00007716.jpg,0.534244,0.4606342
00044861.jpg,0.61385995,0.5894724
abc73b796c792656.jpg,0.7869024,0.8681319
00034924.jpg,0.5434526,0.4296282
00016494.jpg,0.8236284,0.673747
00031178.jpg,0.6753216,0.5916278
00048845.jpg,0.78508526,0.8548284
n04349306_4471.jpg,0.7425266,0.8369565
00050817.jpg,0.88848513,0.954834
00004569.jpg,0.8840652,0.9854762
00003547.jpg,0.5419227,0.668271
n02118333_12539.jpg,0.8246404,0.90425533
00042048.jpg,0.7495832,0.728847
00045605.jpg,0.74119467,0.8127114
00020047.jpg,0.8111982,0.9378572
00040873.jpg,0.8040779,0.894684
00015292.jpg,0.6688329,0.6884352
n02129165_992.jpg,0.82496744,0.82857144
000000377119.jpg,0.65432966,0.67741936
00054414.jpg,0.84946865,0.869857
n02793495_6822.jpg,0.65286225,0.6875
00041030.jpg,0.6722716,0.5467302
000000176271.jpg,0.86414737,0.9263158
4882db1a7d20bbe3.jpg,0.798608,0.83116883
n07693725_13736.jpg,0.8774001,0.85555553
00039084.jpg,0.6682706,0.5828844
00036321.jpg,0.625378,0.605728
n02355227_14140.jpg,0.7799235,0.8645833
00042855.jpg,0.60143316,0.5122368
00036109.jpg,0.7163256,0.518393
00004424.jpg,0.7122455,0.5872996
00029737.jpg,0.79685724,0.8554844
00043437.jpg,0.7271005,0.679393
00054163.jpg,0.7258818,0.757996
00048896.jpg,0.48769307,0.4556192
n02878222_23049.jpg,0.64597815,0.44210526
00000159.jpg,0.8212506,0.9380442
00047966.jpg,0.8377599,0.800066
00033812.jpg,0.754664,0.6704266
a70377d1fbaf2bc0.jpg,0.7988991,0.8918919
n02924116_7459.jpg,0.7662899,0.6666667
00020604.jpg,0.71062577,0.8326112
00017850.jpg,0.7807755,0.7468518
00026090.jpg,0.7564762,0.7567812
n04587559_8995.jpg,0.6368842,0.7032967
00004892.jpg,0.7478215,0.6948962
00039976.jpg,0.6409552,0.7293464
00045054.jpg,0.7077726,0.6684432
c2cf779148d8142f.jpg,0.60258806,0.6930693
00005295.jpg,0.75415725,0.6850702
00051589.jpg,0.84737223,0.861211
00039025.jpg,0.6831877,0.5567386
00015537.jpg,0.701238,0.7084432
00017466.jpg,0.7697047,0.8284376
00048615.jpg,0.6973008,0.7394052
00053542.jpg,0.87546283,0.7919506
00001245.jpg,0.78319716,0.7387874
n02396427_4362.jpg,0.64093745,0.7303371
00036692.jpg,0.74275374,0.7843816
00013042.jpg,0.67026055,0.6863118
00032551.jpg,0.795109,0.836955
00041536.jpg,0.6932542,0.5868826
00045305.jpg,0.7376838,0.831178
n07654148_13111.jpg,0.7700711,0.75308645
00018595.jpg,0.82351613,0.8187342
000000527291.jpg,0.65003633,0.875
00053085.jpg,0.69936746,0.8697594
00008434.jpg,0.7309986,0.7941094
00053963.jpg,0.8349052,0.8915092
00018545.jpg,0.79035956,0.852959
00002048.jpg,0.69834274,0.6523576
00027161.jpg,0.7679538,0.6966344
00042542.jpg,0.67054254,0.7733006
00046226.jpg,0.7823378,0.7488838
00033220.jpg,0.8478954,0.8691914
00055185.jpg,0.6547909,0.7683878
00049404.jpg,0.72678787,0.6548486
00002418.jpg,0.6963789,0.740354
00036909.jpg,0.68800205,0.6765128
00051365.jpg,0.8096226,0.8363156
00054805.jpg,0.7116298,0.7910202
00032921.jpg,0.8037526,0.854727
00004236.jpg,0.7570354,0.7187398
00048680.jpg,0.6236351,0.5582524
7aeecee8b9b7264c.jpg,0.65580535,0.71
00005935.jpg,0.68033636,0.799977
00050098.jpg,0.78658223,0.7484418
00013119.jpg,0.76953816,0.8498708
00035530.jpg,0.5341798,0.513872
n07711569_3103.jpg,0.7903674,0.79591835
00008158.jpg,0.7963055,0.7405276
00034693.jpg,0.62965727,0.5738892
00005895.jpg,0.75051886,0.8678278
00011489.jpg,0.7338611,0.8384154
00032250.jpg,0.7628183,0.660837
00002460.jpg,0.7793904,0.786613
00058356.jpg,0.80546665,0.7611728
00023866.jpg,0.7988202,0.7137614
00014251.jpg,0.6523654,0.6724014
00011452.jpg,0.68614197,0.6525788
00042796.jpg,0.7994968,0.8448322
000000444735.jpg,0.75531703,0.56578946
00049534.jpg,0.818591,0.7888204
00007033.jpg,0.7334154,0.6835334
00011722.jpg,0.6901651,0.643374
2cc511fa46b55b76.jpg,0.77126545,0.8396226
00018391.jpg,0.80627364,0.9164458
00035386.jpg,0.7909202,0.8371158
00023207.jpg,0.79753155,0.7679152
00033959.jpg,0.73119646,0.7934774
00032456.jpg,0.7542628,0.8034966
00006649.jpg,0.8338569,0.9122586
00005351.jpg,0.7987882,0.7058094
00004362.jpg,0.74394345,0.7525262
00006457.jpg,0.7052549,0.7401362
00049635.jpg,0.7396269,0.8359512
00031216.jpg,0.8070498,0.8367498
00020793.jpg,0.6973467,0.8398022
00005984.jpg,0.58785576,0.4778746
00038289.jpg,0.67210484,0.7035444
n07849336_30056.jpg,0.85622084,0.8730159
00007009.jpg,0.8698719,0.9046136
00017641.jpg,0.57462573,0.8065068
00009453.jpg,0.6460225,0.3594166
00023857.jpg,0.7424328,0.8519626
00030825.jpg,0.84206146,0.7683262
00039988.jpg,0.73569137,0.6246824
00030813.jpg,0.53684175,0.4281452
00037252.jpg,0.63739556,0.5233198
00049446.jpg,0.62029195,0.6207204
00005540.jpg,0.7138969,0.7896698
00043555.jpg,0.7481404,0.8435272
00029588.jpg,0.56757927,0.6444032
00015900.jpg,0.7208138,0.757721
000000321964.jpg,0.74826735,0.7446808
00047824.jpg,0.76134914,0.8287756
00035790.jpg,0.5987959,0.6030906
00025509.jpg,0.679904,0.6226986
00011110.jpg,0.8626671,0.835379
00011214.jpg,0.72781533,0.8956
n02342885_6644.jpg,0.8445571,0.8969072
00043122.jpg,0.7144081,0.8234384
00048925.jpg,0.88076526,0.9300418
00031396.jpg,0.73145336,0.6649778
00028753.jpg,0.6728618,0.6786702
00029175.jpg,0.7682206,0.8878894
00026475.jpg,0.81825775,0.8089974
00057776.jpg,0.6967156,0.7242892
00000372.jpg,0.6691784,0.5486888
00019925.jpg,0.73036736,0.7650906
00018335.jpg,0.85875946,0.8126892
00007747.jpg,0.5362382,0.5424194
n01811909_4142.jpg,0.657107,0.6494845
00030965.jpg,0.61826146,0.5637844
00016799.jpg,0.88481265,0.89122
000000534036.jpg,0.7019939,0.7752809
00031469.jpg,0.82559484,0.9274418
000000164487.jpg,0.68958133,0.68686867
00004499.jpg,0.5098088,0.3228574
00057770.jpg,0.8337049,0.8550064
000000491168.jpg,0.71704453,0.64285713
00021207.jpg,0.8077402,0.7254678
00046246.jpg,0.72278535,0.6605792
00021983.jpg,0.6972358,0.7436104
00018060.jpg,0.783776,0.7447818
00008540.jpg,0.78744555,0.866043
00025365.jpg,0.68647826,0.8198144
00025146.jpg,0.69747746,0.7775468
00042570.jpg,0.6995307,0.7365922
00055238.jpg,0.88931185,0.961237
00029230.jpg,0.7043711,0.810316
00038658.jpg,0.6604772,0.6130368
00000108.jpg,0.6877508,0.6210682
00025129.jpg,0.64721084,0.6877654
00048268.jpg,0.6366637,0.6547574
00033267.jpg,0.66687304,0.6952904
00033545.jpg,0.8245842,0.8936498
00011592.jpg,0.7472033,0.7336568
00051578.jpg,0.572997,0.644658
n00445351_4303.jpg,0.7292748,0.8064516
00026433.jpg,0.70777094,0.7133392
00047618.jpg,0.72072834,0.6846666
00045829.jpg,0.66218126,0.6757726
00041430.jpg,0.81681216,0.942435
dd6f1f06f3025b28.jpg,0.8897346,0.8103448
00019314.jpg,0.7144533,0.7970234
00008959.jpg,0.781117,0.6872408
00029715.jpg,0.6442443,0.5397396
00055478.jpg,0.6812116,0.7872812
00002395.jpg,0.6951761,0.7513598
00050597.jpg,0.63709456,0.8147746
n07679356_30345.jpg,0.88277435,0.88095236
00036205.jpg,0.6160567,0.5707442
00043000.jpg,0.7182082,0.8412206
00046615.jpg,0.77505577,0.6174952
00011225.jpg,0.630471,0.7807918
00040952.jpg,0.7496715,0.766012
n03634034_5998.jpg,0.6020266,0.7977528
00049196.jpg,0.7504843,0.7979738
00014688.jpg,0.77089614,0.6253768
00050548.jpg,0.7540906,0.805715
00041094.jpg,0.5852391,0.6081154
00033636.jpg,0.76044303,0.7196302
00008772.jpg,0.8280522,0.8489568
00002932.jpg,0.83817464,0.908394
00003394.jpg,0.8007985,0.9165354
00043218.jpg,0.7481716,0.8564284
00029513.jpg,0.54549265,0.6281382
00050540.jpg,0.8416784,0.8326916
00018912.jpg,0.6151813,0.6364872
00007457.jpg,0.82756954,0.8991698
00038891.jpg,0.7568313,0.7161314
00024506.jpg,0.6856109,0.5551968
00024368.jpg,0.6258436,0.6191796
00038145.jpg,0.6540444,0.597181
00015652.jpg,0.75374645,0.5888058
00051001.jpg,0.6989676,0.8820528
00009018.jpg,0.7661402,0.5539736
00046325.jpg,0.76742107,0.6004454
00004794.jpg,0.6629993,0.6346658
00002430.jpg,0.82907575,0.8858164
efd6e2c6544a1fff.jpg,0.77746576,0.7878788
n09270735_7535.jpg,0.71670634,0.8347107
n07697537_8906.jpg,0.88814855,0.93939394
00041994.jpg,0.7724371,0.798719
n00464894_12357.jpg,0.65587366,0.7411765
00019969.jpg,0.613763,0.6730266
00045754.jpg,0.7464835,0.8066866
00057049.jpg,0.74408346,0.8287654
00055508.jpg,0.7944711,0.7040652
00015938.jpg,0.7397945,0.856698
00030421.jpg,0.8687238,0.8233956
00022001.jpg,0.6927829,0.7843114
00030474.jpg,0.635986,0.6297082
00036420.jpg,0.6996589,0.6501088
00003563.jpg,0.8021813,0.8686048
00013049.jpg,0.7121728,0.6909588
000000371874.jpg,0.7508876,0.8857143
00051851.jpg,0.7711553,0.7429396
n07933274_34457.jpg,0.8247653,0.8791209
00020184.jpg,0.75049263,0.7227698
00021217.jpg,0.5813347,0.6008618
00039534.jpg,0.57651746,0.7026458
00001774.jpg,0.8772753,0.8692232
00041225.jpg,0.77254957,0.7204838
00049381.jpg,0.8149695,0.881303
sun_anfpmkqemzwfixbm.jpg,0.560645,0.5555556
00001542.jpg,0.8351162,0.7702294
00050341.jpg,0.7679271,0.609773
00025239.jpg,0.7483755,0.7503404
00053537.jpg,0.9142825,0.947043
00052220.jpg,0.7098396,0.7970582
00046192.jpg,0.7805589,0.8420118
n04231693_1225.jpg,0.77819896,0.7714286
00046571.jpg,0.7381689,0.6898742
00046996.jpg,0.6446599,0.8319242
00053522.jpg,0.788474,0.8986432
00052184.jpg,0.72883916,0.729486
00035796.jpg,0.65605307,0.5678752
n09415671_8323.jpg,0.59134144,0.41
00031409.jpg,0.8294243,0.8677606
00045854.jpg,0.6410783,0.6741818
00043088.jpg,0.77792567,0.7865452
00008017.jpg,0.59187585,0.5101204
00033680.jpg,0.5761679,0.426018
00037341.jpg,0.6955107,0.761431
00012527.jpg,0.85185266,0.7545508
00047577.jpg,0.7664698,0.8817428
00016564.jpg,0.79255134,0.839633
00028716.jpg,0.7478191,0.8075982
00008584.jpg,0.7564308,0.8170556
00016427.jpg,0.70728177,0.7327582
n03670208_42256.jpg,0.7836464,0.87096775
sun_bhribroenyyculkx.jpg,0.6057148,0.625
00018541.jpg,0.7830857,0.7567822
00051642.jpg,0.61974907,0.7717532
00017979.jpg,0.82068986,0.8335384
00019543.jpg,0.88723534,0.7975272
n02946348_1541.jpg,0.8048201,0.68421054
n01811909_8696.jpg,0.8308763,0.7659575
n07911677_4325.jpg,0.843871,0.83168316
00040050.jpg,0.74625796,0.871015
00038909.jpg,0.7198107,0.7266432
00034923.jpg,0.70943034,0.6032968
00016887.jpg,0.5801269,0.619432
00012089.jpg,0.93841416,0.8890642
00054291.jpg,0.83363485,0.8700706
00021231.jpg,0.52752495,0.5586638
00002934.jpg,0.65915304,0.67053
000000223577.jpg,0.7745953,0.7878788
00005977.jpg,0.8006187,0.917016
n00439826_6705.jpg,0.83614486,0.79545456
00047369.jpg,0.7930457,0.7644308
00035218.jpg,0.59973323,0.6661478
00018645.jpg,0.6651592,0.8126352
00053795.jpg,0.78592515,0.7548074
00003304.jpg,0.78256077,0.744193
71b7fc6522575582.jpg,0.7341377,0.67826086
00039370.jpg,0.7455092,0.8463846
n01514668_17062.jpg,0.75682193,0.68817204
00028520.jpg,0.7314864,0.9099208
00045144.jpg,0.7471598,0.8194138
00037496.jpg,0.70961833,0.751966
00038825.jpg,0.81029004,0.7652632
00038536.jpg,0.74321777,0.8863538
n03791053_12064.jpg,0.72044754,0.88461536
n02332755_10100.jpg,0.7907751,0.84761906
00043263.jpg,0.80361146,0.6826412
00014778.jpg,0.5806463,0.5347836
00017262.jpg,0.73247397,0.6922652
00014493.jpg,0.5295587,0.4203966
00000200.jpg,0.8266079,0.791501
00007422.jpg,0.85326,0.8924062
00042816.jpg,0.7819476,0.8066076
n02946348_34746.jpg,0.76498073,0.8105263
00038101.jpg,0.6256596,0.3816182
fc19beae7ab242a5.jpg,0.62631965,0.7111111
00000933.jpg,0.7136306,0.7039694
00026340.jpg,0.8003391,0.8067072
00046631.jpg,0.75843304,0.7727464
00024432.jpg,0.73218995,0.7796622
00015504.jpg,0.689578,0.8661802
00027686.jpg,0.7928391,0.8639318
n03541923_3649.jpg,0.80291766,0.7941176
00042989.jpg,0.68599284,0.6934292
00040341.jpg,0.62885636,0.560725
00007629.jpg,0.72377974,0.5220366
00035924.jpg,0.8043044,0.878073
00046337.jpg,0.79520154,0.8605232
00028030.jpg,0.58117783,0.6510506
00005873.jpg,0.79721814,0.7935156
00001426.jpg,0.7126579,0.8439394
n03541923_1761.jpg,0.8562092,0.8301887
n12345899_9324.jpg,0.6501826,0.6421053
00002455.jpg,0.8573852,0.9372402
00042694.jpg,0.7173503,0.6643224
n07880968_4566.jpg,0.8279732,0.8684211
00019806.jpg,0.7175316,0.759546
00042876.jpg,0.69312847,0.653735
00027537.jpg,0.72892493,0.696222
00044839.jpg,0.7102997,0.7340262
n02332755_4664.jpg,0.82112163,0.78494626
n04461696_18465.jpg,0.740169,0.84158415
00045311.jpg,0.7002556,0.647486
n09376198_22644.jpg,0.63442236,0.45
00049422.jpg,0.68930835,0.8263742
00026999.jpg,0.76164764,0.742053
00055513.jpg,0.7764835,0.9166066
00049842.jpg,0.8343963,0.8194776
00002792.jpg,0.8543617,0.9052782
00041349.jpg,0.8185275,0.8717198
n09359803_44619.jpg,0.6506309,0.6698113
00008210.jpg,0.67144144,0.7073806
00034882.jpg,0.64362097,0.5265416
00002738.jpg,0.8228213,0.8689182
00006032.jpg,0.7690671,0.8923164
00038149.jpg,0.63274163,0.593857
n09217230_3790.jpg,0.76384073,0.8255814
00034149.jpg,0.6904218,0.7004318
00027998.jpg,0.7055641,0.7034692
n09308572_4442.jpg,0.7171673,0.77884614
00042249.jpg,0.79574674,0.6575434
00045049.jpg,0.71268946,0.8774668
00055205.jpg,0.8289767,0.806948
00008678.jpg,0.8289926,0.857077
00048192.jpg,0.7842852,0.6965768
00007998.jpg,0.8382603,0.7916816
00043633.jpg,0.7507976,0.8600588
00004768.jpg,0.79392856,0.7769034
00031796.jpg,0.82614344,0.8409364
00035549.jpg,0.67124873,0.6931434
00027580.jpg,0.7992318,0.8635782
00016434.jpg,0.72788066,0.6443344
00022855.jpg,0.7934887,0.8532676
00047818.jpg,0.76848143,0.6674074
n02129165_16401.jpg,0.75097036,0.7009346
00042666.jpg,0.6499934,0.5852134
00017919.jpg,0.66047406,0.6246426
00035293.jpg,0.62564605,0.6101866
00000901.jpg,0.8744299,0.907371
00006778.jpg,0.6657554,0.4625396
00016732.jpg,0.8073488,0.8736162
00047336.jpg,0.6018858,0.7237076
00051274.jpg,0.77721757,0.8041506
00026423.jpg,0.70694596,0.5547006
00000598.jpg,0.7552864,0.8899998
00002661.jpg,0.81200165,0.8696204
00012939.jpg,0.85331947,0.8924264
00015318.jpg,0.73598415,0.8000914
00020395.jpg,0.73065656,0.6818178
00037183.jpg,0.7369351,0.698366
00043347.jpg,0.681268,0.6706302
00009517.jpg,0.8323347,0.7461484
00026107.jpg,0.74272925,0.8744068
00002780.jpg,0.5997449,0.8076602
00002895.jpg,0.7955699,0.9771652
00024976.jpg,0.803482,0.909871
00008520.jpg,0.7093501,0.6540294
00003264.jpg,0.92251134,0.976143
00012873.jpg,0.61771655,0.648273
00045744.jpg,0.7235189,0.8688644
00006377.jpg,0.8896844,0.9378678
000000431675.jpg,0.6231902,0.79787236
00000283.jpg,0.52688277,0.42044
00051408.jpg,0.8030109,0.8616704
00056456.jpg,0.7003934,0.737324
00034562.jpg,0.62010485,0.6925852
n04587559_11688.jpg,0.64937603,0.4512195
00048149.jpg,0.7248707,0.6866008
00056991.jpg,0.73299116,0.6267874
00031147.jpg,0.7830679,0.8010878
00008586.jpg,0.84021664,0.8469546
00027613.jpg,0.7497799,0.7178072
00031213.jpg,0.7003716,0.6630424
00026987.jpg,0.6593206,0.7369242
00051530.jpg,0.77490807,0.691792
00050761.jpg,0.80797726,0.7737376
00031467.jpg,0.8765115,0.8249884
00005950.jpg,0.91121435,0.9236368
00013289.jpg,0.71474296,0.722839
00053802.jpg,0.67465055,0.743946
00049650.jpg,0.8954906,0.820642
000000504341.jpg,0.8157087,0.89320385
00038311.jpg,0.6644135,0.747702
00002951.jpg,0.75886244,0.785439
00012961.jpg,0.7939431,0.8843032
00015325.jpg,0.6275096,0.7174264
00054757.jpg,0.6961534,0.707164
00049528.jpg,0.878454,0.9625786
00021377.jpg,0.87096,0.8934056
00014498.jpg,0.7862217,0.8415016
00025618.jpg,0.7339271,0.9434226
00046454.jpg,0.7247551,0.7053454
00017149.jpg,0.79136103,0.8915814
00032390.jpg,0.72471404,0.8919884
00036537.jpg,0.66461444,0.641063
00000659.jpg,0.8226381,0.8714374
00050630.jpg,0.76344997,0.6843576
00000815.jpg,0.49527,0.3634204
00055702.jpg,0.7663716,0.956125
00005919.jpg,0.72895634,0.7506438
00007452.jpg,0.6610145,0.6395738
00034538.jpg,0.772438,0.79221
00056368.jpg,0.77174675,0.778967
00053429.jpg,0.651616,0.7208784
00029727.jpg,0.8500868,0.9077496
00029602.jpg,0.817795,0.8816046
00050273.jpg,0.62232673,0.7144576
00041545.jpg,0.6679951,0.6945536
00004020.jpg,0.8501995,0.8896918
00054011.jpg,0.73551756,0.8170864
00056442.jpg,0.8122282,0.7946954
00027310.jpg,0.8380817,0.872891
00050981.jpg,0.8668435,0.8583448
00051581.jpg,0.562462,0.5578144
00054744.jpg,0.86037713,0.8672818
00026964.jpg,0.710081,0.4855162
00023672.jpg,0.6315571,0.5659234
00058417.jpg,0.7274717,0.7482964
00004564.jpg,0.626693,0.658849
00010425.jpg,0.82379,0.8254324
00052795.jpg,0.9263164,0.837112
00049276.jpg,0.6546946,0.7079854
00040011.jpg,0.6488043,0.773065
00053677.jpg,0.8786673,0.9542858
00010224.jpg,0.7282703,0.749502
n02396427_18261.jpg,0.7861131,0.71428573
00047513.jpg,0.76515836,0.788262
n02450034_10320.jpg,0.8130635,0.8181818
00015955.jpg,0.8973542,0.903243
03e15185cfaf3edf.jpg,0.8475387,0.91463417
00007519.jpg,0.9081681,0.8245864
00033936.jpg,0.7787698,0.7904464
00008030.jpg,0.7753791,0.8762808
00025332.jpg,0.7860957,0.7993522
n07654148_18263.jpg,0.89780015,0.8817204
00012474.jpg,0.6215763,0.696769
a8cc262e267f3706.jpg,0.72732186,0.6818182
00024433.jpg,0.76000637,0.674518
00016229.jpg,0.730491,0.7852194
n03791053_540.jpg,0.82083756,0.8910891
00038345.jpg,0.60501647,0.708923
00036068.jpg,0.58160496,0.7126572
00008009.jpg,0.51742584,0.5129824
00057825.jpg,0.6020644,0.6693098
00053449.jpg,0.7553633,0.7543628
00018884.jpg,0.7827099,0.8113934
00053551.jpg,0.81537026,0.8453028
00023360.jpg,0.81268007,0.7774894
00027741.jpg,0.7888736,0.8640652
00027064.jpg,0.7723287,0.7767726
00036416.jpg,0.6435611,0.5109092
00027880.jpg,0.7128548,0.8604958
n01846331_8530.jpg,0.80458057,0.65957445
00039079.jpg,0.70028484,0.6821926
00027574.jpg,0.75358975,0.697968
00057559.jpg,0.7987375,0.8649462
00037911.jpg,0.64989674,0.61828
00029751.jpg,0.84137076,0.8582418
000000428550.jpg,0.7607897,0.70454544
00024345.jpg,0.9541926,0.9207058
00026021.jpg,0.71469265,0.7243978
00057790.jpg,0.9139841,0.8444032
00008085.jpg,0.7195149,0.7666912
00054922.jpg,0.93636245,0.9505642
00003918.jpg,0.8890385,0.8890502
00029990.jpg,0.76935774,0.8030602
00016805.jpg,0.78657585,0.8432466
n09288635_1116.jpg,0.6759757,0.745283
n03670208_37379.jpg,0.72535855,0.8076923
00048618.jpg,0.7759944,0.7684874
00000392.jpg,0.6669284,0.7447688
00013182.jpg,0.6581172,0.6260168
00035672.jpg,0.72614187,0.5991296
00052864.jpg,0.7305468,0.7758568
00016080.jpg,0.83901054,0.8230714
00036979.jpg,0.5816293,0.5646504
00045746.jpg,0.64994895,0.711584
00002393.jpg,0.6955377,0.719532
00009526.jpg,0.7043853,0.8259722
00041995.jpg,0.7406753,0.7048608
00004721.jpg,0.7049897,0.4994216
00003050.jpg,0.9454549,0.903785
00041917.jpg,0.73713523,0.8576246
00011488.jpg,0.7889298,0.8274834
000000093075.jpg,0.7139846,0.77678573
00011949.jpg,0.78074116,0.847885
n04465501_4463.jpg,0.74219495,0.7604167
00042267.jpg,0.6519306,0.847787
00024203.jpg,0.7572046,0.6671088
00040274.jpg,0.781377,0.6485046
00032665.jpg,0.6120868,0.6218844
00022440.jpg,0.8983847,0.7215776
00054226.jpg,0.88588387,0.8908886
sun_arhsuyqmegcknown.jpg,0.6400674,0.62886596
00028992.jpg,0.82673997,0.8797838
00011660.jpg,0.70071876,0.6650254
00033221.jpg,0.7104758,0.6550252
00018339.jpg,0.69502056,0.674038
000000313148.jpg,0.79068714,0.8888889
00058180.jpg,0.8352842,0.820293
00016017.jpg,0.7752039,0.6773506
00024785.jpg,0.6526108,0.5982694
00033404.jpg,0.60670555,0.6169512
000000467502.jpg,0.72938484,0.85393256
00014176.jpg,0.8664174,0.8955456
00028614.jpg,0.75835365,0.7567862
n02450034_5808.jpg,0.83495325,0.8636364
00038173.jpg,0.6982647,0.7937602
00036918.jpg,0.63237095,0.6218712
00022780.jpg,0.8506991,0.9109066
00024498.jpg,0.8111076,0.8513964
00019991.jpg,0.5791769,0.4908452
00027000.jpg,0.8484779,0.7984704
00030736.jpg,0.76863754,0.8774466
00013330.jpg,0.7598676,0.675314
00026033.jpg,0.59230477,0.797208
000000349777.jpg,0.815047,0.9032258
00036748.jpg,0.6657621,0.7020608
00002997.jpg,0.7350033,0.7108586
00005210.jpg,0.87006253,0.8830094
00025292.jpg,0.7218937,0.8530902
00056184.jpg,0.6662377,0.6741696
00021623.jpg,0.7666522,0.7848174
n04587559_2346.jpg,0.7294903,0.6896552
00045226.jpg,0.74354535,0.750674
00026012.jpg,0.7038913,0.7482686
b664690ed17187ae.jpg,0.8048198,0.8118812
000000530407.jpg,0.7858359,0.79310346
00045174.jpg,0.72915536,0.7171918
00003887.jpg,0.63736016,0.6666268
00001798.jpg,0.7313103,0.7786276
00051347.jpg,0.65533686,0.8196626
n04349306_3428.jpg,0.8266683,0.73
00034110.jpg,0.69537896,0.7191994
00001018.jpg,0.74370676,0.828723
00036383.jpg,0.6111702,0.7533864
00024409.jpg,0.640633,0.6046674
00025017.jpg,0.7385951,0.6958464
n04166281_6507.jpg,0.8075824,0.76086956
n00440941_3878.jpg,0.642757,0.8518519
00029227.jpg,0.62949723,0.5823706
00052650.jpg,0.833803,0.890998
00014891.jpg,0.7985505,0.8101528
00024881.jpg,0.6951593,0.6450984
00029341.jpg,0.8095718,0.6977958
00019753.jpg,0.7647247,0.8307914
00033681.jpg,0.819506,0.8477022
00025323.jpg,0.7472406,0.7702098
00006004.jpg,0.7982556,0.8186162
00031634.jpg,0.69003415,0.7957874
00051194.jpg,0.80580014,0.8114576
00048020.jpg,0.75170285,0.7882594
00048388.jpg,0.72857475,0.7700062
00036106.jpg,0.6378262,0.4082406
00011334.jpg,0.7622376,0.6948472
00030088.jpg,0.78851575,0.883887
510086d3f2b163b0.jpg,0.70461285,0.7029703
00013583.jpg,0.8740291,0.8473642
00031733.jpg,0.8503019,0.9245366
00058685.jpg,0.7777786,0.7994194
n07583197_15339.jpg,0.79159707,0.9082569
00042113.jpg,0.7988105,0.8895044
00012587.jpg,0.70281476,0.780893
00058263.jpg,0.7737847,0.7757962
00028741.jpg,0.68046874,0.752827
00005838.jpg,0.7834864,0.7866844
00045699.jpg,0.7035414,0.70424
00021658.jpg,0.820713,0.748079
00056772.jpg,0.78261036,0.6564592
00039552.jpg,0.73294574,0.6407252
n04610013_3527.jpg,0.7290223,0.6699029
00053200.jpg,0.8235929,0.886559
00007616.jpg,0.772566,0.6960618
00019256.jpg,0.78887296,0.8589572
00052046.jpg,0.7858758,0.854866
00047296.jpg,0.64085186,0.6869474
n04252077_4752.jpg,0.61786103,0.69902915
00028140.jpg,0.90185946,0.9179836
00005194.jpg,0.78258795,0.7654116
00033422.jpg,0.70538646,0.7365968
00022624.jpg,0.83677876,0.6293344
00054577.jpg,0.733783,0.8600722
00023674.jpg,0.766633,0.8006796
00010478.jpg,0.83232886,0.8993388
00012388.jpg,0.7948363,0.8834592
00012747.jpg,0.80061334,0.7728312
000000096445.jpg,0.7406277,0.7777778
00004862.jpg,0.6276785,0.7431324
00020669.jpg,0.8337293,0.8948032
00044874.jpg,0.806376,0.8185964
n07933274_30243.jpg,0.8062461,0.83168316
00004356.jpg,0.7907197,0.7919974
00035821.jpg,0.64219517,0.7241166
00018237.jpg,0.55962163,0.523285
00054591.jpg,0.6244015,0.692036
00008465.jpg,0.8322689,0.8284774
00027586.jpg,0.66529095,0.72372
00029792.jpg,0.7132879,0.6288806
00048621.jpg,0.7893673,0.749024
00038686.jpg,0.7793444,0.751943
00000317.jpg,0.79150516,0.8351822
00006982.jpg,0.67026174,0.7532736
00036675.jpg,0.720482,0.7662272
00036648.jpg,0.5786592,0.468654
00023694.jpg,0.84806573,0.9078236
00037781.jpg,0.62245965,0.6956218
00049007.jpg,0.84377605,0.856546
00011354.jpg,0.77048475,0.7847316
00035390.jpg,0.63602877,0.7637342
n01811909_12450.jpg,0.7606128,0.6989247
00044286.jpg,0.68683875,0.6654398
n03670208_25045.jpg,0.810093,0.8055556
00037160.jpg,0.6113929,0.6081636
00000808.jpg,0.80678886,0.825578
00032783.jpg,0.6575324,0.6735128
00019356.jpg,0.8216986,0.8700476
00009034.jpg,0.66731733,0.5056498
00015732.jpg,0.8205673,0.9235776
00014496.jpg,0.90891707,0.8782106
00029472.jpg,0.7286512,0.789914
00006481.jpg,0.7663763,0.849517
37f5e796cffd2c9a.jpg,0.803916,0.77272725
36daf4b907485637.jpg,0.69920063,0.8446602
e07e9a02ea5b836c.jpg,0.7924237,0.74509805
00039966.jpg,0.7884935,0.6643302
n03670208_40668.jpg,0.767196,0.7407407
00009012.jpg,0.8606144,0.9008478
00000049.jpg,0.71461123,0.6749348
00046808.jpg,0.8464789,0.7320012
00053225.jpg,0.6645537,0.6616356
00001665.jpg,0.66648793,0.6691894
00057819.jpg,0.8326275,0.8715576
00057497.jpg,0.7703734,0.7785716
00020480.jpg,0.7118,0.6562958
00027075.jpg,0.7853608,0.7906578
00050416.jpg,0.8354812,0.9845066
00053142.jpg,0.76282674,0.755567
00024451.jpg,0.85009295,0.7787236
00053972.jpg,0.57577825,0.3724902
00016440.jpg,0.79583555,0.8199882
00015531.jpg,0.79153436,0.882786
00056636.jpg,0.8106567,0.8247538
n07863374_16763.jpg,0.80463904,0.7894737
00020216.jpg,0.88092166,0.960509
00014326.jpg,0.77758604,0.627184
00051917.jpg,0.74800867,0.7358648
00001416.jpg,0.59116256,0.5040026
00054931.jpg,0.845494,0.8420012
00009022.jpg,0.87053025,0.8911736
00022913.jpg,0.8745325,0.9017482
00045403.jpg,0.7342647,0.6661398
00003242.jpg,0.60235703,0.523697
n07801508_1874.jpg,0.8405106,0.8045977
00036718.jpg,0.728352,0.8302044
00043020.jpg,0.76389307,0.7228948
00044458.jpg,0.6973337,0.7784128
00019982.jpg,0.6997508,0.7884008
00017933.jpg,0.8330787,0.895584
00039473.jpg,0.6591393,0.6531408
00046276.jpg,0.6917806,0.683937
00012233.jpg,0.8473773,0.8519576
00038688.jpg,0.61292756,0.7060856
00026790.jpg,0.62929493,0.7289684
00043711.jpg,0.73108447,0.784399
00014059.jpg,0.5116241,0.5281398
00026198.jpg,0.71585095,0.7480002
00020719.jpg,0.75864375,0.7899842
00006695.jpg,0.77613753,0.8741756
00048429.jpg,0.73184514,0.5600304
00047979.jpg,0.6574777,0.3687736
00039206.jpg,0.66319317,0.6538322
00058268.jpg,0.68897873,0.6448226
00035116.jpg,0.7800798,0.8140826
00039798.jpg,0.7094707,0.7952592
00001961.jpg,0.7172355,0.8720942
00005924.jpg,0.6938784,0.4239378
00032856.jpg,0.72150135,0.5729604
00010383.jpg,0.7066772,0.6603022
00035997.jpg,0.70361936,0.7358536
00029374.jpg,0.7155447,0.7417574
00054455.jpg,0.6243116,0.5356522
00047522.jpg,0.6820287,0.6958946
00038031.jpg,0.62189513,0.5915038
n02342885_13099.jpg,0.866376,0.9230769
00006413.jpg,0.749604,0.7350492
000000042931.jpg,0.74109644,0.89215684
00021753.jpg,0.8246959,0.8896548
n03351262_2268.jpg,0.61312306,0.7830189
00029767.jpg,0.82427245,0.7385004
00048648.jpg,0.7765226,0.737491
00040442.jpg,0.58714706,0.7046204
00052468.jpg,0.6995263,0.809484
00038847.jpg,0.8070666,0.8963714
00029668.jpg,0.7995308,0.8714394
00058494.jpg,0.64379686,0.7790608
00050402.jpg,0.60004634,0.5798242
00007261.jpg,0.611338,0.6857056
00002143.jpg,0.79379517,0.7494762
sun_afhmafwoarfodhar.jpg,0.5653555,0.62765956
00017819.jpg,0.6419054,0.6788108
000000388011.jpg,0.71741146,0.84313726
00049989.jpg,0.81741065,0.877995
00035366.jpg,0.68781555,0.6819154
n02793495_14786.jpg,0.62937355,0.73333335
n04465501_1273.jpg,0.7104438,0.7777778
n03541923_2456.jpg,0.76369506,0.81
00008847.jpg,0.68653023,0.6480788
00032495.jpg,0.66249096,0.6454088
00038412.jpg,0.73938525,0.7939346
00046535.jpg,0.68366975,0.834188
00006387.jpg,0.8012602,0.7760912
00010523.jpg,0.7668882,0.7559428
00020288.jpg,0.68355083,0.4549422
00003959.jpg,0.8661451,0.8439842
00007175.jpg,0.6029608,0.723788
00058089.jpg,0.78965896,0.8334044
00012465.jpg,0.75419647,0.6031082
00055182.jpg,0.6990248,0.6525074
00051454.jpg,0.8719633,0.83494
00025255.jpg,0.91182154,0.8840444
00010458.jpg,0.905394,0.9942858
n04349306_3409.jpg,0.73961,0.7378641
00044772.jpg,0.75960785,0.6635212
00030222.jpg,0.7245793,0.771925
n07863374_17319.jpg,0.7840361,0.875
00057330.jpg,0.74593455,0.762564
00033333.jpg,0.76146716,0.855119
00056581.jpg,0.73525584,0.844495
00020780.jpg,0.6922451,0.6287284
00017994.jpg,0.66305375,0.7469992
00000676.jpg,0.7468751,0.762264
00050345.jpg,0.84340185,0.8939878
00032892.jpg,0.7686352,0.8210816
00033068.jpg,0.716098,0.870728
00029263.jpg,0.86212265,0.7489186
00045777.jpg,0.81960565,0.8483688
00025432.jpg,0.59610903,0.6587334
n04166281_388.jpg,0.7829204,0.79
00002509.jpg,0.6118996,0.706989
00022905.jpg,0.85665494,0.8859606
00047938.jpg,0.75278574,0.726289
00001020.jpg,0.8051176,0.8665676
00015108.jpg,0.77450997,0.8244466
n04166281_263.jpg,0.7947542,0.773913
00002170.jpg,0.74057776,0.687914
00032454.jpg,0.60184216,0.709322
00002733.jpg,0.8084975,0.8494004
00002113.jpg,0.6941872,0.8111418
00037841.jpg,0.72832453,0.7529244
00047607.jpg,0.70913315,0.8040682
00005184.jpg,0.61028916,0.4321386
00000118.jpg,0.8809954,0.9011628
00024565.jpg,0.7306837,0.525491
00009353.jpg,0.63597614,0.6582418
00019100.jpg,0.7931394,0.672326
n07753592_10692.jpg,0.94467306,0.94736844
00022805.jpg,0.75312155,0.8198886
00036844.jpg,0.664139,0.652186
00009362.jpg,0.52045083,0.5473848
00001069.jpg,0.7343605,0.7036848
00016582.jpg,0.6014069,0.5207722
00043464.jpg,0.8516511,0.6523726
00006635.jpg,0.8192924,0.7089252
00028737.jpg,0.88934445,0.860992
00029839.jpg,0.69875455,0.75857
00052458.jpg,0.6799488,0.838245
n02129165_743.jpg,0.8139425,0.6888889
00026738.jpg,0.8204716,0.8438138
00022511.jpg,0.79538435,0.7170834
00012981.jpg,0.79979986,0.7997116
00035421.jpg,0.782648,0.7973072
n00480993_10842.jpg,0.76142484,0.7529412
00010082.jpg,0.6011485,0.5186472
00032880.jpg,0.81486434,0.7294276
00006656.jpg,0.79624486,0.7515854
2b607717ec492bc2.jpg,0.7938799,0.7916667
00040627.jpg,0.69758826,0.6956634
00032035.jpg,0.88957566,0.8221554
00016741.jpg,0.7822598,0.8338194
00028378.jpg,0.73844236,0.5518604
00006234.jpg,0.7179621,0.7874916
00006414.jpg,0.5996915,0.4784304
00032195.jpg,0.7370563,0.8170238
00024426.jpg,0.9043253,0.8946932
00025108.jpg,0.74387056,0.711222
00006523.jpg,0.76710624,0.7523064
00001368.jpg,0.7749612,0.8632976
00041669.jpg,0.71714956,0.5814214
00029739.jpg,0.70478773,0.6541598
00022715.jpg,0.7665058,0.7440424
00035600.jpg,0.7267906,0.8257792
00015834.jpg,0.7565772,0.9379838
00044310.jpg,0.6707365,0.8369586
00041517.jpg,0.7883732,0.7785232
00038310.jpg,0.65786684,0.6567122
00051018.jpg,0.77096045,0.8662268
00020737.jpg,0.8588578,0.8780634
00027836.jpg,0.6819563,0.28113
00034283.jpg,0.7281595,0.643759
00038844.jpg,0.8250169,0.7330458
00052962.jpg,0.7990853,0.8884354
00041583.jpg,0.7385854,0.7353746
00038349.jpg,0.5877992,0.6439404
00022026.jpg,0.7858328,0.6374564
00016698.jpg,0.85309076,0.8268238
00014646.jpg,0.8230372,0.7669184
058158a56c4e1048.jpg,0.79914874,0.872549
sun_bgocxehekzvnlsmo.jpg,0.6321938,0.82258064
00001084.jpg,0.79800344,0.8073878
00043351.jpg,0.7519662,0.728011
00020839.jpg,0.7777465,0.6899466
00034146.jpg,0.55299103,0.5261796
000000121827.jpg,0.7156911,0.78571427
00005396.jpg,0.7263508,0.79455
00021631.jpg,0.80628556,0.835098
00036933.jpg,0.66316247,0.589183
00006677.jpg,0.7537799,0.776287
00043672.jpg,0.6510468,0.637297
00043827.jpg,0.7078996,0.7513408
00041631.jpg,0.7187485,0.7572716
00040161.jpg,0.7531574,0.7245476
00032480.jpg,0.5561183,0.628376
00016091.jpg,0.81588024,0.8340416
00017632.jpg,0.6446974,0.4582422
00057129.jpg,0.7915867,0.736464
00047420.jpg,0.6914702,0.557173
00023652.jpg,0.7907683,0.8118168
00046354.jpg,0.7337179,0.6328522
000000213146.jpg,0.76679546,0.75
n02434954_6168.jpg,0.78839356,0.65625
n07863374_17629.jpg,0.8339117,0.87628865
00032321.jpg,0.7368842,0.7947982
00050681.jpg,0.72593474,0.6824044
00026014.jpg,0.8361477,0.8713086
00006748.jpg,0.7663589,0.890095
00022423.jpg,0.7657431,0.7323516
00004804.jpg,0.8354245,0.8259926
00040614.jpg,0.6153495,0.5733246
00010667.jpg,0.8584418,0.811475
00022599.jpg,0.63699013,0.6531654
sun_amyfrjfsypqohzav.jpg,0.57733953,0.6605505
00026377.jpg,0.7921765,0.8746316
00049931.jpg,0.86156696,0.8121382
316af044aec03d7a.jpg,0.7482443,0.8372093
00022172.jpg,0.72929984,0.6649242
n07911677_4843.jpg,0.833389,0.82
n01846331_8880.jpg,0.7785409,0.8736842
00030852.jpg,0.65080154,0.5534974
00009937.jpg,0.7678675,0.7340388
00041940.jpg,0.72321826,0.8050626
00006449.jpg,0.6541151,0.7432674
00019473.jpg,0.7652971,0.8023338
n02431785_25175.jpg,0.7194012,0.53097343
n03670208_37080.jpg,0.7589032,0.84821427
00050477.jpg,0.8572261,0.893062
00048968.jpg,0.7450272,0.8628508
00050194.jpg,0.731602,0.8050298
00010399.jpg,0.8927571,0.9586316
00026005.jpg,0.6117797,0.7145718
00007601.jpg,0.71564704,0.691849
00036258.jpg,0.7119869,0.651985
00011814.jpg,0.81632143,0.7686552
00031780.jpg,0.82562006,0.8755192
n00445351_5585.jpg,0.74904937,0.71910113
00058274.jpg,0.8175676,0.880644
00024279.jpg,0.7794464,0.8338866
00036317.jpg,0.66959965,0.714065
n07583197_5817.jpg,0.7716912,0.74757284
00041177.jpg,0.7629371,0.9119128
n07711569_2660.jpg,0.86097854,0.8113208
00016654.jpg,0.7266435,0.6940256
000000530741.jpg,0.77554053,0.75454545
00016361.jpg,0.682728,0.591702
00005647.jpg,0.6882832,0.8057154
sun_axcystsdjzbhixci.jpg,0.6565,0.7008547
00054969.jpg,0.8692035,0.875471
00040123.jpg,0.6531091,0.6870464
00051819.jpg,0.80573803,0.9688774
00001799.jpg,0.8271989,0.8404792
00028640.jpg,0.7109579,0.636744
00038396.jpg,0.60318065,0.6732038
00043410.jpg,0.68143463,0.6795882
00017846.jpg,0.70706946,0.8363618
00036242.jpg,0.65006995,0.6122364
00018940.jpg,0.85806865,0.9507468
n03541923_3654.jpg,0.58810925,0.6979167
00044665.jpg,0.72205645,0.6681284
00001572.jpg,0.63854206,0.5715256
00027886.jpg,0.7636282,0.7141046
00057743.jpg,0.627217,0.7275966
00051860.jpg,0.87783897,0.8960554
00026988.jpg,0.8008802,0.9194206
00017465.jpg,0.694757,0.761885
000000412874.jpg,0.83904165,0.85858583
00019229.jpg,0.82666135,0.875998
00020098.jpg,0.6255895,0.7245938
00025844.jpg,0.7095634,0.7399346
4965f1230e388431.jpg,0.77018654,0.71028036
sun_arxyfbqfjqesqjkp.jpg,0.73846084,0.69902915
n03541923_3397.jpg,0.7814415,0.8454546
00025403.jpg,0.78620917,0.844996
00042682.jpg,0.7606284,0.786126
000000484180.jpg,0.6622604,0.79591835
00030774.jpg,0.8266114,0.830784
00048744.jpg,0.75886935,0.8343048
00022031.jpg,0.8071348,0.865828
00000373.jpg,0.7988375,0.8051544
00057474.jpg,0.8270106,0.8963854
00003177.jpg,0.7158378,0.8336874
00000449.jpg,0.7359962,0.7231552
00044044.jpg,0.62794685,0.496349
n03791053_6359.jpg,0.8277915,0.8453608
00037622.jpg,0.6745287,0.6836554
00011935.jpg,0.56136644,0.5511982
00036551.jpg,0.7188399,0.6827808
00057315.jpg,0.83991534,0.8600464
00026507.jpg,0.7699887,0.6133628
00044040.jpg,0.7544145,0.7097302
00005884.jpg,0.7467634,0.6591948
00031325.jpg,0.7143027,0.736675
00022613.jpg,0.786161,0.8783526
00054436.jpg,0.86325437,0.8752302
00058395.jpg,0.64145243,0.6875294
00046821.jpg,0.77538663,0.9061052
00027657.jpg,0.74491495,0.719595
00025435.jpg,0.73065364,0.66882
00012722.jpg,0.7649137,0.7345642
00050049.jpg,0.80881697,0.8129476
00008441.jpg,0.94550544,0.947971
00019370.jpg,0.64292455,0.7032158
n00468480_10557.jpg,0.72037584,0.5614035
44da855f8db7d75f.jpg,0.7097087,0.69736844
00024782.jpg,0.6050442,0.4854452
00049660.jpg,0.59619296,0.6006506
00034956.jpg,0.63172114,0.6981868
00003925.jpg,0.70731527,0.8520822
000000347976.jpg,0.70516336,0.7234042
00050269.jpg,0.78720593,0.750002
n07716358_11383.jpg,0.7898335,0.8045977
00046135.jpg,0.85631895,0.8931576
00025801.jpg,0.65424013,0.7010518
00021060.jpg,0.8803035,0.8507672
00018299.jpg,0.80636543,0.7692352
00043540.jpg,0.7787498,0.9238508
00031041.jpg,0.8372267,0.9299892
00005390.jpg,0.70370996,0.6848014
00037802.jpg,0.7708306,0.844236
00025101.jpg,0.8046958,0.8091938
00035933.jpg,0.6508984,0.6432014
00021721.jpg,0.77032477,0.814679
00039603.jpg,0.72933537,0.8686146
00043229.jpg,0.8128142,0.848128
00047857.jpg,0.73299825,0.6717052
00030035.jpg,0.8111574,0.838829
00003784.jpg,0.8074547,0.8375194
000000050013.jpg,0.7655962,0.7628866
00036789.jpg,0.5791093,0.581141
00037292.jpg,0.63316005,0.5694252
00020759.jpg,0.5637728,0.7249128
00034267.jpg,0.60053337,0.6194378
n03541923_3231.jpg,0.84868926,0.88659793
00007806.jpg,0.7026891,0.7647968
00043684.jpg,0.75336933,0.7023538
00014869.jpg,0.68295497,0.836043
00042713.jpg,0.6932819,0.7145426
00028881.jpg,0.8713668,0.9465424
00038493.jpg,0.73095673,0.7586308
00041082.jpg,0.72148496,0.6362414
00002882.jpg,0.8564121,0.8512478
00013113.jpg,0.8931939,0.837502
00027515.jpg,0.76738185,0.769061
n09288635_11832.jpg,0.6844758,0.7570093
00012521.jpg,0.678672,0.6183074
00002229.jpg,0.69923276,0.6182386
n07801091_36388.jpg,0.5764412,0.559633
n02878222_17573.jpg,0.6497539,0.78350514
00017891.jpg,0.5225338,0.5597368
sun_atpbdrjmgotfoqbe.jpg,0.5259028,0.4742268
00014949.jpg,0.8035566,0.8184088
00052267.jpg,0.76264507,0.7833156
00024906.jpg,0.79750365,0.6769638
00014979.jpg,0.82887346,0.7920564
00009624.jpg,0.74952734,0.7538142
00050626.jpg,0.75367576,0.7503162
00012202.jpg,0.7120237,0.6143462
sun_ayoerapgbyhrmmlq.jpg,0.5260779,0.53932583
00057128.jpg,0.55021656,0.6460516
00001132.jpg,0.8310734,0.860119
5b3d8eacb52b1468.jpg,0.8192406,0.7755102
00017726.jpg,0.81056875,0.8947636
00013390.jpg,0.8356249,0.8226284
00044165.jpg,0.6833819,0.6847108
00016390.jpg,0.73321766,0.6448306
00001222.jpg,0.649521,0.7385278
00016847.jpg,0.6601683,0.7223018
n01811909_4860.jpg,0.7745097,0.8
00057438.jpg,0.89959246,0.8254506
00001197.jpg,0.86791,0.8434666
00035971.jpg,0.70969003,0.9096294
00035720.jpg,0.6375641,0.6325632
00041639.jpg,0.7055225,0.702945
00022232.jpg,0.86211616,0.7948856
00023546.jpg,0.8218737,0.8467884
00056930.jpg,0.7706128,0.7335318
00006226.jpg,0.7431424,0.7061996
00022809.jpg,0.6579304,0.8201624
00056731.jpg,0.7797114,0.830231
00050985.jpg,0.869451,0.7799532
00026425.jpg,0.6814431,0.7460316
sun_aondxtlsklthxtog.jpg,0.64539015,0.65957445
00012928.jpg,0.7871412,0.8946014
00044441.jpg,0.7061063,0.6502254
00026472.jpg,0.78587437,0.7912732
00020248.jpg,0.8381282,0.9517734
00057186.jpg,0.8123335,0.8322204
00050706.jpg,0.79519993,0.8139748
00016111.jpg,0.77850294,0.8603738
00037506.jpg,0.57839566,0.6903996
00006819.jpg,0.7344275,0.815717
00050627.jpg,0.6451601,0.5792576
00038840.jpg,0.7711862,0.7496356
00040292.jpg,0.82776654,0.8435362
00032580.jpg,0.7699452,0.7364412
00045209.jpg,0.75703377,0.7529434
00041768.jpg,0.7905127,0.7033484
00000608.jpg,0.8041485,0.826193
00057630.jpg,0.6063515,0.7679538
n09468604_2749.jpg,0.55094194,0.6516854
00022779.jpg,0.8608185,0.9766098
00053932.jpg,0.7911902,0.878996
00048072.jpg,0.65185,0.6183228
00020546.jpg,0.8034383,0.8680502
00055872.jpg,0.8130031,0.91419
00046281.jpg,0.692816,0.7011382
n07711569_4810.jpg,0.7329107,0.5607477
00011378.jpg,0.7114612,0.6888
00014408.jpg,0.8131959,0.7537044
00039121.jpg,0.7555941,0.8338076
00030034.jpg,0.70001465,0.6357656
00004905.jpg,0.6990719,0.7754778
00041996.jpg,0.75149184,0.7428488
00003514.jpg,0.87726796,0.9656526
00036237.jpg,0.7089067,0.78256
n02342885_2213.jpg,0.83322346,0.86725664
00045301.jpg,0.7366658,0.5863688
00054856.jpg,0.88974994,0.9541888
00027858.jpg,0.8289957,0.7862894
00035453.jpg,0.65420806,0.531421
0d491b770c084be9.jpg,0.76411515,0.6633663
00032387.jpg,0.7873923,0.896602
00040358.jpg,0.7167284,0.6260216
000000432657.jpg,0.6719651,0.77884614
00040318.jpg,0.744489,0.7008746
00043831.jpg,0.7010506,0.7072808
00056415.jpg,0.82065403,0.802866
00015932.jpg,0.7057019,0.800392
00001602.jpg,0.75904363,0.9032046
00003167.jpg,0.8352064,0.8569158
00044375.jpg,0.7600083,0.7544958
00048205.jpg,0.6302969,0.5975624
00026877.jpg,0.80296534,0.860011
00004943.jpg,0.7911621,0.8258216
00040488.jpg,0.7653854,0.799019
00044834.jpg,0.6437113,0.6428266
00049173.jpg,0.6188798,0.665427
00009984.jpg,0.6504536,0.6148814
00040625.jpg,0.627875,0.7196818
00026411.jpg,0.7160217,0.762993
00025433.jpg,0.512192,0.5838192
00023644.jpg,0.93175,0.9894664
00028671.jpg,0.7331782,0.782249
00048520.jpg,0.7758229,0.828852
00012927.jpg,0.6970072,0.7547544
00026620.jpg,0.7617075,0.7362754
00023043.jpg,0.7478463,0.7410642
sun_aicvecccjhfzcjnt.jpg,0.7190102,0.7625
n04467665_22879.jpg,0.7379193,0.6904762
n03541923_354.jpg,0.7789141,0.73504275
00056548.jpg,0.7709394,0.8154692
00032780.jpg,0.74595153,0.7554
n09415671_16809.jpg,0.6079382,0.59183675
n02355227_2155.jpg,0.7698447,0.8173077
00043925.jpg,0.73116285,0.7094554
00008947.jpg,0.7743464,0.7767336
00038984.jpg,0.7080699,0.7674434
000000156128.jpg,0.8691898,0.8938053
00005487.jpg,0.77198493,0.7632972
00029395.jpg,0.6155407,0.4136182
00015525.jpg,0.74420327,0.8495324
00043825.jpg,0.71213496,0.7505794
24894a47677b09b4.jpg,0.76828146,0.83809525
00003573.jpg,0.6916117,0.5719012
00043192.jpg,0.66444373,0.7833682
n04467665_42414.jpg,0.730593,0.82978725
00028348.jpg,0.7593208,0.7973986
00055597.jpg,0.9027936,0.9005696
00022516.jpg,0.7851743,0.8801856
00035922.jpg,0.6773663,0.7505324
00049681.jpg,0.86145014,0.903031
n07680932_2352.jpg,0.83052105,0.78899086
00004151.jpg,0.78972816,0.8538594
n01846331_7365.jpg,0.7718162,0.7755102
00029046.jpg,0.8116975,0.770074
00057132.jpg,0.7903332,0.867851
00038971.jpg,0.83063763,0.7538046
00035095.jpg,0.69757843,0.6651414
00046422.jpg,0.71062297,0.6887514
00024769.jpg,0.89905506,0.9147334
00039101.jpg,0.81569976,0.8372738
00019596.jpg,0.8089139,0.8201918
00031115.jpg,0.73669034,0.7460042
n09270735_30833.jpg,0.63813996,0.4954955
00000554.jpg,0.7680772,0.7730064
000000564898.jpg,0.67867434,0.7058824
00056444.jpg,0.7716054,0.769877
n02396427_22180.jpg,0.7174525,0.6448598
00047507.jpg,0.6651385,0.5766396
00023194.jpg,0.77245253,0.7135486
00046317.jpg,0.8215557,0.737136
00047053.jpg,0.7370079,0.7347182
00032234.jpg,0.77132326,0.7694072
00044154.jpg,0.7148562,0.7007884
00057656.jpg,0.80245566,0.831725
00055528.jpg,0.8452266,0.7967576
00038651.jpg,0.54680675,0.5372436
00026374.jpg,0.7636749,0.8479006
00028884.jpg,0.7768379,0.7176528
00047735.jpg,0.6396451,0.6670594
00045162.jpg,0.67780924,0.6006456
00057868.jpg,0.7446727,0.8171836
00005006.jpg,0.76965636,0.8439636
00055299.jpg,0.794344,0.7450836
00003124.jpg,0.5648016,0.6930388
00028696.jpg,0.7979427,0.8505354
00001088.jpg,0.78068405,0.8315972
00021128.jpg,0.7047581,0.722738
00007515.jpg,0.8214863,0.8220908
00009419.jpg,0.811498,0.9238582
00033254.jpg,0.74886024,0.8166342
00005047.jpg,0.7966158,0.8906046
00056287.jpg,0.8942397,0.8606204
n03791053_8851.jpg,0.80539435,0.82857144
00040569.jpg,0.8204107,0.9527304
00015178.jpg,0.63845766,0.6824702
n00480993_9486.jpg,0.8303681,0.79591835
00025389.jpg,0.586455,0.713339
00036459.jpg,0.6194085,0.6151982
00036921.jpg,0.67166084,0.7646266
00010815.jpg,0.72402036,0.7654932
00013245.jpg,0.73283947,0.849819
00042300.jpg,0.6418971,0.6161996
00006427.jpg,0.95964545,0.995
n09415671_12093.jpg,0.61264056,0.7291667
00013523.jpg,0.55514526,0.4666518
00051912.jpg,0.85158783,0.9010434
n07838073_8064.jpg,0.792054,0.7758621
00034682.jpg,0.6286168,0.7967268
5a99ce107ac77dcd.jpg,0.7554191,0.86734694
00045024.jpg,0.74082965,0.6630806
00001765.jpg,0.6758342,0.706702
7f3edee8f6a451b2.jpg,0.7048099,0.84761906
00049411.jpg,0.6974221,0.8265822
00047872.jpg,0.72286105,0.7771644
00033672.jpg,0.8614336,0.8967882
00049040.jpg,0.8304686,0.94048
n02793495_2351.jpg,0.6412831,0.74
00016210.jpg,0.85538155,0.7788538
00040253.jpg,0.7076665,0.6952364
00052670.jpg,0.7611247,0.7346286
00056057.jpg,0.5841293,0.5230762
00025316.jpg,0.59895873,0.6353992
00009888.jpg,0.8527986,0.851665
00017459.jpg,0.83140177,0.7981256
n01846331_2743.jpg,0.8635631,0.8787879
00012871.jpg,0.78640133,0.7781136
00030182.jpg,0.61724997,0.5969942
eaff0bacee3ef195.jpg,0.53122866,0.60215056
00049350.jpg,0.7565592,0.8666916
00040674.jpg,0.7188084,0.7838478
00030626.jpg,0.729237,0.8830118
000000314755.jpg,0.81588036,0.8888889
00017657.jpg,0.7790324,0.8297616
00039523.jpg,0.6892321,0.7611868
00050960.jpg,0.8150432,0.9101922
00037076.jpg,0.71679527,0.680154
00043975.jpg,0.7933086,0.7455116
00032184.jpg,0.8509203,0.811056
00021326.jpg,0.5312279,0.6540354
00042110.jpg,0.6989956,0.65266
00054087.jpg,0.716641,0.7235242
00002899.jpg,0.8266371,0.9288152
00035660.jpg,0.6447246,0.6224064
n09468604_28822.jpg,0.5723241,0.67469877
00046687.jpg,0.72890896,0.7052236
00058154.jpg,0.7321836,0.7690616
00056453.jpg,0.73612225,0.7725688
00056481.jpg,0.7503512,0.679947
00007064.jpg,0.5776833,0.558959
00051285.jpg,0.5998272,0.613435
00035695.jpg,0.6124469,0.701775
00030392.jpg,0.77802503,0.7135472
00034168.jpg,0.76418376,0.8395778
00052833.jpg,0.68650496,0.8049484
00048719.jpg,0.61983013,0.5821358
00054772.jpg,0.82311,0.9405674
00051117.jpg,0.78247577,0.863758
sun_ayrqfcydyciyvrla.jpg,0.6773093,0.6481481
00001895.jpg,0.8614825,0.8931794
00020640.jpg,0.8143959,0.854169
00027609.jpg,0.7909291,0.8076566
00028335.jpg,0.8176864,0.8578312
00014448.jpg,0.82379526,0.8260272
00056510.jpg,0.62600887,0.8097606
00044202.jpg,0.81452465,0.9241014
n07933274_30722.jpg,0.85205084,0.8072289
00014906.jpg,0.75101876,0.8388626
00007835.jpg,0.69987965,0.6527
00006205.jpg,0.78701776,0.889448
00015763.jpg,0.727523,0.7219694
n07680932_9358.jpg,0.8338603,0.92771083
000000456773.jpg,0.7261465,0.76344085
00044401.jpg,0.7871751,0.7951706
00033308.jpg,0.80717677,0.86241
00008216.jpg,0.92984647,0.879555
00025249.jpg,0.786462,0.7427858
00040114.jpg,0.75735915,0.7211514
00001360.jpg,0.7473273,0.8802276
00037345.jpg,0.64116824,0.6268636
00048270.jpg,0.6302154,0.6702792
000000128324.jpg,0.6820669,0.62857145
n07574602_24451.jpg,0.79799324,0.86538464
00036840.jpg,0.7926968,0.849424
00020259.jpg,0.6702547,0.6153934
00027384.jpg,0.75986814,0.7525228
00016471.jpg,0.6174666,0.703054
00028846.jpg,0.8828246,0.7343588
n07753592_1909.jpg,0.9211343,0.94736844
00000134.jpg,0.8307133,0.9016692
00007970.jpg,0.8645296,0.8866142
00002406.jpg,0.6712183,0.7555786
00038046.jpg,0.6224521,0.5304264
00047279.jpg,0.7402454,0.782229
00001858.jpg,0.7993892,0.8507916
00026179.jpg,0.789797,0.8312074
00037887.jpg,0.704371,0.7607646
00034865.jpg,0.687223,0.5917388
00025004.jpg,0.69458735,0.6556216
00002103.jpg,0.74361914,0.8232818
00037509.jpg,0.6602267,0.6268022
00012147.jpg,0.77091837,0.9150426
00034775.jpg,0.85408604,0.8808884
n03670208_5631.jpg,0.8148069,0.8172043
00005158.jpg,0.5967544,0.640137
00023284.jpg,0.764857,0.7758356
00013663.jpg,0.66639984,0.7376652
n04610013_7516.jpg,0.68634707,0.6513761
ccbe4762c01bbd9e.jpg,0.84741384,0.88349515
00045808.jpg,0.6591728,0.7697342
00019537.jpg,0.66155386,0.751354
00017722.jpg,0.79237944,0.8971964
00000692.jpg,0.60798687,0.7081256
00002433.jpg,0.78003556,0.7635004
00035728.jpg,0.6460112,0.6625492
00023262.jpg,0.715729,0.7591174
00045978.jpg,0.6314132,0.5813224
00043892.jpg,0.5721776,0.6676222
00031003.jpg,0.79966974,0.8614828
00009747.jpg,0.56971395,0.6914512
00014279.jpg,0.7965615,0.813473
00002807.jpg,0.6126014,0.6101278
00017271.jpg,0.7489976,0.8218846
00036546.jpg,0.5914889,0.6990614
00035974.jpg,0.69602644,0.8427812
00021086.jpg,0.8526791,0.871317
00030748.jpg,0.6187889,0.7287856
00036077.jpg,0.78649527,0.8575896
00016128.jpg,0.58624065,0.595054
00008809.jpg,0.85034466,0.8021706
00024623.jpg,0.7718772,0.7758146
00043100.jpg,0.63896585,0.7716668
00045203.jpg,0.7286777,0.7478332
00041215.jpg,0.66759497,0.6475966
00009074.jpg,0.9068408,0.875979
00006883.jpg,0.8460298,0.8907254
00015742.jpg,0.7717077,0.8091094
000000194381.jpg,0.72387356,0.75652176
00015972.jpg,0.8026106,0.8259618
00057841.jpg,0.76937914,0.758672
00045682.jpg,0.7160054,0.7650882
00025623.jpg,0.682015,0.6845512
00002087.jpg,0.68416005,0.7081716
n04166281_5973.jpg,0.73336196,0.71276593
00016902.jpg,0.61682177,0.6916176
00046283.jpg,0.7376316,0.7916076
00031817.jpg,0.60016,0.4881192
00025457.jpg,0.77500826,0.8802174
00010256.jpg,0.8821327,0.8901296
00032797.jpg,0.81449896,0.7729764
00008600.jpg,0.81293625,0.8485546
00011562.jpg,0.81185675,0.7341714
00011610.jpg,0.8613082,0.7811496
00033991.jpg,0.6523946,0.5537522
n07806221_24082.jpg,0.8198444,0.8333333
00045186.jpg,0.6534753,0.7003136
00033465.jpg,0.6916747,0.7842838
00058474.jpg,0.78682095,0.8865562
00052624.jpg,0.771544,0.7852126
00020299.jpg,0.7577098,0.8226424
00027606.jpg,0.61677825,0.5578118
c147234e2c0f7629.jpg,0.8109077,0.79611653
00004418.jpg,0.83247495,0.7742302
00021324.jpg,0.74551255,0.7492598
n04349306_10700.jpg,0.7737035,0.8117647
00018612.jpg,0.81205016,0.9111236
00049256.jpg,0.72696215,0.6135082
00008557.jpg,0.75585824,0.7886086
00047124.jpg,0.6768664,0.7105562
00014252.jpg,0.8059356,0.8344512
00006704.jpg,0.65089285,0.5598402
00005384.jpg,0.7894499,0.8592852
00024874.jpg,0.75320137,0.836477
00013598.jpg,0.84893054,0.8191646
00052296.jpg,0.72813255,0.9091956
00009902.jpg,0.6228787,0.5509052
00011235.jpg,0.77283615,0.7493758
00051397.jpg,0.7186992,0.6943356
00011640.jpg,0.7056531,0.823512
00001166.jpg,0.8078838,0.7391968
n09308572_2910.jpg,0.7128737,0.8111111
00039923.jpg,0.7552334,0.8323526
00035047.jpg,0.7019984,0.737685
00048775.jpg,0.80376345,0.8206326
00046842.jpg,0.7717888,0.702544
00025549.jpg,0.6648646,0.637263
00039522.jpg,0.69860804,0.6873784
00016875.jpg,0.73907816,0.8029498
00043394.jpg,0.7538031,0.7488788
00012874.jpg,0.5406915,0.6508766
a5f627b7166f2f0f.jpg,0.8401907,0.83928573
00003985.jpg,0.73052603,0.652528
00002846.jpg,0.869317,0.9159446
sun_acpeqjxleuzrimeg.jpg,0.49507064,0.625
00032964.jpg,0.75711805,0.8428908
00011553.jpg,0.59611213,0.4201662
n02946348_23781.jpg,0.698995,0.8611111
00011385.jpg,0.6573728,0.6444636
00040299.jpg,0.6590063,0.6948338
00029057.jpg,0.7428674,0.9271956
00030541.jpg,0.6490623,0.678285
00022279.jpg,0.88267833,0.7739278
00026225.jpg,0.6819338,0.6703074
00035885.jpg,0.63576424,0.776061
00020668.jpg,0.7468906,0.6584736
39dabf44b31cc631.jpg,0.7876741,0.92134833
00022473.jpg,0.82947916,0.9175772
00005480.jpg,0.80434227,0.7919692
00021153.jpg,0.71139944,0.6684664
00008709.jpg,0.79565126,0.8190434
00054261.jpg,0.7135203,0.6193494
n07849336_31809.jpg,0.83718747,0.84070796
00049176.jpg,0.8740745,0.8807078
00009868.jpg,0.7601106,0.9432484
n07806221_29779.jpg,0.7994098,0.84821427
000000417577.jpg,0.79213923,0.82568806
00058579.jpg,0.604191,0.5602948
00028047.jpg,0.7419274,0.8854074
00009221.jpg,0.7587394,0.741583
00036744.jpg,0.7488726,0.8531276
000000011107.jpg,0.65713483,0.76363635
00017951.jpg,0.81574434,0.7784752
00022838.jpg,0.73066455,0.676982
n03594945_8931.jpg,0.7686009,0.8613861
n07850329_22578.jpg,0.8377534,0.9117647
00049619.jpg,0.7563289,0.8814164
00039553.jpg,0.7376662,0.6899546
00045306.jpg,0.65625536,0.7003722
00045574.jpg,0.76503974,0.673504
00053260.jpg,0.8569668,0.8785702
00029295.jpg,0.8053871,0.8490586
00015448.jpg,0.91814446,0.8246118
00028308.jpg,0.74535996,0.6881352
00035717.jpg,0.60863197,0.762208
00035100.jpg,0.5508574,0.4530384
00017997.jpg,0.85239977,0.8412314
00037943.jpg,0.7494338,0.68478
00015154.jpg,0.82552665,0.8532464
00031672.jpg,0.7994637,0.826644
00005600.jpg,0.8402391,0.8619126
00045762.jpg,0.6970969,0.5953016
00042488.jpg,0.6739593,0.7211542
00040162.jpg,0.68201447,0.6954662
00034337.jpg,0.66177684,0.6397914
00016272.jpg,0.7104976,0.7650664
00056811.jpg,0.811027,0.8489264
00055408.jpg,0.54740167,0.636234
00029203.jpg,0.6814573,0.8149752
00024736.jpg,0.8245159,0.863498
00025392.jpg,0.80184305,0.7979408
00022806.jpg,0.6788063,0.596182
00052005.jpg,0.8809418,0.880417
n01846331_2900.jpg,0.80929905,0.8681319
00017473.jpg,0.61288905,0.6403832
00038150.jpg,0.6339145,0.5304818
00044103.jpg,0.9008494,0.9107762
n07911677_12001.jpg,0.8285745,0.8378378
00003315.jpg,0.70154846,0.7787426
00026499.jpg,0.7418311,0.7218298
00003436.jpg,0.74240774,0.869106
00051322.jpg,0.889943,0.8343672
00056922.jpg,0.88815266,0.8874186
00019181.jpg,0.59744084,0.6597582
00045789.jpg,0.7855944,0.7798306
00013945.jpg,0.77757233,0.9293978
00050720.jpg,0.5751544,0.697146
00001150.jpg,0.78971714,0.712952
n07838073_12426.jpg,0.7995169,0.78350514
n01846331_1006.jpg,0.72734743,0.6213592
00032121.jpg,0.7981777,0.8752846
00007463.jpg,0.86792517,0.9574288
00031690.jpg,0.7438927,0.7839928
00031399.jpg,0.6975504,0.7937704
00046491.jpg,0.7614359,0.5802686
aeddefe970b1f7fc.jpg,0.7315125,0.8348624
00033564.jpg,0.77251333,0.8084462
00005237.jpg,0.7868024,0.8219444
00040395.jpg,0.73191446,0.818865
00010069.jpg,0.59885716,0.5511224
00024699.jpg,0.7503574,0.873255
00000680.jpg,0.706681,0.7023304
00039734.jpg,0.80757326,0.9080546
00007971.jpg,0.8012055,0.7617346
n09288635_2858.jpg,0.6507237,0.59
00048749.jpg,0.6698667,0.7873348
00013700.jpg,0.6325979,0.6554678
00054773.jpg,0.8727295,0.9024982
00047105.jpg,0.6589947,0.7398736
00030212.jpg,0.5662699,0.502069
00040111.jpg,0.6603754,0.6840044
00027844.jpg,0.7394585,0.7356222
00055025.jpg,0.6720513,0.6815722
00027236.jpg,0.7101673,0.8213888
00052242.jpg,0.76486295,0.9307994
n09468604_7536.jpg,0.52524877,0.5049505
sun_afopyurpnywisbmw.jpg,0.5198406,0.33673468
00007634.jpg,0.66839385,0.7368698
00012937.jpg,0.5630274,0.4884346
00039047.jpg,0.68293893,0.7190776
00047216.jpg,0.80533123,0.7930666
00000996.jpg,0.7328753,0.7356568
00019834.jpg,0.8028665,0.74112
n03512147_6451.jpg,0.76707274,0.83495146
00001823.jpg,0.5823575,0.5388518
00050361.jpg,0.8521587,0.9331646
00002946.jpg,0.4972002,0.3316894
00039901.jpg,0.81204665,0.6647782
00048099.jpg,0.7010348,0.6498698
00043803.jpg,0.7324895,0.868267
00000548.jpg,0.6087346,0.4294036
00022371.jpg,0.7142741,0.8671674
00033828.jpg,0.7234818,0.7017216
00036502.jpg,0.6764279,0.7708974
00039893.jpg,0.6809198,0.7412758
00038393.jpg,0.65407264,0.708952
n02431785_21925.jpg,0.7143902,0.7619048
00026263.jpg,0.81738406,0.8032778
00019909.jpg,0.85131675,0.8517866
00014742.jpg,0.6710003,0.6873422
00056611.jpg,0.6264273,0.5998904
00010132.jpg,0.68427896,0.6358948
00048006.jpg,0.79566866,0.8667752
00058686.jpg,0.64405644,0.6210558
00005001.jpg,0.8865151,0.905145
00002845.jpg,0.6930522,0.7992854
0da653cc74b7f079.jpg,0.76642495,0.7227723
00034405.jpg,0.67853284,0.68937
000000146929.jpg,0.84335005,0.973913
00055067.jpg,0.767654,0.8355112
00032768.jpg,0.5693264,0.5325254
00047348.jpg,0.74250656,0.7276208
n07911677_3769.jpg,0.8738169,0.8495575
00013695.jpg,0.75610113,0.656708
00014255.jpg,0.76321775,0.8016842
00033967.jpg,0.70709884,0.4993688
00016889.jpg,0.77619165,0.8002794
4ba30c0ec637fd23.jpg,0.797002,0.8804348
00053251.jpg,0.7448201,0.8625798
00026520.jpg,0.7434662,0.662531
00022534.jpg,0.67806923,0.770083
00045652.jpg,0.8429441,0.868659
00005311.jpg,0.79081655,0.8059496
00036962.jpg,0.61075187,0.8194274
00034676.jpg,0.7660642,0.814173
000000379401.jpg,0.7564158,0.7227723
00026971.jpg,0.7712989,0.8504766
00016277.jpg,0.8700301,0.9398356
00021736.jpg,0.80158085,0.7004406
00036038.jpg,0.6895429,0.7084984
00014547.jpg,0.75919837,0.8312506
00004342.jpg,0.7355091,0.8632486
00039493.jpg,0.5315974,0.530057
00049070.jpg,0.8372657,0.8000754
00040596.jpg,0.7600516,0.88378
00047650.jpg,0.59710014,0.6500882
00038326.jpg,0.70364404,0.7444812
00028577.jpg,0.80939347,0.8154576
00037066.jpg,0.83667165,0.8690694
00022164.jpg,0.7103971,0.5336662
00026454.jpg,0.84281164,0.8293002
00049602.jpg,0.7603857,0.899667
00058384.jpg,0.6526848,0.6990532
00021451.jpg,0.66185164,0.7266888
00026105.jpg,0.78045356,0.7437152
n04349306_760.jpg,0.6931642,0.7979798
00013515.jpg,0.5173698,0.5834234
00045823.jpg,0.6454933,0.6691502
00046128.jpg,0.75735384,0.8009452
00014213.jpg,0.8920855,0.8582582
00016147.jpg,0.65593505,0.7899602
00056937.jpg,0.8417141,0.9289032
00014165.jpg,0.6832814,0.6601176
00049204.jpg,0.5484226,0.5919492
00056214.jpg,0.83617693,0.8693038
00026697.jpg,0.9108737,0.9331392
00043553.jpg,0.6968309,0.799718
00029416.jpg,0.6627701,0.7762882
00029473.jpg,0.74436754,0.8081696
00020151.jpg,0.8302234,0.8657264
00018570.jpg,0.6506436,0.7231496
00016108.jpg,0.72527343,0.7895238
00052337.jpg,0.6513995,0.6488104
00004543.jpg,0.7643208,0.946289
00007487.jpg,0.8760099,0.6728262
00032382.jpg,0.8572214,0.8754402
00019755.jpg,0.71977264,0.8486054
00027839.jpg,0.7194424,0.7934328
000000305738.jpg,0.78223556,0.8452381
00040978.jpg,0.8427422,0.859995
00016061.jpg,0.7547097,0.6903882
n07690273_23060.jpg,0.8757638,0.92045456
16586c5c46b04e89.jpg,0.6945121,0.72477067
00020042.jpg,0.87999827,0.926643
00046980.jpg,0.7560395,0.7447992
00032962.jpg,0.74477035,0.650628
00024383.jpg,0.82135886,0.8425708
n03594945_5816.jpg,0.78014755,0.8490566
00013964.jpg,0.8720872,0.8520404
00039027.jpg,0.64595973,0.702176
00016586.jpg,0.7373026,0.6613006
00037017.jpg,0.77750146,0.7827816
00017460.jpg,0.75218445,0.6828602
00043105.jpg,0.6602057,0.693273
00027119.jpg,0.8185273,0.7803798
n03512147_2782.jpg,0.7839839,0.81904763
00024500.jpg,0.8113846,0.8653394
00026955.jpg,0.7431231,0.7208528
00030023.jpg,0.8273744,0.7796338
00002897.jpg,0.59791195,0.5569516
00012039.jpg,0.8305121,0.705812
00020873.jpg,0.8795948,0.858979
00041705.jpg,0.84532714,0.8519132
n02450034_2371.jpg,0.8098058,0.79347825
00033299.jpg,0.7850724,0.7672184
00044319.jpg,0.74138665,0.7860476
00048718.jpg,0.6702932,0.758219
00019049.jpg,0.648001,0.6932674
00042868.jpg,0.61168754,0.5161654
00036630.jpg,0.7190065,0.6449792
00022987.jpg,0.7689829,0.762622
00005054.jpg,0.800505,0.8458652
00035104.jpg,0.66182876,0.5402546
00039220.jpg,0.71674687,0.766841
00025825.jpg,0.84432346,0.8025016
00050947.jpg,0.7837996,0.805487
00029747.jpg,0.5673141,0.4749166
00039436.jpg,0.7870793,0.8708914
00054410.jpg,0.7580728,0.964751
00036512.jpg,0.621522,0.6189674
n02355227_13768.jpg,0.865321,0.82978725
00036947.jpg,0.57912564,0.6372648
000000305476.jpg,0.7917541,0.7916667
00003325.jpg,0.6131888,0.6070024
00001032.jpg,0.85436666,0.7897086
00003063.jpg,0.7879397,0.68972
00009420.jpg,0.84304065,0.8520182
00020247.jpg,0.75351566,0.754176
n09376198_10901.jpg,0.6651862,0.6513761
00045522.jpg,0.75250274,0.6802106
00010487.jpg,0.58783084,0.5517952
00006604.jpg,0.8374855,0.8399778
000000445267.jpg,0.73862356,0.8857143
00009914.jpg,0.76874137,0.7983548
00007918.jpg,0.7948432,0.8237852
00012243.jpg,0.77947193,0.8729086
00027738.jpg,0.8508865,0.911626
94ca4d01f90bef1c.jpg,0.73734313,0.71590906
00047127.jpg,0.70022476,0.5925518
00023729.jpg,0.6971628,0.610457
00056623.jpg,0.75001705,0.8007006
000000300848.jpg,0.75674915,0.84210527
db2d4827104ccd7b.jpg,0.84027904,0.8796296
n04461696_4840.jpg,0.65639585,0.5619048
00019880.jpg,0.7018178,0.7297336
00039304.jpg,0.6993201,0.6265448
00042371.jpg,0.7643853,0.7471328
00024523.jpg,0.85131603,0.771852
00048792.jpg,0.7995356,0.829725
00034455.jpg,0.6600847,0.5026516
00004749.jpg,0.77955323,0.7298384
00050687.jpg,0.8384302,0.87446
00023686.jpg,0.889785,0.8416418
00021931.jpg,0.6263976,0.7483284
00012774.jpg,0.7172634,0.7206658
00053430.jpg,0.6727748,0.8546814
00047444.jpg,0.73739535,0.6338902
n03670208_1953.jpg,0.72734684,0.75555557
b040a3d19b807114.jpg,0.8011101,0.75961536
00019617.jpg,0.7292899,0.819739
00042507.jpg,0.7067803,0.4458856
00004981.jpg,0.8041406,0.789604
n07693725_14119.jpg,0.83908826,0.875
00057621.jpg,0.84367865,0.8608798
n12345899_35261.jpg,0.66270775,0.61904764
00054228.jpg,0.6374459,0.7142468
00047792.jpg,0.72832763,0.8364388
00030745.jpg,0.7879644,0.8059996
00029543.jpg,0.86587363,0.8859028
00044253.jpg,0.84410816,0.8217506
00035260.jpg,0.6759526,0.7656658
39432d2f206e6096.jpg,0.77080697,0.78350514
00032663.jpg,0.74440897,0.7482994
00046776.jpg,0.7871162,0.8084328
00026591.jpg,0.82951355,0.903631
00029661.jpg,0.58578354,0.6226192
00050827.jpg,0.8051757,0.8348598
00043638.jpg,0.73742026,0.766586
00013235.jpg,0.6551095,0.5910134
n09288635_2176.jpg,0.5819637,0.6862745
00033965.jpg,0.6771835,0.6480944
00010557.jpg,0.8834142,0.8409304
n07933274_34279.jpg,0.8095848,0.71428573
00006720.jpg,0.7198037,0.6710608
00002017.jpg,0.8342082,0.8145228
00016588.jpg,0.8207623,0.8960592
00053143.jpg,0.86551577,0.9379298
00019913.jpg,0.8057752,0.774098
00019060.jpg,0.7198862,0.706892
00049969.jpg,0.58617723,0.6924274
00040475.jpg,0.6892302,0.8063386
00027210.jpg,0.6634978,0.683223
00014736.jpg,0.79097027,0.8230948
00053015.jpg,0.56730163,0.5454648
00052111.jpg,0.7681394,0.8708174
00041061.jpg,0.7817245,0.827171
00019127.jpg,0.692286,0.7173728
00050776.jpg,0.69718146,0.7180034
00036220.jpg,0.5835335,0.5951086
00019709.jpg,0.617978,0.6037312
00007150.jpg,0.6016086,0.6211106
00055079.jpg,0.65740573,0.7448902
n04587559_11777.jpg,0.72250885,0.7244898
00058377.jpg,0.76631063,0.7647446
00027544.jpg,0.6397441,0.7140768
00044447.jpg,0.61266893,0.7639184
000000484287.jpg,0.7227363,0.7746479
00017140.jpg,0.7567162,0.8786598
00054554.jpg,0.7283922,0.8522316
00053004.jpg,0.7023846,0.6988842
n02793495_9512.jpg,0.5330641,0.5
00053973.jpg,0.69148576,0.8446596
000000083142.jpg,0.73173845,0.8606557
00047555.jpg,0.75683945,0.8324562
00001411.jpg,0.5452949,0.6264724
00013874.jpg,0.76669085,0.778872
00039884.jpg,0.70123327,0.5498862
00056986.jpg,0.68921596,0.747352
00022482.jpg,0.6165115,0.5713994
000000222599.jpg,0.6956172,0.8484849
00045725.jpg,0.76449794,0.7230908
00047501.jpg,0.8168075,0.8991966
00057484.jpg,0.59718883,0.5421594
000000157886.jpg,0.79251736,0.9223301
000000293751.jpg,0.67048484,0.6952381
00050372.jpg,0.78892785,0.8099898
00010926.jpg,0.83941704,0.8783524
00029482.jpg,0.7819151,0.772595
00015036.jpg,0.6923747,0.848447
00052801.jpg,0.8497631,0.8191392
00052878.jpg,0.70396185,0.7131288
00047183.jpg,0.72200423,0.7874808
00051280.jpg,0.74337345,0.8029774
00038607.jpg,0.77843714,0.7229072
00001324.jpg,0.750061,0.8279152
00035855.jpg,0.64501524,0.6980816
00022912.jpg,0.75180626,0.68748
00033405.jpg,0.8971288,0.9638974
n03351262_343.jpg,0.6519962,0.6814159
00049476.jpg,0.68802834,0.6928424
00041169.jpg,0.76058733,0.8378352
00030862.jpg,0.7386343,0.8369674
00002654.jpg,0.80593055,0.7849226
00032283.jpg,0.6463087,0.729961
268ae58502ee8494.jpg,0.6112523,0.6853933
00004463.jpg,0.8401837,0.794564
00000565.jpg,0.732237,0.6373312
00042190.jpg,0.80839974,0.7573196
00007700.jpg,0.8149416,0.8783798
00024278.jpg,0.7473009,0.7435154
00046022.jpg,0.5965066,0.648567
00030895.jpg,0.74932593,0.7623122
00032715.jpg,0.77026075,0.6891012
00036934.jpg,0.60349154,0.7968928
00005421.jpg,0.89337647,0.932833
00025138.jpg,0.86330205,0.974673
00020333.jpg,0.8056392,0.894004
n03791053_15334.jpg,0.83354455,0.91588783
00016765.jpg,0.79327303,0.9384908
00022041.jpg,0.86400384,0.9015514
00043492.jpg,0.6958614,0.7314964
00009945.jpg,0.672571,0.6305088
00053944.jpg,0.7439858,0.7678522
00016505.jpg,0.73504096,0.769191
00012313.jpg,0.8767169,0.823487
00051655.jpg,0.68997085,0.7235794
00029266.jpg,0.7410461,0.80721
00001237.jpg,0.74801487,0.7398208
00022557.jpg,0.61404735,0.7345106
00032995.jpg,0.8971897,0.9437674
00013452.jpg,0.68913263,0.5016234
n09393605_67985.jpg,0.54133886,0.5681818
00029305.jpg,0.77468747,0.7230066
00058126.jpg,0.7776772,0.8546584
000000414314.jpg,0.7453487,0.8494624
00040711.jpg,0.7769061,0.8356504
00045331.jpg,0.73469543,0.701786
00048985.jpg,0.85470957,0.9352602
00053744.jpg,0.60235494,0.7089908
00039032.jpg,0.70131266,0.6817074
00000197.jpg,0.69818115,0.6585518
00054521.jpg,0.7920372,0.744863
00020831.jpg,0.745279,0.6074854
00012384.jpg,0.7595208,0.8905084
00007522.jpg,0.80311733,0.9082172
00044059.jpg,0.7952067,0.8354348
00006135.jpg,0.7234097,0.7492066
00040181.jpg,0.6716014,0.6770234
00053769.jpg,0.75976974,0.9210044
00021804.jpg,0.8379162,0.8908148
n07574602_26538.jpg,0.8396619,0.92523366
00029414.jpg,0.7280493,0.7083258
00014021.jpg,0.72132623,0.756447
00003708.jpg,0.722596,0.544641
00040613.jpg,0.7255537,0.755091
00014003.jpg,0.6797452,0.6429488
n03670208_4680.jpg,0.8126585,0.8679245
00054138.jpg,0.8353904,0.777849
15a31fcb17bda9ed.jpg,0.83296466,0.89772725
00007832.jpg,0.774216,0.867042
00027374.jpg,0.7030113,0.7787752
00017659.jpg,0.80797213,0.738387
00046789.jpg,0.5656739,0.6246146
n00439826_7703.jpg,0.7938434,0.79591835
00038454.jpg,0.60006917,0.4678792
00007291.jpg,0.8005169,0.8082404
00036469.jpg,0.7556377,0.788654
00054861.jpg,0.87422365,0.8920216
00040823.jpg,0.62282825,0.5818678
00013104.jpg,0.82690245,0.8177528
00042008.jpg,0.6949187,0.730494
00014055.jpg,0.7901973,0.73114
00045464.jpg,0.6292396,0.7850416
00018327.jpg,0.8803115,0.9757446
00030975.jpg,0.90772104,0.8628804
00002040.jpg,0.6790106,0.6792736
00012274.jpg,0.8089853,0.9019978
00025761.jpg,0.6579152,0.5649888
00002142.jpg,0.8387005,0.910136
00035583.jpg,0.7503711,0.8113222
n07933274_34262.jpg,0.7876846,0.75609756
00018593.jpg,0.7628911,0.8061212
00018089.jpg,0.8204749,0.86503
00048049.jpg,0.7944471,0.8293156
2dd9378cf8e0c8ad.jpg,0.78903127,0.8910891
00049462.jpg,0.82326216,0.8427422
000000187959.jpg,0.81430364,0.9423077
00052846.jpg,0.8518258,0.8996258
00042124.jpg,0.74713725,0.8016188
00002329.jpg,0.61948097,0.6031414
00048664.jpg,0.7575871,0.8451124
00034561.jpg,0.62554514,0.6334038
a299795b3d1ae056.jpg,0.8028943,0.8172043
00013957.jpg,0.84460044,0.8094116
00026740.jpg,0.84456426,0.7570436
000000525443.jpg,0.86914945,0.9306931
00017596.jpg,0.7425452,0.802788
00002724.jpg,0.67434883,0.712838
00018587.jpg,0.75436383,0.821287
00014219.jpg,0.7038876,0.7438322
sun_alettkltzysnuqsq.jpg,0.6295763,0.4516129
00037638.jpg,0.6362562,0.626876
00057581.jpg,0.7672975,0.8186212
00006644.jpg,0.87004375,0.9469268
00052535.jpg,0.9659179,0.8579536
00017522.jpg,0.78147763,0.9333976
n07838073_19128.jpg,0.87323,0.88659793
00011069.jpg,0.6232884,0.5926144
00043475.jpg,0.6584061,0.5948484
00027395.jpg,0.7864277,0.7776542
00016703.jpg,0.7291661,0.7127194
00039799.jpg,0.6999357,0.6691014
00000779.jpg,0.71030354,0.7072512
00029355.jpg,0.76867765,0.8078
00034320.jpg,0.72542304,0.6960606
00048631.jpg,0.8091942,0.771101
n02324045_14257.jpg,0.7650178,0.71428573
00012502.jpg,0.7465443,0.7851434
00019282.jpg,0.60648364,0.5853634
00025312.jpg,0.9200361,0.8871878
00031832.jpg,0.8859413,0.8654626
00013327.jpg,0.6741552,0.776885
00057480.jpg,0.6871336,0.7362166
00039790.jpg,0.866675,0.8911944
00023518.jpg,0.7887868,0.8004406
00020598.jpg,0.87846583,0.8597226
n07806221_23095.jpg,0.77954173,0.7307692
00037057.jpg,0.7011275,0.6939416
00050393.jpg,0.6180681,0.7617646
00053515.jpg,0.77724916,0.8272866
00037770.jpg,0.7189712,0.6918546
00014513.jpg,0.7690907,0.730736
00023533.jpg,0.6742292,0.7052674
00011915.jpg,0.690819,0.647053
00025247.jpg,0.74870986,0.842785
n00480993_26579.jpg,0.76207393,0.7818182
00041895.jpg,0.82865214,0.940168
00050622.jpg,0.8227992,0.8580144
00053594.jpg,0.7635709,0.8885474
00002884.jpg,0.80898625,0.9136184
00033293.jpg,0.6313584,0.5918132
00012303.jpg,0.6815809,0.8233334
00046551.jpg,0.6946051,0.8665108
00033515.jpg,0.57239425,0.506787
00031773.jpg,0.86719984,0.9196888
00008857.jpg,0.71010035,0.7548778
00002937.jpg,0.79216844,0.859779
00032222.jpg,0.6266955,0.7725748
n04610013_1740.jpg,0.69973314,0.7241379
n02878222_7770.jpg,0.6689973,0.6666667
00035575.jpg,0.73852086,0.763248
00038874.jpg,0.71501434,0.8142984
00055683.jpg,0.8937413,0.9105378
00034921.jpg,0.6217247,0.5474176
00054090.jpg,0.81945294,0.7705942
00015374.jpg,0.6152556,0.5590104
n04166281_14544.jpg,0.79555845,0.77678573
n07880968_2299.jpg,0.8023779,0.9099099
00053810.jpg,0.8854534,0.9553866
00058411.jpg,0.54433274,0.5564196
00050139.jpg,0.81503195,0.8147278
00033958.jpg,0.6336808,0.7624636
n03512147_3800.jpg,0.665688,0.72380954
00033480.jpg,0.8562684,0.8686428
00016944.jpg,0.6746225,0.6833956
00057521.jpg,0.7116842,0.7012748
00003869.jpg,0.5981407,0.5434918
00040413.jpg,0.79104775,0.6848906
00021016.jpg,0.71505517,0.6919444
00030815.jpg,0.5666129,0.5908032
00006261.jpg,0.83686924,0.846655
00026610.jpg,0.8042796,0.852421
00023441.jpg,0.7184346,0.7834984
n01811909_9327.jpg,0.8155913,0.8020833
00032365.jpg,0.8565577,0.849512
00039377.jpg,0.7165804,0.741725
00017755.jpg,0.7041514,0.7844692
00055888.jpg,0.55352116,0.4814742
n02324045_2666.jpg,0.8100253,0.8773585
00021970.jpg,0.7416971,0.7692652
n03594945_11542.jpg,0.77562064,0.7752809
00004744.jpg,0.73242164,0.8939394
00010013.jpg,0.82596856,0.7938538
00029969.jpg,0.6701821,0.716809
00010541.jpg,0.72560364,0.7019494
00024835.jpg,0.74512446,0.6240668
00019988.jpg,0.75532514,0.8771038
00049758.jpg,0.6851883,0.6901688
00015031.jpg,0.8321803,0.9792994
00030461.jpg,0.7000187,0.7358918
00024217.jpg,0.76745176,0.7556744
00004867.jpg,0.8937202,0.9067592
00008351.jpg,0.56324774,0.6795184
00006220.jpg,0.6834549,0.5717988
00030804.jpg,0.8630063,0.8582652
00014438.jpg,0.7455613,0.7791126
sun_avzsmdjhuczsjesf.jpg,0.66710615,0.4368932
n02946348_5142.jpg,0.7602631,0.80833334
00013257.jpg,0.8459802,0.7099756
00013466.jpg,0.8155186,0.9030636
00012393.jpg,0.6809627,0.700142
00025119.jpg,0.86501235,0.8588684
00034799.jpg,0.80027944,0.8767084
00025278.jpg,0.67616636,0.7204018
00058318.jpg,0.819056,0.885378
00007225.jpg,0.829526,0.8232518
00043718.jpg,0.7315993,0.788164
00006206.jpg,0.6165085,0.6676562
00010100.jpg,0.8830738,0.840042
00009801.jpg,0.83710593,0.9462212
00028006.jpg,0.8174163,0.8555424
00040319.jpg,0.80314213,0.7583898
n01514859_1469.jpg,0.7642246,0.72
00013548.jpg,0.84833425,0.9314998
00034524.jpg,0.56800044,0.6960848
00039030.jpg,0.76443005,0.8255578
00028874.jpg,0.7705911,0.8310596
00043107.jpg,0.7137541,0.7263004
00010603.jpg,0.80065316,0.8060384
00038756.jpg,0.77424,0.7645898
00038613.jpg,0.61755747,0.5238642
00013156.jpg,0.8172986,0.8979246
00038717.jpg,0.7942764,0.8456644
00054031.jpg,0.78182834,0.8302182
00002079.jpg,0.83378845,0.8269906
00019298.jpg,0.91156137,0.8866728
00024176.jpg,0.6261247,0.4601958
00000880.jpg,0.7158844,0.7325646
00009028.jpg,0.60768455,0.6453606
00023251.jpg,0.86404854,0.939429
00015584.jpg,0.7185684,0.8485778
00039412.jpg,0.8161527,0.8252782
00034824.jpg,0.6912601,0.7161918
00030198.jpg,0.7903972,0.7520058
00041919.jpg,0.6648018,0.8141784
00008671.jpg,0.69815975,0.8067018
00030559.jpg,0.6085739,0.6042646
00018855.jpg,0.7967522,0.814798
00001116.jpg,0.7296222,0.7992208
00053446.jpg,0.78281116,0.7415798
00008473.jpg,0.8289061,0.9071932
00025673.jpg,0.87738854,0.9265406
00031638.jpg,0.8645443,0.8165334
00045480.jpg,0.7334153,0.681413
00033552.jpg,0.76869786,0.886381
00025792.jpg,0.67737406,0.5966844
00033345.jpg,0.5790248,0.6941874
00010187.jpg,0.98831874,0.9306184
00025813.jpg,0.8558323,0.879672
n04610013_14771.jpg,0.72991735,0.6979167
d631ea99f1ce3ac7.jpg,0.8613762,0.92783505
n07711569_5920.jpg,0.8720017,0.8852459
00004419.jpg,0.6956934,0.7255864
00015681.jpg,0.8089568,0.7506072
00024780.jpg,0.6362969,0.658222
00018070.jpg,0.6976643,0.8429372
00017754.jpg,0.7271348,0.7007768
00042263.jpg,0.7058624,0.6660928
00010250.jpg,0.74272174,0.6590862
00053597.jpg,0.79478276,0.9257174
00018109.jpg,0.83867687,0.857579
n07850329_9212.jpg,0.7911857,0.85882354
00009738.jpg,0.81320983,0.8158498
00007134.jpg,0.72998387,0.6327828
00057938.jpg,0.74579006,0.8411724
00015585.jpg,0.71192056,0.7988478
00030950.jpg,0.8644582,0.8627488
00024418.jpg,0.8450655,0.8232562
00011479.jpg,0.8318769,0.8808972
00026116.jpg,0.7952495,0.8465038
00027275.jpg,0.73752517,0.8784348
00047813.jpg,0.7935626,0.7916494
00030027.jpg,0.5900565,0.543902
00023101.jpg,0.7788134,0.8734598
n07911677_1996.jpg,0.8220404,0.8952381
00009643.jpg,0.7779314,0.704483
00024471.jpg,0.78062737,0.785763
00028286.jpg,0.8615724,0.7935564
n09393605_8873.jpg,0.7626429,0.8411215
00019131.jpg,0.8825447,0.857266
n09309168_432.jpg,0.5283605,0.5980392
00008800.jpg,0.8806996,0.859353
00054669.jpg,0.74404895,0.7535516
00026466.jpg,0.7242996,0.6581636
00016567.jpg,0.8438423,0.896929
n07850329_19678.jpg,0.7832663,0.65891474
00002723.jpg,0.8801381,0.8718222
00038218.jpg,0.67774975,0.6690738
00050482.jpg,0.7849553,0.839762
00011447.jpg,0.5885222,0.6158912
n07680932_14041.jpg,0.8958096,0.96039605
n00480993_32155.jpg,0.7348377,0.6551724
n03384352_15031.jpg,0.74375933,0.8453608
00023867.jpg,0.73397475,0.7136228
00056209.jpg,0.712508,0.8159166
00002063.jpg,0.84223574,0.8782154
00000188.jpg,0.76538664,0.7356404
00017181.jpg,0.8622276,0.9201546
00058023.jpg,0.6927915,0.6600408
00040449.jpg,0.72386473,0.6747438
00035238.jpg,0.6203344,0.5049956
00005155.jpg,0.67012686,0.780071
00052992.jpg,0.72548705,0.6124872
00055452.jpg,0.9185324,0.9888112
00017699.jpg,0.70891964,0.7078774
ea8f9fc441045158.jpg,0.6127584,0.6052632
00032155.jpg,0.8045776,0.8811934
00044434.jpg,0.80184215,0.7820346
00009432.jpg,0.8607009,0.9573688
00049101.jpg,0.86075634,0.8035694
00050819.jpg,0.8605518,0.8647038
n07711569_5370.jpg,0.8175345,0.75
00029647.jpg,0.76356155,0.691673
00017546.jpg,0.7398919,0.8291754
00022384.jpg,0.628322,0.6672852
00008751.jpg,0.7127123,0.698789
00023221.jpg,0.8896813,0.8264032
00008065.jpg,0.6778228,0.6397362
n04349306_2969.jpg,0.7937971,0.84375
00029290.jpg,0.7587995,0.6963434
00042611.jpg,0.6637195,0.751188
00053590.jpg,0.74553365,0.6768204
00000748.jpg,0.81169933,0.8332372
000000201698.jpg,0.69685584,0.7692308
00029013.jpg,0.76895946,0.7989144
00044522.jpg,0.7037953,0.665572
00004576.jpg,0.5548412,0.539908
00057116.jpg,0.6947625,0.8719188
00007907.jpg,0.8682695,0.9283504
00028863.jpg,0.74926406,0.7695378
00049797.jpg,0.89774805,0.9287378
00022451.jpg,0.7790718,0.7712096
00044763.jpg,0.9128017,0.8515374
00027419.jpg,0.65939635,0.770678
00040844.jpg,0.7396649,0.8375368
00000764.jpg,0.6022669,0.5982336
00037239.jpg,0.53105104,0.4983828
00031671.jpg,0.76115054,0.7725236
00037312.jpg,0.7035675,0.6771364
00009429.jpg,0.63973963,0.6295864
000000182496.jpg,0.8911664,0.9777778
00025726.jpg,0.503073,0.4171356
00056205.jpg,0.7864067,0.805257
00013346.jpg,0.80997425,0.7577224
00056380.jpg,0.86156726,0.9284008
00010455.jpg,0.6428574,0.7038824
00049012.jpg,0.8036614,0.882133
000000162215.jpg,0.62578905,0.5841584
00038142.jpg,0.6870856,0.6514102
n04461696_6636.jpg,0.7866958,0.875
00023348.jpg,0.78678656,0.783371
00040355.jpg,0.74272126,0.8357266
00052384.jpg,0.7839237,0.7554858
00033438.jpg,0.67748415,0.6115554
00011549.jpg,0.8546933,0.929768
00003297.jpg,0.7961342,0.7708092
00027914.jpg,0.78637433,0.8130402
00056345.jpg,0.7708529,0.8187408
00023373.jpg,0.61018443,0.5810248
00005068.jpg,0.6040846,0.606683
00036100.jpg,0.62970656,0.6891944
00040541.jpg,0.8276147,0.963955
2a0f8b40b7b25bcc.jpg,0.7610274,0.87826085
00038782.jpg,0.7814037,0.8160692
00038077.jpg,0.6243458,0.5891504
00014612.jpg,0.6108688,0.5118924
00028549.jpg,0.7029547,0.7780924
00029135.jpg,0.6454602,0.6012038
00001659.jpg,0.845146,0.9266426
d1e99a455eecd1f7.jpg,0.8110161,0.7582418
00016688.jpg,0.8204881,0.8559966
00043311.jpg,0.7116607,0.7829142
000000073889.jpg,0.76995784,0.7777778
00030244.jpg,0.7754675,0.9468302
00017935.jpg,0.8195797,0.8106358
n07753592_8271.jpg,0.9236441,0.8541667
00039226.jpg,0.71882325,0.7236112
00008064.jpg,0.6451699,0.5841558
4d8d416b795f90cc.jpg,0.69008327,0.6952381
00050658.jpg,0.8350042,0.860579
00049786.jpg,0.85930294,0.8295304
00036733.jpg,0.77010655,0.7999252
00021253.jpg,0.7624206,0.7182778
00017814.jpg,0.7260105,0.620718
n07696625_1403.jpg,0.7793903,0.712963
00031719.jpg,0.76355904,0.773486
5526b69113f74659.jpg,0.8458238,0.86170214
00054339.jpg,0.8124849,0.9099782
00002988.jpg,0.9040673,0.8971724
00027605.jpg,0.611969,0.7854098
00029789.jpg,0.94423133,0.9637798
00004125.jpg,0.6459268,0.77662
00019985.jpg,0.8652807,0.9068256
00018275.jpg,0.6917524,0.6408992
00049275.jpg,0.7667453,0.7900706
00048997.jpg,0.8411281,0.9045472
00051410.jpg,0.9152115,0.8804262
00042164.jpg,0.67475384,0.6231438
00026102.jpg,0.74523836,0.7146262
n04610013_3520.jpg,0.7030081,0.69148934
00018864.jpg,0.73312694,0.7897436
00004596.jpg,0.8997445,0.8692636
00008604.jpg,0.75065,0.696336
00027159.jpg,0.76553935,0.7800512
00021683.jpg,0.6530821,0.8614966
00030424.jpg,0.6963857,0.7409234
00031083.jpg,0.7324556,0.6572306
00037048.jpg,0.7440056,0.7285134
00010467.jpg,0.8689185,0.8837208
00056982.jpg,0.865116,0.8541278
00033181.jpg,0.84177655,0.8770678
00029908.jpg,0.81815237,0.8938462
00018323.jpg,0.94226676,0.9406536
00039652.jpg,0.71847004,0.8236768
00054091.jpg,0.77429926,0.882012
00000611.jpg,0.8248008,0.785708
00010994.jpg,0.59404045,0.4939016
00038603.jpg,0.7777204,0.6602154
00014984.jpg,0.78851366,0.6741708
00014106.jpg,0.5247445,0.446986
00021389.jpg,0.817701,0.8501154
00022125.jpg,0.55254155,0.550359
00019533.jpg,0.72068554,0.781355
n02129165_6283.jpg,0.84222627,0.88785046
00025546.jpg,0.69596547,0.7998468
00058597.jpg,0.74859697,0.8147296
00052085.jpg,0.61926556,0.6597364
00042115.jpg,0.7089164,0.7935238
00007896.jpg,0.8547628,0.8632406
00041999.jpg,0.63931334,0.7492734
00045354.jpg,0.8011833,0.898978
00040940.jpg,0.8280915,0.7999484
00006265.jpg,0.6207802,0.5016802
00050556.jpg,0.7335016,0.8003138
00019187.jpg,0.89752406,0.8413332
00025355.jpg,0.7021019,0.7211986
00004833.jpg,0.78620344,0.801376
n07880968_6571.jpg,0.77199304,0.8214286
00035050.jpg,0.6981143,0.5785472
00035339.jpg,0.6367048,0.6005068
00032938.jpg,0.96893865,0.8910378
00043560.jpg,0.7141912,0.743319
00022616.jpg,0.7710871,0.779604
00013274.jpg,0.6569074,0.5914912
00027100.jpg,0.6547092,0.6301576
00012768.jpg,0.7638182,0.7651642
00003067.jpg,0.7424348,0.6064432
00045750.jpg,0.69765913,0.5694592
00021992.jpg,0.8817097,0.9195742
00013701.jpg,0.6314845,0.6534264
00056279.jpg,0.83911365,0.9009334
00012369.jpg,0.78946924,0.7759242
n07838073_11360.jpg,0.82905036,0.72
00011454.jpg,0.72837514,0.7314546
00049909.jpg,0.74310637,0.671641
00000958.jpg,0.7727956,0.8619348
00011301.jpg,0.75431854,0.7932708
n02431628_2953.jpg,0.7849441,0.7207207
00011114.jpg,0.75345325,0.8109688
00006602.jpg,0.63522786,0.7052068
00033716.jpg,0.70868516,0.7369604
00000327.jpg,0.73156935,0.7133646
00056503.jpg,0.8565333,0.8703932
00003723.jpg,0.80493885,0.8088738
00046714.jpg,0.7191695,0.702312
00025153.jpg,0.7599578,0.8077922
00027335.jpg,0.7994351,0.699962
00008296.jpg,0.87854433,0.9475072
00024247.jpg,0.72355855,0.7818604
00011316.jpg,0.74689853,0.679223
00047821.jpg,0.7816641,0.8545594
6d4783212cb07333.jpg,0.61950856,0.70434785
00037040.jpg,0.604516,0.6438796
00027826.jpg,0.69118583,0.7177194
000000016161.jpg,0.88972914,0.9191919
00044810.jpg,0.6413517,0.7553426
00025229.jpg,0.81426424,0.9005438
00041874.jpg,0.7858749,0.7544238
000000314693.jpg,0.69967353,0.6694915
n02332755_4983.jpg,0.80664146,0.8396226
00028707.jpg,0.7546362,0.716554
00011083.jpg,0.7899285,0.6717698
00038628.jpg,0.58312756,0.6076812
00030782.jpg,0.6999429,0.7444778
00034447.jpg,0.6803395,0.7753634
00011442.jpg,0.5823297,0.4118568
00011771.jpg,0.6160837,0.6967426
00029572.jpg,0.78864014,0.9341974
00038067.jpg,0.5578776,0.5024112
00029724.jpg,0.95197326,0.9184136
00039624.jpg,0.70286644,0.6898814
n09288635_4056.jpg,0.73288137,0.6886792
00056686.jpg,0.6892828,0.6275348
00012306.jpg,0.7933647,0.7577056
00013621.jpg,0.67297715,0.694344
00038705.jpg,0.6774129,0.8216512
00036365.jpg,0.6724612,0.6012874
00006687.jpg,0.80255127,0.9807842
00000064.jpg,0.88794655,0.8910778
00003492.jpg,0.5512252,0.4443886
00028192.jpg,0.6641213,0.6901494
00026469.jpg,0.74601835,0.6627488
00043510.jpg,0.7287548,0.5969674
00024327.jpg,0.5739415,0.6821598
00029858.jpg,0.71336,0.7335056
00048988.jpg,0.79644877,0.770133
00003152.jpg,0.8629854,0.9413544
00025777.jpg,0.6893421,0.7279172
00009454.jpg,0.8165969,0.8014098
00006138.jpg,0.8806498,0.9109378
n03512147_311.jpg,0.8092472,0.72115386
c325b519607e21dc.jpg,0.6657914,0.6415094
00009285.jpg,0.79701513,0.8482792
00030574.jpg,0.8168181,0.8927978
00052566.jpg,0.82762367,0.7717596
00034670.jpg,0.8148361,0.7504072
00044542.jpg,0.7502695,0.7127792
00017790.jpg,0.6052172,0.6530808
00036911.jpg,0.60427064,0.6022138
00016018.jpg,0.604029,0.7959024
00025585.jpg,0.80684894,0.7056494
00028550.jpg,0.8624676,0.9268126
00056226.jpg,0.78561646,0.698919
00049874.jpg,0.7051897,0.7439382
00047462.jpg,0.8537698,0.812709
00053027.jpg,0.8183296,0.903576
00011777.jpg,0.68462664,0.7435212
00019579.jpg,0.8685552,0.8514286
00035748.jpg,0.7662322,0.910412
00034550.jpg,0.6972171,0.7333104
00017179.jpg,0.7919219,0.8528318
00047367.jpg,0.5932935,0.6388006
00043968.jpg,0.74040973,0.8004886
00031695.jpg,0.79095405,0.7772338
00014708.jpg,0.7335432,0.8658782
00007222.jpg,0.65225285,0.7546858
00042345.jpg,0.7664159,0.8558584
00042254.jpg,0.6489253,0.7291828
00049065.jpg,0.6858018,0.7271112
00044663.jpg,0.70155287,0.6393894
00030616.jpg,0.71617633,0.7354502
00042004.jpg,0.82779485,0.8102526
00036217.jpg,0.5606465,0.5807456
00001151.jpg,0.8298339,0.8894678
00021343.jpg,0.8359021,0.8264758
00016003.jpg,0.8384251,0.7778534
00045102.jpg,0.632339,0.7235712
00009328.jpg,0.75904906,0.7523022
00056892.jpg,0.8180254,0.8723232
00051501.jpg,0.7989376,0.8286476
00019539.jpg,0.7872103,0.7717044
00032207.jpg,0.7845169,0.843644
f2db336fa7759951.jpg,0.5857758,0.57798165
00015745.jpg,0.75626796,0.7845182
00024234.jpg,0.68730336,0.5226366
00005472.jpg,0.8397732,0.909077
00052185.jpg,0.8636033,0.9164392
00029926.jpg,0.749818,0.8738902
00017741.jpg,0.69837135,0.5505358
00027444.jpg,0.79937196,0.8175892
00026385.jpg,0.68249065,0.6460866
00007507.jpg,0.8035018,0.8055382
n03790512_10156.jpg,0.77292454,0.742268
00022788.jpg,0.63023865,0.7315892
000000147762.jpg,0.7627095,0.72727275
00023900.jpg,0.6010715,0.6491826
00054686.jpg,0.7912601,0.9354408
n03594945_7419.jpg,0.7418732,0.7263158
00036166.jpg,0.7647211,0.8397406
000000470525.jpg,0.76994854,0.89285713
00041443.jpg,0.7133134,0.754224
00032813.jpg,0.8378367,0.9109898
00006941.jpg,0.7925351,0.8411494
00034051.jpg,0.6865176,0.7728614
00008509.jpg,0.9087655,0.8918264
00001888.jpg,0.8959541,0.883369
00028789.jpg,0.79215187,0.8551898
00016174.jpg,0.7905573,0.7878632
00002119.jpg,0.84326196,0.8363362
00041303.jpg,0.8347893,0.8625914
00056857.jpg,0.580649,0.6746816
00009826.jpg,0.60674524,0.6888284
00005624.jpg,0.88056356,0.9026984
00003745.jpg,0.7493561,0.7981996
00043444.jpg,0.7942962,0.9282434
00050084.jpg,0.8359046,0.9344738
00036598.jpg,0.6011206,0.668831
00025873.jpg,0.7885334,0.8494232
00023429.jpg,0.86619574,0.8340448
00020613.jpg,0.74685556,0.694244
00048550.jpg,0.698316,0.7531516
00003108.jpg,0.80611515,0.8507158
00027355.jpg,0.7794348,0.8472748
00001402.jpg,0.57653767,0.6247028
00052782.jpg,0.79898316,0.8937462
00014861.jpg,0.750786,0.774259
00047949.jpg,0.81551176,0.9220452
000000155736.jpg,0.7498684,0.8888889
00032889.jpg,0.78354824,0.836515
00042456.jpg,0.7072543,0.6241244
00032132.jpg,0.6923288,0.6225332
00052565.jpg,0.7265951,0.7530182
00023090.jpg,0.73300177,0.5951048
00051895.jpg,0.83647674,0.8346646
00051111.jpg,0.7568225,0.8651626
00028826.jpg,0.7307681,0.831007
00020101.jpg,0.86378115,0.8613418
00055745.jpg,0.6543283,0.6167564
00039438.jpg,0.67357814,0.7850278
00037263.jpg,0.794545,0.8138074
n09415671_4661.jpg,0.5782737,0.5862069
00012494.jpg,0.7384835,0.7988256
00055793.jpg,0.8391045,0.7879782
00006332.jpg,0.8144955,0.8029746
00035554.jpg,0.69712096,0.7126982
00038912.jpg,0.8082744,0.718757
00048585.jpg,0.670498,0.6322596
00045204.jpg,0.73091733,0.6709486
00045708.jpg,0.8171964,0.7402362
00043756.jpg,0.79125434,0.8545642
00001070.jpg,0.8289626,0.8472846
n03791053_7039.jpg,0.79330224,0.67105263
00001671.jpg,0.7473183,0.6678572
00040047.jpg,0.6572504,0.7116842
00000307.jpg,0.7494313,0.6207138
00056706.jpg,0.7510456,0.8721586
00023661.jpg,0.8092777,0.7682158
00041673.jpg,0.7357496,0.8112136
00041322.jpg,0.66624844,0.607455
00006278.jpg,0.753933,0.8076178
00028161.jpg,0.8733396,0.9039326
00025896.jpg,0.8511329,0.8763316
00047640.jpg,0.82599217,0.7987112
9ed6211c70cdd276.jpg,0.83576274,0.85148513
00019449.jpg,0.7780992,0.8491336
000000111553.jpg,0.7101842,0.85542166
00058736.jpg,0.79726785,0.8129418
00056333.jpg,0.71963394,0.6412904
00035270.jpg,0.6339998,0.4662622
00011863.jpg,0.79306155,0.8750104
00012492.jpg,0.7243934,0.758277
00031580.jpg,0.75391525,0.7599542
00035475.jpg,0.7808935,0.8868366
00022258.jpg,0.64028525,0.6299398
00032666.jpg,0.6718497,0.5971366
00048348.jpg,0.6435671,0.610494
00046673.jpg,0.73886526,0.6571564
000000422211.jpg,0.76589495,0.7407407
00040448.jpg,0.7579247,0.650195
00058684.jpg,0.6836661,0.6102918
00020907.jpg,0.80586725,0.7784124
00006178.jpg,0.81554836,0.9338824
00048619.jpg,0.7279287,0.6557314
00007511.jpg,0.7474945,0.6827488
00044285.jpg,0.7911204,0.879771
00028193.jpg,0.72152215,0.7076952
00026743.jpg,0.8672514,0.8463094
n02342885_240.jpg,0.8234661,0.84
00027117.jpg,0.6588016,0.6894468
00044414.jpg,0.84739405,0.8215472
00016137.jpg,0.90352976,0.8881108
00050936.jpg,0.6041464,0.7021774
00022408.jpg,0.79151434,0.7174342
00018906.jpg,0.7374496,0.6483586
00027300.jpg,0.70547664,0.7067184
00028519.jpg,0.73104626,0.9284568
00021398.jpg,0.7850974,0.8457388
000000162578.jpg,0.69873,0.65686274
00010054.jpg,0.5759102,0.5256688
00008469.jpg,0.786949,0.6769696
00021867.jpg,0.79282963,0.945704
00058406.jpg,0.7176243,0.6594152
00046771.jpg,0.8583729,0.9148142
00024169.jpg,0.6374991,0.738537
00015441.jpg,0.84023696,0.7187026
00039170.jpg,0.7968307,0.7745378
00007414.jpg,0.7766861,0.70901
00018936.jpg,0.7527955,0.549149
00044199.jpg,0.809358,0.9465296
00026023.jpg,0.81321406,0.87485
00012237.jpg,0.76347077,0.7745646
00057688.jpg,0.7971694,0.824114
00031918.jpg,0.8252383,0.8319872
00042483.jpg,0.6428598,0.6758236
00041121.jpg,0.6290935,0.5129402
00009926.jpg,0.8397088,0.9124216
000000068030.jpg,0.7816579,0.6875
00006295.jpg,0.8585716,0.8772952
00024006.jpg,0.57222176,0.6364724
n07716358_3451.jpg,0.96096104,0.9313725
00031109.jpg,0.8591301,0.826943
00013705.jpg,0.6987733,0.7267456
00034494.jpg,0.7153061,0.6896676
00000835.jpg,0.8488602,0.7971928
n09289331_1661.jpg,0.6985394,0.7311828
00049787.jpg,0.7959885,0.9273968
00026148.jpg,0.89772373,0.8598378
00045154.jpg,0.71703315,0.5817162
00047136.jpg,0.784499,0.8787136
00012396.jpg,0.735769,0.8106558
00028539.jpg,0.74787563,0.7761906
00019369.jpg,0.73474604,0.7591486
00009076.jpg,0.7783119,0.739294
n07717556_442.jpg,0.9127719,0.94623655
n03670208_7885.jpg,0.8299826,0.8962264
00056788.jpg,0.64256644,0.6835482
00036646.jpg,0.7866314,0.8664976
00052748.jpg,0.6941973,0.6839558
00022979.jpg,0.79183346,0.6590756
00037975.jpg,0.6916302,0.9135392
00025565.jpg,0.7908006,0.8054014
00013568.jpg,0.70771545,0.503745
00000059.jpg,0.72422373,0.7220554
00047911.jpg,0.7197464,0.5987342
00041614.jpg,0.5608277,0.4244058
00041132.jpg,0.7724191,0.7892356
00006970.jpg,0.61480254,0.8277276
00050700.jpg,0.6831265,0.697201
00053990.jpg,0.8059382,0.8783522
00023437.jpg,0.73051697,0.7574158
00004742.jpg,0.87643236,0.838761
00051681.jpg,0.68123525,0.7011194
00028501.jpg,0.7601789,0.8976104
00006697.jpg,0.7100089,0.5751122
00018720.jpg,0.6373551,0.6482108
00032372.jpg,0.8233741,0.909593
00046035.jpg,0.66770315,0.5831406
00036142.jpg,0.5810781,0.574224
00006869.jpg,0.6740452,0.6522126
00053509.jpg,0.8049132,0.8015538
00013402.jpg,0.8613624,0.8738986
00009781.jpg,0.7986602,0.7562496
00053739.jpg,0.7071428,0.7721354
00038988.jpg,0.89335436,0.9434846
00029364.jpg,0.6480909,0.812789
00010479.jpg,0.7650353,0.7873594
00008935.jpg,0.8362859,0.8380396
00031033.jpg,0.77927893,0.827939
00012868.jpg,0.699325,0.670661
00037656.jpg,0.69995636,0.8420456
00001923.jpg,0.86523986,0.8973778
00058694.jpg,0.7613321,0.8214446
00053264.jpg,0.75547624,0.7250264
00036522.jpg,0.6531722,0.6807882
00007760.jpg,0.76321304,0.6961066
00040893.jpg,0.7783056,0.8054722
00055795.jpg,0.8605109,0.9115922
00027561.jpg,0.79947984,0.7899452
00041083.jpg,0.7451191,0.748173
00028454.jpg,0.7348645,0.779954
00021657.jpg,0.73655444,0.738626
00049245.jpg,0.61933786,0.5396102
00021203.jpg,0.6806749,0.6202824
00046336.jpg,0.8132097,0.7469962
00025012.jpg,0.748403,0.9125852
00054155.jpg,0.55638075,0.6929878
00013048.jpg,0.7598717,0.8036086
00013865.jpg,0.8095526,0.7709362
00005317.jpg,0.7900452,0.7460082
00021283.jpg,0.7534633,0.6806914
00005994.jpg,0.63761115,0.6175992
n02878222_42342.jpg,0.72324216,0.7254902
00016480.jpg,0.8478429,0.8928288
00013122.jpg,0.83847064,0.87252
00043962.jpg,0.7408145,0.757828
n03791053_6488.jpg,0.82577735,0.85294116
00040036.jpg,0.5666605,0.4910458
00006130.jpg,0.7383124,0.7694156
cbdfc5549fd06095.jpg,0.7920569,0.85714287
00047422.jpg,0.7550513,0.7974838
00026100.jpg,0.7813931,0.8878244
00024133.jpg,0.81527776,0.8185608
00049394.jpg,0.78421444,0.8485644
sun_ajwkskkzoxfeqyqi.jpg,0.5426854,0.50549453
00053464.jpg,0.7389042,0.7721552
00033775.jpg,0.6671904,0.6880794
00045999.jpg,0.81056875,0.8957142
00042389.jpg,0.7361987,0.8656108
18bed2a09181a499.jpg,0.67102194,0.6333333
n02450034_11087.jpg,0.775837,0.7943925
00016664.jpg,0.684818,0.8030254
00003838.jpg,0.7666016,0.821367
00023876.jpg,0.7332393,0.6981728
00023294.jpg,0.81260186,0.749094
00052617.jpg,0.8223521,0.9208472
00003266.jpg,0.8415387,0.9189164
000000395140.jpg,0.7189924,0.7326733
00038827.jpg,0.8009432,0.8839318
00023613.jpg,0.81883395,0.9459608
00008375.jpg,0.7622904,0.7450644
00018077.jpg,0.6752666,0.632633
00034730.jpg,0.7212513,0.7686724
00006775.jpg,0.8826772,0.8153174
00018687.jpg,0.8244644,0.7381748
00028494.jpg,0.7648576,0.807958
00017670.jpg,0.81653804,0.6607144
00038765.jpg,0.6590777,0.5332122
00035884.jpg,0.7552226,0.715534
00034106.jpg,0.7874866,0.84872
00031674.jpg,0.8324157,0.744288
00026723.jpg,0.74854904,0.6351984
00058271.jpg,0.8462106,0.8898438
00038118.jpg,0.59149414,0.5334494
00042165.jpg,0.70747143,0.7820228
c2a4e9b103e44933.jpg,0.7229633,0.7113402
n07711569_3180.jpg,0.77102154,0.6635514
00044893.jpg,0.76379424,0.7455538
00010512.jpg,0.8751349,0.8981324
n03541923_4376.jpg,0.64834595,0.64220184
00025034.jpg,0.77480525,0.7699134
00026144.jpg,0.64965427,0.6936892
00020280.jpg,0.84478694,0.873763
00020524.jpg,0.86355394,0.897129
00029752.jpg,0.6439538,0.711
00056119.jpg,0.72196585,0.8025772
00009687.jpg,0.77337664,0.86627
00039548.jpg,0.7180514,0.726241
00000978.jpg,0.8192159,0.9283052
00034478.jpg,0.8507835,0.9072086
00007770.jpg,0.7528289,0.7645544
00027399.jpg,0.70238936,0.680782
aa7f7bfcb26d67ab.jpg,0.57752454,0.4047619
00051745.jpg,0.73306453,0.6566596
00005211.jpg,0.64616126,0.6284674
00013713.jpg,0.57909775,0.6596152
00049903.jpg,0.81792665,0.808972
00040531.jpg,0.67114216,0.7005908
00039137.jpg,0.77589643,0.5648884
00030487.jpg,0.8631719,0.8643926
00056202.jpg,0.71559787,0.5031574
00040052.jpg,0.7899016,0.840721
00056059.jpg,0.82321435,0.8445448
00026406.jpg,0.72437686,0.6814602
00056544.jpg,0.9452484,0.8536662
00039130.jpg,0.70458513,0.7488754
00000427.jpg,0.8608064,0.950294
00011519.jpg,0.83590895,0.8687546
00041226.jpg,0.7804963,0.7639662
sun_amooihhbpiuhzlcl.jpg,0.61218226,0.6117647
00018988.jpg,0.52574074,0.5254412
00033008.jpg,0.8539695,0.8357558
00031626.jpg,0.7673063,0.8388304
00042832.jpg,0.6491107,0.6621214
00030168.jpg,0.7363345,0.876341
83b7de7cc77bedd8.jpg,0.80882746,0.6744186
00010128.jpg,0.7078137,0.5901634
00007483.jpg,0.7142648,0.8142172
00050515.jpg,0.67205805,0.7753386
00054792.jpg,0.5386114,0.556759
00007541.jpg,0.75328976,0.6564272
00048210.jpg,0.74086714,0.9113254
00034707.jpg,0.82455033,0.7692464
00045028.jpg,0.6944766,0.569039
00022745.jpg,0.7740792,0.734663
00050676.jpg,0.83890045,0.8963972
00010932.jpg,0.66109174,0.651577
00014079.jpg,0.7765438,0.839757
00058320.jpg,0.77614075,0.8897446
00041861.jpg,0.7068695,0.6454856
00050251.jpg,0.866527,0.9383818
00014713.jpg,0.75881195,0.7721996
00008219.jpg,0.9059785,0.8792004
00045690.jpg,0.7546917,0.737384
00057037.jpg,0.79308444,0.6953636
00025659.jpg,0.7380042,0.700029
00017516.jpg,0.7988619,0.8635796
00044889.jpg,0.7193821,0.7066516
00058548.jpg,0.79512316,0.904409
n07717556_1126.jpg,0.8380497,0.8172043
00043568.jpg,0.7424288,0.6523734
00012648.jpg,0.747088,0.724561
00058565.jpg,0.77215767,0.836667
00050988.jpg,0.7577508,0.776431
00048502.jpg,0.70220876,0.548917
00007486.jpg,0.7843916,0.827857
00054777.jpg,0.6901304,0.9730866
00000777.jpg,0.823614,0.8112928
00020116.jpg,0.6122453,0.4905986
00058080.jpg,0.86968935,0.9639194
n07720875_3911.jpg,0.8906919,0.9009009
00052848.jpg,0.5967157,0.5992456
n01514859_4042.jpg,0.80465186,0.89
00003672.jpg,0.8419743,0.8295906
00005990.jpg,0.76430315,0.811483
00056196.jpg,0.7842497,0.799796
00038562.jpg,0.62566423,0.8466578
bb3c26d44a629489.jpg,0.7335818,0.75510204
00055507.jpg,0.66886646,0.786451
00046261.jpg,0.8242858,0.8044764
00012899.jpg,0.78339624,0.8407798
00031475.jpg,0.8612754,0.79578
00013172.jpg,0.8078243,0.7219864
00041373.jpg,0.6168635,0.6712678
n04335435_2973.jpg,0.64829695,0.74157304
00020222.jpg,0.66047275,0.6980616
00049852.jpg,0.7556579,0.6920766
00005359.jpg,0.74135226,0.7604398
n07697537_8410.jpg,0.9057081,0.87
00001263.jpg,0.69724226,0.7976492
00039089.jpg,0.72512704,0.8313966
00038448.jpg,0.83629817,0.8829148
00054573.jpg,0.8491741,0.804449
00007069.jpg,0.78107136,0.6639486
00019266.jpg,0.6455911,0.883408
00017072.jpg,0.7380473,0.665321
00027921.jpg,0.74658066,0.7757874
00040148.jpg,0.7490162,0.8287564
00039897.jpg,0.76950157,0.8529428
00034812.jpg,0.65628195,0.7572206
00029420.jpg,0.65298057,0.7542038
00025309.jpg,0.82958156,0.7876268
00032026.jpg,0.7233636,0.7076286
00036475.jpg,0.7058023,0.7024766
00026921.jpg,0.6041357,0.5897624
00022388.jpg,0.7720863,0.7216624
00022956.jpg,0.667781,0.6243264
00036024.jpg,0.69463754,0.6484072
00051136.jpg,0.8307019,0.9051684
00014310.jpg,0.6981712,0.7419742
00043063.jpg,0.83712214,0.9031938
000000239581.jpg,0.7270916,0.84615386
n09359803_43846.jpg,0.5513687,0.5566038
00031970.jpg,0.90599245,0.9559306
00010546.jpg,0.65286195,0.5354822
00053350.jpg,0.661,0.6936508
00045441.jpg,0.59448385,0.5812738
00028432.jpg,0.7860672,0.72936
00026509.jpg,0.7716226,0.5604706
00020124.jpg,0.73859197,0.6870858
00037689.jpg,0.6229738,0.6615706
00000593.jpg,0.8310441,0.8567016
00040656.jpg,0.6899667,0.7897806
00044588.jpg,0.7018449,0.6316236
000000537122.jpg,0.73539853,0.7553192
00026460.jpg,0.8505207,0.9267764
00025924.jpg,0.67475593,0.608657
00030687.jpg,0.7195511,0.6278508
00019858.jpg,0.8363085,0.9176426
00026791.jpg,0.74474746,0.753156
00030795.jpg,0.6791699,0.7709136
n02342885_5465.jpg,0.8497541,0.9583333
00021063.jpg,0.688363,0.7816848
00030320.jpg,0.86448306,0.8978154
00033212.jpg,0.8469615,0.86375
00009808.jpg,0.8353016,0.7684462
00001564.jpg,0.64905345,0.7617124
00039751.jpg,0.7503907,0.7516852
00030744.jpg,0.7848735,0.7896716
n03384352_3478.jpg,0.79089206,0.88659793
00005542.jpg,0.67095643,0.7411484
00039567.jpg,0.66201186,0.6543556
n02133161_1148.jpg,0.76633626,0.7777778
00036289.jpg,0.61980796,0.6150396
00b96ff2060fcfa2.jpg,0.80092293,0.7303371
00053226.jpg,0.7847538,0.8783402
00008233.jpg,0.58180016,0.6943132
00046817.jpg,0.75348055,0.7543324
n07720875_2394.jpg,0.8442751,0.8913044
n02450034_5948.jpg,0.80243534,0.78723407
00008225.jpg,0.8351126,0.8678268
00019182.jpg,0.82259077,0.9106788
000000089668.jpg,0.60780233,0.7117117
00021222.jpg,0.9119161,0.7773556
00024186.jpg,0.9091541,0.8544702
00051263.jpg,0.81221944,0.8514234
00030920.jpg,0.69625914,0.8004556
00015942.jpg,0.81621194,0.8301586
00011893.jpg,0.7081447,0.7504364
00018639.jpg,0.5579882,0.7121896
00025747.jpg,0.8553293,0.9042614
00001109.jpg,0.70974195,0.7702944
n07680932_24328.jpg,0.80128664,0.8666667
00049682.jpg,0.76707065,0.8512896
00016659.jpg,0.73378485,0.7537362
00037072.jpg,0.58836436,0.4836882
00000875.jpg,0.7127361,0.6979712
00031168.jpg,0.6218655,0.5894178
00028505.jpg,0.6637547,0.7633526
00002560.jpg,0.83083075,0.7351548
00032282.jpg,0.6367169,0.5658138
00056829.jpg,0.69974816,0.7583904
00011011.jpg,0.6268461,0.6237572
n03791053_22912.jpg,0.772217,0.8117647
00018787.jpg,0.77626234,0.7788466
00040660.jpg,0.7074865,0.7143386
00057264.jpg,0.83502847,0.8209656
00047320.jpg,0.6940233,0.8110526
dda166bd5f1b2fd4.jpg,0.68493426,0.5673077
00005547.jpg,0.7777467,0.865143
00052965.jpg,0.8375382,0.8985644
00055000.jpg,0.8282158,0.7734694
00008195.jpg,0.70568085,0.6291188
00005658.jpg,0.8518822,0.816733
00044500.jpg,0.82441187,0.937641
n01811909_11728.jpg,0.78901345,0.877551
00002545.jpg,0.84770364,0.8456912
n07753592_9781.jpg,0.89811057,0.9148936
00050529.jpg,0.75848204,0.715848
00045130.jpg,0.7474523,0.9004222
00010126.jpg,0.8643167,0.9008434
00055416.jpg,0.79751915,0.7377512
00022338.jpg,0.74915594,0.7378498
00033266.jpg,0.85146415,0.9108644
00017173.jpg,0.65812814,0.8266206
n09468604_15728.jpg,0.5840565,0.65555555
00035359.jpg,0.6366379,0.686149
00049523.jpg,0.75248444,0.5694586
00008424.jpg,0.83208835,0.9259712
00001451.jpg,0.6059073,0.6503394
00012030.jpg,0.8989535,0.9007678
00005934.jpg,0.6674888,0.7263178
00051131.jpg,0.76219344,0.8644764
00028689.jpg,0.6881045,0.8483932
n03670208_10000.jpg,0.80629665,0.7765958
00018269.jpg,0.84549767,0.8604696
00002201.jpg,0.80913484,0.7711582
00040251.jpg,0.69707483,0.7837814
sun_avtprdrihxhgackd.jpg,0.654658,0.71153843
n03791053_6407.jpg,0.80933756,0.8484849
00045358.jpg,0.73442024,0.711262
00013687.jpg,0.75309175,0.7197052
n04335435_10037.jpg,0.7549201,0.6442308
00049137.jpg,0.80541193,0.8385854
00010726.jpg,0.72281253,0.7713788
00051044.jpg,0.74864465,0.877141
n03790512_28698.jpg,0.7522349,0.70873785
00015177.jpg,0.8730339,0.898175
00027867.jpg,0.7450058,0.8476718
00016161.jpg,0.8083475,0.901119
n02324045_802.jpg,0.7471346,0.7904762
00047497.jpg,0.7841241,0.8588808
n03634034_390.jpg,0.6021484,0.68085104
00054073.jpg,0.809192,0.9522082
000000370399.jpg,0.7698353,0.63366336
00053208.jpg,0.6550674,0.6888462
00002586.jpg,0.70157,0.5490546
00030458.jpg,0.75894994,0.8052712
00019892.jpg,0.68398136,0.6356788
00025072.jpg,0.65863204,0.5873932
00020431.jpg,0.87780136,0.8445136
00014273.jpg,0.64292735,0.4717844
00012337.jpg,0.68664503,0.8926672
00047885.jpg,0.71736497,0.6017052
00051350.jpg,0.9291596,0.9846824
n02118333_14220.jpg,0.79577184,0.85106385
00031368.jpg,0.8160976,0.9530896
00002487.jpg,0.8295744,0.8217906
00003872.jpg,0.78103334,0.7452998
00000674.jpg,0.85112387,0.8629416
00055214.jpg,0.7824773,0.7299536
n07849336_25149.jpg,0.82204175,0.91071427
00055580.jpg,0.6480186,0.7794824
00037663.jpg,0.7071115,0.7128164
00029215.jpg,0.81944484,0.847451
n02878222_10543.jpg,0.65758765,0.7627119
00012304.jpg,0.7705471,0.8676902
00051246.jpg,0.7608896,0.7625446
00028909.jpg,0.573978,0.5398442
00009734.jpg,0.8612361,0.9289754
n09288635_1109.jpg,0.7091204,0.67368424
00014070.jpg,0.7790589,0.7862214
00011390.jpg,0.783481,0.8168026
00027458.jpg,0.60709035,0.515275
00010171.jpg,0.7470146,0.8025406
ee5a91b811a8ce3e.jpg,0.8354604,0.76635516
00031276.jpg,0.84664804,0.7707204
n04465501_7737.jpg,0.76829505,0.6979167
00046527.jpg,0.70648414,0.7217144
00056762.jpg,0.62681854,0.6095446
00000973.jpg,0.82706195,0.933957
00051587.jpg,0.7736381,0.7386232
00010064.jpg,0.5401945,0.4445656
00030703.jpg,0.5558784,0.7220444
00058255.jpg,0.7610255,0.825459
00045582.jpg,0.76588875,0.8507364
00052793.jpg,0.74290556,0.8184122
00053773.jpg,0.64921117,0.7132912
00039308.jpg,0.6672217,0.6443762
00016221.jpg,0.74207646,0.6453924
00043940.jpg,0.8070287,0.6923486
00013482.jpg,0.7648738,0.8588796
00011112.jpg,0.890491,0.8935096
00039142.jpg,0.7455438,0.5790356
00039177.jpg,0.77567,0.86416
00023739.jpg,0.83699197,0.8714768
00039609.jpg,0.7127695,0.7527166
00034906.jpg,0.54863214,0.6725658
n02324045_24525.jpg,0.7964607,0.8773585
00025840.jpg,0.60833204,0.6303652
00003589.jpg,0.8523259,0.8266422
00055726.jpg,0.829379,0.8186102
00016694.jpg,0.8369939,0.8348252
00046043.jpg,0.7348513,0.8227886
00044422.jpg,0.60579765,0.4382778
00046985.jpg,0.6820892,0.829972
000000550000.jpg,0.72227126,0.7790698
3bdb508115890d02.jpg,0.75225246,0.81578946
00047401.jpg,0.6768559,0.5765566
00041869.jpg,0.60123515,0.7625444
00045967.jpg,0.7892228,0.6992608
00007659.jpg,0.70459116,0.7567794
00036197.jpg,0.7418608,0.8885294
00021260.jpg,0.76045686,0.8052176
00048372.jpg,0.7589281,0.8565234
00029651.jpg,0.76384395,0.8479422
00026949.jpg,0.7310156,0.6918744
00041554.jpg,0.7501448,0.8538658
00011748.jpg,0.77080584,0.8747904
00054548.jpg,0.6400414,0.6705084
00054279.jpg,0.8865139,0.9108362
00008640.jpg,0.8262909,0.8703988
00055747.jpg,0.66145366,0.6549514
00017673.jpg,0.75574934,0.7314034
00044576.jpg,0.76750594,0.6838412
00014234.jpg,0.7799646,0.8427324
00023372.jpg,0.8666509,0.7795192
00041012.jpg,0.76255625,0.8283776
00027145.jpg,0.7373056,0.7620214
00048578.jpg,0.74164635,0.53558
00024300.jpg,0.82317084,0.8421342
00013947.jpg,0.7643534,0.82871
00014411.jpg,0.8125729,0.822158
00017082.jpg,0.7191048,0.6931122
00055832.jpg,0.5941103,0.5448258
00022707.jpg,0.8260073,0.8858386
00029842.jpg,0.595796,0.4323272
00022998.jpg,0.6931095,0.7305836
000000035485.jpg,0.76768035,0.8
00053275.jpg,0.77874714,0.7048636
00040737.jpg,0.7098125,0.6579298
00051761.jpg,0.75146306,0.9287388
00031093.jpg,0.84671336,0.861963
00041514.jpg,0.68924594,0.74085
00041590.jpg,0.72908443,0.6333334
00025006.jpg,0.70913184,0.7105126
sun_acfbqplfoqfohnbj.jpg,0.54701,0.5436893
00054465.jpg,0.546667,0.5543378
00058175.jpg,0.55922365,0.7012484
00018711.jpg,0.70275086,0.7937542
00031042.jpg,0.73298925,0.7697282
00037724.jpg,0.67356604,0.635177
00032799.jpg,0.8260059,0.8462464
00031272.jpg,0.5939562,0.4247272
00020046.jpg,0.63837945,0.4709282
00022259.jpg,0.8555074,0.8805308
00026702.jpg,0.82391953,0.8834328
n01846331_973.jpg,0.76836973,0.7078652
00051251.jpg,0.86474127,0.9018366
n01514668_14572.jpg,0.83060175,0.8913044
00032844.jpg,0.7872318,0.777297
00009689.jpg,0.8723693,0.9500394
00040591.jpg,0.5833118,0.6599584
n01846331_14442.jpg,0.7727166,0.81395346
00020060.jpg,0.668269,0.8291574
00001001.jpg,0.8446394,0.9633978
00047126.jpg,0.7499241,0.666186
00010162.jpg,0.74087423,0.7817944
00056668.jpg,0.79196256,0.7445642
n01846331_1577.jpg,0.788285,0.86
00050219.jpg,0.7922381,0.8524084
00022551.jpg,0.69697976,0.8815666
00006986.jpg,0.65649325,0.5796432
00030763.jpg,0.8117711,0.8763266
00043257.jpg,0.83247846,0.9240096
sun_apeqefglcpzjswde.jpg,0.65318996,0.7113402
00053476.jpg,0.66562206,0.8636642
00040070.jpg,0.8055236,0.8285778
00020123.jpg,0.7206971,0.8763958
00023249.jpg,0.6713038,0.7119122
n02834778_11865.jpg,0.78798443,0.85087717
00035776.jpg,0.6549911,0.6319154
00022626.jpg,0.57549125,0.561978
00019762.jpg,0.6956744,0.7823286
00015220.jpg,0.85251397,0.929418
00020557.jpg,0.86209136,0.8445136
00037018.jpg,0.60856694,0.4007372
00017209.jpg,0.808403,0.8015796
00040659.jpg,0.7552025,0.6413788
000000222893.jpg,0.7465098,0.6727273
00011561.jpg,0.7622999,0.821833
00041320.jpg,0.7403943,0.628393
00014954.jpg,0.64014477,0.689308
00037152.jpg,0.7663508,0.7828558
00023763.jpg,0.6562251,0.6437928
3f7826aa5312939a.jpg,0.8621855,0.83838385
00012982.jpg,0.68892837,0.826861
000000175061.jpg,0.7740872,0.82222223
1a763572bc101798.jpg,0.7088528,0.8
00042150.jpg,0.7143337,0.749379
00037849.jpg,0.71251416,0.7092738
00032598.jpg,0.7075825,0.7381962
00054229.jpg,0.76445127,0.6947798
00001768.jpg,0.8765406,0.8447318
000000099997.jpg,0.8424743,0.8518519
00028717.jpg,0.74849254,0.749747
00010827.jpg,0.79659957,0.794763
00037319.jpg,0.5121882,0.6120648
00020087.jpg,0.7975329,0.768077
00007521.jpg,0.85225856,0.922162
00033725.jpg,0.77992326,0.9146886
00045915.jpg,0.71857107,0.7023674
00021838.jpg,0.81861955,0.6181838
00029863.jpg,0.86915976,0.8574366
00014684.jpg,0.8388892,0.859546
00037590.jpg,0.7982884,0.8432992
00036382.jpg,0.70364535,0.6078114
00043287.jpg,0.73136026,0.6807054
00006762.jpg,0.7840125,0.7101228
000000558809.jpg,0.7960401,0.9259259
00009299.jpg,0.8409938,0.7827912
n03594945_14542.jpg,0.70143884,0.62650603
00004938.jpg,0.6966475,0.6441496
00026143.jpg,0.7287182,0.8603826
00053450.jpg,0.8630684,0.9804708
00038168.jpg,0.6717775,0.774237
00038584.jpg,0.6342314,0.667205
00047005.jpg,0.7803681,0.7935794
00058557.jpg,0.62846094,0.6506282
00021706.jpg,0.79606277,0.8298808
00049314.jpg,0.8645001,0.8423614
00005147.jpg,0.8152467,0.8725352
00049218.jpg,0.6560024,0.6336162
00025715.jpg,0.66389406,0.5984402
00042710.jpg,0.6576945,0.702048
00008999.jpg,0.80427724,0.8940988
00041420.jpg,0.7770315,0.7980264
00011312.jpg,0.6526175,0.5520708
n01514668_690.jpg,0.8439523,0.8981481
00002782.jpg,0.94933873,0.8803268
00046065.jpg,0.7747619,0.6418936
00006451.jpg,0.8201843,0.88518
n00464894_13320.jpg,0.7260049,0.7326733
00001635.jpg,0.5071863,0.3781552
00046210.jpg,0.6275856,0.7217178
00022630.jpg,0.7866669,0.8369184
00054543.jpg,0.80019194,0.8607366
00052011.jpg,0.83320826,0.8711304
n04465501_1801.jpg,0.77691203,0.7755102
00007141.jpg,0.76379246,0.9172648
00007829.jpg,0.78630334,0.8083474
00019366.jpg,0.8692597,0.7726426
00001376.jpg,0.80358195,0.7651956
00056873.jpg,0.6804706,0.7178188
00045218.jpg,0.78575754,0.7503674
00052496.jpg,0.7516749,0.7638956
00006641.jpg,0.6812552,0.7504094
00052628.jpg,0.69807255,0.6993882
n07880968_2967.jpg,0.77856815,0.74489796
n04465501_1216.jpg,0.8043168,0.8141593
00045865.jpg,0.76054484,0.6556496
n07806221_24706.jpg,0.732039,0.72897196
00057726.jpg,0.8099598,0.8076272
00031076.jpg,0.770856,0.8073298
00025559.jpg,0.7213469,0.569998
000000297204.jpg,0.7589712,0.8020833
n04610013_3141.jpg,0.6425781,0.7058824
00017674.jpg,0.70110935,0.8577804
00024848.jpg,0.8462445,0.8424312
n03541923_2802.jpg,0.69336694,0.775
00042649.jpg,0.83811885,0.8789786
00056644.jpg,0.88258237,0.8523714
00016164.jpg,0.7815482,0.773112
a9d68cbf0e4a54f6.jpg,0.8151834,0.79831934
00014582.jpg,0.7165996,0.689343
00003770.jpg,0.61187637,0.6824216
00006512.jpg,0.80289364,0.9663766
00032171.jpg,0.7990747,0.887078
00046994.jpg,0.6805472,0.64237
00005532.jpg,0.6082169,0.4291194
00047084.jpg,0.72153556,0.6776422
00017292.jpg,0.8570019,0.7946966
000000115069.jpg,0.6893277,0.6666667
00041599.jpg,0.73725694,0.6673334
00000044.jpg,0.7743483,0.7945408
000000200391.jpg,0.6703298,0.72289157
n04461696_1440.jpg,0.6925991,0.55445546
00009426.jpg,0.7436525,0.4972396
00055788.jpg,0.7159105,0.6299454
000000237762.jpg,0.82294935,0.76666665
00047765.jpg,0.7237951,0.7368266
00014970.jpg,0.74628085,0.6387374
00031174.jpg,0.82421917,0.8130358
00001056.jpg,0.6458222,0.6186214
00009833.jpg,0.534758,0.342105
00004316.jpg,0.7337367,0.6813116
00022077.jpg,0.8099053,0.889097
00030126.jpg,0.75479203,0.79136
00031242.jpg,0.8524466,0.7986936
00015481.jpg,0.7793667,0.7343134
00021795.jpg,0.81067085,0.946995
00007204.jpg,0.82842696,0.9049856
00058676.jpg,0.7356646,0.9301048
00055293.jpg,0.86568636,0.883791
00020940.jpg,0.7631633,0.8134066
00002145.jpg,0.75817525,0.868865
00042071.jpg,0.718687,0.7316276
00004675.jpg,0.72626656,0.7393206
n07690273_27225.jpg,0.85582113,0.8979592
00039806.jpg,0.5588636,0.6080808
00023213.jpg,0.7181955,0.8610488
000000255420.jpg,0.7624822,0.94186044
00031570.jpg,0.6455289,0.511357
000000189853.jpg,0.70877427,0.8817204
00040897.jpg,0.759208,0.8000476
00034903.jpg,0.6638838,0.658974
00047923.jpg,0.81193954,0.9017884
00000717.jpg,0.85987574,0.9105464
00000729.jpg,0.5497053,0.6187826
00008029.jpg,0.6312228,0.6583972
00016589.jpg,0.6160548,0.5568688
0b1bb550e8758b2e.jpg,0.90716213,0.95327103
00046056.jpg,0.71813864,0.7506348
00022547.jpg,0.8175374,0.8624786
00019643.jpg,0.56448984,0.6358494
00034929.jpg,0.73888963,0.8472818
00050667.jpg,0.7722234,0.7108156
00053344.jpg,0.82451093,0.779305
00016612.jpg,0.86474496,0.9217392
n09270735_9551.jpg,0.7753697,0.74444443
00042736.jpg,0.7489093,0.8006596
00041913.jpg,0.7144585,0.7718532
00014014.jpg,0.5561944,0.3746326
00049806.jpg,0.62256753,0.6410514
00021091.jpg,0.66131294,0.441126
00019667.jpg,0.8752817,0.9242436
n09289331_1102.jpg,0.6336314,0.60215056
00049456.jpg,0.8322032,0.8440732
00034767.jpg,0.59771127,0.5322768
00051022.jpg,0.80022395,0.836226
00005374.jpg,0.68115234,0.7085036
00021902.jpg,0.65486735,0.8634016
00053490.jpg,0.8464518,0.9657906
00013716.jpg,0.6906644,0.743837
00033246.jpg,0.6188847,0.6330884
00030549.jpg,0.8213312,0.8400478
00051195.jpg,0.8037567,0.748045
00018215.jpg,0.80585676,0.75673
00051979.jpg,0.7628617,0.737764
00009350.jpg,0.5748984,0.4843056
00021291.jpg,0.7865856,0.6369672
n04349306_8545.jpg,0.76145667,0.8125
00050451.jpg,0.79895484,0.825069
00004939.jpg,0.8600573,0.7998684
000000497484.jpg,0.89567685,0.94
00016744.jpg,0.54058045,0.5128632
00034189.jpg,0.6931956,0.7562366
00014036.jpg,0.6511787,0.6942648
00015575.jpg,0.78672063,0.8771906
00049191.jpg,0.6911031,0.6740514
00051673.jpg,0.90108854,0.9385004
00018748.jpg,0.82819635,0.9065304
00005196.jpg,0.8304482,0.8377084
00057416.jpg,0.71596986,0.61945
n03594945_21402.jpg,0.78059226,0.73636365
00038330.jpg,0.663327,0.6560236
00002707.jpg,0.82386476,0.8426118
00023178.jpg,0.7446907,0.8497036
00015638.jpg,0.7771017,0.7908468
00016867.jpg,0.648218,0.640369
00018386.jpg,0.7296806,0.8583016
00009322.jpg,0.75501317,0.7382254
00052539.jpg,0.83429176,0.9144082
00056526.jpg,0.67202467,0.6093954
00042728.jpg,0.7858507,0.8025268
00045833.jpg,0.7134091,0.8160094
00001958.jpg,0.6802968,0.6698058
00018575.jpg,0.8362221,0.779675
00015842.jpg,0.8186106,0.9023658
00055860.jpg,0.7544088,0.820566
00056432.jpg,0.82699347,0.956159
00058083.jpg,0.7501159,0.7606278
00017650.jpg,0.74486464,0.8390742
00023077.jpg,0.9086587,0.9128458
00010143.jpg,0.81568086,0.8137958
00018973.jpg,0.85872036,0.8112608
00031305.jpg,0.77518827,0.8176332
000000219523.jpg,0.8733004,0.9468085
01632b2621c70f0a.jpg,0.94020593,0.87058824
00022427.jpg,0.65753084,0.6370476
000000281721.jpg,0.6955003,0.6703297
00032557.jpg,0.5485101,0.5077096
00049257.jpg,0.73613816,0.7287596
00047006.jpg,0.7637122,0.6835472
00036222.jpg,0.6064447,0.550329
00028655.jpg,0.61414826,0.6939062
n07849336_22947.jpg,0.7604714,0.75268817
00020637.jpg,0.68907905,0.7987616
00039017.jpg,0.7831405,0.7633074
00055811.jpg,0.7378015,0.8520026
00001103.jpg,0.5927026,0.64209
00054781.jpg,0.75826484,0.777879
00056585.jpg,0.8731807,0.8913746
00052776.jpg,0.75768673,0.834255
00053922.jpg,0.82582587,0.829192
00011066.jpg,0.5801623,0.3847094
00049866.jpg,0.76375705,0.8886828
00034006.jpg,0.6509969,0.6499166
00048330.jpg,0.7898107,0.9417786
00020363.jpg,0.751752,0.7991496
00035376.jpg,0.56233877,0.67567
00004112.jpg,0.73323554,0.7994924
00000977.jpg,0.65135634,0.7267974
00038303.jpg,0.7922986,0.8468286
00002082.jpg,0.7554926,0.8520686
00034030.jpg,0.63758963,0.577707
00029100.jpg,0.77235925,0.8372738
00000120.jpg,0.7950377,0.7753648
00002065.jpg,0.60969895,0.581077
00027286.jpg,0.7584013,0.7534642
00007011.jpg,0.54076636,0.5157706
00041097.jpg,0.768014,0.7727364
00020279.jpg,0.81421906,0.843125
n03790512_8493.jpg,0.72371566,0.7352941
00013651.jpg,0.8613979,0.9040674
00018128.jpg,0.56703526,0.4306628
00007827.jpg,0.6972271,0.8591164
00022015.jpg,0.7643801,0.8907352
00004392.jpg,0.83765346,0.9205504
00027827.jpg,0.7427897,0.7469932
00053653.jpg,0.78174233,0.8246954
00044821.jpg,0.7465975,0.8341956
00024871.jpg,0.57819456,0.5121212
00044971.jpg,0.8019441,0.8921718
00020605.jpg,0.7835874,0.8508968
00035433.jpg,0.67513895,0.6721606
n12345899_20312.jpg,0.71619946,0.8041237
00047178.jpg,0.69669557,0.6757616
n12142085_35169.jpg,0.6424655,0.67346936
00016354.jpg,0.64483875,0.6731168
00010781.jpg,0.7772292,0.776681
00026719.jpg,0.6006415,0.6183854
00013066.jpg,0.83166605,0.8096444
00031662.jpg,0.79084766,0.826451
00001386.jpg,0.59610856,0.3841468
00019140.jpg,0.60024774,0.6876494
00058324.jpg,0.68946505,0.5197692
00057969.jpg,0.7645493,0.7406278
00023042.jpg,0.90197474,0.8951902
00044192.jpg,0.71796584,0.7268198
n02450034_4660.jpg,0.7887589,0.9157895
00003288.jpg,0.75200623,0.8513704
00035373.jpg,0.7822468,0.8063126
00001523.jpg,0.7763872,0.758672
00022990.jpg,0.63852215,0.5594456
00017737.jpg,0.8692059,0.8921254
00032078.jpg,0.60350287,0.5684652
00041078.jpg,0.6974591,0.6525464
00010388.jpg,0.6027781,0.6681106
00042949.jpg,0.7733628,0.7758144
00007714.jpg,0.787951,0.8086886
00019695.jpg,0.6282211,0.562719
00039721.jpg,0.715923,0.8102768
n02793495_6766.jpg,0.6042261,0.5934066
00005817.jpg,0.73802036,0.8103306
00038213.jpg,0.5939032,0.6175656
00015059.jpg,0.722079,0.7564358
00052895.jpg,0.675597,0.8073824
00013941.jpg,0.6424279,0.7013138
00017532.jpg,0.60911226,0.692409
00051121.jpg,0.876437,0.9564102
00057552.jpg,0.71357864,0.7247486
n03541923_3169.jpg,0.7173525,0.8773585
sun_adpbjcrpyetqykvt.jpg,0.6904379,0.7798165
00019520.jpg,0.76280993,0.8601058
00022095.jpg,0.7817071,0.9199432
00014212.jpg,0.8053121,0.788064
00006973.jpg,0.82691425,0.827221
00043308.jpg,0.72575635,0.7612596
00006005.jpg,0.81515014,0.8638288
00042777.jpg,0.77047455,0.6966266
00048581.jpg,0.6569364,0.5814824
00008145.jpg,0.8528498,0.69658
00044475.jpg,0.8080424,0.812059
000000317019.jpg,0.72880715,0.8301887
00015563.jpg,0.8634911,0.920737
n01514859_12538.jpg,0.83474535,0.9240506
00013613.jpg,0.86228865,0.8240922
00007410.jpg,0.77453285,0.8381606
00004531.jpg,0.79325706,0.901341
00038300.jpg,0.5943192,0.3620448
00040600.jpg,0.6815612,0.8318258
00009913.jpg,0.8306599,0.8097626
d204c81c3d1040ba.jpg,0.60376805,0.60638297
00019872.jpg,0.8683455,0.845471
00002762.jpg,0.8480367,0.89672
00026811.jpg,0.83202285,0.8528526
00043079.jpg,0.7182896,0.6662858
n07679356_23943.jpg,0.88408,0.84375
00039259.jpg,0.82291716,0.8126186
n00470966_25103.jpg,0.82893836,0.8938053
00041389.jpg,0.7546722,0.862276
00023456.jpg,0.8690681,0.9200794
00033653.jpg,0.685554,0.6238128
00047516.jpg,0.7754945,0.6660482
00046230.jpg,0.69162846,0.677778
00010570.jpg,0.8257102,0.7792292
00004795.jpg,0.7845876,0.8218652
00046921.jpg,0.7767548,0.7814016
00054205.jpg,0.830218,0.8704878
00037087.jpg,0.48426342,0.5416592
00013976.jpg,0.76725775,0.8395288
00018754.jpg,0.80046874,0.895821
00003570.jpg,0.820322,0.834722
00000964.jpg,0.8247089,0.8886482
n04335435_20838.jpg,0.76305765,0.85858583
00022087.jpg,0.67720914,0.5414518
00005582.jpg,0.78050214,0.8236216
00027495.jpg,0.775762,0.8505644
n04335435_21307.jpg,0.6777303,0.75652176
00030738.jpg,0.7932179,0.8931994
00037398.jpg,0.785687,0.8122146
00021303.jpg,0.7562787,0.7940802
00036695.jpg,0.74567515,0.645043
00024750.jpg,0.7602225,0.8155732
00009955.jpg,0.8039962,0.8981124
00011055.jpg,0.73637885,0.7890594
00045923.jpg,0.7916102,0.627571
00032841.jpg,0.7352298,0.8326618
0bf80b98b70d97f0.jpg,0.7766292,0.82857144
n09421951_19955.jpg,0.61357105,0.5862069
00032900.jpg,0.6976132,0.515934
00014040.jpg,0.76727897,0.7488004
00016140.jpg,0.7163071,0.7536384
00043683.jpg,0.636886,0.6572046
00022146.jpg,0.78087157,0.815978
00050038.jpg,0.9164464,0.9290982
00023199.jpg,0.80745286,0.5939214
00020853.jpg,0.7346651,0.9094834
00032447.jpg,0.77282184,0.7008772
n04465501_3598.jpg,0.78546107,0.8452381
00040270.jpg,0.68065906,0.6520744
00033931.jpg,0.7341302,0.7256062
00012628.jpg,0.60632706,0.5679468
00020346.jpg,0.6966848,0.8252604
00036521.jpg,0.6222099,0.5339268
000000133137.jpg,0.6355543,0.77011496
n02834778_10227.jpg,0.75740594,0.7977528
00048309.jpg,0.5564303,0.6487476
00028536.jpg,0.8664488,0.9688904
00044817.jpg,0.75061125,0.776504
00035913.jpg,0.6127172,0.8267958
00003604.jpg,0.84543127,0.9476292
00043507.jpg,0.78356594,0.8794932
00052092.jpg,0.8118198,0.8061088
00035537.jpg,0.7724755,0.8639904
00018014.jpg,0.8176973,0.8417352
00013016.jpg,0.6913451,0.5419858
00019550.jpg,0.72019655,0.788937
00024288.jpg,0.7418787,0.7451442
00053022.jpg,0.67751837,0.7471616
00024427.jpg,0.80400306,0.8745114
00013000.jpg,0.6793742,0.650637
00028929.jpg,0.67724395,0.553459
00049378.jpg,0.8086653,0.8618526
00054610.jpg,0.81399584,0.836376
00035055.jpg,0.57441795,0.6182682
00006127.jpg,0.7362871,0.9041902
00010613.jpg,0.6858093,0.567961
00014495.jpg,0.9151061,0.9179294
00036627.jpg,0.7655797,0.8099714
00050206.jpg,0.7405078,0.6672048
00052836.jpg,0.76575273,0.7540956
000000529433.jpg,0.7308542,0.84313726
sun_alkjhlciyndwutgg.jpg,0.5721852,0.5824176
00025458.jpg,0.76211154,0.7865234
00036381.jpg,0.71526754,0.8384082
00013870.jpg,0.80911446,0.7817876
00052759.jpg,0.66458803,0.6404556
00045434.jpg,0.62613237,0.6422774
n09472597_15189.jpg,0.65725636,0.6857143
00001590.jpg,0.768887,0.8400926
00051380.jpg,0.8413473,0.861467
00037194.jpg,0.5567279,0.6635762
00018651.jpg,0.7516057,0.6959422
00005614.jpg,0.6441876,0.664884
00017120.jpg,0.85121894,0.8403284
n09308572_4294.jpg,0.6490937,0.53125
00058661.jpg,0.78975135,0.8755546
00020826.jpg,0.7420561,0.753966
00048225.jpg,0.675015,0.6051976
00019522.jpg,0.7126196,0.6618292
00010193.jpg,0.7849607,0.8318358
00005458.jpg,0.6084833,0.4666536
00024400.jpg,0.63105834,0.546997
00027799.jpg,0.6485995,0.6989974
00031839.jpg,0.72562367,0.63218
00006202.jpg,0.72129315,0.6616628
00045617.jpg,0.7631596,0.8249818
00004357.jpg,0.78218466,0.9087904
00044858.jpg,0.7693959,0.8115508
00016095.jpg,0.74014187,0.6073526
00020010.jpg,0.78768075,0.805189
00048758.jpg,0.73892593,0.799516
00016829.jpg,0.78180045,0.7651168
00021491.jpg,0.7818455,0.81933
00045712.jpg,0.766476,0.825184
00012663.jpg,0.4880775,0.5139318
00054831.jpg,0.7578118,0.8176112
00055974.jpg,0.76457137,0.8562546
00049512.jpg,0.689731,0.7082566
00008891.jpg,0.71591264,0.7622124
00013398.jpg,0.8997238,0.9127216
00027856.jpg,0.71590537,0.9347476
00054255.jpg,0.8673733,0.8493176
00008794.jpg,0.66060627,0.5938316
sun_axcrysjbknmdgxyo.jpg,0.5673957,0.6304348
00002839.jpg,0.73050284,0.6452238
n07717556_1608.jpg,0.77071005,0.8787879
b295ce363a6fc653.jpg,0.8052587,0.8
00025409.jpg,0.6924865,0.7134392
00030968.jpg,0.6329256,0.5342126
00011577.jpg,0.75477463,0.8392222
000000207913.jpg,0.72100323,0.85858583
00040321.jpg,0.76191276,0.8049904
00058547.jpg,0.89364415,0.8686508
00041782.jpg,0.802879,0.8989738
000000478344.jpg,0.7834575,0.8348624
00009964.jpg,0.7767937,0.7849724
00053733.jpg,0.6047134,0.7354166
00009966.jpg,0.88137263,0.9125306
00019904.jpg,0.8682768,0.8573396
00032778.jpg,0.5774226,0.5546046
00057774.jpg,0.7510579,0.8025118
00058307.jpg,0.5526867,0.5465018
cde9f1472b95e07f.jpg,0.9264919,0.86206895
00051707.jpg,0.6775407,0.7565132
00044485.jpg,0.7218264,0.7211334
00056721.jpg,0.70263994,0.7264092
00021105.jpg,0.81162333,0.710036
00006193.jpg,0.7157791,0.8313742
00024899.jpg,0.61792916,0.592069
00022485.jpg,0.75980633,0.8919122
n09288635_1959.jpg,0.64229286,0.6666667
00039422.jpg,0.8342618,0.7848426
00015115.jpg,0.84613603,0.8946228
00038917.jpg,0.70281816,0.6372408
n07696839_12607.jpg,0.8123277,0.8773585
00031496.jpg,0.85150343,0.9258068
00015755.jpg,0.88869315,0.8680732
00057845.jpg,0.84516436,0.8301952
00027761.jpg,0.70018554,0.518802
00035257.jpg,0.6963343,0.7231584
00017724.jpg,0.5447831,0.5626478
00032782.jpg,0.89190197,0.9299256
00030964.jpg,0.832623,0.9002862
5fe2bb05a90424f4.jpg,0.6876348,0.79611653
00038233.jpg,0.6693506,0.7891388
00030926.jpg,0.67335206,0.7793102
00015874.jpg,0.73671675,0.8511842
00033236.jpg,0.7394448,0.7730418
00036492.jpg,0.7308888,0.6271832
00007174.jpg,0.85110754,0.9728586
00057962.jpg,0.8485727,0.8287792
00019203.jpg,0.72226053,0.831065
00010735.jpg,0.8277863,0.7830896
00056973.jpg,0.6243531,0.785191
sun_azskkbpdayjlqhjm.jpg,0.66359353,0.5851064
00001992.jpg,0.80882007,0.6985946
00022393.jpg,0.7817851,0.8717596
00031902.jpg,0.5377352,0.6058836
00007704.jpg,0.6530142,0.7162482
00018699.jpg,0.57599354,0.4517944
00048830.jpg,0.67273766,0.5896832
00038042.jpg,0.6769394,0.6122094
00037915.jpg,0.7680258,0.7865236
00030974.jpg,0.73110074,0.6916728
00040553.jpg,0.75320953,0.6411532
00036155.jpg,0.71983737,0.683856
00016963.jpg,0.79887706,0.8474054
00041722.jpg,0.77297384,0.8150496
00047315.jpg,0.68052256,0.7397248
00028312.jpg,0.66805404,0.7343408
00035117.jpg,0.5848994,0.617405
00011467.jpg,0.71545774,0.5786942
00026478.jpg,0.7745039,0.7871496
00051374.jpg,0.797002,0.949104
00031791.jpg,0.8692087,0.9080342
n04467665_3303.jpg,0.6972821,0.6703297
00003223.jpg,0.8695996,0.8563156
n07911677_339.jpg,0.83669704,0.8736842
00044923.jpg,0.83245414,0.6284152
00006589.jpg,0.7458381,0.7935022
00056100.jpg,0.7318005,0.5897994
00041190.jpg,0.68204266,0.638834
a31b4795bd65b914.jpg,0.78404015,0.85148513
00024241.jpg,0.7726861,0.6535574
574901d78c34e0a8.jpg,0.727878,0.75
00028224.jpg,0.7855657,0.7384588
00037086.jpg,0.67703104,0.6870624
00016152.jpg,0.7575005,0.8160802
00015024.jpg,0.7485135,0.720972
00042650.jpg,0.65929896,0.6613258
n07801091_63866.jpg,0.5476718,0.7614679
4592a320b99460e2.jpg,0.7792346,0.9126214
00047982.jpg,0.705246,0.7365752
00001933.jpg,0.75920445,0.758004
n03512147_5820.jpg,0.7957646,0.8235294
000000387876.jpg,0.7374125,0.83157897
00038191.jpg,0.7620304,0.8737924
00053454.jpg,0.53910196,0.5138674
n03791053_19618.jpg,0.755837,0.8019802
00024570.jpg,0.84565914,0.8594736
00048587.jpg,0.6254674,0.5629362
00056331.jpg,0.7425013,0.7056236
00000556.jpg,0.67387515,0.6280534
00007270.jpg,0.8596038,0.8776922
00019889.jpg,0.77967054,0.8527084
00054435.jpg,0.71701604,0.720965
00044110.jpg,0.5688278,0.7197954
00030676.jpg,0.7711585,0.869885
00040675.jpg,0.6524814,0.7742636
000000063485.jpg,0.82372016,0.87096775
00046751.jpg,0.6508932,0.6754986
00040506.jpg,0.7580603,0.851049
00057364.jpg,0.7921865,0.8089826
00040307.jpg,0.76587886,0.828111
00057881.jpg,0.78977114,0.8459736
00000358.jpg,0.78365856,0.8661976
00004231.jpg,0.61279535,0.7321022
00017236.jpg,0.861065,0.855454
00030145.jpg,0.621584,0.6473052
00052646.jpg,0.87158746,0.736312
00029749.jpg,0.7793589,0.6805154
00036073.jpg,0.73292047,0.8000106
n07849336_20003.jpg,0.77981,0.74712646
00025313.jpg,0.66581357,0.6136814
00051749.jpg,0.8050348,0.8149122
00016424.jpg,0.7952293,0.75813
00047873.jpg,0.7196899,0.7003862
00038676.jpg,0.6573101,0.4870298
00042144.jpg,0.6610799,0.6253044
n09288635_10214.jpg,0.74711627,0.8372093
00017350.jpg,0.5962,0.6213444
00027662.jpg,0.8343881,0.7984828
00014078.jpg,0.5596763,0.6032066
00038910.jpg,0.7146252,0.6979454
00019689.jpg,0.8648575,0.7535152
00009158.jpg,0.8220193,0.8480856
00042676.jpg,0.667926,0.7111138
00036738.jpg,0.70435196,0.7667246
00030590.jpg,0.6217542,0.675854
00020834.jpg,0.7809053,0.7190932
00036622.jpg,0.64242965,0.7172656
00052615.jpg,0.7094486,0.7357344
00043926.jpg,0.7754926,0.7767716
00031848.jpg,0.8133628,0.8637844
00036813.jpg,0.66889465,0.6789418
n07838073_5903.jpg,0.8194543,0.74766356
00032158.jpg,0.75292534,0.7414664
00048543.jpg,0.6999873,0.7882138
00023881.jpg,0.86885256,0.885403
00019499.jpg,0.68225193,0.7524232
00015134.jpg,0.7425917,0.7013718
00048410.jpg,0.62159395,0.6455606
00023698.jpg,0.7257915,0.7504428
00052370.jpg,0.8098257,0.64
00048033.jpg,0.60227466,0.7818642
00000537.jpg,0.6938889,0.6817936
00054085.jpg,0.7679556,0.5301598
00000377.jpg,0.695687,0.7090476
00054996.jpg,0.88890535,0.9217556
00000280.jpg,0.80786353,0.9145716
00031050.jpg,0.846526,0.8337602
00022265.jpg,0.8545929,0.8282224
00056483.jpg,0.7839806,0.569432
00032319.jpg,0.83826536,0.7540792
00036017.jpg,0.85974383,0.8815312
00042338.jpg,0.78098845,0.800413
00027658.jpg,0.79008925,0.8201862
00046910.jpg,0.7587951,0.6740788
00033793.jpg,0.6045842,0.624192
00034516.jpg,0.65623933,0.8033896
00054373.jpg,0.8899726,0.787363
00057456.jpg,0.79941285,0.8147222
00009225.jpg,0.7970377,0.9154686
00035278.jpg,0.66439795,0.6470616
00023580.jpg,0.7477214,0.6849824
00036652.jpg,0.6819485,0.6257852
00026961.jpg,0.9370764,0.9662832
1a00488e3f3dcd42.jpg,0.80366415,0.83908045
n07679356_29552.jpg,0.86341375,0.8828829
00054807.jpg,0.7835843,0.920754
00009386.jpg,0.6612128,0.6024076
00017681.jpg,0.6618694,0.6664722
00009434.jpg,0.77525455,0.7021208
000000097778.jpg,0.7469846,0.7078652
00010027.jpg,0.58946455,0.547304
00039015.jpg,0.8108102,0.6583944
n07717556_427.jpg,0.830508,0.9313725
00044461.jpg,0.70522714,0.6693894
00028533.jpg,0.739316,0.7438112
00026701.jpg,0.72956073,0.8068424
813c63e15bffdef1.jpg,0.5960648,0.70212764
00034156.jpg,0.6517102,0.7519138
00035627.jpg,0.68897414,0.7321922
00014844.jpg,0.6045689,0.631131
00049188.jpg,0.79348063,0.8287156
00051488.jpg,0.7641664,0.8644634
00003620.jpg,0.6647136,0.5537472
00005622.jpg,0.78635114,0.8698436
000000455960.jpg,0.7452832,0.7227723
00015706.jpg,0.84301406,0.8058992
00021691.jpg,0.7917636,0.818594
00044169.jpg,0.6752717,0.6719812
00054867.jpg,0.6961663,0.6449124
00053772.jpg,0.7340532,0.7966206
00036473.jpg,0.61898744,0.6969578
00021417.jpg,0.70122045,0.6182084
00015207.jpg,0.73026174,0.724372
00032270.jpg,0.79721826,0.7843058
000000339295.jpg,0.82750267,0.95454544
00020695.jpg,0.607851,0.5160752
00048236.jpg,0.7654521,0.782358
00017667.jpg,0.7956763,0.7786794
00025080.jpg,0.7195962,0.7394686
00030285.jpg,0.8159079,0.857521
n01811909_4089.jpg,0.8179386,0.89
n09288635_3580.jpg,0.6581799,0.6145833
00026416.jpg,0.7224674,0.7980124
00052197.jpg,0.6724816,0.743059
00044487.jpg,0.7894013,0.9240926
00040517.jpg,0.6953685,0.6149176
00042299.jpg,0.84095293,0.8727212
00009482.jpg,0.6429776,0.6448054
00022727.jpg,0.799564,0.7651804
00009489.jpg,0.7887322,0.7706872
00019273.jpg,0.55151033,0.512344
00015139.jpg,0.70637316,0.8126272
00030371.jpg,0.8968063,0.9013566
00009799.jpg,0.8979213,0.859712
00005263.jpg,0.75133276,0.7082566
00001468.jpg,0.912031,0.9406354
00011494.jpg,0.4935122,0.4136948
n04166281_2596.jpg,0.8092008,0.74336284
00039596.jpg,0.7661466,0.64337
00049662.jpg,0.59997326,0.6365666
00033962.jpg,0.6438005,0.68648
00057827.jpg,0.8558235,0.926959
00055155.jpg,0.7510228,0.765438
00014277.jpg,0.5283607,0.4973428
00003569.jpg,0.60516614,0.7447546
n07838073_7168.jpg,0.82041734,0.8255814
00048468.jpg,0.6740259,0.660358
00046113.jpg,0.6679239,0.7659834
00022356.jpg,0.7584993,0.7879412
00003248.jpg,0.81013715,0.8579984
00039743.jpg,0.5924367,0.6912816
00027393.jpg,0.86967,0.8086366
00042406.jpg,0.79209036,0.7277208
00022542.jpg,0.72160774,0.7403988
00056204.jpg,0.7266837,0.8226294
00043703.jpg,0.7799454,0.7775912
n07711569_6094.jpg,0.79870903,0.8020833
00022864.jpg,0.82702196,0.890723
00018171.jpg,0.63785744,0.5690538
00039865.jpg,0.7248214,0.7384422
00008576.jpg,0.7754916,0.7934774
00058500.jpg,0.6481978,0.8799552
00057000.jpg,0.8429438,0.8778224
00014730.jpg,0.7844288,0.9086218
00043904.jpg,0.64739686,0.692667
00001644.jpg,0.78840744,0.7583222
00014818.jpg,0.73480135,0.6115134
00046678.jpg,0.7861162,0.6966986
00015420.jpg,0.82025,0.7802896
00025681.jpg,0.8097725,0.822924
00006874.jpg,0.6849164,0.6883334
n07697537_15718.jpg,0.8883687,0.8791209
00025305.jpg,0.6266656,0.3598452
n01846331_10856.jpg,0.6857373,0.5744681
sun_aebcvprafheupjve.jpg,0.5670832,0.6632653
00049773.jpg,0.8064688,0.8909708
00008538.jpg,0.7709011,0.6555764
00031515.jpg,0.77268493,0.8278214
n07711569_4347.jpg,0.83764166,0.85294116
00023647.jpg,0.77624476,0.6956792
n04166281_4636.jpg,0.77287894,0.7117117
00011757.jpg,0.72071624,0.810024
00027319.jpg,0.7403379,0.8840586
00031682.jpg,0.7368424,0.5588318
00046394.jpg,0.70913947,0.7693688
00040511.jpg,0.81959534,0.8485184
n09217230_2326.jpg,0.5448822,0.5769231
00030362.jpg,0.686368,0.7482998
00001870.jpg,0.8151925,0.934916
00023724.jpg,0.8989362,0.8967504
00009057.jpg,0.7980488,0.8905982
00050261.jpg,0.7653786,0.7290436
00013395.jpg,0.9038635,0.8611132
00033122.jpg,0.7364743,0.7679092
000000117417.jpg,0.77996784,0.8105263
00020120.jpg,0.7126072,0.819504
00038391.jpg,0.702227,0.8472146
00040322.jpg,0.62589735,0.6575022
00024303.jpg,0.72845954,0.547722
00051679.jpg,0.7932225,0.758722
00046282.jpg,0.837299,0.9262512
00022238.jpg,0.6613751,0.80024
00010847.jpg,0.7222609,0.8402922
n02946348_29473.jpg,0.6255001,0.65
c658026260b5ba62.jpg,0.73923475,0.682243
00029461.jpg,0.6941883,0.6952806
00035506.jpg,0.6508566,0.5195128
00019859.jpg,0.68915635,0.7109748
00055534.jpg,0.8291759,0.852812
00028965.jpg,0.5661385,0.7151342
00000647.jpg,0.6992933,0.7527426
00049469.jpg,0.72963923,0.6509562
n04335435_1624.jpg,0.6945606,0.7373737
00037598.jpg,0.652363,0.6227696
000000343264.jpg,0.8016967,0.8484849
00057672.jpg,0.71692574,0.8266904
00027424.jpg,0.71103644,0.746368
00047229.jpg,0.7627087,0.6987814
00002055.jpg,0.79382086,0.7570066
00023994.jpg,0.81855744,0.8274184
00051085.jpg,0.8973352,0.764852
00005271.jpg,0.655113,0.3959258
00017407.jpg,0.7932636,0.8470788
00013391.jpg,0.6760714,0.8497176
00019702.jpg,0.68787736,0.6932596
00051399.jpg,0.79629016,0.775329
00031361.jpg,0.684179,0.7279512
00048061.jpg,0.69965756,0.7232826
sun_aasvwavwelwxbdwa.jpg,0.6722033,0.71428573
00009281.jpg,0.6897212,0.6560962
00007617.jpg,0.78585225,0.9008312
00038397.jpg,0.65063584,0.5630812
00041453.jpg,0.7280043,0.7846876
00001249.jpg,0.8688342,0.8987144
00041979.jpg,0.8253811,0.8857352
00047374.jpg,0.76203066,0.62299
000000495523.jpg,0.7516625,0.7326733
00021037.jpg,0.8472033,0.8979072
n07654148_13790.jpg,0.85405165,0.7821782
00036328.jpg,0.6419938,0.471661
00001152.jpg,0.7008442,0.6893872
00008177.jpg,0.8459092,0.8249208
00035026.jpg,0.79478806,0.8162054
00032609.jpg,0.5783435,0.680739
000000310683.jpg,0.79646045,0.7757009
n04252077_5929.jpg,0.7009127,0.6320755
00047715.jpg,0.6654228,0.6801078
00041998.jpg,0.7519971,0.7900586
00048742.jpg,0.58682644,0.5377614
00043249.jpg,0.73912126,0.8212118
00007638.jpg,0.7023966,0.7857596
00016119.jpg,0.6820614,0.7375416
sun_arauaqcrycofkrba.jpg,0.66085804,0.78571427
n02691156_3472.jpg,0.61404157,0.62637365
00004097.jpg,0.7235198,0.7919896
00009588.jpg,0.8184628,0.888766
00037585.jpg,0.7457542,0.6675156
00020015.jpg,0.94140434,0.8800046
00008592.jpg,0.815216,0.7844974
00018314.jpg,0.60426676,0.5844098
00028502.jpg,0.6350483,0.6004342
00031376.jpg,0.7878079,0.7201396
00023906.jpg,0.72870374,0.825336
00042606.jpg,0.755449,0.8116972
00050600.jpg,0.6437744,0.6059092
00033478.jpg,0.7874722,0.7900628
000000195510.jpg,0.6671725,0.68041235
00027559.jpg,0.8264042,0.8583714
00050605.jpg,0.67328733,0.8235762
n03791053_16385.jpg,0.7738231,0.8333333
00057095.jpg,0.8190569,0.807625
00050040.jpg,0.7481462,0.810134
00044779.jpg,0.56994194,0.49668
00052178.jpg,0.8167557,0.8979628
00001126.jpg,0.76589376,0.6087248
00023073.jpg,0.73411125,0.807476
00031573.jpg,0.54163325,0.5477358
00011207.jpg,0.74415165,0.5718972
00040508.jpg,0.77326953,0.7894168
00058280.jpg,0.91036433,0.9184748
00046863.jpg,0.72719365,0.809447
00019475.jpg,0.8626668,0.8567346
00038234.jpg,0.69102716,0.7830532
0c986f4c7d7610b3.jpg,0.77654535,0.7075472
00041576.jpg,0.78074676,0.6873492
00052790.jpg,0.8306801,0.7589998
00046170.jpg,0.89998513,0.9513912
00040676.jpg,0.7799588,0.7483026
00020367.jpg,0.79747605,0.7235558
00019605.jpg,0.82318366,0.9670576
00011261.jpg,0.6051782,0.4676326
00054898.jpg,0.73041457,0.7068356
sun_audjilpcqqrkmxbf.jpg,0.6593077,0.64761907
00037813.jpg,0.57418036,0.4639722
7cc59958b7c5b5a3.jpg,0.7750254,0.84615386
00049383.jpg,0.68766963,0.7833322
00011634.jpg,0.81074446,0.8616278
00033713.jpg,0.7235475,0.7482942
00041497.jpg,0.7357774,0.8587768
00050272.jpg,0.6122061,0.582061
00054217.jpg,0.82364136,0.9179146
00051921.jpg,0.7407678,0.7164246
00018461.jpg,0.8746641,0.931926
00042129.jpg,0.7271792,0.597517
00019016.jpg,0.83831877,0.9360006
00009324.jpg,0.6920832,0.7971534
00046594.jpg,0.59820664,0.5581332
00038580.jpg,0.7083702,0.6594692
00029999.jpg,0.9658914,0.9330038
00005258.jpg,0.7388244,0.8945624
00049305.jpg,0.66272676,0.7231542
00012592.jpg,0.6830071,0.5689232
00014707.jpg,0.6717266,0.7568468
n02834778_11107.jpg,0.740091,0.7757009
00056118.jpg,0.68175465,0.7553198
00015740.jpg,0.6004548,0.7220138
00039530.jpg,0.7594154,0.691813
00012694.jpg,0.794416,0.8094194
00013492.jpg,0.72188276,0.6246044
00003275.jpg,0.78700423,0.8084498
00019474.jpg,0.8030285,0.80142
00014691.jpg,0.76663095,0.8356118
00058041.jpg,0.5799394,0.5788262
00057722.jpg,0.7624242,0.7899788
00047817.jpg,0.7964863,0.8039144
00027804.jpg,0.7858438,0.776256
00019403.jpg,0.7429971,0.6392294
00017211.jpg,0.71030354,0.639302
00005423.jpg,0.5606771,0.541905
00044191.jpg,0.6798304,0.6940064
00021182.jpg,0.69111145,0.700007
n02793495_8006.jpg,0.64824295,0.66964287
00000937.jpg,0.80549365,0.7111928
n04461696_5154.jpg,0.73326546,0.81632656
00027730.jpg,0.8135059,0.8540168
00057637.jpg,0.79303116,0.8505984
00023320.jpg,0.8389302,0.8505476
000000233383.jpg,0.7762951,0.79646015
00042480.jpg,0.61319095,0.6246142
00011861.jpg,0.7503856,0.7555812
00009428.jpg,0.7475478,0.723611
00009148.jpg,0.76006395,0.8418814
00042722.jpg,0.8195166,0.8088754
00032736.jpg,0.7651945,0.9009968
00055818.jpg,0.8604221,0.865884
00050252.jpg,0.7549033,0.765499
00009641.jpg,0.83061284,0.7901374
00015805.jpg,0.7682087,0.8359926
00047654.jpg,0.7755694,0.8031052
00032561.jpg,0.7419479,0.8875486
00052470.jpg,0.8746498,0.8734698
00015338.jpg,0.93702966,0.9355888
00005363.jpg,0.8474143,0.9216706
00035929.jpg,0.75534415,0.749258
00029731.jpg,0.76811165,0.8106158
00041437.jpg,0.8181198,0.7708468
084d9b0d21b5de75.jpg,0.7453261,0.68686867
00004622.jpg,0.75194055,0.789713
00027111.jpg,0.8407629,0.8887846
00036359.jpg,0.691814,0.6417966
n04610013_4829.jpg,0.70904803,0.72043014
00031246.jpg,0.7332414,0.7932534
00043669.jpg,0.7584409,0.8361898
00043969.jpg,0.7627757,0.8556386
00008666.jpg,0.7949042,0.8287848
00055346.jpg,0.5868826,0.5296318
00054780.jpg,0.8189212,0.8719712
00010805.jpg,0.86763364,0.8023846
00019263.jpg,0.84042645,0.778648
00046630.jpg,0.7011204,0.6912566
00005251.jpg,0.741963,0.8364978
00013261.jpg,0.74730366,0.713508
00037343.jpg,0.7070711,0.6357068
00045879.jpg,0.7231358,0.6828306
00019627.jpg,0.7768848,0.7883926
00006579.jpg,0.7455671,0.6539576
00034135.jpg,0.70256364,0.775839
00023481.jpg,0.9157224,0.9328078
n07911677_4002.jpg,0.8438835,0.9405941
00053471.jpg,0.76158655,0.7668696
00005220.jpg,0.7506888,0.8925218
00024274.jpg,0.82376546,0.9091842
00022379.jpg,0.7508923,0.7494884
00004522.jpg,0.8507414,0.899087
00002531.jpg,0.8538131,0.898265
00043421.jpg,0.76077384,0.8155282
00033457.jpg,0.7667964,0.8344994
00036747.jpg,0.584579,0.6396892
00019295.jpg,0.79438245,0.887173
00013359.jpg,0.7328384,0.7968418
00035185.jpg,0.577129,0.5626794
00005846.jpg,0.6828289,0.6149498
00014487.jpg,0.81070125,0.8946358
00041035.jpg,0.80817443,0.8229894
00040125.jpg,0.7641939,0.7855224
00013453.jpg,0.82175124,0.9485572
00014437.jpg,0.771256,0.7126872
n09359803_32774.jpg,0.5660958,0.5
00056904.jpg,0.74451333,0.809556
00054298.jpg,0.90345293,0.881
00054842.jpg,0.5464298,0.4517894
00022579.jpg,0.5677252,0.6008636
00008209.jpg,0.79705805,0.8409194
00002666.jpg,0.8299846,0.854135
00026494.jpg,0.64188933,0.6284044
00009701.jpg,0.69950336,0.7527798
00029906.jpg,0.7906803,0.848171
n03351262_797.jpg,0.6638489,0.4939759
00037381.jpg,0.69979674,0.6413258
00052422.jpg,0.7588368,0.9268912
00018020.jpg,0.5607117,0.5866632
00042895.jpg,0.6646119,0.665995
000000092529.jpg,0.7258872,0.75247526
00026140.jpg,0.65527946,0.467005
00054384.jpg,0.9177522,0.8472094
00040051.jpg,0.7438037,0.7968406
00034170.jpg,0.5734039,0.4957964
00038177.jpg,0.64100367,0.5474402
00010765.jpg,0.6996237,0.62604
00007273.jpg,0.862869,0.8222542
00038520.jpg,0.6518264,0.7021296
00023398.jpg,0.737414,0.5943858
00044496.jpg,0.63955826,0.6537976
00044008.jpg,0.77173775,0.7997258
00032637.jpg,0.76700443,0.8224226
00055664.jpg,0.872327,0.889186
00045430.jpg,0.79543453,0.7966118
00041086.jpg,0.7641455,0.6896746
00013125.jpg,0.6964124,0.6150948
00035701.jpg,0.5547631,0.6918106
000000121677.jpg,0.7309434,0.7326733
00048563.jpg,0.7635729,0.8924952
00020162.jpg,0.79614466,0.8409512
00057829.jpg,0.8309962,0.8378512
00009569.jpg,0.6038037,0.7705392
00054381.jpg,0.68552357,0.5617832
n09468604_31008.jpg,0.5635499,0.677686
e061fc5f81bad945.jpg,0.7894413,0.85046726
00045048.jpg,0.7364438,0.7628136
00022139.jpg,0.64444894,0.7970214
00042768.jpg,0.8119611,0.8295798
047e27b8589517a4.jpg,0.77134377,0.7368421
00053860.jpg,0.7342971,0.6650718
00030056.jpg,0.7524932,0.7733716
00037148.jpg,0.5848995,0.4583292
00029319.jpg,0.614017,0.5240414
00035587.jpg,0.7555241,0.7236356
00024594.jpg,0.65915895,0.8461994
00023041.jpg,0.7538344,0.7834938
00013563.jpg,0.57634705,0.6247502
00054444.jpg,0.7085255,0.7263526
00036735.jpg,0.6908693,0.6542026
n09468604_26256.jpg,0.613531,0.712963
00020161.jpg,0.5706544,0.5460526
00005849.jpg,0.71551335,0.6916244
00052405.jpg,0.8976378,0.9117942
000000380325.jpg,0.76311433,0.7977528
00010210.jpg,0.7171463,0.7782714
00003647.jpg,0.82949066,0.8516384
00008107.jpg,0.58107364,0.5576686
00054505.jpg,0.8207733,0.8104648
00022525.jpg,0.7056544,0.8089674
00000132.jpg,0.74557173,0.6164966
00042729.jpg,0.6958353,0.773368
00006014.jpg,0.81409985,0.9576846
00033999.jpg,0.7703416,0.6096872
00038146.jpg,0.6703641,0.7323512
sun_aazwxarwchtbkpuq.jpg,0.6199441,0.72115386
00007456.jpg,0.7994823,0.8212998
00033213.jpg,0.78712314,0.8874584
00037246.jpg,0.64459294,0.5062648
00014848.jpg,0.6912098,0.7487848
00001431.jpg,0.81101364,0.9196404
00011297.jpg,0.7685469,0.7079172
5d8c99f560208989.jpg,0.75214,0.6966292
00032553.jpg,0.66945064,0.7393526
00032496.jpg,0.88375276,0.956057
00032014.jpg,0.63621795,0.4320224
00005741.jpg,0.7821658,0.728493
00038989.jpg,0.69711435,0.7330474
db65aaa975ba7c84.jpg,0.61546254,0.64
00020080.jpg,0.7933946,0.8696016
00043851.jpg,0.74806464,0.852637
00021783.jpg,0.63354194,0.7599652
00033954.jpg,0.6784298,0.6772004
00003513.jpg,0.6660491,0.7058594
28493888abaf73e4.jpg,0.63247895,0.597561
00002206.jpg,0.8657035,0.9075142
00012153.jpg,0.79185027,0.7965354
00055991.jpg,0.84144545,0.9118472
00015564.jpg,0.74208426,0.763773
n02793495_7388.jpg,0.7059114,0.7263158
00051047.jpg,0.6583332,0.7327102
00009166.jpg,0.6649135,0.6750484
00031349.jpg,0.6263906,0.7146046
00030684.jpg,0.8604229,0.8059862
00044402.jpg,0.69933146,0.7005522
00033560.jpg,0.62374216,0.5061008
00029441.jpg,0.78031677,0.840237
00032619.jpg,0.7896085,0.830816
00054649.jpg,0.77262884,0.6748428
00008579.jpg,0.9035192,0.864237
00015388.jpg,0.71074235,0.647528
00012746.jpg,0.81401414,0.8440478
00052477.jpg,0.6836155,0.8020562
00040961.jpg,0.76609796,0.7673112
00048035.jpg,0.6923338,0.641644
00002339.jpg,0.73502725,0.8591642
00002516.jpg,0.7815491,0.8208504
00034097.jpg,0.6459745,0.665987
n07880968_2001.jpg,0.7955062,0.86238533
00024680.jpg,0.56847286,0.5639842
00058594.jpg,0.62598187,0.6006466
00028855.jpg,0.8724249,0.8664116
00047239.jpg,0.6691904,0.6171878
00050332.jpg,0.7376305,0.691246
00017454.jpg,0.60190284,0.5278384
00037182.jpg,0.6572027,0.5730836
00036994.jpg,0.68351686,0.703001
00025189.jpg,0.77325034,0.8557932
00016592.jpg,0.81914514,0.7963082
00004729.jpg,0.765006,0.6521382
00029292.jpg,0.8034244,0.8100592
00021238.jpg,0.6170939,0.605841
000000447464.jpg,0.77026963,0.8613861
00056429.jpg,0.6507679,0.6763542
00019253.jpg,0.7604297,0.7900344
00039643.jpg,0.75496346,0.8015706
00055800.jpg,0.60417384,0.6791776
00028703.jpg,0.58408284,0.5546818
00052964.jpg,0.8042718,0.9574804
00010702.jpg,0.8165539,0.852334
00057404.jpg,0.8306671,0.898976
00024817.jpg,0.58467203,0.6273994
ec79dfe1948600e6.jpg,0.847014,0.78571427
00050423.jpg,0.5651647,0.587501
00048804.jpg,0.8211711,0.9232242
00051465.jpg,0.6086645,0.610841
00031894.jpg,0.80707335,0.8576302
00053095.jpg,0.688336,0.7224874
00031133.jpg,0.7765195,0.781365
sun_ahvfcrleejszjfde.jpg,0.4913556,0.36290324
00007282.jpg,0.534359,0.4642168
00029049.jpg,0.6455307,0.6419864
93be4359f8558611.jpg,0.7486906,0.81
00011773.jpg,0.6841374,0.6538556
00036945.jpg,0.6597425,0.7297366
00043373.jpg,0.7348767,0.7088768
00056655.jpg,0.7239569,0.7232498
00013282.jpg,0.6719017,0.6595968
00000533.jpg,0.81709105,0.8286256
00043678.jpg,0.72304505,0.8613126
00015685.jpg,0.7546528,0.6902934
00024157.jpg,0.75188994,0.6248518
00053438.jpg,0.754253,0.7148014
00016532.jpg,0.7707676,0.8492836
00013788.jpg,0.71129197,0.6891196
00048320.jpg,0.8096724,0.8170588
00035874.jpg,0.5791892,0.605284
n04461696_5739.jpg,0.7488703,0.6792453
00006306.jpg,0.82117695,0.7618796
n02924116_33540.jpg,0.7640669,0.8313253
000000158536.jpg,0.7634182,0.8181818
00039050.jpg,0.7700189,0.7260234
00052971.jpg,0.89007515,0.9243242
00001423.jpg,0.7767852,0.7888588
00053416.jpg,0.66674376,0.669109
00048291.jpg,0.76235265,0.7134098
00003754.jpg,0.6834624,0.7265068
00048933.jpg,0.69800556,0.6804452
000000187509.jpg,0.81251985,0.85106385
00010384.jpg,0.77193326,0.787451
00037378.jpg,0.700032,0.717508
00023050.jpg,0.65742326,0.6808754
n04461696_4760.jpg,0.685359,0.57425743
00052770.jpg,0.84765047,0.902106
00005426.jpg,0.86563915,0.7662816
n09303008_21456.jpg,0.57791394,0.61904764
00033197.jpg,0.7879904,0.9326728
00029655.jpg,0.6997801,0.7457142
n07863374_17966.jpg,0.7843378,0.8636364
00008231.jpg,0.82798386,0.8472062
000000047406.jpg,0.70866245,0.6770833
n09288635_9839.jpg,0.71928525,0.7196262
n02396427_22536.jpg,0.7998907,0.7980769
00006513.jpg,0.6785609,0.7114636
00056505.jpg,0.8225599,0.8926576
00026110.jpg,0.6103884,0.7356854
00000960.jpg,0.73009187,0.7082184
00058691.jpg,0.62519157,0.7225914
00018997.jpg,0.88400584,0.8817572
00058308.jpg,0.589912,0.7317266
00035812.jpg,0.57606924,0.5108938
00013703.jpg,0.60357505,0.5836298
00022532.jpg,0.68360186,0.6755808
00004253.jpg,0.76817304,0.7976538
00043045.jpg,0.7397158,0.7701696
00050295.jpg,0.7807371,0.8460194
00007891.jpg,0.61361176,0.483796
00027287.jpg,0.65959436,0.5566274
00027854.jpg,0.76073736,0.7192122
00034838.jpg,0.73167354,0.8025054
00049914.jpg,0.7959551,0.8943082
00053448.jpg,0.8442489,0.86045
n00445351_6286.jpg,0.8466857,0.84158415
000000159196.jpg,0.7478729,0.5625
00045313.jpg,0.75476944,0.5078024
00030315.jpg,0.72678816,0.8744222
d618126511c46c91.jpg,0.5651405,0.50476193
000000579885.jpg,0.7655055,0.8446602
00042615.jpg,0.74149066,0.7429812
00008904.jpg,0.712519,0.7344296
00048879.jpg,0.56314355,0.6670766
00002067.jpg,0.7299266,0.7740336
00012710.jpg,0.5335624,0.6021646
00005450.jpg,0.64335597,0.7335652
00038106.jpg,0.7364125,0.899406
00046506.jpg,0.64927447,0.690622
00017045.jpg,0.71124667,0.8121004
00053544.jpg,0.61364263,0.5892954
n02396427_259.jpg,0.78793514,0.68421054
00039239.jpg,0.6877019,0.723445
00057153.jpg,0.7741107,0.8061642
00042685.jpg,0.74057513,0.7660936
00012626.jpg,0.7550228,0.8037628
00016327.jpg,0.80319935,0.9481084
00005378.jpg,0.83520883,0.7497114
00051553.jpg,0.78944224,0.7121132
00018556.jpg,0.6579042,0.7063802
00017268.jpg,0.8109107,0.8913796
00016490.jpg,0.643182,0.7115246
00039209.jpg,0.6688391,0.5995058
00026630.jpg,0.7572563,0.6738406
00036804.jpg,0.57491106,0.5682604
n02924116_46565.jpg,0.7765383,0.8113208
00053806.jpg,0.7411948,0.8836368
sun_aoikosjowjxkztio.jpg,0.5806226,0.46296296
00009175.jpg,0.88390183,0.874857
00014317.jpg,0.82047975,0.8968116
00057708.jpg,0.8492031,0.893363
00057326.jpg,0.65541184,0.7452334
00057447.jpg,0.8425944,0.9204762
00049672.jpg,0.9189102,0.9342356
00031249.jpg,0.7824437,0.8636692
000000421986.jpg,0.7430589,0.8255814
00018462.jpg,0.7196124,0.7560602
00018636.jpg,0.67377114,0.6564076
00046199.jpg,0.6347933,0.7276632
n04349306_8199.jpg,0.7692247,0.8518519
00036449.jpg,0.83763784,0.9391618
00011800.jpg,0.72341263,0.7827772
00006845.jpg,0.79723984,0.848973
00011530.jpg,0.56669927,0.6089896
00006838.jpg,0.78224343,0.7828602
00035641.jpg,0.6299587,0.6063808
00050085.jpg,0.64991254,0.781974
00037352.jpg,0.6269106,0.56728
00031513.jpg,0.73472893,0.8509772
00031834.jpg,0.8073539,0.7850166
00050378.jpg,0.90444696,0.9317188
00045895.jpg,0.77883357,0.8095942
00054899.jpg,0.8619867,0.9070026
00021130.jpg,0.81107694,0.7554322
00036271.jpg,0.62865853,0.6539166
00029183.jpg,0.7250318,0.8326612
00006910.jpg,0.8574993,0.8665788
00047255.jpg,0.7508543,0.6793998
00014773.jpg,0.7596603,0.7172204
n02129165_1455.jpg,0.83644885,0.88372093
n09288635_13197.jpg,0.6611426,0.70642203
n02342885_13371.jpg,0.8704772,0.94623655
00051005.jpg,0.771551,0.9395508
00031854.jpg,0.65881276,0.385698
n03384352_4888.jpg,0.7992335,0.85714287
00025769.jpg,0.82512146,0.870597
00051209.jpg,0.71402305,0.813903
00040694.jpg,0.8336751,0.810477
00052516.jpg,0.7355113,0.8102506
n07838073_12587.jpg,0.8731783,0.8627451
00002543.jpg,0.59556806,0.4692938
00053988.jpg,0.7916439,0.8336072
00051647.jpg,0.752103,0.9453656
sun_agfdrmftdzokxtnc.jpg,0.6680206,0.5301205
00015953.jpg,0.8219692,0.847856
00023523.jpg,0.8557574,0.8596932
00040685.jpg,0.7409658,0.7274114
00006140.jpg,0.641683,0.7391898
00009596.jpg,0.626665,0.6423008
00037448.jpg,0.5952734,0.6379138
00042641.jpg,0.67121315,0.6103808
00000827.jpg,0.59957856,0.6496296
00017568.jpg,0.7426716,0.8425884
00016883.jpg,0.80259615,0.855126
n03512147_463.jpg,0.7473256,0.7798165
00019703.jpg,0.84596974,0.8452504
00018352.jpg,0.75166535,0.859466
00058479.jpg,0.7489225,0.8767356
00017610.jpg,0.76068544,0.8043436
00052934.jpg,0.8025364,0.805718
00024547.jpg,0.67227495,0.6944568
00006401.jpg,0.7888357,0.8914982
00027507.jpg,0.8319419,0.8381672
00034384.jpg,0.50908667,0.5044478
sun_abnigvorwhcefgca.jpg,0.61887836,0.43333334
00049056.jpg,0.8041722,0.8239704
00033396.jpg,0.7257355,0.8452106
00028464.jpg,0.76854116,0.7866072
00034762.jpg,0.61963767,0.4883332
n07697537_18186.jpg,0.87261945,0.94736844
00020174.jpg,0.9368031,0.8449828
00019267.jpg,0.82440156,0.8139344
00058200.jpg,0.78074974,0.8037598
00016279.jpg,0.6179986,0.617178
00032611.jpg,0.8009494,0.8031
00008236.jpg,0.83688587,0.8406544
n00439826_6636.jpg,0.71890783,0.42857143
n09415671_1275.jpg,0.6650268,0.509434
00041328.jpg,0.91262263,0.8820234
00038074.jpg,0.6521347,0.8748632
00003874.jpg,0.8000568,0.7371064
00011387.jpg,0.72445023,0.8091612
00009060.jpg,0.7785314,0.854446
00055103.jpg,0.8729292,0.8932688
00031289.jpg,0.79445946,0.7918634
00046880.jpg,0.7429214,0.8444702
00006046.jpg,0.8444796,0.8689904
00025617.jpg,0.8221423,0.810377
00022486.jpg,0.7586569,0.7684394
00007671.jpg,0.851373,0.8473804
00053539.jpg,0.7250629,0.760369
000000529774.jpg,0.772061,0.7222222
00049871.jpg,0.7168104,0.804739
7c718f850fba4d2f.jpg,0.73817545,0.70666665
00030665.jpg,0.7186936,0.5891542
00007115.jpg,0.5491832,0.611131
00056272.jpg,0.82694477,0.666859
00025275.jpg,0.8823933,0.8742776
00009005.jpg,0.63559145,0.643129
00005672.jpg,0.71425974,0.4639166
00056393.jpg,0.86135906,0.8240738
00031559.jpg,0.66358525,0.6058712
00017941.jpg,0.8840249,0.8892742
00038232.jpg,0.63608706,0.713974
00023791.jpg,0.72492516,0.8908784
00023069.jpg,0.61860627,0.5956858
00022497.jpg,0.887608,0.9120604
00048793.jpg,0.93173003,0.9609576
05430da00e88b5f9.jpg,0.8162754,0.7894737
00055446.jpg,0.93287295,0.9749512
n09421951_13122.jpg,0.6159736,0.71276593
00055891.jpg,0.869187,0.9493008
00024597.jpg,0.86685973,0.9717452
00051683.jpg,0.8163305,0.8328898
00048883.jpg,0.9401913,0.922746
00019960.jpg,0.7371283,0.7223082
00021215.jpg,0.62570596,0.558586
00028548.jpg,0.85997385,0.8885464
00035191.jpg,0.6146041,0.4768938
00002186.jpg,0.83144075,0.7592996
00021277.jpg,0.72664297,0.6859208
000000246980.jpg,0.8190219,0.8
00053930.jpg,0.7424709,0.7657542
00009041.jpg,0.6953442,0.7451684
00038250.jpg,0.5678794,0.5740636
00011786.jpg,0.8077038,0.8502008
00019670.jpg,0.8522086,0.8152962
00037831.jpg,0.79229325,0.7718086
00039549.jpg,0.74347764,0.7806748
00016163.jpg,0.8011898,0.7541086
00033570.jpg,0.8578092,0.836307
00041178.jpg,0.6977092,0.6184512
00006446.jpg,0.7611528,0.6484628
00030033.jpg,0.77936906,0.8536804
00052147.jpg,0.62296325,0.7353654
n02342885_4950.jpg,0.84435564,0.7826087
00026269.jpg,0.7935788,0.9298926
00018006.jpg,0.78629404,0.8165982
n02691156_10151.jpg,0.7363784,0.7721519
00015841.jpg,0.7422226,0.6506278
n07693725_2776.jpg,0.85230017,0.9122807
00046208.jpg,0.57761425,0.7109234
00045197.jpg,0.76575255,0.8321178
00045997.jpg,0.6001865,0.60323
00039267.jpg,0.622166,0.6664752
00011003.jpg,0.8720553,0.9352654
00035818.jpg,0.65329915,0.6240906
00051881.jpg,0.8223766,0.8234472
00001541.jpg,0.8744038,0.9115962
ee9ff188921745c2.jpg,0.7486934,0.7676768
n02793495_8877.jpg,0.6406415,0.6
00011632.jpg,0.795082,0.7601072
00011434.jpg,0.8660844,0.7782004
00031494.jpg,0.7635812,0.8446006
00054557.jpg,0.6727778,0.7242856
00009822.jpg,0.8188203,0.9112934
00007873.jpg,0.8389649,0.9022764
00013706.jpg,0.76463467,0.8745156
00032908.jpg,0.85694355,0.8238538
00035518.jpg,0.5264284,0.6171224
00005385.jpg,0.7949855,0.8861054
00009042.jpg,0.8115821,0.854339
00028865.jpg,0.70161194,0.7361972
00046094.jpg,0.7080529,0.7965762
00011076.jpg,0.8002938,0.8493144
00049585.jpg,0.8021173,0.899091
00052137.jpg,0.812309,0.8524532
00025948.jpg,0.8218227,0.8407294
00047645.jpg,0.69367695,0.7443246
00031237.jpg,0.7810311,0.6413106
n04349306_5124.jpg,0.7482011,0.76842105
00008619.jpg,0.75316006,0.7282854
00002867.jpg,0.8187311,0.8437412
00043751.jpg,0.71358395,0.8241882
00033573.jpg,0.76131266,0.7639212
00049111.jpg,0.7049341,0.8386682
00000650.jpg,0.65236384,0.5762806
00014117.jpg,0.7632213,0.9036292
00023721.jpg,0.81423503,0.836132
00030413.jpg,0.67678356,0.7029228
00006340.jpg,0.653177,0.7247108
00026924.jpg,0.70486903,0.6392268
sun_andjgmkvgepklowz.jpg,0.5563196,0.371134
00056377.jpg,0.78340083,0.8158674
00031150.jpg,0.8134922,0.91839
00019133.jpg,0.8009459,0.8522202
00001779.jpg,0.78196275,0.8930538
00037628.jpg,0.6930454,0.7448126
00052562.jpg,0.72979635,0.7504294
00035439.jpg,0.78677195,0.6235262
n00480993_30142.jpg,0.8035459,0.8598131
00055583.jpg,0.89268625,0.9085782
n02129165_20179.jpg,0.83321947,0.815534
00023204.jpg,0.6917083,0.6652032
00027429.jpg,0.75932616,0.6410278
00019038.jpg,0.7083329,0.7307366
00049397.jpg,0.80754685,0.8691076
00015165.jpg,0.7338286,0.812714
00024715.jpg,0.84892553,0.8529444
00033610.jpg,0.5470239,0.4382552
00036352.jpg,0.7077562,0.6953012
00033343.jpg,0.6086378,0.5835792
00035340.jpg,0.6269218,0.5993708
n04610013_991.jpg,0.7063408,0.75757575
00031407.jpg,0.8321042,0.7517324
00011253.jpg,0.6719975,0.6652054
00009449.jpg,0.80913955,0.734347
00025489.jpg,0.5995911,0.7045332
00041168.jpg,0.84878033,0.830053
00028436.jpg,0.7913042,0.87169
00027802.jpg,0.8412599,0.9330856
000000459310.jpg,0.80059004,0.8372093
00028334.jpg,0.8116595,0.7991066
00029955.jpg,0.8274926,0.8544222
00025757.jpg,0.8000028,0.7539938
sun_akfadmdtlbduiiyc.jpg,0.55036694,0.5339806
n02396427_1979.jpg,0.83449024,0.9139785
00024141.jpg,0.73626196,0.7766582
00051786.jpg,0.68802977,0.57048
000000312205.jpg,0.73894197,0.8181818
00020537.jpg,0.8179634,0.8738404
00054845.jpg,0.82480663,0.9070436
000000141166.jpg,0.7650588,0.7735849
00011137.jpg,0.55421233,0.673839
00015291.jpg,0.80833125,0.8408888
00029886.jpg,0.5524411,0.5394622
00047080.jpg,0.84487194,0.7673804
00017766.jpg,0.8321343,0.759982
00024986.jpg,0.77653515,0.802742
00044043.jpg,0.76049644,0.726446
n07838073_10386.jpg,0.7848441,0.6442308
00021614.jpg,0.853941,0.9584766
00003979.jpg,0.73374313,0.7996414
sun_bxbqnskmvvidhmcj.jpg,0.6428122,0.57575756
00008141.jpg,0.6057046,0.4177742
00022617.jpg,0.7373163,0.6966186
00037251.jpg,0.62381613,0.4919932
00029218.jpg,0.8742954,0.8079454
00036983.jpg,0.6456388,0.6161124
00022260.jpg,0.77031153,0.9024614
00047099.jpg,0.69832987,0.6210918
00028214.jpg,0.8056635,0.9171726
n00464894_17474.jpg,0.7834756,0.6814159
00036960.jpg,0.5941968,0.6042118
00006723.jpg,0.70778954,0.6601626
00055298.jpg,0.7628096,0.735774
00033730.jpg,0.8615731,0.8798668
00018431.jpg,0.81684214,0.7585842
00046870.jpg,0.7495405,0.6711428
00048833.jpg,0.8390613,0.8824018
00007326.jpg,0.52423984,0.4745864
n04467665_5674.jpg,0.74025875,0.8666667
00048228.jpg,0.7386032,0.711382
n02834778_1446.jpg,0.77963626,0.82608694
00057123.jpg,0.86169225,0.9356628
00045240.jpg,0.83838433,0.9253108
00039315.jpg,0.7594196,0.8050846
00032364.jpg,0.8136378,0.7634916
00020319.jpg,0.8718032,0.8260566
n03541923_227.jpg,0.66575485,0.7209302
00009333.jpg,0.6152978,0.5359448
00032568.jpg,0.83935744,0.9029606
00036300.jpg,0.8834109,0.9450144
00033825.jpg,0.71916443,0.8090296
00035229.jpg,0.6093959,0.699541
n07583197_995.jpg,0.79756373,0.7258065
00054191.jpg,0.8198276,0.822187
00011918.jpg,0.681169,0.6361288
00039295.jpg,0.7269405,0.6498072
00038872.jpg,0.71581244,0.7503944
00027940.jpg,0.7689652,0.9285358
00018380.jpg,0.7872632,0.8181002
00027653.jpg,0.69582224,0.7021968
00006935.jpg,0.68188876,0.6460612
00038197.jpg,0.5833733,0.6907272
00058405.jpg,0.89656997,0.8483312
00012234.jpg,0.73878616,0.6919232
n01811909_4244.jpg,0.7357027,0.75
00053718.jpg,0.74371064,0.7644848
00028477.jpg,0.60454416,0.5812122
00037223.jpg,0.74259645,0.7483698
00030357.jpg,0.72583765,0.819183
00003657.jpg,0.6972523,0.8937578
00050303.jpg,0.79661494,0.744264
00003802.jpg,0.5632125,0.505298
00004762.jpg,0.8089954,0.8515434
00039509.jpg,0.72133404,0.685767
00009326.jpg,0.69609237,0.4850856
00050913.jpg,0.8455625,0.7200674
00009707.jpg,0.80163366,0.8901068
00042902.jpg,0.77675956,0.6977844
00054771.jpg,0.70831937,0.7666476
00048617.jpg,0.7878035,0.7964408
00038845.jpg,0.7631795,0.5509272
00023463.jpg,0.67057383,0.7403764
00039555.jpg,0.7591052,0.8111006
00032526.jpg,0.62082,0.5589698
00052636.jpg,0.828418,0.867434
00035479.jpg,0.5569413,0.5179882
00057620.jpg,0.7953653,0.8674636
00038734.jpg,0.702891,0.7318444
00016602.jpg,0.8817672,0.8922632
00032016.jpg,0.6045664,0.6298156
00009963.jpg,0.7255629,0.7434968
00024337.jpg,0.8804577,0.9238814
00010895.jpg,0.72775644,0.745232
n07717556_5720.jpg,0.8545436,0.82474226
00049548.jpg,0.76560503,0.8287496
00045073.jpg,0.79028744,0.8443814
00011621.jpg,0.85343283,0.8793436
00008982.jpg,0.84542537,0.7635078
00049765.jpg,0.7888552,0.8534946
00016367.jpg,0.7932435,0.8065962
00020245.jpg,0.85960466,0.8649724
00047599.jpg,0.82714325,0.8716694
00016884.jpg,0.79308707,0.8727266
00045035.jpg,0.8140751,0.9080758
00033544.jpg,0.65316486,0.7106734
00001511.jpg,0.6486575,0.6820746
00020692.jpg,0.69954616,0.6644942
00007722.jpg,0.77447647,0.7862374
00020939.jpg,0.53155637,0.3354678
00012419.jpg,0.7099503,0.681523
00014415.jpg,0.89545864,0.9510526
00043348.jpg,0.6656989,0.6764152
7d8fd8f343ad653c.jpg,0.49268982,0.5471698
00009439.jpg,0.69857115,0.4873124
00039152.jpg,0.65285313,0.639639
00051789.jpg,0.855647,0.897368
00008190.jpg,0.7927715,0.7983042
00012491.jpg,0.81852967,0.7223952
00052694.jpg,0.80990565,0.8972842
00004632.jpg,0.6718556,0.748813
ea7bb8c2db2718fb.jpg,0.8119182,0.77922076
00055565.jpg,0.69985914,0.7762212
00043706.jpg,0.74279267,0.67535
00010891.jpg,0.5287526,0.5629528
520938b2c3a0bd8e.jpg,0.7242502,0.8
00030706.jpg,0.78884435,0.6989038
00016933.jpg,0.70813733,0.6555104
00011246.jpg,0.72144043,0.6781346
00026800.jpg,0.7004978,0.7823338
00011956.jpg,0.8198997,0.8676218
00036605.jpg,0.6417415,0.4826524
00000438.jpg,0.67416096,0.6479658
00050212.jpg,0.8254971,0.7985768
00051165.jpg,0.7396763,0.6540274
n09472597_4600.jpg,0.6755035,0.68421054
00030812.jpg,0.7942663,0.9245152
00033047.jpg,0.88108975,0.784361
00001977.jpg,0.72636884,0.7441302
00049513.jpg,0.7416459,0.7734634
00044013.jpg,0.61581784,0.5272416
00048494.jpg,0.6977172,0.6555246
000000564573.jpg,0.85677105,0.8854167
00004215.jpg,0.7003741,0.8030392
000000226498.jpg,0.64427227,0.6761905
00039578.jpg,0.7474655,0.72319
00000820.jpg,0.80228734,0.8930586
00052059.jpg,0.87470895,0.880083
00032010.jpg,0.76151687,0.7729754
00048408.jpg,0.7316195,0.755339
00026563.jpg,0.7097658,0.5657182
00022738.jpg,0.7927359,0.9184574
00048526.jpg,0.8746653,0.893952
00013243.jpg,0.7928601,0.7710976
00009670.jpg,0.74763495,0.6924454
00026078.jpg,0.72832793,0.6240396
00022938.jpg,0.80009407,0.823659
00026766.jpg,0.87437177,0.8019644
00036104.jpg,0.57006574,0.6555188
00005408.jpg,0.6996248,0.6067262
00036705.jpg,0.69429994,0.7501454
00020064.jpg,0.8761791,0.9714236
00049124.jpg,0.7916815,0.8606626
00009484.jpg,0.8454701,0.8146366
000000106589.jpg,0.6247997,0.74757284
00044983.jpg,0.6974732,0.7172014
00036561.jpg,0.61210805,0.5789358
00058303.jpg,0.76523644,0.8068608
00047781.jpg,0.6022645,0.6234368
00022053.jpg,0.5785707,0.5457024
00037861.jpg,0.5858018,0.6472802
00052155.jpg,0.7734588,0.7786456
n02878222_3678.jpg,0.6831351,0.7032967
00050004.jpg,0.7549818,0.7430268
00047890.jpg,0.82923704,0.820198
00001995.jpg,0.8279453,0.8384392
00037952.jpg,0.70569897,0.6478878
00009149.jpg,0.7960518,0.8219606
00002446.jpg,0.58916444,0.5305054
n07849336_32431.jpg,0.7799106,0.8888889
00010988.jpg,0.79301137,0.8476482
00050603.jpg,0.77188474,0.8055344
00016788.jpg,0.65192866,0.6140864
00038478.jpg,0.6701065,0.6673412
00018716.jpg,0.8926862,0.8643794
00042726.jpg,0.688498,0.7969028
00042388.jpg,0.5660677,0.6239962
00034965.jpg,0.605405,0.4714774
00032177.jpg,0.6990357,0.711091
00042401.jpg,0.73214453,0.7733312
00020324.jpg,0.59396136,0.5437868
00047478.jpg,0.71509033,0.6947174
00052312.jpg,0.72808284,0.772502
00055487.jpg,0.79472697,0.7907936
00036150.jpg,0.6936768,0.7824254
00001176.jpg,0.76844877,0.8159914
n02946348_20324.jpg,0.75273675,0.6454545
n04335435_1795.jpg,0.6913766,0.86868685
d5a7faf3171bfdaa.jpg,0.52174604,0.5568182
sun_amfhfmwkktwcrstd.jpg,0.55094934,0.54545456
00058259.jpg,0.6984077,0.7568594
n09217230_6883.jpg,0.6450096,0.6732673
00028247.jpg,0.77508754,0.765715
00020571.jpg,0.6200241,0.4820678
00039451.jpg,0.6801665,0.6875564
00007278.jpg,0.676734,0.9003854
00051978.jpg,0.7045903,0.673495
00017163.jpg,0.7414005,0.8641858
n00480993_26774.jpg,0.7645295,0.74038464
00040168.jpg,0.8702375,0.8354792
00035420.jpg,0.742227,0.7407858
00006407.jpg,0.6313186,0.7339306
00039959.jpg,0.7365542,0.7247374
00008046.jpg,0.9544372,0.9083032
00052170.jpg,0.8728863,0.9078982
00021895.jpg,0.7825709,0.5814018
00038764.jpg,0.7002859,0.8541586
00030460.jpg,0.7238696,0.837552
00009717.jpg,0.71021384,0.7277932
00002068.jpg,0.7177987,0.6256506
00024720.jpg,0.6494062,0.7262996
00046470.jpg,0.7186963,0.7437326
a996146a2cccb57c.jpg,0.80496067,0.85858583
00046456.jpg,0.7842263,0.7463978
00027175.jpg,0.70208365,0.7554052
00042646.jpg,0.59547555,0.7359518
00011985.jpg,0.73579496,0.793206
000000083619.jpg,0.7412217,0.7070707
00037554.jpg,0.66695607,0.675983
2291c493fc0e8026.jpg,0.77321357,0.78723407
00046453.jpg,0.66222024,0.6286594
00054071.jpg,0.76296824,0.783612
00034473.jpg,0.62962383,0.5707326
n07753592_6132.jpg,0.92178684,0.94949496
000000288560.jpg,0.7791263,0.8765432
00008565.jpg,0.79552144,0.7714634
n02834778_9585.jpg,0.795054,0.81632656
00021611.jpg,0.750544,0.6300476
00056012.jpg,0.7943992,0.8687994
00019974.jpg,0.8680472,0.9193868
00031311.jpg,0.7733385,0.8371608
n03384352_2786.jpg,0.77661186,0.78688526
00054784.jpg,0.8828451,0.9085958
00004621.jpg,0.54518473,0.546308
00021435.jpg,0.8440822,0.8058864
00005974.jpg,0.7014107,0.7289198
00051130.jpg,0.7842759,0.8098304
00015522.jpg,0.57028127,0.6131966
00019540.jpg,0.5802847,0.5314608
00019312.jpg,0.74554497,0.6673976
00057475.jpg,0.5733521,0.6894408
00005020.jpg,0.8660931,0.8964858
00017485.jpg,0.89804286,0.893971
00032348.jpg,0.885739,0.8893026
00018395.jpg,0.84269744,0.8574856
00020308.jpg,0.65123206,0.5490072
00031236.jpg,0.76592106,0.8484358
00027195.jpg,0.7868232,0.7759696
00016994.jpg,0.7721174,0.7472072
00002111.jpg,0.8503406,0.681854
00009552.jpg,0.6920922,0.5775302
00022972.jpg,0.5727966,0.6986626
00036154.jpg,0.69516677,0.6647668
00049555.jpg,0.8257726,0.87398
00007152.jpg,0.80842423,0.900555
00012963.jpg,0.66044563,0.7457334
00047543.jpg,0.64009225,0.6374642
n04335435_5881.jpg,0.6853552,0.6421053
00043120.jpg,0.71829474,0.7786796
00011218.jpg,0.73793614,0.7161358
00010955.jpg,0.7037132,0.753118
00020022.jpg,0.6968317,0.7540832
00006710.jpg,0.7223335,0.5489132
00006801.jpg,0.68428695,0.5710212
a870503ede4375c1.jpg,0.8180077,0.72727275
00032507.jpg,0.83791786,0.7473406
00048425.jpg,0.76695853,0.8453448
00043653.jpg,0.7712614,0.6738992
00053956.jpg,0.80002314,0.801261
n02118333_9751.jpg,0.83641535,0.8490566
681b9d18e064e882.jpg,0.7246528,0.7340425
00012605.jpg,0.81494194,0.9587488
00044688.jpg,0.6914209,0.4969332
00024483.jpg,0.7997343,0.8536908
00050539.jpg,0.78674465,0.9266652
00046715.jpg,0.7283824,0.717141
00010917.jpg,0.6557209,0.6921608
00015057.jpg,0.7206691,0.8266228
00055799.jpg,0.7233555,0.8535186
00030949.jpg,0.79743636,0.8866822
00004776.jpg,0.6328077,0.7151196
00004523.jpg,0.6583838,0.6875374
00012678.jpg,0.8643708,0.9242094
n07574602_22465.jpg,0.8415019,0.85087717
00057308.jpg,0.64161366,0.7738072
n09217230_1085.jpg,0.6886198,0.65048546
00052226.jpg,0.7856722,0.837447
00031270.jpg,0.6730193,0.8398922
00028514.jpg,0.81110543,0.8272214
00008230.jpg,0.64056194,0.6695524
00056524.jpg,0.5831613,0.6567762
00018214.jpg,0.7157016,0.7056398
3df553d663038934.jpg,0.83617276,0.80582523
5a01fbb421c3ea87.jpg,0.8150925,0.8651685
n07849336_22329.jpg,0.83369213,0.89166665
00014335.jpg,0.7514265,0.7559602
00043077.jpg,0.69272494,0.800626
152ea862ba79b4ca.jpg,0.73386663,0.78
00043801.jpg,0.6781285,0.834394
00033783.jpg,0.7026345,0.6444944
00037250.jpg,0.6963301,0.7448622
00052760.jpg,0.82562095,0.9450792
00044670.jpg,0.635039,0.7866158
00009009.jpg,0.82015747,0.8911496
00000301.jpg,0.5814059,0.5129646
00049541.jpg,0.5550091,0.52898
00032586.jpg,0.8830038,0.928359
00028727.jpg,0.7638313,0.6556182
00017920.jpg,0.6416381,0.5938118
00018196.jpg,0.5418969,0.4302506
n09472597_1451.jpg,0.66296077,0.7410714
00035430.jpg,0.6215854,0.6245056
a068ea435a318d8d.jpg,0.7856544,0.72619045
00018607.jpg,0.7849102,0.7571644
00014512.jpg,0.6576405,0.786786
00027289.jpg,0.52568895,0.4893046
00036251.jpg,0.64751273,0.662131
00029211.jpg,0.6373614,0.6825002
00044032.jpg,0.8400039,0.6973164
n07711569_2294.jpg,0.8327707,0.93636364
00051918.jpg,0.749463,0.8690628
00020697.jpg,0.7103734,0.7835032
00025744.jpg,0.77224,0.72181
00017914.jpg,0.8460997,0.715233
00041300.jpg,0.71621525,0.5021282
00016070.jpg,0.90267533,0.8059024
n04467665_39726.jpg,0.6537724,0.47959185
00058349.jpg,0.7001446,0.7349864
00032399.jpg,0.73053956,0.890413
n09415671_6202.jpg,0.5458529,0.61206895
00016894.jpg,0.73865604,0.7552532
00052693.jpg,0.8611478,0.7315996
sun_amsxxjxupzbpyfqc.jpg,0.5646927,0.53608245
00051179.jpg,0.7534577,0.829877
00033330.jpg,0.8612048,0.8730106
00032992.jpg,0.79917246,0.6949982
00041939.jpg,0.6903423,0.7747484
00051342.jpg,0.76080143,0.7779744
00043113.jpg,0.6932261,0.817219
00038946.jpg,0.8636894,0.850885
00049821.jpg,0.8878471,0.8901774
00000193.jpg,0.5768101,0.7304562
00047459.jpg,0.7995935,0.780536
00051537.jpg,0.693761,0.6887122
00023734.jpg,0.59376407,0.5708382
00022188.jpg,0.8566447,0.8075926
00019381.jpg,0.70166427,0.796513
00017491.jpg,0.87398446,0.8939112
00051135.jpg,0.67282337,0.608105
000000181662.jpg,0.804498,0.8712871
00046644.jpg,0.7069521,0.5756724
n09288635_3532.jpg,0.69117415,0.74757284
00024706.jpg,0.85203844,0.9165142
00005038.jpg,0.7199978,0.6945244
000000028320.jpg,0.802144,0.83760685
00024448.jpg,0.6563676,0.5780864
00005898.jpg,0.7482868,0.631816
00039426.jpg,0.7620807,0.7859438
00045848.jpg,0.7242314,0.6833614
00024724.jpg,0.6714241,0.9130652
60b8b7aaa7649bfe.jpg,0.8400286,0.8557692
00049916.jpg,0.7384302,0.8698954
00000630.jpg,0.72403014,0.8522862
00041454.jpg,0.8347438,0.8967818
00007992.jpg,0.78471845,0.8091004
00010807.jpg,0.6810492,0.7994542
000000212507.jpg,0.75966555,0.7745098
n02396427_19126.jpg,0.7957968,0.8229167
00010435.jpg,0.8734085,0.9023244
00020683.jpg,0.70596457,0.6885612
00055588.jpg,0.84987843,0.8905718
00058340.jpg,0.75226754,0.804359
00021452.jpg,0.6916276,0.778331
00056584.jpg,0.82844836,0.8455492
00054416.jpg,0.85496086,0.8311076
00037396.jpg,0.73037297,0.7255718
00016686.jpg,0.7798298,0.77535
00024505.jpg,0.7156745,0.7242758
00008711.jpg,0.56988466,0.5290612
00001370.jpg,0.81941795,0.8635886
00039647.jpg,0.7151959,0.7602918
00043109.jpg,0.7393451,0.6886424
00056732.jpg,0.7576662,0.7977236
00007029.jpg,0.6660543,0.5939396
n01514859_4045.jpg,0.78274477,0.7387387
00009378.jpg,0.84515816,0.88443
00014502.jpg,0.6153815,0.747419
00052300.jpg,0.6095488,0.6807338
00047104.jpg,0.7567238,0.7036328
sun_aypbpudtxzlyicjr.jpg,0.590381,0.5777778
00054560.jpg,0.92336047,0.8960142
00037561.jpg,0.7102357,0.625822
n04461696_16043.jpg,0.7920862,0.7894737
00058589.jpg,0.7946579,0.8181918
00001447.jpg,0.86009145,0.8249344
00014481.jpg,0.62824,0.6208078
00007227.jpg,0.6537382,0.7275178
n09359803_29562.jpg,0.59739435,0.5824176
00032058.jpg,0.7467409,0.8062206
00046304.jpg,0.89900625,0.9595718
00026838.jpg,0.81535757,0.7990882
n04349306_54.jpg,0.766517,0.67058825
00028808.jpg,0.8143429,0.8775278
00003260.jpg,0.8273973,0.8445414
00027298.jpg,0.79979366,0.7745804
00048690.jpg,0.62831235,0.7080292
00026996.jpg,0.57632244,0.6229076
00058257.jpg,0.7199319,0.7043526
000000539167.jpg,0.7800799,0.77227724
00014297.jpg,0.8792368,0.9179602
00033033.jpg,0.769772,0.7211914
00009197.jpg,0.73372465,0.8096018
n07711569_3147.jpg,0.81705964,0.84210527
00055819.jpg,0.71087164,0.792656
n04465501_3501.jpg,0.7513811,0.62222224
00028504.jpg,0.73268527,0.6955474
000000446094.jpg,0.7476454,0.7244898
00016320.jpg,0.78871536,0.7823884
00027985.jpg,0.77956635,0.6298456
00042055.jpg,0.78466207,0.7495148
00045433.jpg,0.7613545,0.7377096
00043451.jpg,0.6910259,0.6591278
00044979.jpg,0.6149582,0.6804486
00049165.jpg,0.6674465,0.759633
00048628.jpg,0.76602924,0.8245864
00003694.jpg,0.8644486,0.8686862
00027920.jpg,0.73026305,0.7410294
00015503.jpg,0.828152,0.8948338
00029323.jpg,0.8712936,0.9110156
00009298.jpg,0.7643797,0.783102
00042947.jpg,0.80808836,0.7278752
n02324045_35990.jpg,0.81023324,0.8737864
00047379.jpg,0.73124415,0.6229492
00035814.jpg,0.72302514,0.7459496
00052479.jpg,0.7482222,0.8402446
00008088.jpg,0.63338816,0.637876
00005213.jpg,0.6848041,0.8475394
00016254.jpg,0.52947867,0.5585484
00027045.jpg,0.8178708,0.9491122
00009450.jpg,0.7297675,0.8361812
n03512147_5457.jpg,0.6781196,0.6761905
00038657.jpg,0.7238143,0.6934982
00011124.jpg,0.8129876,0.7439558
00000543.jpg,0.7092062,0.5657872
00018647.jpg,0.78161436,0.6958756
n03594945_13806.jpg,0.7635464,0.6454545
00027841.jpg,0.7874779,0.8714256
00021040.jpg,0.61073375,0.5648498
n07583197_6491.jpg,0.8112348,0.78571427
00054934.jpg,0.78802675,0.6738772
09cc66c3ce06c937.jpg,0.8149387,0.8468468
00020847.jpg,0.7076607,0.716675
00017416.jpg,0.80544394,0.8397506
00003429.jpg,0.78203493,0.6129918
00052985.jpg,0.80723435,0.9186634
00035987.jpg,0.5978035,0.5280874
00014572.jpg,0.68563807,0.6753854
00043288.jpg,0.8183806,0.7857754
000000481856.jpg,0.7070962,0.66292137
00035621.jpg,0.6034291,0.546052
00005889.jpg,0.6323045,0.606808
00009062.jpg,0.84381944,0.8980202
00056745.jpg,0.81371164,0.7250738
00030367.jpg,0.6143796,0.5973656
00055635.jpg,0.6181531,0.7413874
00052415.jpg,0.790674,0.620634
00050256.jpg,0.8583552,0.846733
00030754.jpg,0.87002224,0.878676
00029670.jpg,0.77477634,0.686161
00017514.jpg,0.74311966,0.6760192
00031795.jpg,0.747796,0.7224294
00044107.jpg,0.6533153,0.5946838
00053685.jpg,0.72254974,0.6149284
5fdee4a3f5e3bb28.jpg,0.6938422,0.72043014
00016982.jpg,0.78955054,0.8364244
00035957.jpg,0.7007786,0.748461
00022656.jpg,0.6005417,0.6242024
00038155.jpg,0.65546554,0.670654
00008763.jpg,0.73219496,0.8383162
ec9a69a43724e57a.jpg,0.52832556,0.43137255
00047512.jpg,0.7602939,0.6446476
00024144.jpg,0.7636207,0.9239292
00006293.jpg,0.87446636,0.9116644
00033673.jpg,0.6680225,0.5751836
00025107.jpg,0.8682418,0.9209968
00045027.jpg,0.7924392,0.8298796
00011684.jpg,0.77814525,0.9019994
00044318.jpg,0.5740095,0.541164
n09308572_4562.jpg,0.71331286,0.875
00005989.jpg,0.7861741,0.8226274
00018721.jpg,0.61723393,0.5756712
00002957.jpg,0.6478282,0.5951682
00021140.jpg,0.74077094,0.6956656
00045944.jpg,0.5963607,0.6226594
n09376198_9918.jpg,0.69960934,0.8217822
00042298.jpg,0.73742014,0.8501154
n01811909_3873.jpg,0.798492,0.8118812
00031470.jpg,0.7779647,0.9163684
00033149.jpg,0.7265173,0.775819
00034950.jpg,0.8404888,0.9327042
00021440.jpg,0.8595626,0.915197
00014366.jpg,0.7593408,0.8517162
00025201.jpg,0.7748235,0.6791078
00040966.jpg,0.7113697,0.897036
00040220.jpg,0.764142,0.8294262
n02324045_3812.jpg,0.7956259,0.70873785
00053308.jpg,0.6955927,0.8454574
00036329.jpg,0.616163,0.5730916
00011338.jpg,0.75956494,0.754481
n04465501_2922.jpg,0.7526608,0.7798165
00042644.jpg,0.63019013,0.5874398
00002172.jpg,0.64435655,0.7052282
00049940.jpg,0.80171317,0.9209526
00048474.jpg,0.728647,0.8276062
00023639.jpg,0.732076,0.7013414
00018455.jpg,0.7451746,0.8154424
00051010.jpg,0.8173214,0.8621634
n07711569_3118.jpg,0.8447802,0.8636364
00051657.jpg,0.98706853,0.9854546
00032905.jpg,0.8304729,0.713131
00007921.jpg,0.6004241,0.5914628
00054351.jpg,0.6804473,0.7210442
00019850.jpg,0.5470502,0.5832496
00002507.jpg,0.79800934,0.7365402
e61ec87eac083fa8.jpg,0.8436266,0.8541667
00020307.jpg,0.88459545,0.8708928
n02793495_18304.jpg,0.6423396,0.77272725
00033645.jpg,0.8430697,0.8941652
00004074.jpg,0.7378978,0.7131116
00005891.jpg,0.66007924,0.9018184
00057376.jpg,0.80468804,0.8116968
00058544.jpg,0.7947585,0.8181002
00020954.jpg,0.7819402,0.7648194
00051846.jpg,0.5914824,0.6027318
n07863374_21251.jpg,0.80058867,0.7234042
00033173.jpg,0.8508968,0.8805164
00004114.jpg,0.7777874,0.9585214
00004426.jpg,0.6048778,0.7378678
00007485.jpg,0.8160181,0.8513724
00050987.jpg,0.77239656,0.7999034
00051229.jpg,0.7654408,0.8497596
00021201.jpg,0.6570999,0.7412562
00003712.jpg,0.7400513,0.8197094
00040816.jpg,0.7315391,0.8064718
00024022.jpg,0.67525196,0.6929608
00013773.jpg,0.806738,0.827584
00029138.jpg,0.6400856,0.5594318
00046529.jpg,0.7994994,0.8533196
00002824.jpg,0.7106416,0.8073562
sun_bntcgmzpfvbsrugd.jpg,0.55154914,0.5247525
00042943.jpg,0.7303211,0.7688346
00046599.jpg,0.6677596,0.6153052
00007089.jpg,0.7251441,0.6367452
00042119.jpg,0.6675082,0.6472838
05e4305292b40a61.jpg,0.5935762,0.4787234
00004932.jpg,0.74122244,0.8059488
00048668.jpg,0.624712,0.7699954
00004361.jpg,0.6633496,0.7182852
00017377.jpg,0.6643742,0.6153518
00008152.jpg,0.8334468,0.83685
00042138.jpg,0.6368201,0.6342568
00011167.jpg,0.7263853,0.7413588
000000428214.jpg,0.7638027,0.8446602
00058678.jpg,0.7778209,0.8056976
00048391.jpg,0.75113386,0.7822578
00041535.jpg,0.6804236,0.8419832
00051768.jpg,0.7954442,0.7851274
00025790.jpg,0.90120333,0.9236584
00024461.jpg,0.6047472,0.65745
00000870.jpg,0.77108485,0.8313418
00002173.jpg,0.8435041,0.9156442
00025563.jpg,0.76263106,0.827074
00036198.jpg,0.74922794,0.8582342
00016198.jpg,0.8138977,0.7452764
00023680.jpg,0.6348107,0.561065
00052975.jpg,0.7344849,0.5913072
00027307.jpg,0.80985135,0.7316486
00031847.jpg,0.85706514,0.8739444
00019657.jpg,0.70161164,0.6915062
n02878222_14542.jpg,0.71532506,0.60215056
n02355227_9552.jpg,0.81837183,0.89
sun_apzhvyvljzvahpvh.jpg,0.6112515,0.26881722
00002512.jpg,0.7233613,0.7580986
00007606.jpg,0.88493484,0.8964322
000000255194.jpg,0.89002544,0.92783505
00037825.jpg,0.67315036,0.6233846
00020836.jpg,0.71788436,0.7234642
00036577.jpg,0.564724,0.5505688
00038028.jpg,0.61183846,0.6289262
000000227683.jpg,0.6893583,0.76237625
00018466.jpg,0.7191376,0.5588666
00003751.jpg,0.8022066,0.862133
00042513.jpg,0.8238154,0.8689404
00056579.jpg,0.89237815,0.867323
00032475.jpg,0.8521889,0.8832138
00046119.jpg,0.80025,0.7948668
00045458.jpg,0.72143793,0.6581342
00003624.jpg,0.6305352,0.497603
000000019447.jpg,0.72124034,0.875
00043368.jpg,0.6767181,0.6044774
00052021.jpg,0.78169745,0.8056916
00058287.jpg,0.72979087,0.6758276
00053238.jpg,0.87614304,0.9037336
00045131.jpg,0.777027,0.747323
00030917.jpg,0.70676106,0.7514436
00011551.jpg,0.7749453,0.7449376
00009824.jpg,0.72544533,0.6928798
00054535.jpg,0.82042253,0.847437
00014147.jpg,0.57119495,0.3737132
00050444.jpg,0.771254,0.7289598
00057250.jpg,0.8602151,0.9691574
781c958107e86dcb.jpg,0.5794612,0.5686275
00046177.jpg,0.75243765,0.73626
00034090.jpg,0.684533,0.6870314
00038974.jpg,0.71387166,0.8445788
00014889.jpg,0.7396793,0.8116526
00038290.jpg,0.7913402,0.923324
00012136.jpg,0.73010665,0.75513
00023975.jpg,0.7864347,0.7332846
6c217757caa59d1a.jpg,0.7652576,0.7282609
n01846331_14741.jpg,0.75750333,0.75438595
sun_agqkmpgtfsykydsz.jpg,0.55465066,0.5520833
00013608.jpg,0.58758163,0.6195422
00042188.jpg,0.7409563,0.7333156
00044935.jpg,0.7298051,0.7431462
00045772.jpg,0.6480385,0.54574
n04610013_17257.jpg,0.72054726,0.83653843
00007699.jpg,0.58426416,0.5874056
00024567.jpg,0.8312171,0.8681936
00020920.jpg,0.75912327,0.8852722
00025096.jpg,0.752091,0.6831312
00021788.jpg,0.6293448,0.6706492
00032320.jpg,0.7548546,0.587057
00036364.jpg,0.8187108,0.8359814
00035348.jpg,0.70167166,0.7509222
00008939.jpg,0.79507315,0.744723
n03791053_12453.jpg,0.79628533,0.902439
000000393228.jpg,0.7493537,0.79347825
00029282.jpg,0.8004845,0.76761
00015021.jpg,0.6939473,0.7030008
00023770.jpg,0.6431378,0.6144236
00015250.jpg,0.6655384,0.5873746
n02396427_10706.jpg,0.80747813,0.8372093
00047572.jpg,0.6625831,0.6110324
00028682.jpg,0.8833993,0.9418428
00019903.jpg,0.7246834,0.8143466
00040905.jpg,0.8065247,0.8791168
00039908.jpg,0.7816989,0.7944292
00037479.jpg,0.6347027,0.6121802
00000602.jpg,0.8422604,0.8766984
00009456.jpg,0.7782708,0.8480382
n02934451_16027.jpg,0.7336498,0.7659575
00052305.jpg,0.81359357,0.9594434
00031712.jpg,0.83630866,0.8810704
00002624.jpg,0.8552428,0.8383158
n02118333_1341.jpg,0.85617524,0.8877551
00041363.jpg,0.7259379,0.6870208
00039347.jpg,0.64997154,0.6852826
00046161.jpg,0.749644,0.7098168
n01514668_21350.jpg,0.8224117,0.8791209
00009636.jpg,0.93182224,0.9351856
00057977.jpg,0.8607187,0.9082552
n07801091_36428.jpg,0.52003604,0.42391303
00005903.jpg,0.85736126,0.9359556
00009576.jpg,0.81085485,0.8723814
00020270.jpg,0.8547823,0.9419874
000000006068.jpg,0.66614014,0.7009346
00039244.jpg,0.6669276,0.6968494
00003126.jpg,0.8225917,0.7985422
000000446358.jpg,0.7012848,0.74747473
n03512147_6213.jpg,0.7998019,0.86315787
000000096702.jpg,0.64491415,0.7669903
00001146.jpg,0.64806706,0.4620712
00033401.jpg,0.75148106,0.7687428
00044976.jpg,0.7916146,0.838333
00006174.jpg,0.90333277,0.964253
00043785.jpg,0.7911571,0.6829756
00034013.jpg,0.5754254,0.6360316
00054813.jpg,0.74265945,0.7888938
00016777.jpg,0.75569487,0.8426038
00033559.jpg,0.7859896,0.8128616
00017129.jpg,0.8258916,0.807065
00031008.jpg,0.8697054,0.8465386
00030765.jpg,0.7032747,0.7292854
00036518.jpg,0.793515,0.8311546
00056477.jpg,0.6102309,0.5245202
00040157.jpg,0.5964817,0.6954874
00049058.jpg,0.7375856,0.847011
00010761.jpg,0.67004967,0.72923
n02878222_7125.jpg,0.7523039,0.7311828
00022782.jpg,0.75311536,0.6670006
00006183.jpg,0.75859994,0.7232704
00040110.jpg,0.7272761,0.7467254
00057926.jpg,0.77769303,0.8773894
00036704.jpg,0.60196507,0.5703786
00005424.jpg,0.8428988,0.9036288
n01846331_8240.jpg,0.7790786,0.86538464
654d741e1d80fd43.jpg,0.7733456,0.71428573
00041075.jpg,0.7688058,0.7211712
00048101.jpg,0.59746003,0.7584884
00054738.jpg,0.82145256,0.9554758
n03384352_5269.jpg,0.7940221,0.8494624
00047913.jpg,0.708147,0.7589168
00001488.jpg,0.7903166,0.9180494
00007545.jpg,0.8112161,0.825731
00050604.jpg,0.7075172,0.7961042
00020705.jpg,0.6896926,0.6620698
00057077.jpg,0.7833862,0.7823348
00008147.jpg,0.6458424,0.7337752
00009615.jpg,0.72803086,0.6624754
000000478148.jpg,0.7964366,0.7912088
00045693.jpg,0.81932944,0.8012834
n04252077_6769.jpg,0.7458511,0.6315789
00026913.jpg,0.87315744,0.8052268
00047855.jpg,0.75248855,0.7326648
00025601.jpg,0.6389123,0.7861032
00040381.jpg,0.79918206,0.740593
00044732.jpg,0.74958104,0.876115
00047193.jpg,0.69702387,0.6447132
00029936.jpg,0.74649066,0.8253636
00044736.jpg,0.77976245,0.7938952
00013742.jpg,0.8293684,0.851342
n02878222_14772.jpg,0.679713,0.82417583
00029954.jpg,0.7586034,0.5986494
n09415671_10796.jpg,0.5719571,0.47706422
000000312660.jpg,0.77771384,0.7777778
n02396427_4425.jpg,0.8336901,0.84375
00049887.jpg,0.68842834,0.5308516
n07720875_10151.jpg,0.867227,0.9166667
00010300.jpg,0.76145893,0.6789468
00010816.jpg,0.8225731,0.8209388
b5f45353f2e7bd92.jpg,0.584043,0.6542056
00050245.jpg,0.7132022,0.7792542
00020225.jpg,0.6132318,0.7122348
00004046.jpg,0.7404477,0.829719
00022646.jpg,0.81075454,0.8643356
00003881.jpg,0.7879576,0.8202512
00055209.jpg,0.7069361,0.813776
00029141.jpg,0.76825315,0.8710736
00045452.jpg,0.8003984,0.8516112
00014647.jpg,0.6427916,0.5978958
00032028.jpg,0.77577806,0.8037262
00024583.jpg,0.8291189,0.8198866
00017597.jpg,0.74764436,0.8175824
00050651.jpg,0.91837925,0.924704
00026741.jpg,0.6994903,0.5819606
c288579b7d3380a8.jpg,0.68645287,0.75
00013565.jpg,0.65258676,0.675406
00001696.jpg,0.73518765,0.7825826
00019873.jpg,0.8447916,0.923929
b8aa260916f87c2b.jpg,0.7126809,0.5833333
00018694.jpg,0.8007647,0.8225706
00027521.jpg,0.7653386,0.844801
00031005.jpg,0.8622305,0.8234436
00009063.jpg,0.7466336,0.8385766
00050923.jpg,0.8313466,0.876713
00039858.jpg,0.8092353,0.8052948
00001949.jpg,0.8291984,0.8954194
00001371.jpg,0.897022,0.8283984
00011516.jpg,0.8715001,0.8695456
68a485c6716902c2.jpg,0.68023545,0.6434783
00053447.jpg,0.7597027,0.8152846
00010207.jpg,0.77573305,0.789597
087aacabae6c31ab.jpg,0.7998782,0.8
00019373.jpg,0.78432506,0.824359
00047934.jpg,0.72438186,0.8397174
00036456.jpg,0.6277297,0.5966052
00034228.jpg,0.68776196,0.7732298
00004634.jpg,0.7874733,0.8928418
00017364.jpg,0.6422612,0.5526798
00051771.jpg,0.8645435,0.9013528
00040106.jpg,0.7314267,0.8059468
00043976.jpg,0.62226534,0.6485852
000000574152.jpg,0.7319475,0.7777778
00024080.jpg,0.8363731,0.8924328
sun_aafblbfkfftldfxp.jpg,0.55030704,0.34579438
n09359803_20697.jpg,0.58737963,0.55
00015573.jpg,0.5732126,0.5525572
00002656.jpg,0.698224,0.7592904
00025525.jpg,0.884592,0.8552818
00009599.jpg,0.63865244,0.6787284
000000073260.jpg,0.7298977,0.8645833
00047016.jpg,0.6669367,0.7088562
00034381.jpg,0.78970885,0.6504392
00010072.jpg,0.8587732,0.9431728
000000533396.jpg,0.8283228,0.8651685
000000550063.jpg,0.8411537,0.93939394
00039629.jpg,0.6602664,0.7488844
00020803.jpg,0.7328941,0.6463632
00012326.jpg,0.77633417,0.82873
a2737ed94203bbb9.jpg,0.57007164,0.48913044
00051201.jpg,0.7483631,0.7704456
00021503.jpg,0.9371541,0.9033516
000000522703.jpg,0.82566154,0.85714287
00047431.jpg,0.73801494,0.8864638
n07911677_12613.jpg,0.8140796,0.7809524
de8c1602324aa20a.jpg,0.6627785,0.6041667
00047950.jpg,0.8027136,0.77551
00034343.jpg,0.62184983,0.5359598
n07680932_18337.jpg,0.8380911,0.9431818
00043644.jpg,0.7172945,0.6120194
00036457.jpg,0.6195314,0.6547746
00005010.jpg,0.817637,0.8855094
00023288.jpg,0.73705596,0.7783374
00002753.jpg,0.5784385,0.5364836
00053530.jpg,0.8480671,0.9039746
00036863.jpg,0.65954965,0.693913
00035294.jpg,0.60481906,0.5896106
00040706.jpg,0.69007576,0.7223232
00007169.jpg,0.76520234,0.870846
00034891.jpg,0.65217423,0.639259
00008303.jpg,0.8166431,0.702303
00037271.jpg,0.7348935,0.7932174
00018510.jpg,0.8500243,0.9255442
00029270.jpg,0.76004475,0.8106816
00009246.jpg,0.77924114,0.8259908
00007878.jpg,0.856117,0.8617514
00043116.jpg,0.73325545,0.6722536
00037859.jpg,0.7019338,0.6919894
00043186.jpg,0.786995,0.7504546
00021743.jpg,0.75682646,0.7968426
00046120.jpg,0.6611073,0.5269232
00051124.jpg,0.88561934,0.905238
00027292.jpg,0.7570339,0.754534
00035615.jpg,0.5895589,0.511806
00036874.jpg,0.5908195,0.4583956
c2bbd341fb948b09.jpg,0.7432222,0.72321427
00056789.jpg,0.63500184,0.7463114
00000546.jpg,0.85474616,0.8979664
00034554.jpg,0.59862006,0.5749302
00021768.jpg,0.7493407,0.7783544
00040457.jpg,0.7518581,0.75989
00058534.jpg,0.82318205,0.750872
00013680.jpg,0.770518,0.8822542
00010799.jpg,0.8646808,0.903821
00026567.jpg,0.8313779,0.892754
00052330.jpg,0.80570513,0.8307212
00020513.jpg,0.8083523,0.7915874
00012543.jpg,0.6615218,0.6728138
00053918.jpg,0.6703525,0.7875436
00052672.jpg,0.6518643,0.7617646
00047655.jpg,0.70902365,0.750504
00053221.jpg,0.79868263,0.7275346
00035899.jpg,0.61277527,0.633284
00023957.jpg,0.7317022,0.7021854
00028677.jpg,0.6511141,0.7069842
00012151.jpg,0.7673369,0.765361
00026535.jpg,0.74649674,0.7652708
00030004.jpg,0.95513535,0.8156036
00000519.jpg,0.7935342,0.8812022
00021930.jpg,0.76479185,0.8858872
00043290.jpg,0.65316516,0.6504616
00028702.jpg,0.76625246,0.8075082
00004307.jpg,0.8400561,0.9054174
00040647.jpg,0.7521396,0.8829714
b1638dbd347d7993.jpg,0.7888716,0.85294116
00039042.jpg,0.792268,0.7111916
n07696839_10895.jpg,0.792261,0.8452381
00006137.jpg,0.7398576,0.6317152
00024499.jpg,0.85521185,0.8997918
00027015.jpg,0.8685081,0.9695512
00019014.jpg,0.7511175,0.7163856
00015144.jpg,0.7968797,0.8037478
00008629.jpg,0.67494774,0.6359194
n02332755_2718.jpg,0.8075957,0.8105263
000000402658.jpg,0.78427964,0.8080808
00009493.jpg,0.6686085,0.7186752
00017383.jpg,0.8160717,0.8166048
00013714.jpg,0.8605998,0.9070448
00047063.jpg,0.76445067,0.8645806
00053397.jpg,0.7013718,0.8826084
00041832.jpg,0.621197,0.659453
00034910.jpg,0.72913724,0.641564
00008819.jpg,0.7459175,0.7062594
00055189.jpg,0.85796976,0.9315134
00020339.jpg,0.846495,0.8500332
n04467665_21087.jpg,0.6909019,0.8
00046291.jpg,0.8770267,0.926621
00017382.jpg,0.75102514,0.7842114
000000072905.jpg,0.64213395,0.7222222
000000318279.jpg,0.7637568,0.815534
00028824.jpg,0.826395,0.8317208
00048231.jpg,0.69373214,0.6047848
00056919.jpg,0.6774584,0.7096066
00031295.jpg,0.6836714,0.7849934
00046559.jpg,0.77357996,0.712061
00027687.jpg,0.68608296,0.5844916
00054271.jpg,0.7519342,0.6928722
00035247.jpg,0.6849222,0.8112996
00038246.jpg,0.76150185,0.7030086
1b9c7e12abbe940e.jpg,0.7565635,0.815534
00001758.jpg,0.7402264,0.7897826
00041873.jpg,0.7504861,0.7814844
00018877.jpg,0.7250535,0.7075578
00012529.jpg,0.7512367,0.7949504
00039961.jpg,0.6741266,0.6720248
00051187.jpg,0.8535581,0.8606654
00001143.jpg,0.7528469,0.7417328
00030634.jpg,0.7588431,0.7785312
00024415.jpg,0.744296,0.7408556
00007892.jpg,0.80056506,0.76729
00033555.jpg,0.6284292,0.6277422
00053569.jpg,0.6732219,0.8477232
00002984.jpg,0.81571996,0.7237548
00027274.jpg,0.53910995,0.395289
00002602.jpg,0.7096132,0.831692
00055317.jpg,0.8046088,0.9162826
00051736.jpg,0.8013301,0.8864338
00003503.jpg,0.6941441,0.7250352
00002618.jpg,0.9147998,0.9722456
00022411.jpg,0.67189455,0.8294736
00043596.jpg,0.7112211,0.7530628
00013292.jpg,0.59478974,0.6983792
n09303008_20746.jpg,0.56812614,0.46078432
n09468604_25771.jpg,0.61657953,0.52427185
00020721.jpg,0.5905514,0.50981
00009616.jpg,0.82868195,0.7074598
000000358266.jpg,0.6546252,0.46226415
00021955.jpg,0.7820819,0.7902098
00057154.jpg,0.8489981,0.8833776
00015524.jpg,0.5269386,0.4191508
00035935.jpg,0.7299754,0.7738708
00029766.jpg,0.76124406,0.883347
00012911.jpg,0.60084534,0.5657446
00054903.jpg,0.81015307,0.95354
00027669.jpg,0.70769465,0.8082422
00027994.jpg,0.55718803,0.4828636
n03670208_13910.jpg,0.7948889,0.8876405
00017556.jpg,0.8273091,0.8722008
00004989.jpg,0.74267775,0.6886982
00002297.jpg,0.7583503,0.6946612
00055282.jpg,0.77342385,0.8248242
00043276.jpg,0.6630367,0.665719
00045860.jpg,0.62931496,0.5765634
00047121.jpg,0.75143576,0.7527252
00030374.jpg,0.84663916,0.8581046
00017355.jpg,0.85969144,0.8661616
00052343.jpg,0.73852473,0.6748316
000000064059.jpg,0.7273125,0.77319586
00006998.jpg,0.7911567,0.8678524
sun_agqwpjyxhwnrmbhy.jpg,0.58024645,0.49137932
00058513.jpg,0.7356121,0.7326026
00001315.jpg,0.9124617,0.9363676
00040048.jpg,0.59582835,0.5807798
00016790.jpg,0.86154574,0.8099498
00001206.jpg,0.7194837,0.7584176
00015308.jpg,0.82100946,0.948406
sun_aquooyehnlaehzjy.jpg,0.5007076,0.44444445
000000508119.jpg,0.70088744,0.742268
00045674.jpg,0.7154997,0.5615476
n01514668_3493.jpg,0.8618115,0.88372093
00002783.jpg,0.6879228,0.737552
00052313.jpg,0.8485809,0.7811996
00025829.jpg,0.865009,0.8580852
00045392.jpg,0.83731467,0.8007336
00008285.jpg,0.80368274,0.789923
00037062.jpg,0.7984114,0.9201338
00002239.jpg,0.574899,0.5729872
00004953.jpg,0.89653885,0.8891518
00057598.jpg,0.70178974,0.6860938
00031384.jpg,0.77312285,0.723301
00038052.jpg,0.60912275,0.6256558
00054975.jpg,0.83379036,0.8975384
n07880968_2905.jpg,0.82739216,0.8888889
n04465501_4835.jpg,0.72360647,0.7128713
n02878222_4730.jpg,0.7181684,0.77319586
00040219.jpg,0.82077503,0.8704692
00034470.jpg,0.70833457,0.7533306
00036252.jpg,0.62725544,0.8137964
00024994.jpg,0.79204524,0.8564522
00029620.jpg,0.82702476,0.9242308
00009741.jpg,0.79629594,0.7763396
00056069.jpg,0.7486076,0.8006216
00038429.jpg,0.7096523,0.6540384
00006235.jpg,0.5764056,0.6478956
00032023.jpg,0.70795983,0.6989516
00009437.jpg,0.6747494,0.6443388
n07574602_25609.jpg,0.78160965,0.92771083
00020893.jpg,0.74260074,0.8235908
00048312.jpg,0.68593353,0.6019836
00012912.jpg,0.77518123,0.9122184
00004806.jpg,0.7490502,0.7742334
827b86308b879908.jpg,0.6270756,0.6938776
00033536.jpg,0.8135455,0.8148962
00035127.jpg,0.7024236,0.7281682
00037266.jpg,0.70920146,0.5918714
00037514.jpg,0.78959846,0.7291634
00047704.jpg,0.6325286,0.512255
00043445.jpg,0.7478911,0.7420154
00006264.jpg,0.7599978,0.7333762
00047065.jpg,0.7383329,0.6843032
00057382.jpg,0.7264623,0.740878
00055504.jpg,0.59881365,0.641115
00037881.jpg,0.6087949,0.6490634
00015380.jpg,0.80032605,0.8127904
00007131.jpg,0.7012167,0.7952468
00044590.jpg,0.7910709,0.823282
00013772.jpg,0.7771575,0.8092308
00038954.jpg,0.54492486,0.4594648
5b2e422c926f1e57.jpg,0.7387798,0.7685185
00054741.jpg,0.8195022,0.8312326
00043330.jpg,0.71463734,0.7975454
00041253.jpg,0.73655146,0.7462998
52a99c70ee4a0746.jpg,0.7332236,0.7386364
00019715.jpg,0.69329333,0.8675776
00055281.jpg,0.7991532,0.8407204
00036538.jpg,0.5204707,0.4585636
00025562.jpg,0.6954973,0.7370202
00006813.jpg,0.64102685,0.7427202
00031367.jpg,0.6525276,0.6443036
00038440.jpg,0.5997465,0.5110172
00019426.jpg,0.79015154,0.842246
00045822.jpg,0.7376151,0.7457526
00000614.jpg,0.6354598,0.683938
00025334.jpg,0.75662357,0.7941914
n02946348_23994.jpg,0.75032717,0.7912088
00045189.jpg,0.74642473,0.6222178
00034656.jpg,0.6866877,0.7198028
00045192.jpg,0.71256214,0.7415626
00026058.jpg,0.7544072,0.7424572
00033398.jpg,0.70740795,0.7173392
00033115.jpg,0.7743704,0.7522416
00039477.jpg,0.7036766,0.637913
00030693.jpg,0.55901015,0.593863
00021879.jpg,0.8442245,0.9119258
00024211.jpg,0.5643797,0.5784394
00046786.jpg,0.7174562,0.7322936
n02332755_9999.jpg,0.82981586,0.96363634
00039359.jpg,0.73138434,0.668728
00040928.jpg,0.7704116,0.681903
00005250.jpg,0.83922964,0.7219072
00052261.jpg,0.88132054,0.904691
00002823.jpg,0.7233586,0.6708572
00001887.jpg,0.87251955,0.7606642
n07933274_31468.jpg,0.7764211,0.8557692
00016684.jpg,0.8747353,0.9735042
00024718.jpg,0.5860323,0.5700894
00024477.jpg,0.62076557,0.7518438
00028314.jpg,0.64104533,0.74155
00020471.jpg,0.75272197,0.7130964
00003507.jpg,0.8831628,0.8233288
00033249.jpg,0.96440166,0.9474894
00043471.jpg,0.81926566,0.7644592
n02878222_4032.jpg,0.6896172,0.47368422
00056616.jpg,0.6099746,0.5131274
00057396.jpg,0.8398076,0.9369046
n09415671_11403.jpg,0.5516848,0.5308642
n02878222_21494.jpg,0.72641075,0.8645833
000000011552.jpg,0.6486489,0.72115386
00042316.jpg,0.60764974,0.7097504
00008625.jpg,0.8682646,0.7828212
00040391.jpg,0.6650238,0.7233378
00017981.jpg,0.9142961,0.8669276
00031271.jpg,0.6188997,0.6992436
00057232.jpg,0.6890975,0.7156154
n07680932_27982.jpg,0.8737331,0.93457943
00041812.jpg,0.75360334,0.7474008
00048637.jpg,0.65429926,0.6415794
00005116.jpg,0.83694834,0.9003966
00020494.jpg,0.75576395,0.8282848
00050007.jpg,0.81124455,0.8738922
00011437.jpg,0.751862,0.8156604
00041068.jpg,0.61362517,0.5098616
00032747.jpg,0.8235889,0.8906718
00027265.jpg,0.73165196,0.7049488
000000038350.jpg,0.7819938,0.75268817
00029705.jpg,0.6175195,0.520393
000000359722.jpg,0.6868935,0.83168316
n00480993_17313.jpg,0.7519637,0.6666667
00031510.jpg,0.57941353,0.5910296
n02878222_14198.jpg,0.6349874,0.68041235
00024123.jpg,0.8304109,0.8772106
00053723.jpg,0.8153103,0.9034726
00007758.jpg,0.6841192,0.6165564
00044624.jpg,0.80386466,0.7954334
00029322.jpg,0.71183056,0.658746
00057709.jpg,0.7367533,0.7550218
00000491.jpg,0.910579,0.9073298
00052346.jpg,0.80025494,0.9006844
00021407.jpg,0.71907204,0.7201368
00013069.jpg,0.85135776,0.9329158
00052757.jpg,0.84788615,0.9016574
00038678.jpg,0.75060487,0.7626324
00023611.jpg,0.67043835,0.828064
00019489.jpg,0.744468,0.7689852
00040562.jpg,0.78289896,0.5939422
00019372.jpg,0.7214671,0.88187
00024513.jpg,0.67246664,0.6116632
00047919.jpg,0.6671287,0.5383566
00014509.jpg,0.72688717,0.731696
00025521.jpg,0.78742164,0.9022064
00046532.jpg,0.74696696,0.7822066
n02946348_16293.jpg,0.6426717,0.64835167
n09288635_13593.jpg,0.690022,0.70873785
00021596.jpg,0.69156665,0.7787328
00039162.jpg,0.66919005,0.67501
098894a1b82b9b81.jpg,0.81283116,0.8235294
00018311.jpg,0.67148364,0.7578738
00023937.jpg,0.66773146,0.636481
00009165.jpg,0.64464986,0.653645
00045827.jpg,0.801294,0.9640534
n07850329_5631.jpg,0.83246773,0.8666667
n02342885_5768.jpg,0.8306751,0.9313725
00025203.jpg,0.76284677,0.8490268
00010703.jpg,0.7903891,0.760533
00042820.jpg,0.8443423,0.8736544
00007305.jpg,0.61793053,0.49385
00049326.jpg,0.7430466,0.7618126
00007902.jpg,0.6156749,0.554907
00044770.jpg,0.7380884,0.6939104
00032781.jpg,0.8034778,0.7770328
00057622.jpg,0.7214137,0.6741058
543d103c85efcb41.jpg,0.649866,0.79611653
00041434.jpg,0.8602204,0.8398632
00031157.jpg,0.7382242,0.801198
00041645.jpg,0.79712886,0.765031
00047484.jpg,0.65415156,0.6636312
00042523.jpg,0.6608118,0.6310662
00048815.jpg,0.85400385,0.7798926
00038000.jpg,0.59171903,0.4847622
00019677.jpg,0.5850823,0.5709794
00033714.jpg,0.80909985,0.905823
000000455443.jpg,0.7340058,0.7735849
00041619.jpg,0.6493312,0.7284532
00056856.jpg,0.77092683,0.7537406
00051799.jpg,0.6857052,0.6691858
2e45b2652f7e1f7f.jpg,0.77800125,0.66972476
00028715.jpg,0.69290453,0.7554356
00050992.jpg,0.7452881,0.721662
n02129165_9095.jpg,0.7966161,0.9245283
n04335435_8423.jpg,0.7461621,0.8118812
000000454832.jpg,0.7264661,0.79591835
00042829.jpg,0.6781514,0.6109342
00033909.jpg,0.6816574,0.643308
sun_bokvembtqtkcwikw.jpg,0.69532335,0.61538464
00010048.jpg,0.7684689,0.8203716
00044840.jpg,0.7569451,0.8153366
00023865.jpg,0.757833,0.7160704
00029186.jpg,0.8475406,0.8940406
00041447.jpg,0.8274823,0.8722672
00016768.jpg,0.7428923,0.7145512
00045784.jpg,0.74081725,0.8082842
n04467665_10036.jpg,0.73418164,0.6923077
00055526.jpg,0.60571945,0.598453
00012146.jpg,0.6587446,0.5867258
00021095.jpg,0.8795633,0.8739856
00036930.jpg,0.6723393,0.7505332
n01846331_7521.jpg,0.8017786,0.7378641
00031813.jpg,0.7697717,0.9206428
00016124.jpg,0.70374286,0.732271
00043429.jpg,0.6344924,0.7252632
n07923748_5085.jpg,0.8675032,0.84444445
00011477.jpg,0.7765338,0.8693702
00032296.jpg,0.8049765,0.9430222
00036113.jpg,0.57600856,0.4233752
00030876.jpg,0.6080207,0.7412764
00038314.jpg,0.5452466,0.5660942
n03541923_1892.jpg,0.8574432,0.8613861
00058177.jpg,0.7413538,0.7708598
00051164.jpg,0.7965088,0.7008652
00023719.jpg,0.8849329,0.8571398
00028349.jpg,0.78316396,0.8408788
00049103.jpg,0.77817994,0.9229986
00020003.jpg,0.6256269,0.6320028
00043030.jpg,0.71198946,0.7017118
00038358.jpg,0.70297104,0.5617702
00028686.jpg,0.56398094,0.6285682
00031194.jpg,0.7104895,0.7447328
00055522.jpg,0.79423815,0.8174228
00057979.jpg,0.818722,0.8852122
n09288635_2459.jpg,0.61988485,0.54022986
00036387.jpg,0.79504377,0.7891314
n07717556_5513.jpg,0.7969298,0.6814159
00049303.jpg,0.8549343,0.858202
00006905.jpg,0.6644634,0.7527636
n07690273_22164.jpg,0.84886837,0.8988764
n09289331_10597.jpg,0.63963103,0.58064514
00022629.jpg,0.80547416,0.8771858
000000507547.jpg,0.82077426,0.7592593
00055183.jpg,0.83641857,0.9332128
00057056.jpg,0.81279665,0.8268076
00056940.jpg,0.55303514,0.4141768
00038721.jpg,0.84038264,0.9190946
00002896.jpg,0.7756818,0.8342546
00004665.jpg,0.7801512,0.7945454
00022111.jpg,0.6186066,0.5743746
00016006.jpg,0.6858873,0.5254166
00022444.jpg,0.7660904,0.8104706
00005940.jpg,0.8881083,0.8130098
00022021.jpg,0.6397818,0.6417648
00056997.jpg,0.82256705,0.8162864
00030564.jpg,0.6219684,0.5528392
n07574602_26819.jpg,0.79399425,0.8659794
00024880.jpg,0.7606172,0.7489332
00032997.jpg,0.81638956,0.86131
00029246.jpg,0.6897995,0.6415568
00043987.jpg,0.6595466,0.6026118
00030365.jpg,0.8454441,0.9033166
00037121.jpg,0.68435,0.5746682
00012733.jpg,0.66311765,0.7974028
00014168.jpg,0.7858296,0.7932902
00023990.jpg,0.5799807,0.725779
00036672.jpg,0.6156952,0.7011012
00052901.jpg,0.8823542,0.8911822
00004358.jpg,0.61117166,0.5590222
00037483.jpg,0.6360795,0.7968166
00003135.jpg,0.6723592,0.782841
00048234.jpg,0.6484606,0.49784
00058088.jpg,0.7735049,0.7841744
00050794.jpg,0.76066387,0.7518834
00004152.jpg,0.88309747,0.8749026
00050520.jpg,0.756932,0.7054704
00026693.jpg,0.8819548,0.9530644
00053019.jpg,0.8689668,0.8562482
04f59783cb351805.jpg,0.7901152,0.8877551
00058498.jpg,0.7158453,0.650581
00021251.jpg,0.7078241,0.8238684
3b08c6349cae9d39.jpg,0.8575432,0.8981481
00051191.jpg,0.76909274,0.6880644
n07806221_22340.jpg,0.77749944,0.9583333
n07911677_1377.jpg,0.820231,0.86315787
00008954.jpg,0.8815309,0.8713278
000000375205.jpg,0.8876332,0.91964287
00020088.jpg,0.7934143,0.8471022
00036989.jpg,0.8102113,0.7274764
00005231.jpg,0.79908615,0.8245578
00042173.jpg,0.75340796,0.7821
n04349306_14345.jpg,0.7359783,0.8333333
00001500.jpg,0.8419228,0.7881318
00048209.jpg,0.7867004,0.932455
00021688.jpg,0.80425507,0.851945
00053206.jpg,0.8280231,0.8048534
00047903.jpg,0.7929298,0.7664792
00015039.jpg,0.6543318,0.6178464
00045172.jpg,0.76444364,0.7765918
n07863374_18251.jpg,0.811762,0.9052632
00001998.jpg,0.8787677,0.8174754
00033272.jpg,0.90068245,0.9654578
00002198.jpg,0.684281,0.6924506
00002180.jpg,0.7862167,0.7570772
00011664.jpg,0.6675371,0.6379856
00006730.jpg,0.680577,0.733777
2fd1948266c82802.jpg,0.7922212,0.75268817
00009924.jpg,0.67063093,0.7020698
00044593.jpg,0.7449811,0.7531448
00014367.jpg,0.840987,0.7967096
00048553.jpg,0.8594791,0.9119134
00022205.jpg,0.8407312,0.8126568
00054475.jpg,0.59703785,0.677736
00025986.jpg,0.75494957,0.6185344
00000500.jpg,0.61137724,0.6527704
00001362.jpg,0.7862447,0.8016652
00009652.jpg,0.875019,0.9512104
00043894.jpg,0.7032655,0.6477124
00049961.jpg,0.8242312,0.7682104
00016965.jpg,0.58993596,0.7724484
00026944.jpg,0.82954186,0.8490152
00032794.jpg,0.756212,0.8271538
00023186.jpg,0.82067335,0.901818
00027700.jpg,0.81502134,0.8188906
00002721.jpg,0.6593813,0.6651064
00029684.jpg,0.89112365,0.9138794
n09415671_15388.jpg,0.5576637,0.597561
00043002.jpg,0.6687643,0.7362712
00009000.jpg,0.8721489,0.8319912
00056976.jpg,0.75002223,0.6481512
00007773.jpg,0.6672999,0.4045414
00026026.jpg,0.8072098,0.6845028
00040199.jpg,0.7549296,0.7696364
00037449.jpg,0.61866057,0.6098316
00054497.jpg,0.763487,0.8431958
00053831.jpg,0.85816103,0.8530254
00001695.jpg,0.81205434,0.8968094
00045763.jpg,0.7157497,0.770173
00049156.jpg,0.71362305,0.6531932
00017680.jpg,0.8308925,0.883012
n01811909_9916.jpg,0.6933602,0.7128713
00046621.jpg,0.7604149,0.7845078
n09415671_18246.jpg,0.55204546,0.40186915
00036442.jpg,0.6446592,0.8671656
00015916.jpg,0.6140479,0.5705918
00017899.jpg,0.843508,0.764644
00040658.jpg,0.57885826,0.5640264
00017533.jpg,0.6922016,0.7837196
00042585.jpg,0.76274663,0.8340936
00038862.jpg,0.8703256,0.9226736
00041739.jpg,0.6791874,0.6732622
00037372.jpg,0.5734237,0.763953
00045034.jpg,0.5968095,0.6380556
00002674.jpg,0.8601857,0.9443478
000000246456.jpg,0.7442401,0.9230769
00052256.jpg,0.6795513,0.7974182
00001347.jpg,0.80466473,0.7330428
00049048.jpg,0.8711681,0.8600454
00028676.jpg,0.86241674,0.9286122
00036800.jpg,0.7034729,0.7730138
00008083.jpg,0.7353608,0.8470964
00023297.jpg,0.7038187,0.476381
00010714.jpg,0.5660697,0.5007626
00029187.jpg,0.78626454,0.9082586
00055117.jpg,0.83834535,0.8832894
00046791.jpg,0.73901445,0.6809158
00040113.jpg,0.82631844,0.785808
00009030.jpg,0.8268259,0.8314948
00004288.jpg,0.8630055,0.889765
00002804.jpg,0.71890074,0.895757
00008936.jpg,0.6144342,0.577934
00055373.jpg,0.7385451,0.8022732
00010894.jpg,0.72770864,0.875309
00026076.jpg,0.82964236,0.7906818
00023715.jpg,0.6820686,0.589557
00041344.jpg,0.72679645,0.8062384
00046068.jpg,0.73021,0.8556782
00031185.jpg,0.62609684,0.6673226
00042136.jpg,0.75103396,0.6681462
00046086.jpg,0.641127,0.5941628
00055063.jpg,0.7855945,0.8643266
00042068.jpg,0.6838753,0.8785354
n09472597_446.jpg,0.6323591,0.5714286
00029054.jpg,0.7671327,0.8731716
00016185.jpg,0.7657736,0.789324
00039999.jpg,0.6934031,0.7587538
000000443093.jpg,0.8675927,0.8902439
cc16b9ccba01f7ff.jpg,0.71633273,0.8039216
00006240.jpg,0.7485493,0.7175768
00005203.jpg,0.74824625,0.6094652
00056165.jpg,0.6295887,0.650703
00048098.jpg,0.8424677,0.8292894
00038457.jpg,0.7309597,0.8015566
00008508.jpg,0.5978013,0.5545972
00008161.jpg,0.81728476,0.9026456
00030678.jpg,0.6315315,0.5882978
00022712.jpg,0.69669485,0.6581994
00022748.jpg,0.6807668,0.7042102
00016224.jpg,0.5804951,0.5221548
00036380.jpg,0.6529004,0.6855906
00032510.jpg,0.85252434,0.7977716
00048556.jpg,0.81671196,0.8829348
00001358.jpg,0.7078054,0.711743
n02389128_6719.jpg,0.7740248,0.7669903
n07720875_10894.jpg,0.8808192,0.90816325
00030130.jpg,0.7048722,0.6506936
00000911.jpg,0.7127016,0.7440478
00015833.jpg,0.8065161,0.8634388
00034810.jpg,0.6380702,0.5183742
00014018.jpg,0.6533584,0.7233842
00015219.jpg,0.7020332,0.8598192
00015543.jpg,0.6741948,0.5328074
00021963.jpg,0.82198817,0.899792
00031466.jpg,0.7854637,0.893597
00028661.jpg,0.8793985,0.8744158
00026294.jpg,0.73971087,0.6252346
00053833.jpg,0.80677956,0.6830298
00056944.jpg,0.6970379,0.6547858
00009314.jpg,0.78356606,0.704948
00033612.jpg,0.8109767,0.8946714
00003755.jpg,0.7764834,0.7509704
b2259a0da58bf723.jpg,0.8296928,0.6969697
00028326.jpg,0.73417634,0.6853436
5c955e3a7555aa23.jpg,0.8536177,0.815534
00002469.jpg,0.7262928,0.793747
00052859.jpg,0.72216445,0.7648874
00042454.jpg,0.75333667,0.7934478
00055114.jpg,0.8117003,0.7907394
00041893.jpg,0.5842241,0.5287036
00056153.jpg,0.8171671,0.8621098
00053323.jpg,0.75644106,0.8908658
n07716358_5976.jpg,0.8880767,0.91346157
00009894.jpg,0.68429124,0.664596
00039478.jpg,0.6681261,0.7080098
00003068.jpg,0.7882456,0.8355302
00051184.jpg,0.7456836,0.7583912
00025398.jpg,0.93963724,0.9021284
00015786.jpg,0.6513717,0.7077272
00041910.jpg,0.6739948,0.7673808
00017295.jpg,0.8838182,0.9031808
00046933.jpg,0.64148873,0.5771164
00029069.jpg,0.55283314,0.609596
n09289331_477.jpg,0.6624453,0.6703297
00052732.jpg,0.7944666,0.7697912
00020763.jpg,0.78166276,0.859291
00019714.jpg,0.7134425,0.7429502
n03594945_58.jpg,0.7511063,0.71428573
00040194.jpg,0.74951524,0.7145094
00031381.jpg,0.81694645,0.9368626
00043265.jpg,0.7453651,0.650451
00032762.jpg,0.7244378,0.8016066
00022755.jpg,0.78858846,0.8330126
00021496.jpg,0.775775,0.6676864
00036448.jpg,0.6950518,0.7116318
00022298.jpg,0.8420077,0.8131598
00000430.jpg,0.8449946,0.9728528
00055884.jpg,0.6746165,0.839466
00006632.jpg,0.69308954,0.66374
00043587.jpg,0.7005056,0.7013576
00002255.jpg,0.7914917,0.7560666
00003602.jpg,0.73183256,0.815587
00040762.jpg,0.6482613,0.5503476
00013937.jpg,0.795904,0.794659
00042307.jpg,0.6387368,0.7031936
00043715.jpg,0.7400555,0.6849768
00054728.jpg,0.82074034,0.758744
n07893642_27662.jpg,0.82465655,0.6756757
00049756.jpg,0.9229725,0.9731662
00000520.jpg,0.59740174,0.5632272
00042553.jpg,0.76369166,0.8623836
00004755.jpg,0.59264314,0.6299818
f869549ef1bbc8a5.jpg,0.66673803,0.7837838
607f72b560affe61.jpg,0.571491,0.38938054
00035638.jpg,0.775728,0.8165884
00004507.jpg,0.8052829,0.789687
00001297.jpg,0.72978264,0.6906664
00040271.jpg,0.70743614,0.809228
00010721.jpg,0.6530814,0.7747592
00029343.jpg,0.7697144,0.8207372
00056459.jpg,0.6968428,0.6580294
00007056.jpg,0.64306045,0.8110952
00014566.jpg,0.74334997,0.7263616
00052483.jpg,0.75650334,0.7932476
00024550.jpg,0.75674784,0.7443642
n03634034_724.jpg,0.536078,0.51785713
00025606.jpg,0.80513006,0.8096248
00006262.jpg,0.656155,0.6743006
00050491.jpg,0.77684504,0.8269708
00016917.jpg,0.76779115,0.8610292
00007274.jpg,0.51029956,0.4810164
00040017.jpg,0.6528786,0.5119326
00053354.jpg,0.6598545,0.6715414
00039007.jpg,0.69487035,0.6421358
00019302.jpg,0.7680294,0.7939098
00045745.jpg,0.71782,0.6652406
00026446.jpg,0.6584264,0.638611
000000559838.jpg,0.7860234,0.83809525
00048708.jpg,0.7525922,0.8507592
00045832.jpg,0.67465323,0.5076024
00050495.jpg,0.88541865,0.8845228
00037695.jpg,0.74360925,0.782483
00011296.jpg,0.7866332,0.7524568
00005164.jpg,0.73542863,0.7474238
00013369.jpg,0.8734897,0.8936912
00045352.jpg,0.7297412,0.6892208
sun_axxjygafsnvkcpym.jpg,0.70374036,0.8396226
n09468604_51222.jpg,0.5543536,0.54464287
00018783.jpg,0.77141804,0.7666992
00003748.jpg,0.7897031,0.7244752
00004601.jpg,0.75811154,0.6150538
000000536589.jpg,0.7793047,0.74038464
00024939.jpg,0.8825187,0.7593114
00018523.jpg,0.73512053,0.6822052
00046536.jpg,0.8143255,0.8404032
00015241.jpg,0.7490834,0.7617816
000000050786.jpg,0.7511188,0.7083333
sun_anxrlsxtawqfsams.jpg,0.5699892,0.5714286
00030672.jpg,0.6836784,0.7433758
00011289.jpg,0.75489146,0.7217704
00010338.jpg,0.8994033,0.9896824
000000580685.jpg,0.77860814,0.8172043
00036728.jpg,0.72256404,0.7902256
00011596.jpg,0.7922579,0.7526702
00032509.jpg,0.79904,0.8557994
00049186.jpg,0.6015058,0.6832128
00033200.jpg,0.72928345,0.6529368
00010167.jpg,0.6394212,0.642075
00039919.jpg,0.7264864,0.6755252
n07929519_33050.jpg,0.84769434,0.9622642
00041298.jpg,0.72373885,0.7582884
00020957.jpg,0.7552591,0.841891
00034109.jpg,0.6700485,0.8119142
00030014.jpg,0.8142227,0.9256586
n07720875_10155.jpg,0.859489,0.8981481
00017165.jpg,0.63691807,0.6322414
n07801091_63322.jpg,0.4885249,0.3592233
00016387.jpg,0.84018415,0.9052062
00007314.jpg,0.8793114,0.8145918
00020716.jpg,0.75525093,0.7639104
n02355227_13730.jpg,0.7906075,0.9354839
00049616.jpg,0.72921443,0.7336506
n02129165_20206.jpg,0.80348706,0.8235294
00004670.jpg,0.8533283,0.9534724
n03384352_4866.jpg,0.68726856,0.6831683
n02878222_8228.jpg,0.6443824,0.60240966
00006555.jpg,0.61114013,0.4456756
00004971.jpg,0.80126566,0.8944282
00021714.jpg,0.641858,0.6846254
00034635.jpg,0.54033303,0.7206622
n07711569_417.jpg,0.80306804,0.64285713
n03384352_6532.jpg,0.769684,0.79646015
00030515.jpg,0.7835905,0.7688976
00035243.jpg,0.66445327,0.7019994
00034017.jpg,0.69722044,0.7306204
00052424.jpg,0.8542039,0.882161
00030129.jpg,0.57279885,0.6309544
00024851.jpg,0.6698946,0.8214212
00047590.jpg,0.8347145,0.8122672
000000369132.jpg,0.720367,0.7979798
00018286.jpg,0.64172196,0.552135
00047410.jpg,0.7062251,0.6284676
sun_arepffrwpettjdji.jpg,0.58759284,0.58426964
00014678.jpg,0.7143097,0.6244722
00024647.jpg,0.82249033,0.8534358
6d765c78cdac0079.jpg,0.7151477,0.72115386
00027991.jpg,0.8119951,0.8439446
00017086.jpg,0.8186084,0.7438596
00040519.jpg,0.6168151,0.6601516
00023450.jpg,0.7997958,0.7809306
00006502.jpg,0.8409179,0.7838584
n07716358_1549.jpg,0.9069666,0.88073397
00008019.jpg,0.7826597,0.7718482
26ed450961730c81.jpg,0.7320496,0.6930693
00021449.jpg,0.9152803,0.915843
00044915.jpg,0.6284859,0.6449278
00041901.jpg,0.7414959,0.7365872
00004631.jpg,0.8288535,0.7752022
00019157.jpg,0.56968206,0.5857594
00033715.jpg,0.8093257,0.9510348
00020647.jpg,0.8192147,0.903254
00010753.jpg,0.6330974,0.4201044
00028572.jpg,0.9154117,0.9373982
00039222.jpg,0.74958056,0.555562
00022202.jpg,0.5705254,0.696322
00028913.jpg,0.7697879,0.78919
00033472.jpg,0.7490545,0.7311796
00007034.jpg,0.89825493,0.8469714
00016507.jpg,0.7799502,0.8101396
00013410.jpg,0.7302475,0.7840886
00043220.jpg,0.7470581,0.8028812
00022939.jpg,0.6987971,0.5304628
00010673.jpg,0.82155895,0.7900602
00019208.jpg,0.7882516,0.9239972
00054123.jpg,0.77114385,0.8616834
00013885.jpg,0.7842898,0.8039694
00015974.jpg,0.7839329,0.7206914
00024973.jpg,0.6614121,0.5714234
00031444.jpg,0.8480086,0.8980462
00012114.jpg,0.8339794,0.955631
00005498.jpg,0.7303305,0.8056274
00015330.jpg,0.61091995,0.5756198
00058136.jpg,0.87057906,0.8907214
70c7cece24e9e005.jpg,0.54519534,0.6631579
00045062.jpg,0.67876023,0.6017992
n01846331_5951.jpg,0.72350305,0.7669903
n02129165_18327.jpg,0.8440449,0.8924731
59da125bd7ac7467.jpg,0.6589961,0.78
000000362005.jpg,0.7234283,0.86021507
00001220.jpg,0.5353397,0.4819422
sun_aunmoitqcbqjykwe.jpg,0.5565995,0.56666666
00033205.jpg,0.8803132,0.9284168
00050334.jpg,0.87252104,0.8493172
00015750.jpg,0.7244467,0.599098
00016510.jpg,0.7755296,0.7080826
00002502.jpg,0.8412428,0.8137612
00028210.jpg,0.77074367,0.8495832
2ee8e79229b5176f.jpg,0.52208436,0.50961536
00024774.jpg,0.76150954,0.7126618
00020476.jpg,0.628178,0.809388
00004186.jpg,0.6128435,0.710546
00041205.jpg,0.76844186,0.8329832
b7fe4bc808463620.jpg,0.64019793,0.43269232
n09289331_6168.jpg,0.5423349,0.36263737
00042931.jpg,0.7838457,0.7247782
00011533.jpg,0.87245363,0.7788762
00025071.jpg,0.6777296,0.7902498
00025477.jpg,0.8026292,0.9336288
00027525.jpg,0.81748044,0.811336
00007249.jpg,0.8611122,0.7889716
00020670.jpg,0.6862346,0.7206594
00005966.jpg,0.6797975,0.6222986
00017210.jpg,0.81238514,0.8938608
00013882.jpg,0.5927122,0.457595
00022455.jpg,0.88396543,0.9110402
fbf65d6448e45ad8.jpg,0.8081571,0.8
00004120.jpg,0.76336443,0.7405776
00026373.jpg,0.81966275,0.7745748
00035467.jpg,0.7522139,0.76809
00018818.jpg,0.8162915,0.8602978
00054168.jpg,0.7031885,0.8193012
00053458.jpg,0.9328783,0.983107
00011279.jpg,0.6880525,0.726613
00054467.jpg,0.8128785,0.7410306
00029711.jpg,0.75564307,0.8610644
00020002.jpg,0.8554204,0.9208192
00002023.jpg,0.6544851,0.426577
00017579.jpg,0.8180489,0.8832668
00031889.jpg,0.84805727,0.9070632
00058297.jpg,0.61898875,0.6170608
00010584.jpg,0.7363569,0.7321926
00016203.jpg,0.8365286,0.8830738
00038634.jpg,0.62003815,0.5806034
00005979.jpg,0.8201261,0.8720278
00031500.jpg,0.652199,0.7657938
n09393605_58117.jpg,0.6129119,0.72380954
00055030.jpg,0.74592364,0.829303
00003142.jpg,0.7908828,0.7229294
00040286.jpg,0.78210455,0.8000872
00033618.jpg,0.7511576,0.8784994
00005411.jpg,0.7353296,0.637349
00050470.jpg,0.860959,0.9305786
00042490.jpg,0.76388496,0.8078626
00036935.jpg,0.6502479,0.6116524
00052167.jpg,0.8135316,0.790039
n09415671_10421.jpg,0.5320586,0.5614035
00015197.jpg,0.76068276,0.7951876
00025350.jpg,0.8707509,0.752075
00031686.jpg,0.8508379,0.965769
00052371.jpg,0.88843614,0.839589
00017671.jpg,0.77182436,0.7286408
000000093816.jpg,0.79365724,0.9
00039180.jpg,0.7990538,0.8589306
000000039098.jpg,0.7182779,0.77227724
00021562.jpg,0.7724748,0.7193182
000000012902.jpg,0.7221845,0.84782606
00032050.jpg,0.8857249,0.8803292
00005209.jpg,0.800104,0.7062662
00055295.jpg,0.619124,0.6936796
00053247.jpg,0.8411563,0.751249
00044641.jpg,0.72797054,0.7762396
00045135.jpg,0.6803219,0.5264486
00025084.jpg,0.77572006,0.7430192
00042550.jpg,0.73519593,0.679058
00048886.jpg,0.8302403,0.8603058
00049177.jpg,0.8429286,0.7945984
00008120.jpg,0.58536226,0.6595786
00035917.jpg,0.7685451,0.8104478
00044249.jpg,0.7692353,0.8051644
00056612.jpg,0.8876885,0.9168548
00026558.jpg,0.763912,0.7617794
00049009.jpg,0.5832536,0.5165556
00030867.jpg,0.77796286,0.8422964
00023914.jpg,0.83669645,0.7587342
4ae1a6c17081602f.jpg,0.8207157,0.7692308
00055153.jpg,0.6975099,0.7296866
00027348.jpg,0.7022335,0.7912724
00054160.jpg,0.5675502,0.5952786
00001718.jpg,0.7398505,0.8621652
00022476.jpg,0.82351655,0.882013
00047990.jpg,0.76817167,0.6689664
00039693.jpg,0.60183495,0.6798144
00039257.jpg,0.74074274,0.6215066
00001703.jpg,0.7083658,0.5280192
00051013.jpg,0.7992805,0.9276796
00045998.jpg,0.79801553,0.779379
00054104.jpg,0.7475645,0.8229618
00005287.jpg,0.785778,0.809166
00036524.jpg,0.6611841,0.6656228
00013694.jpg,0.80429465,0.705213
00027148.jpg,0.54912704,0.7252488
sun_adzygjwtekacvdto.jpg,0.5474086,0.3904762
000000549182.jpg,0.78130436,0.86419755
00021627.jpg,0.7912795,0.8929278
n04465501_9550.jpg,0.7937881,0.8173077
00027720.jpg,0.6488923,0.638291
00021956.jpg,0.60540307,0.4946318
00001256.jpg,0.7348554,0.7198762
00041528.jpg,0.733079,0.5333352
00005355.jpg,0.70637995,0.6449338
000000379645.jpg,0.7590777,0.8137255
00031283.jpg,0.88117474,0.874933
00023849.jpg,0.7554197,0.8588602
00046486.jpg,0.8354305,0.9438618
00032716.jpg,0.7869695,0.8124616
00002553.jpg,0.78897846,0.6808776
00046967.jpg,0.73907775,0.7793582
00000489.jpg,0.8481924,0.857417
00008298.jpg,0.84026855,0.9410478
00009276.jpg,0.7624673,0.7703676
00038714.jpg,0.681648,0.6241212
00001306.jpg,0.585094,0.3912652
00048888.jpg,0.86052305,0.8629436
00002955.jpg,0.73963785,0.8750738
000000208071.jpg,0.7484728,0.87234044
00012466.jpg,0.9026492,0.9521758
00014985.jpg,0.6172466,0.6507884
sun_awchwppuydqjifvx.jpg,0.525675,0.375
00022831.jpg,0.8581298,0.9191264
00048173.jpg,0.6872568,0.7609336
000000353301.jpg,0.63213664,0.78125
00018421.jpg,0.7412797,0.7973704
00003809.jpg,0.68138546,0.7319322
00043847.jpg,0.73332065,0.7698538
00021664.jpg,0.72128385,0.7767246
00015306.jpg,0.5283733,0.550124
00047581.jpg,0.73975843,0.8681936
000000551338.jpg,0.73134726,0.71568626
n02793495_12521.jpg,0.62754464,0.76237625
00047334.jpg,0.6867413,0.698736
00020377.jpg,0.8070293,0.8872966
00038481.jpg,0.754633,0.8409782
00058639.jpg,0.8503974,0.8828556
00050358.jpg,0.65006727,0.7325496
00009181.jpg,0.67575413,0.8056816
00017354.jpg,0.6990936,0.6237346
n00445351_5646.jpg,0.7604174,0.72115386
00034748.jpg,0.68610466,0.821759
00031338.jpg,0.6444701,0.849819
00056015.jpg,0.854428,0.834477
00004915.jpg,0.78260857,0.6762088
00028673.jpg,0.7958461,0.8441712
00003151.jpg,0.836062,0.8542902
00050352.jpg,0.7540316,0.688804
00019830.jpg,0.88281256,0.9282376
00054743.jpg,0.60474217,0.6358648
00058052.jpg,0.7209933,0.7588708
00050864.jpg,0.91342837,0.8770142
n09472597_14703.jpg,0.6512867,0.5
00053422.jpg,0.6845894,0.7772028
00053199.jpg,0.78685236,0.7629776
00027837.jpg,0.6589052,0.6273774
00022817.jpg,0.68324167,0.6866296
00041674.jpg,0.8273004,0.8574688
00019481.jpg,0.67936647,0.713344
n04349306_9108.jpg,0.79340404,0.8989899
00033451.jpg,0.6605172,0.7510088
00006186.jpg,0.61327046,0.610133
n07717556_1745.jpg,0.75582063,0.8817204
00034032.jpg,0.570488,0.460541
n09288635_11978.jpg,0.6329135,0.44444445
00027545.jpg,0.65093964,0.7416678
00022171.jpg,0.7883103,0.626487
000000546164.jpg,0.76668626,0.875
00011199.jpg,0.7730156,0.6650972
00051009.jpg,0.5428635,0.5195732
00027743.jpg,0.7587516,0.7529098
00012578.jpg,0.7486425,0.8465214
n07753592_3491.jpg,0.92003566,0.9310345
00041817.jpg,0.819971,0.8562464
00055761.jpg,0.60033166,0.5709306
00018850.jpg,0.74774015,0.8174358
00013960.jpg,0.7837455,0.8496456
00054570.jpg,0.7850253,0.7545102
00033944.jpg,0.70694125,0.6503386
00008106.jpg,0.6697185,0.8171186
00050970.jpg,0.85380685,0.8525824
00049319.jpg,0.7931115,0.795348
00048808.jpg,0.78600633,0.8574458
00052003.jpg,0.6620642,0.7404212
00056234.jpg,0.628806,0.5741126
00054829.jpg,0.7743748,0.7109354
00039060.jpg,0.77639455,0.8219982
00034019.jpg,0.5345093,0.265751
00028406.jpg,0.7953906,0.9031556
00045148.jpg,0.7778382,0.8435736
00021411.jpg,0.5932325,0.5879456
00045535.jpg,0.7048194,0.7642418
00029386.jpg,0.78649163,0.776823
00028282.jpg,0.80750805,0.8180678
00009764.jpg,0.8529222,0.8752464
00008995.jpg,0.63306546,0.618556
00055430.jpg,0.6854262,0.8105392
00043334.jpg,0.62165,0.6593244
00048753.jpg,0.65431374,0.6854998
00036304.jpg,0.6661746,0.8417734
00036464.jpg,0.69114673,0.725237
00037096.jpg,0.7239799,0.823773
00052785.jpg,0.9070321,0.9387778
00031925.jpg,0.7114077,0.8274712
00018223.jpg,0.69709796,0.6830136
00002825.jpg,0.80056995,0.7903306
00034063.jpg,0.67577785,0.6943962
00048152.jpg,0.6941222,0.6840276
00058648.jpg,0.70978016,0.654098
00030981.jpg,0.80102956,0.827119
00015686.jpg,0.8285301,0.8475542
00035861.jpg,0.61926585,0.572323
00034814.jpg,0.5703232,0.590268
00054634.jpg,0.7551698,0.8943664
00020748.jpg,0.68088615,0.8027284
00023813.jpg,0.5999719,0.7107064
00039705.jpg,0.71549803,0.7706782
00029682.jpg,0.6650392,0.5731254
00031446.jpg,0.82530206,0.8176658
00000935.jpg,0.84616834,0.7364336
00020236.jpg,0.781311,0.711502
00012766.jpg,0.8588457,0.9679738
00029743.jpg,0.75646216,0.7265362
00006099.jpg,0.75309557,0.8177512
00003713.jpg,0.6902594,0.8828834
00007389.jpg,0.7326648,0.7963172
n02129165_10944.jpg,0.8275183,0.8969072
00023628.jpg,0.90293974,0.8924144
00021659.jpg,0.65374106,0.7484616
66244a77636dd606.jpg,0.8782698,0.9404762
00043285.jpg,0.7611255,0.9542042
00000261.jpg,0.9219008,0.9510874
00045875.jpg,0.76505524,0.799978
00036969.jpg,0.49970287,0.5337804
n03790512_12141.jpg,0.7816666,0.8611111
00026265.jpg,0.70865667,0.6959306
00016990.jpg,0.80164903,0.733274
00012863.jpg,0.9052847,0.8078186
00044996.jpg,0.62098944,0.7234962
00027316.jpg,0.73398405,0.8056042
00044250.jpg,0.7175532,0.7860706
00020074.jpg,0.68020225,0.6281076
00016118.jpg,0.8559731,0.8549856
00015694.jpg,0.7826919,0.9169974
00025753.jpg,0.85676116,0.790295
n02090827_12582.jpg,0.80528194,0.8842105
00052351.jpg,0.79893035,0.7992564
00015159.jpg,0.8149064,0.7801918
00011476.jpg,0.8346676,0.7608914
00042217.jpg,0.6699408,0.7478948
00002005.jpg,0.7597668,0.8019858
00022383.jpg,0.6854256,0.8235142
00005265.jpg,0.511189,0.3850346
00044116.jpg,0.7409079,0.7276428
00019816.jpg,0.75024456,0.8234842
00027222.jpg,0.78547865,0.8903564
n09393605_21966.jpg,0.5072632,0.3883495
00037983.jpg,0.60810703,0.5188488
00039936.jpg,0.82738787,0.9041508
00049917.jpg,0.80009615,0.7952184
00033655.jpg,0.6788937,0.6910066
00004961.jpg,0.854243,0.8685686
00043620.jpg,0.8096626,0.8906456
00005862.jpg,0.7495209,0.9031424
00043289.jpg,0.7742023,0.840481
00002642.jpg,0.5973289,0.6504418
00003977.jpg,0.819617,0.8941848
00057034.jpg,0.7785252,0.811325
a252b3cce303c122.jpg,0.5988897,0.45454547
00002070.jpg,0.76079935,0.8550242
sun_aldigqqshvnhfkng.jpg,0.5177026,0.3655914
00056662.jpg,0.63570625,0.7483458
00019013.jpg,0.751426,0.691814
00042978.jpg,0.8100284,0.8179182
00036428.jpg,0.6380158,0.6145302
00043119.jpg,0.7228957,0.6011118
00021268.jpg,0.8372659,0.6600168
sun_acgqrysmhvkbzwyo.jpg,0.5448297,0.22881356
00002488.jpg,0.68062264,0.6470018
00038846.jpg,0.6717976,0.5590818
00040460.jpg,0.8528903,0.9763702
00051818.jpg,0.8644772,0.8302312
00016901.jpg,0.60115635,0.6199716
00052798.jpg,0.80326957,0.8586668
00053503.jpg,0.76580447,0.9146716
sun_auxrumamawazfvvs.jpg,0.62558043,0.5882353
n03512147_1461.jpg,0.7049246,0.59375
00049412.jpg,0.8164055,0.7694046
ef2f3288f7af27a6.jpg,0.8219298,0.91964287
00009877.jpg,0.75409716,0.7805756
00014369.jpg,0.7990244,0.8496338
b5d328a10a792d7e.jpg,0.7144044,0.72727275
00047235.jpg,0.7377165,0.5466912
00011180.jpg,0.949673,0.980488
00000727.jpg,0.91955113,1.0
00032435.jpg,0.7798101,0.8320918
00038405.jpg,0.72222525,0.8739416
ddba33eeca39c042.jpg,0.66466236,0.81914896
00049035.jpg,0.57762885,0.5412912
00027863.jpg,0.53835905,0.6065054
00027046.jpg,0.78642696,0.6567408
00042518.jpg,0.691033,0.7475652
00013798.jpg,0.7874575,0.7229826
00049360.jpg,0.7440416,0.6486852
00034039.jpg,0.6256039,0.62267
00028509.jpg,0.780442,0.7908818
00046122.jpg,0.76347196,0.6772254
00001161.jpg,0.810739,0.7969636
00004560.jpg,0.87487215,0.9090584
00035315.jpg,0.57098424,0.4900964
00041113.jpg,0.70633936,0.7436784
00043427.jpg,0.8276047,0.8831336
00036814.jpg,0.7185025,0.6546562
d4bfe00b896bae57.jpg,0.5952178,0.71028036
00000568.jpg,0.73046595,0.636182
00054685.jpg,0.66123426,0.6777424
00051586.jpg,0.80212396,0.728592
000000511148.jpg,0.847642,0.8636364
00011699.jpg,0.7551294,0.758062
00009985.jpg,0.8342527,0.9531238
00043663.jpg,0.60202193,0.5182438
00015225.jpg,0.80053455,0.8092706
00046928.jpg,0.6980471,0.6304934
00027367.jpg,0.80220324,0.7684274
00030134.jpg,0.80640364,0.8279584
00011037.jpg,0.69182074,0.709027
00041050.jpg,0.61291325,0.5899406
00028920.jpg,0.7730554,0.8582778
00028444.jpg,0.71562,0.6118594
00038164.jpg,0.7285502,0.8740842
00056367.jpg,0.5852169,0.6448116
00033650.jpg,0.77707714,0.8888824
00027536.jpg,0.75477195,0.546644
00002678.jpg,0.69692445,0.681462
00016830.jpg,0.73847955,0.7149496
00036101.jpg,0.6512874,0.6179918
00007506.jpg,0.7459853,0.7542532
n04335435_7177.jpg,0.75302964,0.75
00034332.jpg,0.64436585,0.8216806
00037576.jpg,0.58925796,0.6942048
00027689.jpg,0.6595627,0.6291828
00038336.jpg,0.5954064,0.4164664
000000209778.jpg,0.78652674,0.8981481
00049674.jpg,0.83605045,0.896429
00023413.jpg,0.8321994,0.6355118
00023619.jpg,0.6250606,0.6961878
00002522.jpg,0.95956355,0.9599198
00048693.jpg,0.58626574,0.6758102
00046892.jpg,0.76273376,0.8779354
00026424.jpg,0.86457556,0.890195
00016978.jpg,0.83096343,0.7894974
00009302.jpg,0.74694705,0.7853878
00049653.jpg,0.8709945,0.878141
00020056.jpg,0.8223165,0.8950476
000000195300.jpg,0.73311454,0.8137255
00007818.jpg,0.6291033,0.7038072
n02118333_12388.jpg,0.8093687,0.81609195
00026898.jpg,0.75135666,0.6218548
00037835.jpg,0.61452603,0.619698
00057606.jpg,0.71418536,0.6402362
00006029.jpg,0.69490105,0.6614048
00005488.jpg,0.6004292,0.5152628
00027534.jpg,0.7932667,0.8761172
00024982.jpg,0.6595023,0.7635258
00053787.jpg,0.8214745,0.8734924
n01792955_16450.jpg,0.7816854,0.84158415
00014499.jpg,0.77543634,0.7532738
00019990.jpg,0.5344817,0.5511176
00005507.jpg,0.774628,0.8581328
00001677.jpg,0.8655433,0.8734872
00008567.jpg,0.7085812,0.6432604
00027411.jpg,0.7990276,0.8773904
00029816.jpg,0.5886383,0.6109416
00035787.jpg,0.6821873,0.7056932
00035741.jpg,0.61200446,0.567502
00000898.jpg,0.90029234,0.9100506
00026393.jpg,0.7238747,0.718061
00030331.jpg,0.6332232,0.478612
00015562.jpg,0.71925956,0.660975
000000407676.jpg,0.6700228,0.73195875
00003524.jpg,0.58056843,0.6896422
00001963.jpg,0.75323015,0.7326726
00033023.jpg,0.7695653,0.9119068
00023119.jpg,0.775241,0.807398
00014333.jpg,0.7806475,0.8188276
00027823.jpg,0.8027531,0.8794078
n07717556_3374.jpg,0.87696,0.9464286
00046062.jpg,0.7556067,0.779359
00056576.jpg,0.82494706,0.8586396
00050874.jpg,0.77325773,0.7319302
00025811.jpg,0.83441716,0.9543704
n02434954_4936.jpg,0.7782436,0.6125
00048360.jpg,0.7321376,0.6765538
00043274.jpg,0.6822551,0.6115414
00029283.jpg,0.69277835,0.6591878
00007202.jpg,0.83809304,0.7487094
00028700.jpg,0.788837,0.6608194
00017105.jpg,0.7882666,0.7724786
00009719.jpg,0.8565434,0.9212854
00026222.jpg,0.66838866,0.60918
00036974.jpg,0.6827025,0.6953822
00008983.jpg,0.95232743,0.9261084
00039120.jpg,0.6417105,0.6204056
11e9893bc1e70924.jpg,0.73531914,0.8
00027932.jpg,0.788668,0.6756366
00041878.jpg,0.8517235,0.8780766
00026166.jpg,0.7538681,0.7728126
n00480993_11643.jpg,0.77742887,0.8584906
00028611.jpg,0.70892894,0.5625122
00014659.jpg,0.5899786,0.573582
00016936.jpg,0.7962448,0.7617602
00006498.jpg,0.8483807,0.7581644
00009572.jpg,0.69720274,0.6677108
00021111.jpg,0.72610146,0.8102126
cc905bfd9f19bedb.jpg,0.71122897,0.72897196
00032749.jpg,0.7062201,0.8536858
n04335435_25760.jpg,0.6780957,0.6037736
87cd2486757696e5.jpg,0.63188493,0.6442308
00020244.jpg,0.82167536,0.9186416
00012615.jpg,0.56328875,0.4214478
00037828.jpg,0.6329505,0.583872
00020685.jpg,0.7309785,0.739067
00026459.jpg,0.8978638,0.9342282
00004720.jpg,0.80141175,0.818026
00005274.jpg,0.6470549,0.608473
00021933.jpg,0.8402157,0.797316
00001185.jpg,0.7320053,0.8993422
00007993.jpg,0.70603603,0.6667326
00030775.jpg,0.78609663,0.6999384
n03791053_16405.jpg,0.716409,0.7169811
00041193.jpg,0.7060504,0.784375
00057366.jpg,0.65011954,0.7253206
00010194.jpg,0.7182761,0.6208816
00042567.jpg,0.58506364,0.707867
00005954.jpg,0.7552236,0.7318942
ad4514d57db0f8cf.jpg,0.7534814,0.86021507
00057155.jpg,0.6733819,0.8054766
00017683.jpg,0.8483306,0.8503848
00056324.jpg,0.5491736,0.4465876
n02450034_4331.jpg,0.7184382,0.65656567
00054392.jpg,0.8578632,0.8995774
n02342885_10176.jpg,0.8496067,0.9626168
000000289040.jpg,0.7679507,0.85470086
00049474.jpg,0.74508166,0.7795532
00015300.jpg,0.55812657,0.6175286
00017586.jpg,0.8620438,0.8834158
00019551.jpg,0.6746488,0.6973194
00046080.jpg,0.7651353,0.6707156
00050473.jpg,0.7772398,0.9007436
00009229.jpg,0.82813734,0.8217534
00013644.jpg,0.75879127,0.7312072
00040798.jpg,0.87033737,0.8587686
00050186.jpg,0.9050206,0.8618214
n07801508_6862.jpg,0.86389154,0.8712871
00042379.jpg,0.7552859,0.6213686
00036293.jpg,0.5819551,0.599903
00014571.jpg,0.6291392,0.769601
00045904.jpg,0.8253653,0.8162786
