image_path,pred_score,true_score
n02129165_18718.jpg,0.872337,0.9010989
00012463.jpg,0.7319863,0.8413316
00010626.jpg,0.734572,0.6826306
00021959.jpg,0.8122114,0.7812388
00005292.jpg,0.8899206,0.875696
00049494.jpg,0.7466282,0.7573068
00048328.jpg,0.7213086,0.6977224
00057971.jpg,0.60062015,0.706372
00026562.jpg,0.783611,0.6085914
00037473.jpg,0.6832213,0.692356
00029835.jpg,0.9023856,0.9196102
sun_arpvswlyuitmpsfq.jpg,0.4930408,0.3963964
00042728.jpg,0.7877054,0.8025268
n02342885_4543.jpg,0.82532835,0.8888889
000000280721.jpg,0.8522191,0.92913383
00008593.jpg,0.75438875,0.8879428
00040258.jpg,0.7068812,0.5495648
00040082.jpg,0.86806726,0.8833578
00019726.jpg,0.7954231,0.759946
00017848.jpg,0.7285058,0.6446532
00032559.jpg,0.6649278,0.8096224
00025231.jpg,0.7777804,0.7549258
00056303.jpg,0.7015665,0.7926078
00033695.jpg,0.8546632,0.8537356
n07717556_5489.jpg,0.8877071,0.82857144
00005648.jpg,0.7616888,0.7611068
00027038.jpg,0.75951874,0.8890414
89053529c35762a7.jpg,0.61712646,0.7222222
00056806.jpg,0.8017664,0.9000774
00042655.jpg,0.8371693,0.9052354
00047058.jpg,0.7280867,0.818809
n02431441_110.jpg,0.7604644,0.83516484
00008939.jpg,0.79425544,0.744723
00043445.jpg,0.74070185,0.7420154
00038634.jpg,0.62864286,0.5806034
00024048.jpg,0.77575576,0.7516558
00011677.jpg,0.8930865,0.9731578
00024731.jpg,0.7749069,0.86515
00032798.jpg,0.74896926,0.7995494
00006221.jpg,0.86527276,0.8474648
00010902.jpg,0.8014974,0.819683
00038066.jpg,0.6995083,0.800518
00041420.jpg,0.8041474,0.7980264
00035445.jpg,0.6918199,0.7236496
00013901.jpg,0.8587888,0.8814582
00010481.jpg,0.79630727,0.8243214
00040951.jpg,0.742696,0.8448558
n02118333_8657.jpg,0.83266556,0.9074074
00032029.jpg,0.59326446,0.5938164
cde9f1472b95e07f.jpg,0.92912257,0.86206895
00010950.jpg,0.87262547,0.8061756
n03791053_8113.jpg,0.85586905,0.9444444
00007732.jpg,0.78979176,0.6181268
00002196.jpg,0.7677224,0.7863002
00032155.jpg,0.7827751,0.8811934
00030103.jpg,0.6389067,0.6199544
00016190.jpg,0.74983805,0.7313112
00052474.jpg,0.69523096,0.667791
00038035.jpg,0.5997113,0.6053166
00031401.jpg,0.88663495,0.9495838
00028604.jpg,0.70625514,0.8096034
00014962.jpg,0.86026835,0.8822858
00029177.jpg,0.91211146,0.8547666
234d72b20100b070.jpg,0.8226172,0.9285714
00057289.jpg,0.8729781,0.7984836
00045680.jpg,0.7340868,0.7240974
n07574602_25517.jpg,0.7440553,0.8484849
00041725.jpg,0.81321084,0.744201
00028917.jpg,0.8268248,0.9403412
00027936.jpg,0.7676058,0.7883648
00043041.jpg,0.745499,0.7257638
00001473.jpg,0.8406704,0.8499464
00011154.jpg,0.9506176,0.9007464
00031238.jpg,0.7479415,0.952099
00057483.jpg,0.8076501,0.783
00032070.jpg,0.7854854,0.7790324
00023755.jpg,0.8246374,0.8306912
00002868.jpg,0.82628703,0.758854
00037856.jpg,0.62987524,0.6340248
00021228.jpg,0.814921,0.8650216
00038444.jpg,0.73218787,0.674761
00019496.jpg,0.9926769,0.9555902
00042925.jpg,0.82223904,0.8431774
00028969.jpg,0.7881979,0.809219
00050545.jpg,0.87535584,0.9006882
00013387.jpg,0.71586275,0.7100998
00033414.jpg,0.73691034,0.6778094
n07679356_27158.jpg,0.8871206,0.8988764
00016563.jpg,0.8301932,0.833144
00030463.jpg,0.8989645,0.9467074
00017438.jpg,0.84728694,0.8353602
00009679.jpg,0.9013829,0.8848822
00010535.jpg,0.85231715,0.8824576
00039150.jpg,0.7019451,0.6654608
00053622.jpg,0.5715178,0.5608428
00021152.jpg,0.63404983,0.721104
00047276.jpg,0.69322634,0.7778338
00015473.jpg,0.7678579,0.7692738
00023490.jpg,0.76849365,0.6933998
00030099.jpg,0.6844953,0.7449544
00030318.jpg,0.77884626,0.7579376
00012065.jpg,0.84307814,0.8943634
00016117.jpg,0.8438363,0.8153604
00043190.jpg,0.74285114,0.7710826
00051019.jpg,0.67616606,0.6924082
00018870.jpg,0.8533823,0.8646816
00025918.jpg,0.70304084,0.848132
00034803.jpg,0.5888888,0.4641664
00014109.jpg,0.6598815,0.6490142
00033990.jpg,0.62276334,0.5651272
00044831.jpg,0.8519957,0.927729
00025704.jpg,0.8490238,0.907265
00057099.jpg,0.8365859,0.7811786
n07583197_3005.jpg,0.8229748,0.84821427
00050249.jpg,0.8491224,0.8549966
00016955.jpg,0.5486874,0.4333012
00005219.jpg,0.66069317,0.6665604
00015124.jpg,0.8791772,0.8953104
00026452.jpg,0.82816434,0.781304
00002501.jpg,0.85367596,0.7278594
00015066.jpg,0.74028957,0.7367238
00012139.jpg,0.49906242,0.3724776
00040479.jpg,0.6978476,0.746038
00011529.jpg,0.5952002,0.535502
00038843.jpg,0.7359487,0.6221958
00033386.jpg,0.6445845,0.5574968
00054178.jpg,0.78349143,0.7669622
00021568.jpg,0.60434484,0.622316
00037988.jpg,0.79175794,0.8616666
00056348.jpg,0.7253865,0.9233208
3f2cc085cfc23975.jpg,0.8009647,0.88297874
00042818.jpg,0.68964434,0.7771538
000000127028.jpg,0.83597195,0.8596491
00027095.jpg,0.74039435,0.788444
00034999.jpg,0.66423345,0.7480826
00031869.jpg,0.564287,0.4762074
00022252.jpg,0.69955295,0.7928556
00037907.jpg,0.54894227,0.5680624
00040291.jpg,0.77765805,0.7630884
00053765.jpg,0.69417727,0.8612734
00029407.jpg,0.52131,0.4754752
00042303.jpg,0.8001849,0.7182356
00024110.jpg,0.83471346,0.889918
00032240.jpg,0.6911559,0.6364104
00032238.jpg,0.482831,0.4077898
00025151.jpg,0.7899399,0.8555576
00021204.jpg,0.71773756,0.8123754
00023015.jpg,0.83582914,0.814699
feecb94338fe3dc8.jpg,0.73105013,0.7619048
00018449.jpg,0.63575566,0.6575806
00041171.jpg,0.74567926,0.8397506
00055532.jpg,0.851338,0.88702
00035308.jpg,0.60956043,0.4837264
00046504.jpg,0.814387,0.8935106
00003345.jpg,0.7721638,0.8880442
00027395.jpg,0.78730166,0.7776542
00002628.jpg,0.75595516,0.7532702
n09468604_15732.jpg,0.5200535,0.43269232
00013154.jpg,0.66329455,0.622385
00018978.jpg,0.7925353,0.6692082
00002124.jpg,0.6082715,0.5140092
n03790512_5014.jpg,0.79676795,0.83653843
00004684.jpg,0.62025696,0.6256568
00042108.jpg,0.6470264,0.6018102
00054494.jpg,0.7427492,0.8541026
00027144.jpg,0.84969455,0.918024
00052844.jpg,0.81643486,0.8152456
00058420.jpg,0.68881524,0.7896682
ab3255d92dfcb5ab.jpg,0.57699937,0.43
00057873.jpg,0.7544217,0.65916
00000201.jpg,0.7754792,0.7636962
00037760.jpg,0.7180041,0.704477
00001791.jpg,0.69180554,0.7217756
00002066.jpg,0.7783901,0.7176768
00008042.jpg,0.5938285,0.5998924
00050680.jpg,0.73517114,0.7730036
00005033.jpg,0.7656257,0.8181428
00012584.jpg,0.75104153,0.6836924
00014585.jpg,0.6926785,0.805146
00014472.jpg,0.8646921,0.8144866
00032904.jpg,0.61191356,0.4618016
00034411.jpg,0.7837186,0.880915
00027353.jpg,0.76127553,0.7987318
00026733.jpg,0.75204146,0.7498748
00015033.jpg,0.7602905,0.7193148
00043711.jpg,0.73393524,0.784399
00018851.jpg,0.749794,0.7617572
00057565.jpg,0.64322245,0.6127886
00033925.jpg,0.6486769,0.6840946
1cc53c8e090ba2f1.jpg,0.7056591,0.80851066
00030620.jpg,0.7798655,0.7414944
00042030.jpg,0.6470048,0.6614108
00015115.jpg,0.8486899,0.8946228
00043937.jpg,0.8490331,0.8069808
00028860.jpg,0.86913645,0.7420446
n02834778_10155.jpg,0.8081125,0.8105263
00057316.jpg,0.776034,0.8419872
00025658.jpg,0.6741113,0.5121762
00047991.jpg,0.69294804,0.6935896
00025754.jpg,0.7939445,0.9128282
00028097.jpg,0.7271783,0.5633902
00056346.jpg,0.60230935,0.7591234
00010969.jpg,0.7227476,0.6175946
00003700.jpg,0.83048165,0.7577528
00020029.jpg,0.6915033,0.7615846
00042662.jpg,0.80579054,0.8129414
00049608.jpg,0.866586,0.9446386
00038897.jpg,0.7256995,0.8264696
00000882.jpg,0.64889795,0.6885136
n07880968_1519.jpg,0.8156034,0.875
00030677.jpg,0.8876061,0.9209432
00001034.jpg,0.7011372,0.5992112
00032632.jpg,0.76882577,0.8141028
00040427.jpg,0.7304527,0.6141896
00042744.jpg,0.7049486,0.7561406
00010169.jpg,0.85371864,0.868281
00039104.jpg,0.73577356,0.8387192
00050039.jpg,0.8330579,0.863431
00046350.jpg,0.7437384,0.762595
00002001.jpg,0.7309038,0.7939386
00044319.jpg,0.76406634,0.7860476
00051297.jpg,0.73986745,0.7504302
00025613.jpg,0.9000913,0.9472768
00052252.jpg,0.72200984,0.7636972
000000543797.jpg,0.75304866,0.7157895
00014729.jpg,0.8122662,0.5988368
00025251.jpg,0.66129386,0.7212112
00008227.jpg,0.71788335,0.5864864
00053287.jpg,0.7992548,0.592195
000000325963.jpg,0.6324491,0.5925926
00050010.jpg,0.8392111,0.843802
00021808.jpg,0.7438721,0.7351826
00005491.jpg,0.78419733,0.8324462
00054659.jpg,0.71209264,0.6614084
n02396427_10462.jpg,0.73952097,0.8130841
00037212.jpg,0.559263,0.4558584
00019455.jpg,0.635538,0.732174
00039441.jpg,0.81249124,0.7964876
00045403.jpg,0.7386322,0.6661398
00000657.jpg,0.7149456,0.65393
00003823.jpg,0.69506013,0.6351084
00047680.jpg,0.7490142,0.7933144
00053169.jpg,0.8312134,0.9064088
00042238.jpg,0.76259065,0.704646
00024969.jpg,0.7831965,0.6993148
00027008.jpg,0.871763,0.8920026
00026782.jpg,0.61607224,0.5786104
00017990.jpg,0.76926553,0.7836086
00017664.jpg,0.66825765,0.606106
00025623.jpg,0.68695366,0.6845512
00006577.jpg,0.757312,0.7799842
00002656.jpg,0.70193607,0.7592904
00052404.jpg,0.8621093,0.767992
00018841.jpg,0.6193917,0.6068716
00014877.jpg,0.79939896,0.8731692
00006188.jpg,0.64876044,0.6242494
n04335435_55574.jpg,0.7975606,0.80508476
00054797.jpg,0.8031281,0.7952856
00043763.jpg,0.8300818,0.7634294
00007223.jpg,0.68948305,0.8656364
00000461.jpg,0.83552,0.9293828
00056370.jpg,0.79338723,0.7474232
00024922.jpg,0.71561366,0.7332822
000000535369.jpg,0.8264066,0.875
00043549.jpg,0.8085978,0.620747
00025460.jpg,0.65534693,0.6950378
00013293.jpg,0.83740956,0.8043534
00023742.jpg,0.8504312,0.8019122
00026625.jpg,0.6848888,0.7008428
00041615.jpg,0.85842013,0.9466568
00023264.jpg,0.8378823,0.8554306
000000437948.jpg,0.8394377,0.8804348
00051335.jpg,0.852861,0.8639714
00000785.jpg,0.760327,0.830992
00048602.jpg,0.79540986,0.7589488
00057458.jpg,0.7828646,0.830339
00013202.jpg,0.76321447,0.7584918
596ec3440b5a9f93.jpg,0.718629,0.83809525
00034842.jpg,0.6748561,0.590759
00042778.jpg,0.7613427,0.7968884
00000546.jpg,0.8910519,0.8979664
00013454.jpg,0.8408799,0.7978336
57251d1cf556fa5e.jpg,0.83489203,0.93203884
00030682.jpg,0.58391726,0.5099364
00047826.jpg,0.7665352,0.5861236
00052642.jpg,0.81286216,0.7742132
00006126.jpg,0.8123638,0.8089314
n09468604_57181.jpg,0.61454195,0.48421052
n04467665_19138.jpg,0.68901247,0.6631579
00051450.jpg,0.7502816,0.5535808
00001030.jpg,0.838831,0.8451476
00011296.jpg,0.7817274,0.7524568
00051941.jpg,0.7401607,0.8468682
00055056.jpg,0.53898704,0.6994628
00012532.jpg,0.8074008,0.6667236
00014286.jpg,0.6778058,0.7112898
00022253.jpg,0.8188795,0.7869242
00017227.jpg,0.77552366,0.81074
00006115.jpg,0.7644851,0.5128318
00048490.jpg,0.69263756,0.7578536
n04461696_5312.jpg,0.73277223,0.7009346
00033409.jpg,0.75617087,0.7415426
00039568.jpg,0.7489681,0.723083
n07753592_2012.jpg,0.86678517,0.9056604
n09288635_333.jpg,0.76012003,0.71276593
00020428.jpg,0.65607864,0.6793604
00020912.jpg,0.59855646,0.708145
00020044.jpg,0.80735284,0.8777794
00039982.jpg,0.75170636,0.7863846
00006153.jpg,0.9226066,0.9212488
sun_atmvwojclncleuqd.jpg,0.65158296,0.65625
00027791.jpg,0.7583,0.6982468
c5b9ff0502b34dc7.jpg,0.61724126,0.72321427
00023074.jpg,0.82221127,0.8857216
00033629.jpg,0.68429315,0.8638468
000000143980.jpg,0.82516277,0.86170214
00037044.jpg,0.6468656,0.544863
00049285.jpg,0.7184139,0.6879814
00032529.jpg,0.61201614,0.5673684
00054264.jpg,0.8383918,0.8503564
00032345.jpg,0.80920875,0.7004264
00000821.jpg,0.6632543,0.7696934
00036174.jpg,0.59977883,0.4749656
00057509.jpg,0.63881886,0.638046
000000139249.jpg,0.80912155,0.6942149
00026052.jpg,0.63202316,0.6650268
00004069.jpg,0.6266732,0.5968684
00029949.jpg,0.64311504,0.511637
00053016.jpg,0.90954214,0.8941506
00045361.jpg,0.830261,0.7578292
00024905.jpg,0.6733393,0.689128
a73d5ae43671e30c.jpg,0.68921983,0.7570093
00036730.jpg,0.600379,0.626576
00032172.jpg,0.68753064,0.8420204
00052738.jpg,0.8562743,0.9150734
00004001.jpg,0.8583231,0.781692
n02793495_8390.jpg,0.6236152,0.6037736
00006768.jpg,0.6610383,0.6217544
00032988.jpg,0.8988725,0.8972808
00002493.jpg,0.66317594,0.657232
00013516.jpg,0.89315414,0.9378132
00000798.jpg,0.7740617,0.8445452
00041105.jpg,0.70682645,0.76407
00022254.jpg,0.8418199,0.824396
00028204.jpg,0.6645534,0.6173992
00032468.jpg,0.8870739,0.91771
00017123.jpg,0.78026736,0.8300382
n03791053_1165.jpg,0.81627727,0.80701756
00025056.jpg,0.6718833,0.6650682
n09415671_384.jpg,0.51735085,0.5753425
00015034.jpg,0.6854192,0.5698692
sun_amevzodkyjpljcde.jpg,0.7764836,0.8396226
00011263.jpg,0.81200516,0.802308
00042828.jpg,0.74862576,0.8136032
n04166281_4915.jpg,0.7249577,0.7157895
00043186.jpg,0.7748971,0.7504546
00026183.jpg,0.8904496,0.9452126
00015629.jpg,0.7296133,0.7431244
00028879.jpg,0.7100535,0.75197
00015083.jpg,0.7187419,0.7422622
00035548.jpg,0.7859843,0.8405316
00017918.jpg,0.76816165,0.8911182
00017648.jpg,0.6931737,0.810773
00050820.jpg,0.7476405,0.8224902
00024265.jpg,0.65906733,0.7423286
00024775.jpg,0.5624515,0.4322266
00043004.jpg,0.815752,0.6501284
00049726.jpg,0.7945829,0.9110814
00001180.jpg,0.66093844,0.5759076
n02878222_903.jpg,0.73977935,0.63414633
00012470.jpg,0.65550154,0.6089792
00005144.jpg,0.7730947,0.7066078
00026909.jpg,0.8505734,0.8953514
00054510.jpg,0.7412131,0.6725958
00045181.jpg,0.8094808,0.9197486
00016558.jpg,0.5646492,0.5757646
00037884.jpg,0.71066976,0.648144
00041528.jpg,0.7498155,0.5333352
00010853.jpg,0.870321,0.8965552
a252b3cce303c122.jpg,0.6334742,0.45454547
00014043.jpg,0.71037483,0.7334498
00005142.jpg,0.71872497,0.7143632
00055440.jpg,0.88749516,0.8440312
00044010.jpg,0.590105,0.6010664
00017933.jpg,0.8313006,0.895584
sun_auqcoxcgyzzillpg.jpg,0.6540706,0.45945945
00041277.jpg,0.7013222,0.5728092
00034233.jpg,0.7170502,0.803492
00006888.jpg,0.7619595,0.7034696
00007373.jpg,0.7792633,0.802152
00038419.jpg,0.6586031,0.64415
00039591.jpg,0.7202277,0.7207448
00016480.jpg,0.8387743,0.8928288
sun_ajcopavjqtimjnsa.jpg,0.613505,0.6785714
00054324.jpg,0.88078344,0.934569
00013535.jpg,0.61981314,0.6412922
eb2406b3c32c6eb4.jpg,0.74111253,0.8207547
00007666.jpg,0.85819703,0.8930242
00009412.jpg,0.8435228,0.8028414
00006548.jpg,0.748357,0.7283942
n07680932_29285.jpg,0.8233618,0.77894735
00040005.jpg,0.7993929,0.7650816
00020061.jpg,0.8280958,0.8314272
00056588.jpg,0.8307684,0.8134798
n04231693_22023.jpg,0.6446444,0.76842105
n07849336_22032.jpg,0.8144331,0.8125
00043149.jpg,0.7999953,0.7951212
00027966.jpg,0.74293613,0.7969074
00043887.jpg,0.78969276,0.7796898
00035356.jpg,0.71969146,0.6910698
00034911.jpg,0.74964094,0.7814732
00014177.jpg,0.72798574,0.8767862
00052070.jpg,0.70548266,0.8192954
00051324.jpg,0.777463,0.712032
00021107.jpg,0.682161,0.7938768
n04461696_6768.jpg,0.75429,0.68292683
00040877.jpg,0.7060873,0.796345
00031931.jpg,0.744073,0.7309588
00047185.jpg,0.69846666,0.70471
2d2da4e280f88f23.jpg,0.7535764,0.78504676
00012587.jpg,0.70981437,0.780893
sun_akriyetrhoopjsdy.jpg,0.5123808,0.60714287
00019006.jpg,0.7532494,0.8359886
00037809.jpg,0.67819566,0.7434892
n07717556_692.jpg,0.8661647,0.86538464
00032055.jpg,0.8295965,0.8616974
00014338.jpg,0.6711068,0.7182146
n02946348_1541.jpg,0.83906424,0.68421054
00040570.jpg,0.82072216,0.791509
00048288.jpg,0.8377844,0.799287
00025911.jpg,0.8699309,0.908201
64153332024189ae.jpg,0.62245274,0.63829786
00006072.jpg,0.7144202,0.8186144
00050725.jpg,0.6290282,0.7029782
00015931.jpg,0.71895266,0.8173626
00031210.jpg,0.674593,0.6724748
000000530407.jpg,0.78919715,0.79310346
00026842.jpg,0.86504465,0.9160044
00057081.jpg,0.7538282,0.8191748
00024970.jpg,0.82865494,0.874394
00056689.jpg,0.65257275,0.6189776
00028102.jpg,0.7765962,0.8373886
00034421.jpg,0.5755415,0.6218548
00040350.jpg,0.77719176,0.82844
00025109.jpg,0.53137636,0.5594536
00034244.jpg,0.5778014,0.7887346
00003569.jpg,0.59615165,0.7447546
000000269926.jpg,0.79148763,0.9139785
00011622.jpg,0.60346127,0.6257152
00026409.jpg,0.78474915,0.896835
00050843.jpg,0.6250877,0.7217538
00020606.jpg,0.6570201,0.6589366
00023942.jpg,0.76320153,0.6834788
00031980.jpg,0.59843254,0.6467538
00013251.jpg,0.66556,0.7760006
00029269.jpg,0.82043606,0.7808
00017081.jpg,0.7937719,0.848702
00028255.jpg,0.7827774,0.64656
00004005.jpg,0.80437946,0.8969064
00024013.jpg,0.85142154,0.8905048
n04610013_4797.jpg,0.72762644,0.62376237
00003107.jpg,0.78646433,0.8101748
00001133.jpg,0.694393,0.648827
00029022.jpg,0.70491725,0.627717
00033810.jpg,0.6605705,0.6620066
00018743.jpg,0.8542154,0.8959446
00038361.jpg,0.6790601,0.5994982
00036907.jpg,0.65735483,0.568152
00021940.jpg,0.67481595,0.7123326
00023904.jpg,0.64473605,0.515742
00043586.jpg,0.7230174,0.734413
00023546.jpg,0.81862855,0.8467884
00027597.jpg,0.741504,0.80655
000000045599.jpg,0.7328857,0.9026549
000000007566.jpg,0.724103,0.88505745
00019328.jpg,0.85604006,0.9331674
00003848.jpg,0.75424665,0.7171354
00039376.jpg,0.7423383,0.7623274
00013327.jpg,0.6930287,0.776885
00037627.jpg,0.7918357,0.8795998
00045662.jpg,0.7401908,0.7850908
00016957.jpg,0.72782636,0.724565
00005853.jpg,0.73077744,0.5363496
00028463.jpg,0.79284024,0.8378272
00039608.jpg,0.74719,0.565492
00052388.jpg,0.8895469,0.8235216
00030871.jpg,0.6896943,0.7434318
00019497.jpg,0.80920523,0.823518
00038475.jpg,0.82558686,0.8279454
00004207.jpg,0.72742563,0.858823
00046102.jpg,0.8241968,0.851015
00040742.jpg,0.7561449,0.555135
000000442508.jpg,0.7582926,0.7340425
00052397.jpg,0.7662983,0.7346146
00050074.jpg,0.7346859,0.7741206
00043844.jpg,0.6659505,0.7885528
00036132.jpg,0.642402,0.6976226
00023082.jpg,0.8646666,0.785754
000000090245.jpg,0.79525816,0.85858583
00018159.jpg,0.7164483,0.7553742
00016003.jpg,0.8059603,0.7778534
n04465501_602.jpg,0.69412965,0.72115386
00050442.jpg,0.65272987,0.6448814
00045012.jpg,0.70560074,0.7481392
00039709.jpg,0.90958416,0.8298028
00013156.jpg,0.8128725,0.8979246
00007140.jpg,0.80876803,0.766729
00009657.jpg,0.7564975,0.632783
n00480993_11381.jpg,0.70165896,0.5925926
00030296.jpg,0.7857877,0.84962
00000804.jpg,0.7423749,0.9123786
00003234.jpg,0.862352,0.8085634
00038152.jpg,0.663849,0.708258
00020390.jpg,0.88156784,0.9103854
00008008.jpg,0.6659659,0.735564
00048679.jpg,0.64495623,0.6254072
00058267.jpg,0.70694363,0.7247478
00053557.jpg,0.8051225,0.7077682
00031457.jpg,0.73748434,0.7803284
000000195510.jpg,0.691673,0.68041235
00008381.jpg,0.87961364,0.8570868
00004077.jpg,0.8591077,0.803245
00024638.jpg,0.6022819,0.596608
00051957.jpg,0.7337222,0.8584142
00015875.jpg,0.6181593,0.695708
00029102.jpg,0.66315085,0.757641
00018471.jpg,0.8102193,0.9839202
00009155.jpg,0.9280329,0.9547618
00031725.jpg,0.7543315,0.847879
00029802.jpg,0.69454825,0.6709812
cc785801d5deda60.jpg,0.60961163,0.40860215
00057822.jpg,0.66243285,0.69815
00029147.jpg,0.68465346,0.8591636
00051820.jpg,0.7494599,0.7653912
00047788.jpg,0.6748955,0.6162008
00048849.jpg,0.6479662,0.7632506
00044088.jpg,0.7287209,0.7282404
00048229.jpg,0.86583614,0.9091394
00057777.jpg,0.7648686,0.8741118
00030284.jpg,0.888682,0.8457274
00034951.jpg,0.7498187,0.8080474
00025507.jpg,0.53886837,0.5555896
8568a9adbda07fe7.jpg,0.7054145,0.71910113
00050784.jpg,0.87186015,0.8401194
00032119.jpg,0.58184564,0.4749906
00033022.jpg,0.5485866,0.3502588
00039977.jpg,0.7627491,0.7818582
00040534.jpg,0.7027997,0.585692
n02118333_8816.jpg,0.7815032,0.84444445
00053337.jpg,0.6130372,0.5347872
00041179.jpg,0.7443728,0.6943554
00018508.jpg,0.8516318,0.8991856
00022176.jpg,0.82593155,0.7951222
00008085.jpg,0.69940007,0.7666912
00034323.jpg,0.7900015,0.753733
00054497.jpg,0.76292354,0.8431958
00010613.jpg,0.67875385,0.567961
00004357.jpg,0.791838,0.9087904
00056937.jpg,0.82430094,0.9289032
00018000.jpg,0.79621184,0.8046038
00043198.jpg,0.7629843,0.800906
00029685.jpg,0.7842233,0.741658
00045148.jpg,0.78257704,0.8435736
00011037.jpg,0.69381046,0.709027
00024426.jpg,0.8877572,0.8946932
00046750.jpg,0.78115237,0.9025932
00019501.jpg,0.70026124,0.6545794
00021790.jpg,0.61053264,0.6512524
00014436.jpg,0.828231,0.7963534
00043686.jpg,0.78461593,0.6923572
00034981.jpg,0.7479376,0.6953262
00024503.jpg,0.7918437,0.800485
00028178.jpg,0.9117386,0.9667736
00052370.jpg,0.8195394,0.64
00008558.jpg,0.8213683,0.8585778
00055839.jpg,0.6997002,0.4103064
00046090.jpg,0.65748656,0.7436846
00046610.jpg,0.7610826,0.7655878
00038797.jpg,0.6069429,0.7530094
00027114.jpg,0.60309,0.559029
00002321.jpg,0.8409964,0.951017
00045848.jpg,0.7352826,0.6833614
00033064.jpg,0.5784293,0.3874364
00015395.jpg,0.60604024,0.6135268
00011190.jpg,0.718157,0.7922068
00027351.jpg,0.8460941,0.8772432
00027588.jpg,0.7810134,0.8126092
00011067.jpg,0.7381921,0.7118222
00036338.jpg,0.73133075,0.789298
00049145.jpg,0.8757311,0.9567558
000000513015.jpg,0.7073237,0.7647059
sun_arxyfbqfjqesqjkp.jpg,0.7370278,0.69902915
00031293.jpg,0.8318192,0.8053344
00033972.jpg,0.7377307,0.6144384
00012810.jpg,0.75287616,0.8249702
00031250.jpg,0.5908016,0.6486128
00056660.jpg,0.7262585,0.7550236
00038983.jpg,0.7557038,0.8714146
00056446.jpg,0.7030561,0.8324312
00044519.jpg,0.74399436,0.8442408
00058262.jpg,0.6412674,0.6849686
00031400.jpg,0.83711934,0.7974802
00045272.jpg,0.6695139,0.5972728
00033670.jpg,0.79865533,0.8650874
00000073.jpg,0.89672,0.9184064
sun_beymsjkywdwqictt.jpg,0.68189216,0.7093023
00007596.jpg,0.8344747,0.7802964
00005527.jpg,0.8019727,0.8813376
00011301.jpg,0.7725966,0.7932708
00010341.jpg,0.7111315,0.768018
00006187.jpg,0.8005881,0.8789412
00048219.jpg,0.77124,0.7916872
00034070.jpg,0.7592976,0.8141344
00030225.jpg,0.8065199,0.79
00040702.jpg,0.76311857,0.7253212
00012871.jpg,0.7834828,0.7781136
00041460.jpg,0.8352499,0.8951542
00014203.jpg,0.7251936,0.8505494
f96e52bef139ae52.jpg,0.7637698,0.9130435
00047227.jpg,0.7444898,0.5373154
n03791053_12341.jpg,0.86589396,0.88073397
sun_adpbjcrpyetqykvt.jpg,0.68722165,0.7798165
00048368.jpg,0.6472505,0.5395948
000000579679.jpg,0.7035787,0.80733943
00013460.jpg,0.64134634,0.6985138
00032081.jpg,0.67946327,0.7932708
00014217.jpg,0.6156292,0.650022
00014711.jpg,0.9170406,0.8336434
00025921.jpg,0.7765484,0.7968478
00004445.jpg,0.7795602,0.8125774
n09288635_10064.jpg,0.6743372,0.8
00046601.jpg,0.64857453,0.7046352
00021863.jpg,0.6447637,0.5896754
00032306.jpg,0.75927854,0.7582296
n02878222_9098.jpg,0.6849247,0.7244898
00055974.jpg,0.78573775,0.8562546
00017659.jpg,0.81179434,0.738387
n09303008_21456.jpg,0.5653118,0.61904764
n02691156_6799.jpg,0.7928636,0.72
00020185.jpg,0.8049202,0.8866066
00012370.jpg,0.77254874,0.8022648
00034564.jpg,0.59522295,0.6442658
00015346.jpg,0.7791341,0.8531086
00054553.jpg,0.65868354,0.6751816
00053102.jpg,0.6971687,0.6575326
00010401.jpg,0.8724834,0.9281202
00035736.jpg,0.68235123,0.7278854
00008175.jpg,0.8914212,0.9622862
00051562.jpg,0.8125494,0.8239396
00058198.jpg,0.6166417,0.7688484
00043033.jpg,0.709529,0.7292648
00017240.jpg,0.7297966,0.780643
00032770.jpg,0.7691118,0.894527
00018405.jpg,0.7901765,0.7936908
00037322.jpg,0.7128663,0.69215
n07806221_24336.jpg,0.74335665,0.71910113
00013021.jpg,0.80029666,0.8773172
n07880968_5835.jpg,0.83566767,0.87356323
00033801.jpg,0.62868017,0.5710892
n02332755_2108.jpg,0.8935845,0.9391304
00056809.jpg,0.74556446,0.8294358
00029311.jpg,0.62148386,0.704355
00021730.jpg,0.961051,0.9421366
00030212.jpg,0.5706073,0.502069
000000117515.jpg,0.7361623,0.8494624
00042799.jpg,0.7634924,0.7316062
n07693725_8807.jpg,0.8316777,0.9230769
n03594945_435.jpg,0.77047217,0.8041237
00040409.jpg,0.7712755,0.5539222
00047907.jpg,0.76522964,0.7715548
00011027.jpg,0.78099585,0.8071856
00039147.jpg,0.6714153,0.5852612
00047526.jpg,0.70670617,0.5865838
00009490.jpg,0.60148716,0.6419444
00022187.jpg,0.8017829,0.8486524
00023268.jpg,0.66107047,0.7023808
00007055.jpg,0.8580177,0.8687546
00050312.jpg,0.77853024,0.7874218
00049471.jpg,0.62137115,0.6843652
00004444.jpg,0.66843456,0.794922
00005162.jpg,0.84988785,0.755691
00005085.jpg,0.6353167,0.5158682
00003882.jpg,0.7902115,0.8716766
00016277.jpg,0.8724896,0.9398356
00053333.jpg,0.64340866,0.6631746
00036617.jpg,0.7996335,0.769349
00036742.jpg,0.67408067,0.5938396
00047187.jpg,0.78867054,0.7260086
00034136.jpg,0.7604708,0.9208556
00018764.jpg,0.712684,0.6640936
00017915.jpg,0.6948936,0.7303308
00008983.jpg,0.958233,0.9261084
00037724.jpg,0.66686213,0.635177
00041009.jpg,0.74644154,0.7327644
00025607.jpg,0.72007906,0.6496744
00014053.jpg,0.8124752,0.7508166
00049509.jpg,0.7745927,0.8287904
00037078.jpg,0.5820629,0.5425926
00055416.jpg,0.8217248,0.7377512
000000510521.jpg,0.69370556,0.6730769
00050196.jpg,0.72798234,0.8475154
00026899.jpg,0.70049846,0.735911
00049130.jpg,0.77075124,0.743192
00cffe5e669f340e.jpg,0.68468165,0.7368421
00032193.jpg,0.69358003,0.6942044
00016498.jpg,0.69150454,0.7454658
5fdee4a3f5e3bb28.jpg,0.68767774,0.72043014
00034510.jpg,0.6345714,0.544043
00035708.jpg,0.65989745,0.634186
n07801091_51542.jpg,0.5813812,0.6179775
n02118333_10807.jpg,0.83202684,0.83809525
sun_attunurkvvvrpksl.jpg,0.56252736,0.37
00038969.jpg,0.8145914,0.8059128
n07880968_4603.jpg,0.7520099,0.8
00029628.jpg,0.6607877,0.5853052
00002940.jpg,0.7872974,0.8789306
00037822.jpg,0.71972835,0.7398054
00012793.jpg,0.7824379,0.74994
00007183.jpg,0.67692655,0.5592582
00017125.jpg,0.7070719,0.664825
00035088.jpg,0.78227943,0.808538
000000175470.jpg,0.7781856,0.78846157
00035124.jpg,0.5976403,0.5765268
00004204.jpg,0.85350186,0.8875134
00008853.jpg,0.7549722,0.6511906
n03594945_3082.jpg,0.7893189,0.86725664
00053932.jpg,0.82112294,0.878996
70db1b2825f4088c.jpg,0.72637767,0.6545454
00023167.jpg,0.5619676,0.5620212
00040046.jpg,0.8521697,0.7962426
00025881.jpg,0.7399663,0.7792022
00017934.jpg,0.8248287,0.8904938
00022042.jpg,0.5870017,0.7211582
00054672.jpg,0.59997135,0.5936062
00006044.jpg,0.74765956,0.8241502
00051902.jpg,0.7743944,0.7481578
00045746.jpg,0.66844356,0.711584
00019073.jpg,0.7638092,0.7424564
00033605.jpg,0.5849942,0.5834718
00012662.jpg,0.77443314,0.7555328
00053256.jpg,0.6437161,0.7008658
00032612.jpg,0.6795154,0.6969996
00043266.jpg,0.750566,0.7430756
00011054.jpg,0.61566424,0.4587134
00000475.jpg,0.5620159,0.5668914
00012259.jpg,0.7758621,0.8412258
00033601.jpg,0.8830654,0.9104088
000000038350.jpg,0.7670988,0.75268817
00049040.jpg,0.86294246,0.94048
00028543.jpg,0.8051669,0.8919314
00053133.jpg,0.759412,0.774041
00040841.jpg,0.7435255,0.6979046
00038584.jpg,0.64726377,0.667205
00013548.jpg,0.8738289,0.9314998
n02132136_19488.jpg,0.817574,0.7717391
00043999.jpg,0.67937684,0.721083
00048442.jpg,0.8486383,0.882492
00041131.jpg,0.80961794,0.703646
00035956.jpg,0.69262254,0.7597854
00026762.jpg,0.81469095,0.9030614
00017299.jpg,0.6205159,0.6079534
00046240.jpg,0.7705863,0.7469494
00006011.jpg,0.78423893,0.8786674
00051109.jpg,0.5920036,0.5426574
00032869.jpg,0.77790296,0.77269
00029526.jpg,0.5972456,0.6283086
00052206.jpg,0.78181195,0.8411774
00050063.jpg,0.57365495,0.6120788
00021183.jpg,0.74068147,0.7421982
00025037.jpg,0.7316843,0.8598484
00041944.jpg,0.5861485,0.5918996
00038656.jpg,0.62122715,0.6020142
n12345899_9324.jpg,0.6557597,0.6421053
n07690273_21128.jpg,0.85457873,0.84615386
00057788.jpg,0.64412266,0.6367058
00053147.jpg,0.7205335,0.7343394
00035753.jpg,0.587319,0.549635
00040181.jpg,0.69165367,0.6770234
00055644.jpg,0.78021646,0.6790086
n07880968_2967.jpg,0.77970695,0.74489796
00017587.jpg,0.86285204,0.8568686
00031901.jpg,0.68538076,0.7309078
00044368.jpg,0.88736933,0.8982676
00001412.jpg,0.8352099,0.885711
00010398.jpg,0.65067977,0.627241
00034354.jpg,0.5926173,0.6065278
n07717556_4346.jpg,0.8863217,0.9150943
00046294.jpg,0.7120385,0.694458
00026259.jpg,0.8104357,0.934772
00013733.jpg,0.5774925,0.5129524
00052567.jpg,0.72634107,0.6238096
00016719.jpg,0.69340897,0.646204
4504f990b3609149.jpg,0.7422121,0.81609195
00036899.jpg,0.59806204,0.5962366
n07720875_3204.jpg,0.8310989,0.875
00047627.jpg,0.7527148,0.7049912
00001879.jpg,0.72459775,0.7899568
00009382.jpg,0.7637404,0.6806376
00010538.jpg,0.76348084,0.6174302
00018076.jpg,0.95757914,0.980164
00028943.jpg,0.6504532,0.635109
00005070.jpg,0.6490738,0.6281278
n00464894_11765.jpg,0.75827414,0.73333335
00058279.jpg,0.8956605,0.9311676
sun_animnddtfoigbagw.jpg,0.65829325,0.5247525
00021780.jpg,0.73752284,0.699462
00051006.jpg,0.8902414,0.9414298
00057846.jpg,0.5885764,0.6094584
00020710.jpg,0.88242805,0.908337
00037707.jpg,0.6569796,0.5733792
00032234.jpg,0.779794,0.7694072
00015551.jpg,0.7367635,0.742355
00046916.jpg,0.8421746,0.8542958
00009104.jpg,0.63113403,0.467442
1523025502938b93.jpg,0.789075,0.85714287
000000256284.jpg,0.72525144,0.9102564
00039397.jpg,0.8338424,0.8012704
00008698.jpg,0.70625484,0.7702522
00055883.jpg,0.82301366,0.9058728
00048081.jpg,0.7540554,0.64959
00015426.jpg,0.8088839,0.8388652
00048500.jpg,0.910662,0.956073
00009734.jpg,0.8806658,0.9289754
00030003.jpg,0.8486864,0.8255874
00009548.jpg,0.85026324,0.9160534
00032139.jpg,0.86937225,0.8568498
000000422253.jpg,0.72886336,0.89
00038773.jpg,0.69732946,0.6887956
00040895.jpg,0.7802353,0.7665436
00029823.jpg,0.8863256,0.9233172
00021307.jpg,0.85840666,0.85339
00018190.jpg,0.80852437,0.763327
00036646.jpg,0.8114015,0.8664976
00051494.jpg,0.80081946,0.832106
00053855.jpg,0.7902056,0.841633
00009516.jpg,0.6460526,0.5960002
n02934451_20433.jpg,0.76867044,0.7311828
00043790.jpg,0.7312461,0.7775384
00052152.jpg,0.74780524,0.7645348
00054849.jpg,0.9106482,0.902181
00014717.jpg,0.69381577,0.5502248
00039571.jpg,0.7442317,0.7915162
00053713.jpg,0.8977872,0.8901664
00009967.jpg,0.7377498,0.8208572
00043939.jpg,0.73309153,0.8873986
00023833.jpg,0.81862867,0.801462
00035084.jpg,0.68991494,0.8025096
00001481.jpg,0.7781785,0.8486218
00003634.jpg,0.6887562,0.691939
00052944.jpg,0.8309691,0.834288
00051571.jpg,0.7488104,0.8073068
00015118.jpg,0.6609643,0.6278226
00007535.jpg,0.78575844,0.8794282
00009983.jpg,0.5950643,0.4864586
00055727.jpg,0.7250377,0.6567062
n07923748_2669.jpg,0.87107384,0.93877554
00057713.jpg,0.76085126,0.7338464
00038357.jpg,0.6911721,0.7439504
00017439.jpg,0.73738897,0.7327894
00011507.jpg,0.79004866,0.8394338
00035034.jpg,0.77129406,0.8074862
00017631.jpg,0.7218653,0.798636
000000383695.jpg,0.72293615,0.67045456
n09288635_3909.jpg,0.7641581,0.64646465
00025686.jpg,0.62220126,0.529447
00035875.jpg,0.64156854,0.5513208
00039505.jpg,0.84934247,0.8091724
00053604.jpg,0.92304677,0.9467312
00039536.jpg,0.8274852,0.8647096
00015728.jpg,0.77384603,0.8476486
000000364027.jpg,0.7637816,0.83495146
00039470.jpg,0.7952062,0.8407902
00038200.jpg,0.6216214,0.5031258
00037347.jpg,0.75987047,0.7462078
00031116.jpg,0.81369567,0.8337364
00041470.jpg,0.71376455,0.769944
00020255.jpg,0.8672507,0.8766588
n04465501_6532.jpg,0.7571335,0.77319586
00030530.jpg,0.77057874,0.8195778
00046444.jpg,0.70976305,0.8526296
00037120.jpg,0.6427275,0.5547952
00002513.jpg,0.69428027,0.5148438
00056762.jpg,0.6361427,0.6095446
00040655.jpg,0.7219663,0.7485466
00028919.jpg,0.81484973,0.756351
00003988.jpg,0.66302454,0.5298696
00006949.jpg,0.6897672,0.7302608
n09421951_11637.jpg,0.5877862,0.48979592
00022944.jpg,0.73672366,0.8501482
2291c493fc0e8026.jpg,0.78780335,0.78723407
00005073.jpg,0.7553255,0.804392
917848db27854b0e.jpg,0.7191349,0.6931818
n07933274_30676.jpg,0.86899734,0.90654206
00030565.jpg,0.6886394,0.7782742
n02342885_2180.jpg,0.89770097,0.9351852
00056385.jpg,0.63192546,0.7722794
n07717556_5351.jpg,0.8693635,0.89320385
00033318.jpg,0.7792008,0.7562824
00049819.jpg,0.8244701,0.8810032
00045420.jpg,0.69926846,0.6896462
00001645.jpg,0.747175,0.7509548
n09288635_1990.jpg,0.75801384,0.6516854
00042966.jpg,0.73780864,0.7658288
00054397.jpg,0.6586735,0.6192842
n07574602_25107.jpg,0.80370367,0.8913044
00022454.jpg,0.68079406,0.5760234
00023211.jpg,0.65434355,0.6173016
00020521.jpg,0.75297534,0.6576854
00028882.jpg,0.78985685,0.6251676
00029873.jpg,0.6462177,0.6902616
00024594.jpg,0.6960925,0.8461994
00058016.jpg,0.75454,0.8309398
00054333.jpg,0.5815018,0.44264
00040587.jpg,0.72560453,0.5969976
00039364.jpg,0.7409654,0.7602838
00021326.jpg,0.5334592,0.6540354
00003714.jpg,0.922407,0.7794048
n09415671_1275.jpg,0.6421398,0.509434
00013792.jpg,0.8048024,0.8664884
00016105.jpg,0.566959,0.7336704
00033141.jpg,0.7294957,0.8809594
00055859.jpg,0.86252767,0.866779
00035027.jpg,0.71476114,0.8347404
00017857.jpg,0.70632094,0.8345862
n09289331_5250.jpg,0.67703414,0.7222222
00007718.jpg,0.539336,0.4283486
00014052.jpg,0.7969748,0.7912566
00019717.jpg,0.81957215,0.8504112
00046175.jpg,0.8297306,0.8572464
00004881.jpg,0.78144884,0.7128354
00011173.jpg,0.6159258,0.4947408
00048690.jpg,0.66764194,0.7080292
n09270735_6787.jpg,0.78288877,0.92134833
00024651.jpg,0.64228725,0.6765898
00013897.jpg,0.8808758,0.8849192
00036910.jpg,0.6240307,0.8004276
00024792.jpg,0.91731787,0.9562768
00005031.jpg,0.5959056,0.6299146
00054856.jpg,0.9124844,0.9541888
00003094.jpg,0.8533367,0.864447
00034160.jpg,0.6763702,0.7356802
00014429.jpg,0.90307283,0.8748452
00001267.jpg,0.7052852,0.74939
00026260.jpg,0.6939483,0.7997044
f89f1c0793c6947f.jpg,0.7769798,0.92134833
00017316.jpg,0.62422544,0.6307194
00031656.jpg,0.6488468,0.6707466
00023261.jpg,0.7503585,0.8548502
00027330.jpg,0.7310927,0.5953828
00037422.jpg,0.5121451,0.4460896
00010514.jpg,0.6594707,0.6023932
00008545.jpg,0.8201951,0.8137494
00020413.jpg,0.71772265,0.7243092
n09270735_4151.jpg,0.6375541,0.6106195
00032743.jpg,0.87647223,0.9486232
00012990.jpg,0.8779877,0.8545092
00002894.jpg,0.764956,0.7657988
00010811.jpg,0.8067199,0.8154234
00002288.jpg,0.8063622,0.6489908
00009649.jpg,0.67163306,0.698488
00011577.jpg,0.73506904,0.8392222
00003063.jpg,0.78059846,0.68972
00022565.jpg,0.6200395,0.4174112
00011726.jpg,0.66101915,0.7674768
n01811909_3153.jpg,0.7650569,0.85057473
00006777.jpg,0.7446448,0.7272862
00034084.jpg,0.60978574,0.5079244
00000160.jpg,0.56708413,0.6693912
00032499.jpg,0.8617363,0.8236698
00013711.jpg,0.8484275,0.8575738
00058336.jpg,0.8938991,0.9609674
00050295.jpg,0.78045475,0.8460194
00009123.jpg,0.7050903,0.757241
00057872.jpg,0.8540992,0.7876414
00023929.jpg,0.8887275,0.8913578
00036528.jpg,0.700128,0.686955
00000080.jpg,0.80739325,0.7889304
00051004.jpg,0.83303964,0.8992236
00039462.jpg,0.5954235,0.5965274
00028375.jpg,0.8972896,0.8135508
00026166.jpg,0.7408414,0.7728126
000000416948.jpg,0.7366171,0.78504676
00007023.jpg,0.89745367,0.9058854
00033152.jpg,0.59840983,0.6507892
00019833.jpg,0.85905635,0.9325822
n02389261_7723.jpg,0.8128443,0.74747473
350146445a1383f8.jpg,0.55336565,0.5319149
00003110.jpg,0.82162166,0.685451
00016358.jpg,0.6353028,0.5322878
00028116.jpg,0.70344985,0.7992302
00030834.jpg,0.55677617,0.6524644
00039909.jpg,0.6825969,0.7492094
00046737.jpg,0.7280724,0.8374788
00043391.jpg,0.66318834,0.6945064
00037764.jpg,0.7256769,0.8498138
00023401.jpg,0.90158015,0.8793426
00013520.jpg,0.840698,0.8951376
00010111.jpg,0.6193143,0.6543776
00048326.jpg,0.6871736,0.5752534
00030961.jpg,0.71844876,0.7394272
00032571.jpg,0.8256565,0.9173186
00036432.jpg,0.65835655,0.6583548
n03594945_8913.jpg,0.78296554,0.85393256
00008169.jpg,0.73112357,0.6748738
00024663.jpg,0.83776844,0.8557456
00000833.jpg,0.8325243,0.8500712
n07574602_25330.jpg,0.7939844,0.7938144
000000087479.jpg,0.74668133,0.85294116
00015560.jpg,0.7737867,0.6964246
00034708.jpg,0.73143697,0.776546
00045538.jpg,0.75716734,0.746846
00000759.jpg,0.71978414,0.6570476
00021896.jpg,0.77938795,0.7017306
00055615.jpg,0.8316449,0.7751406
00055505.jpg,0.7628274,0.8396136
00017136.jpg,0.923263,0.7569386
00057267.jpg,0.7067466,0.6242772
00009938.jpg,0.86314595,0.8256996
00040856.jpg,0.7590633,0.689421
00030879.jpg,0.68616307,0.8372148
00007367.jpg,0.69818556,0.5934002
000000275611.jpg,0.8074159,0.8839286
00022683.jpg,0.6588665,0.7288372
00045457.jpg,0.715979,0.6580756
00030692.jpg,0.6934734,0.674196
00021392.jpg,0.8418095,0.8580446
00017667.jpg,0.81490993,0.7786794
00020049.jpg,0.633126,0.5869062
00026944.jpg,0.8314104,0.8490152
00028823.jpg,0.783742,0.842714
00031738.jpg,0.6096672,0.478586
00009406.jpg,0.8161615,0.7409822
00035707.jpg,0.67532355,0.6872222
00051171.jpg,0.89066106,0.842283
n02324045_13216.jpg,0.7959823,0.752809
00005093.jpg,0.81805694,0.89018
00019441.jpg,0.77408147,0.8841594
n03791053_6407.jpg,0.8250058,0.8484849
00046602.jpg,0.7735691,0.7241378
00034821.jpg,0.6686868,0.70598
00032510.jpg,0.85216117,0.7977716
00022142.jpg,0.8262948,0.81518
00045231.jpg,0.7608508,0.6822882
00015845.jpg,0.9177809,0.9600294
00042597.jpg,0.7049905,0.683444
00045540.jpg,0.75153,0.857207
00025214.jpg,0.89794266,0.9155586
00023947.jpg,0.53381693,0.636465
00026473.jpg,0.76606035,0.7790422
00017177.jpg,0.7615051,0.7625954
00042620.jpg,0.5942003,0.5860242
00022486.jpg,0.78757364,0.7684394
00022260.jpg,0.7952474,0.9024614
00028934.jpg,0.8041662,0.7431382
00014643.jpg,0.77723527,0.7965414
00051840.jpg,0.753056,0.7792
00005042.jpg,0.74133587,0.7293674
00005719.jpg,0.7320403,0.7782682
000000129843.jpg,0.829966,0.8761905
00041198.jpg,0.63845146,0.6935538
00023149.jpg,0.71638864,0.7787408
00005710.jpg,0.76098263,0.615235
00025161.jpg,0.7578032,0.788804
00049870.jpg,0.6488559,0.7436712
n04349306_11159.jpg,0.7837393,0.6759259
00033107.jpg,0.83400047,0.854789
00000069.jpg,0.5824537,0.4869962
00040352.jpg,0.7173715,0.7610292
00037375.jpg,0.7497679,0.8692114
00044374.jpg,0.8417695,0.8727536
sun_acivpotgwohctvsc.jpg,0.5999292,0.44642857
00002152.jpg,0.7982659,0.924489
00021578.jpg,0.8044342,0.8286638
00005820.jpg,0.803221,0.8084436
00008048.jpg,0.77066815,0.5934518
00005145.jpg,0.6651991,0.693839
00026193.jpg,0.6623321,0.6360078
00017775.jpg,0.81931925,0.8818702
4c0275745141b853.jpg,0.70246106,0.68085104
00038505.jpg,0.6635965,0.8126912
00057190.jpg,0.6985341,0.8404088
00022443.jpg,0.74409896,0.5973904
00026859.jpg,0.68765306,0.74716
00044741.jpg,0.80306756,0.9119094
n07753592_10437.jpg,0.8544848,0.9074074
n02342885_13255.jpg,0.8671764,0.86
f4b9c8c25d189852.jpg,0.7224612,0.82568806
00054205.jpg,0.8305199,0.8704878
n02355227_6696.jpg,0.78652537,0.8378378
00024924.jpg,0.5841743,0.6368286
00057063.jpg,0.8443978,0.9455868
00012201.jpg,0.6294068,0.7156028
00010971.jpg,0.6939032,0.6015292
00029604.jpg,0.7184818,0.7290296
00037467.jpg,0.7309563,0.7336426
9698dffd80dfea8c.jpg,0.84246683,0.8041237
000000329641.jpg,0.7864017,0.8857143
00024870.jpg,0.86984843,0.933031
00018323.jpg,0.954044,0.9406536
00014848.jpg,0.6970697,0.7487848
00055421.jpg,0.8920881,0.9593256
f923fd734ad6a56a.jpg,0.63747394,0.622449
n02932891_27995.jpg,0.5856755,0.5
00052352.jpg,0.7230763,0.8442626
add38d99e9139ee7.jpg,0.57221323,0.6372549
00005895.jpg,0.7739446,0.8678278
00004282.jpg,0.68123734,0.6986082
00047421.jpg,0.72642314,0.7564414
00013730.jpg,0.85594296,0.8309798
00028099.jpg,0.6512079,0.7298124
000000358266.jpg,0.6643706,0.46226415
00055775.jpg,0.6643502,0.5996196
00001670.jpg,0.697782,0.7319986
00021416.jpg,0.6533843,0.6891794
00055613.jpg,0.46606866,0.4633648
00022785.jpg,0.64066315,0.6050768
00017153.jpg,0.6139115,0.5594218
00001891.jpg,0.84395075,0.8623472
00052745.jpg,0.7815199,0.7910058
00021865.jpg,0.8486146,0.8615638
00050458.jpg,0.63964206,0.714985
00039239.jpg,0.7262499,0.723445
00040233.jpg,0.63246787,0.6021216
00001948.jpg,0.6335805,0.7390438
00050543.jpg,0.7653607,0.8877388
00019688.jpg,0.74234957,0.7928404
00045007.jpg,0.83108354,0.8759928
00029383.jpg,0.7528498,0.739717
00006827.jpg,0.7073293,0.8338456
00040045.jpg,0.77302396,0.7970902
00025357.jpg,0.7854536,0.7545332
00031499.jpg,0.825313,0.8608502
00007727.jpg,0.60500157,0.4440496
00032792.jpg,0.8350351,0.951815
00014789.jpg,0.8008042,0.7748358
00040801.jpg,0.6273026,0.7196466
000000244846.jpg,0.9409971,0.95098037
000000001625.jpg,0.7553653,0.7047619
00051849.jpg,0.64412266,0.6402224
n09468604_77948.jpg,0.56226647,0.49107143
1f5b5919fb37d93b.jpg,0.82544196,0.8061224
00027289.jpg,0.54409814,0.4893046
00048691.jpg,0.7648164,0.878956
00046117.jpg,0.8158974,0.7425898
00024024.jpg,0.82385063,0.8662726
00011200.jpg,0.60600066,0.674017
00039200.jpg,0.6981531,0.8159326
00012307.jpg,0.8493055,0.8814642
00047368.jpg,0.77539223,0.8561678
00000828.jpg,0.8276279,0.798192
n07753592_8041.jpg,0.7642869,0.85227275
00056496.jpg,0.7693942,0.7829142
00053792.jpg,0.92110944,0.9278152
00015567.jpg,0.67945194,0.674327
n07893642_18209.jpg,0.8197279,0.8854167
00025947.jpg,0.77144873,0.7053658
00009376.jpg,0.7891318,0.8491698
n04335435_9552.jpg,0.7806487,0.90361446
00036267.jpg,0.6331714,0.3799402
00043540.jpg,0.8144536,0.9238508
00058291.jpg,0.7370405,0.7291932
00018452.jpg,0.76277524,0.8069884
00040760.jpg,0.83541447,0.791875
00031119.jpg,0.83290833,0.8559494
00056287.jpg,0.888734,0.8606204
567fba0ae8f5cad5.jpg,0.7678746,0.79787236
f8de6c925b0dc353.jpg,0.7921129,0.875
00039172.jpg,0.6880566,0.7456306
00010292.jpg,0.78162116,0.7967148
00030205.jpg,0.61855596,0.6976972
00058723.jpg,0.8965317,0.7109442
00044982.jpg,0.7916515,0.7835202
00019617.jpg,0.7622257,0.819739
n02878222_16027.jpg,0.6844448,0.6637931
0af7ea4cedd9727f.jpg,0.7362566,0.6853933
n02342885_3750.jpg,0.81365055,0.877551
00055949.jpg,0.8077059,0.870344
00001540.jpg,0.77137196,0.741879
00012525.jpg,0.83503973,0.793015
00016004.jpg,0.7396741,0.833624
00009716.jpg,0.74649185,0.7384536
00048263.jpg,0.6643252,0.7067498
00028818.jpg,0.7305104,0.8593418
00021163.jpg,0.7818582,0.8015078
00053491.jpg,0.75468236,0.8244768
00006032.jpg,0.76436406,0.8923164
00055031.jpg,0.68870467,0.7870082
n07838073_21675.jpg,0.85826147,0.90677965
00025386.jpg,0.67992014,0.6427128
00040630.jpg,0.65064967,0.7922406
00033780.jpg,0.6035693,0.7775932
n02878222_50742.jpg,0.7896701,0.7570093
00052799.jpg,0.8566499,0.9363888
00030780.jpg,0.81876284,0.8932958
00044756.jpg,0.69795406,0.748521
00051965.jpg,0.80867124,0.9104206
00008244.jpg,0.8575908,0.8480912
00019376.jpg,0.736019,0.5840072
00055113.jpg,0.84696335,0.9423154
00036362.jpg,0.6924691,0.7371972
00022748.jpg,0.6842745,0.7042102
00005679.jpg,0.6792571,0.6713762
00034439.jpg,0.699976,0.6652584
00032710.jpg,0.7691097,0.8860206
00022986.jpg,0.82584393,0.8429454
00049781.jpg,0.6884912,0.7693318
00014354.jpg,0.8390228,0.8735538
00009564.jpg,0.8252063,0.9355032
00008378.jpg,0.8035644,0.756076
00034405.jpg,0.69715106,0.68937
00015433.jpg,0.8221251,0.8781314
n07880968_6571.jpg,0.7819145,0.8214286
00015169.jpg,0.8223836,0.8495026
00044850.jpg,0.7803309,0.7678288
00035573.jpg,0.7098466,0.6477442
00009990.jpg,0.7460278,0.8224078
n07693725_3605.jpg,0.84026897,0.8448276
00025254.jpg,0.61029303,0.6314852
00020202.jpg,0.73257744,0.906678
00042279.jpg,0.68498456,0.7633434
00027584.jpg,0.8158644,0.8624046
00010767.jpg,0.718563,0.8104878
000000580427.jpg,0.7983647,0.90909094
00056669.jpg,0.74194336,0.7037484
00002267.jpg,0.6522335,0.6907138
00015688.jpg,0.7452469,0.7802814
00019788.jpg,0.7475333,0.7243354
00021428.jpg,0.7064755,0.7130208
n02793495_16056.jpg,0.66806495,0.74
00040710.jpg,0.7382066,0.8081714
00011988.jpg,0.8308455,0.906061
00024039.jpg,0.7975606,0.8714836
00020830.jpg,0.78061056,0.7293496
00042593.jpg,0.66698384,0.6291748
00002563.jpg,0.624401,0.5674142
00021684.jpg,0.86156255,0.879403
n07801508_9312.jpg,0.8138257,0.9
n07850329_21202.jpg,0.80330193,0.9351852
00037365.jpg,0.79939675,0.8295738
n07863374_15512.jpg,0.8268415,0.8888889
00046051.jpg,0.79989165,0.763962
00042122.jpg,0.8514978,0.7411112
00011369.jpg,0.8759556,0.81401
00009797.jpg,0.80973923,0.869998
00056623.jpg,0.74254155,0.8007006
00022840.jpg,0.74314654,0.7769462
00028861.jpg,0.74675745,0.850839
00005569.jpg,0.7986621,0.8032752
00004552.jpg,0.8457831,0.8456404
00016750.jpg,0.65685654,0.7379294
00047973.jpg,0.8398145,0.8492648
00020569.jpg,0.614231,0.6936194
00016730.jpg,0.79068357,0.9257792
00029146.jpg,0.8151877,0.8895702
c29ffd28eb6cb7e0.jpg,0.780878,0.8061224
00038833.jpg,0.82535595,0.7203416
00021926.jpg,0.7252194,0.8335906
00029275.jpg,0.776712,0.7631228
00057820.jpg,0.75911057,0.680313
00032257.jpg,0.7099828,0.836748
00057362.jpg,0.62244356,0.684514
00011956.jpg,0.82358474,0.8676218
00032977.jpg,0.80001575,0.887032
00012751.jpg,0.73848915,0.7531354
00043384.jpg,0.7377899,0.698645
00045100.jpg,0.72779477,0.729639
00020652.jpg,0.7030166,0.7865864
00049930.jpg,0.8309859,0.9261476
00036706.jpg,0.61982346,0.6281678
00034524.jpg,0.581638,0.6960848
n04349306_4622.jpg,0.72498554,0.69072163
00026713.jpg,0.634418,0.6428846
00015607.jpg,0.6351043,0.6191252
00036983.jpg,0.6312823,0.6161124
00040550.jpg,0.64382356,0.5748044
00038545.jpg,0.7059103,0.7016498
00042248.jpg,0.66383517,0.7492772
000000185248.jpg,0.8503854,0.94285715
00028979.jpg,0.8206368,0.838115
00041207.jpg,0.7878463,0.8246916
n07693725_6512.jpg,0.816081,0.84444445
00035460.jpg,0.6286311,0.7101444
00022558.jpg,0.78951615,0.7700562
00009372.jpg,0.7029079,0.7417438
00058159.jpg,0.6142452,0.7657016
00056051.jpg,0.8133135,0.8382912
n01514859_6640.jpg,0.8148504,0.83495146
000000051525.jpg,0.8030515,0.8333333
00027040.jpg,0.77402,0.848599
00058660.jpg,0.7242004,0.6801664
00025306.jpg,0.7559287,0.7274546
00055033.jpg,0.77848446,0.8131392
00053756.jpg,0.92196155,0.93461
00034043.jpg,0.6396968,0.6903608
00012072.jpg,0.8841275,0.8408028
00000425.jpg,0.8359296,0.8034924
00026918.jpg,0.8476739,0.9375238
n09359803_33544.jpg,0.5183444,0.62650603
00009570.jpg,0.9057808,0.876789
00001239.jpg,0.8123984,0.9103176
00050019.jpg,0.47422335,0.5738972
00019130.jpg,0.6323275,0.6438552
00026674.jpg,0.7989222,0.7947296
00020614.jpg,0.7647773,0.6676662
00045510.jpg,0.62906885,0.678775
00035162.jpg,0.7119697,0.7515862
00053151.jpg,0.60900617,0.6496616
00037825.jpg,0.67595446,0.6233846
00051005.jpg,0.7817889,0.9395508
00012172.jpg,0.62471735,0.7185324
00036281.jpg,0.6930742,0.6860234
00023968.jpg,0.7565644,0.8384862
00027242.jpg,0.89720565,0.8772998
00048828.jpg,0.88475037,0.8914212
00008269.jpg,0.5147413,0.455193
00041541.jpg,0.82030374,0.7953188
00053023.jpg,0.8229715,0.905965
00017193.jpg,0.63463664,0.6318634
00038168.jpg,0.6988133,0.774237
n07801091_65686.jpg,0.50719357,0.50526315
00026779.jpg,0.78348297,0.9073938
00043396.jpg,0.6649765,0.716598
00011486.jpg,0.82006395,0.8445978
00026661.jpg,0.7787247,0.9126344
00037069.jpg,0.6475961,0.6506498
00047468.jpg,0.7145835,0.6342064
00017960.jpg,0.77212757,0.8461002
00048570.jpg,0.7308272,0.829216
8de344ed44498634.jpg,0.7718674,0.7912088
00051101.jpg,0.7547027,0.7653614
00008485.jpg,0.7960063,0.872083
00006616.jpg,0.59444344,0.5692802
00016554.jpg,0.6452359,0.6620322
00014814.jpg,0.5515986,0.542206
00013904.jpg,0.85007054,0.8506338
00042540.jpg,0.6041071,0.675902
00056744.jpg,0.8225289,0.8714588
00002804.jpg,0.72586524,0.895757
00010777.jpg,0.71839464,0.7466582
n07583197_6753.jpg,0.84338605,0.7669903
00024606.jpg,0.6820368,0.6984684
00043556.jpg,0.7049032,0.7153634
00008383.jpg,0.77128166,0.8456942
00042907.jpg,0.7516675,0.7906704
00010176.jpg,0.7594474,0.616401
00012855.jpg,0.7987374,0.8963432
00039028.jpg,0.77092385,0.7054724
00026066.jpg,0.7216991,0.6645718
n04231693_22406.jpg,0.69956005,0.75238097
00058507.jpg,0.69219214,0.6945672
00050756.jpg,0.8538735,0.9594612
00000624.jpg,0.8410571,0.8045994
00049767.jpg,0.7745776,0.9145008
00049550.jpg,0.6453372,0.6043888
00040573.jpg,0.65757746,0.6277358
00053083.jpg,0.84303594,0.8867738
00027789.jpg,0.6779785,0.7382694
00013307.jpg,0.83604884,0.8234854
n09303008_20522.jpg,0.49090677,0.6216216
00054801.jpg,0.8750597,0.9567926
00043459.jpg,0.6085943,0.607738
b5ac64610c016023.jpg,0.8074758,0.8333333
00058010.jpg,0.590749,0.5846258
00016008.jpg,0.76312065,0.6800816
00018692.jpg,0.87522864,0.8617434
n04231693_18494.jpg,0.7794937,0.72321427
00045187.jpg,0.67095625,0.683509
00049765.jpg,0.79614663,0.8534946
00048515.jpg,0.83397126,0.8071868
00037167.jpg,0.74854547,0.7522778
00056978.jpg,0.8579241,0.8005736
00001358.jpg,0.71420336,0.711743
00045437.jpg,0.75317276,0.7182068
00044076.jpg,0.7946505,0.7703008
00044371.jpg,0.72663784,0.6596684
00018482.jpg,0.7465855,0.7637422
00003176.jpg,0.72490364,0.8124112
00012538.jpg,0.79120874,0.9004724
000000362005.jpg,0.71722865,0.86021507
00019551.jpg,0.6901916,0.6973194
00012636.jpg,0.65156096,0.6820118
00011303.jpg,0.61509454,0.6581676
00001882.jpg,0.8728109,0.9654344
00002991.jpg,0.9303882,0.901414
00003516.jpg,0.72917265,0.7970512
00015007.jpg,0.6456173,0.5990758
00018453.jpg,0.7243208,0.8032114
00015661.jpg,0.78407985,0.8184348
00013269.jpg,0.61146057,0.7156856
00017072.jpg,0.7649324,0.665321
00030512.jpg,0.7231926,0.784766
00013530.jpg,0.8184689,0.7374134
00057494.jpg,0.58631766,0.6601918
00012761.jpg,0.64583665,0.6768076
34699137ab6d2134.jpg,0.8088565,0.8488372
00035483.jpg,0.8689324,0.9467732
000000482392.jpg,0.790783,0.8867925
00032144.jpg,0.76507646,0.8398612
00034283.jpg,0.7302587,0.643759
00015654.jpg,0.8631846,0.8083588
00058517.jpg,0.85241735,0.9077194
n07693725_3477.jpg,0.7998359,0.8037383
00026627.jpg,0.8418284,0.8344352
00039169.jpg,0.7476326,0.8132058
00044753.jpg,0.7684009,0.7376642
00049565.jpg,0.85990345,0.8422194
00014569.jpg,0.86120665,0.894108
n02324045_5559.jpg,0.78432256,0.814433
00027455.jpg,0.79716384,0.7331254
00038376.jpg,0.71415687,0.7722162
n04465501_4020.jpg,0.78933555,0.8791209
00015621.jpg,0.7012267,0.6959472
00013402.jpg,0.8584362,0.8738986
00048680.jpg,0.63215894,0.5582524
n09270735_13713.jpg,0.6662428,0.78504676
00014232.jpg,0.7299652,0.7477696
00048527.jpg,0.69232553,0.7781976
00038073.jpg,0.7382758,0.8519912
00033135.jpg,0.81632733,0.8642124
00008414.jpg,0.6687844,0.7282452
00015377.jpg,0.81154644,0.8398678
n02324045_14394.jpg,0.75882363,0.60674155
00046609.jpg,0.8151617,0.746619
n07711569_3026.jpg,0.7755659,0.7592593
00020013.jpg,0.7554499,0.7217
00029550.jpg,0.7266404,0.7257936
55d0a0c0726ac856.jpg,0.5790186,0.51648355
00048597.jpg,0.65013844,0.5829442
00037811.jpg,0.7635209,0.7787582
n02342885_11035.jpg,0.8583953,0.92105263
00033850.jpg,0.7022766,0.7088232
00039370.jpg,0.75319123,0.8463846
00006261.jpg,0.8509568,0.846655
ed4ccd8a49df17f4.jpg,0.57567453,0.5652174
00020204.jpg,0.7525148,0.7740858
00032390.jpg,0.74225265,0.8919884
00012963.jpg,0.64675,0.7457334
00042900.jpg,0.81556976,0.8108848
00003326.jpg,0.6214708,0.6010084
00050392.jpg,0.71205693,0.8363186
00051380.jpg,0.8550352,0.861467
00056225.jpg,0.6298789,0.7523374
n07838073_8064.jpg,0.7988536,0.7758621
00040821.jpg,0.7259631,0.742779
00005421.jpg,0.9054899,0.932833
00032667.jpg,0.86086005,0.7940964
00028456.jpg,0.68810076,0.714873
00040501.jpg,0.74867,0.761658
00009766.jpg,0.6337188,0.6324976
00010670.jpg,0.79901075,0.8648394
00004706.jpg,0.5217141,0.47094
00050066.jpg,0.6833854,0.8119232
00047910.jpg,0.7553313,0.8350992
00042291.jpg,0.7744209,0.7307678
00012914.jpg,0.6853752,0.7695614
n01846331_8429.jpg,0.77457243,0.82978725
n04461696_5739.jpg,0.7503377,0.6792453
n03670208_13877.jpg,0.8027537,0.8512397
00014466.jpg,0.776893,0.8031714
00004304.jpg,0.88167804,0.8537958
00039410.jpg,0.6308324,0.7904994
00036726.jpg,0.82147634,0.6514924
1bd57202eab83f72.jpg,0.8868265,0.8173077
00051457.jpg,0.6547173,0.6751426
00032176.jpg,0.6518455,0.698926
00033056.jpg,0.6055484,0.647291
00024631.jpg,0.8022425,0.9473354
00001863.jpg,0.5886445,0.7033552
00044547.jpg,0.7347351,0.6782026
n02324045_13525.jpg,0.78857315,0.8252427
00035130.jpg,0.6275132,0.5078078
00039551.jpg,0.77105945,0.7656906
00001223.jpg,0.7643726,0.8577382
00049508.jpg,0.8984243,0.9162328
000000560787.jpg,0.7673478,0.7777778
00004874.jpg,0.8363208,0.8797428
n09270735_16660.jpg,0.69040734,0.7717391
00005370.jpg,0.6645599,0.7018458
00019680.jpg,0.85692894,0.8005362
000000078307.jpg,0.777498,0.7757009
00013230.jpg,0.82504046,0.877965
00032558.jpg,0.63361174,0.5352156
00026291.jpg,0.6067338,0.5526192
00007011.jpg,0.55335367,0.5157706
00026789.jpg,0.57114136,0.4829378
000000526968.jpg,0.8379326,0.79787236
00050947.jpg,0.7619951,0.805487
00047121.jpg,0.7718291,0.7527252
00006281.jpg,0.66612816,0.6978642
00051979.jpg,0.76685566,0.737764
00035335.jpg,0.8471776,0.9110126
bc99f15674c5f363.jpg,0.74434704,0.6226415
00051364.jpg,0.8012308,0.6413468
00013881.jpg,0.8293087,0.9155842
00038325.jpg,0.71255744,0.7235906
00033016.jpg,0.8833687,0.9771428
00021914.jpg,0.8261653,0.8988828
b13dfb24715f0fc5.jpg,0.74329126,0.8
00025074.jpg,0.75083506,0.8479646
00057142.jpg,0.65121937,0.6083192
n09472597_31535.jpg,0.61845183,0.7346939
n02342885_12555.jpg,0.8929067,0.90654206
00016766.jpg,0.56843126,0.5717396
00021286.jpg,0.7908293,0.8762076
00023304.jpg,0.77413356,0.8879454
00004906.jpg,0.8459147,0.8558884
00034792.jpg,0.63825405,0.6016246
00026334.jpg,0.78634316,0.8224762
00007763.jpg,0.8108363,0.8007846
00044003.jpg,0.71451044,0.761414
000000555696.jpg,0.7453267,0.814433
00031070.jpg,0.7222517,0.7785362
00049527.jpg,0.85212755,0.9150794
00051382.jpg,0.6432433,0.5468704
00000036.jpg,0.7541094,0.7962698
00006698.jpg,0.79592365,0.8199658
00002171.jpg,0.7684804,0.7820934
00013463.jpg,0.7384305,0.89495
00027858.jpg,0.82810336,0.7862894
00000390.jpg,0.7786987,0.9099964
00023747.jpg,0.71315944,0.7132834
00015515.jpg,0.7144562,0.7172848
00033584.jpg,0.6904677,0.7157998
00042899.jpg,0.8555932,0.9237148
00046682.jpg,0.694577,0.6921254
00045015.jpg,0.73160315,0.7510212
00023773.jpg,0.7273445,0.680731
00005588.jpg,0.7530127,0.6728684
00054636.jpg,0.77646416,0.7533632
00009637.jpg,0.8377971,0.9472092
00005114.jpg,0.73983693,0.765396
00010437.jpg,0.7326518,0.7789312
00018418.jpg,0.75205487,0.7938676
00010175.jpg,0.79833055,0.7577432
00047843.jpg,0.8581197,0.914476
n02878222_49784.jpg,0.63578165,0.63366336
00010002.jpg,0.7785149,0.8265804
00032920.jpg,0.833366,0.8680128
00048918.jpg,0.7321537,0.6736374
00019647.jpg,0.68266654,0.7219692
00024553.jpg,0.84060174,0.8322654
00004097.jpg,0.7379285,0.7919896
00017895.jpg,0.78431666,0.7412388
000000563458.jpg,0.75196344,0.77
00027540.jpg,0.87865674,0.9120756
00010762.jpg,0.742718,0.7481804
00019416.jpg,0.72829175,0.7481956
00030711.jpg,0.85912573,0.8396016
00057157.jpg,0.8444534,0.9019854
00002155.jpg,0.86734366,0.9284334
00042314.jpg,0.7480898,0.8364378
00006051.jpg,0.8897834,0.901579
00023220.jpg,0.84538627,0.8245946
00023913.jpg,0.8063272,0.8664172
00010866.jpg,0.55585015,0.5628036
00026589.jpg,0.6876973,0.7030458
00003862.jpg,0.7556025,0.7734996
00056962.jpg,0.8388447,0.8472488
00037634.jpg,0.77060705,0.8403678
00028746.jpg,0.8541031,0.9329984
00037629.jpg,0.61422545,0.557958
00031158.jpg,0.7352829,0.8211146
00018876.jpg,0.76939297,0.6252004
00031236.jpg,0.7776285,0.8484358
00018988.jpg,0.5272085,0.5254412
00013318.jpg,0.8794035,0.7493864
00038765.jpg,0.6532733,0.5332122
61f624ac32c56eba.jpg,0.8137339,0.84782606
00052198.jpg,0.7750721,0.9234018
00037610.jpg,0.67991924,0.56001
00018836.jpg,0.62911355,0.6762282
00027507.jpg,0.8367614,0.8381672
00039625.jpg,0.6423773,0.58851
00029677.jpg,0.87362343,0.8579068
00044259.jpg,0.7136528,0.7056318
n04467665_30494.jpg,0.7760934,0.77884614
00037824.jpg,0.7196906,0.6058302
00025774.jpg,0.7954734,0.8541236
00015579.jpg,0.75850034,0.8204896
00047679.jpg,0.8056079,0.922628
00026057.jpg,0.74339277,0.7105448
00001192.jpg,0.7080157,0.8261036
00048299.jpg,0.7498411,0.6835386
00025772.jpg,0.7568952,0.7229384
00001037.jpg,0.85110927,0.9287256
00043874.jpg,0.6857952,0.6621046
00007660.jpg,0.77494895,0.7244404
00054648.jpg,0.7324307,0.7799574
00006802.jpg,0.77479506,0.8428108
00044239.jpg,0.72820187,0.6983008
00021811.jpg,0.76990616,0.799564
00057566.jpg,0.66708493,0.646255
n07583197_5599.jpg,0.82375103,0.9222222
00028241.jpg,0.706286,0.7522022
00024499.jpg,0.8195225,0.8997918
000000208724.jpg,0.7267827,0.8202247
00025529.jpg,0.7761746,0.8153886
00053898.jpg,0.7852844,0.6774612
00046038.jpg,0.82719296,0.8475746
00025429.jpg,0.62789685,0.6760444
00031432.jpg,0.73077613,0.7879622
92c4c71c141773b1.jpg,0.7706855,0.76086956
00004618.jpg,0.77000636,0.6980664
00011992.jpg,0.6179341,0.5774612
00032016.jpg,0.6292931,0.6298156
00044614.jpg,0.6695768,0.6492316
00045486.jpg,0.7343785,0.8398464
00008113.jpg,0.78599805,0.7295252
00010745.jpg,0.6864624,0.6651556
00046256.jpg,0.88686544,0.8632464
000000388983.jpg,0.84499,0.92156863
00048580.jpg,0.8084415,0.7201732
00014998.jpg,0.73518574,0.7630548
00043630.jpg,0.7940537,0.7745694
00042418.jpg,0.7773286,0.6278888
n01514859_10948.jpg,0.8061639,0.8053097
n02342885_2760.jpg,0.8775638,0.9191919
00001669.jpg,0.5883175,0.4491178
00032201.jpg,0.80064815,0.8371894
00020661.jpg,0.6260785,0.6737368
00050788.jpg,0.84711015,0.9107478
n02946348_14246.jpg,0.78287333,0.6753247
00047804.jpg,0.77558225,0.8418074
00028209.jpg,0.7845119,0.8531452
00016203.jpg,0.84923637,0.8830738
00021153.jpg,0.70788324,0.6684664
00052500.jpg,0.7561636,0.8965782
00031524.jpg,0.78702587,0.7077008
00030093.jpg,0.7856071,0.8436946
n09415671_18361.jpg,0.55894613,0.5185185
00052115.jpg,0.8672597,0.962534
00003027.jpg,0.83014894,0.8735326
00040056.jpg,0.6491648,0.588883
n07893642_17899.jpg,0.785134,0.8773585
00032503.jpg,0.8081559,0.8899262
00040641.jpg,0.7237413,0.7756454
00013775.jpg,0.71725327,0.6826354
sun_avkfkuagzulwurbc.jpg,0.54393345,0.61165047
00029967.jpg,0.6908506,0.6375932
n02433729_8548.jpg,0.7587695,0.75961536
00034838.jpg,0.75056154,0.8025054
00047667.jpg,0.71797955,0.7507948
00008580.jpg,0.795308,0.7300904
00007194.jpg,0.7716752,0.8180444
00040504.jpg,0.7083788,0.7513032
00051244.jpg,0.6729749,0.6798782
00006736.jpg,0.83886427,0.8947398
00056305.jpg,0.790544,0.8472372
00021529.jpg,0.7515763,0.6991048
n04461696_9793.jpg,0.69956243,0.65555555
00030006.jpg,0.633263,0.70489
00009019.jpg,0.7159981,0.748894
00014283.jpg,0.7839019,0.7686706
00003982.jpg,0.70874,0.6310452
00045063.jpg,0.8367554,0.844392
00036905.jpg,0.6359905,0.5035348
00049154.jpg,0.7872784,0.8411866
00038367.jpg,0.57446694,0.4355356
00025608.jpg,0.8129284,0.8458684
00048727.jpg,0.80278355,0.8398916
00039012.jpg,0.6698544,0.5368566
00006341.jpg,0.7587978,0.8674692
00003829.jpg,0.9873147,0.9340248
00017073.jpg,0.84569854,0.8709858
00019830.jpg,0.8937818,0.9282376
00033789.jpg,0.628407,0.7043464
n00439826_6314.jpg,0.7928577,0.7314815
00024954.jpg,0.7594998,0.8568946
00048090.jpg,0.7484869,0.7676624
00020738.jpg,0.85927165,0.91482
00032315.jpg,0.80351806,0.8154822
00052177.jpg,0.80640185,0.8157858
00005783.jpg,0.71183145,0.753457
00010874.jpg,0.68023956,0.510283
00053380.jpg,0.7370852,0.8035376
00013302.jpg,0.5967938,0.5462208
00055196.jpg,0.7366024,0.803284
00020611.jpg,0.8861463,0.932743
00019234.jpg,0.8076124,0.694687
00057477.jpg,0.8494339,0.8108412
00037573.jpg,0.6523739,0.762761
00006542.jpg,0.71900594,0.717583
n02324045_15031.jpg,0.8059987,0.84615386
00023719.jpg,0.8812922,0.8571398
n03541923_3554.jpg,0.78014237,0.83870965
00041090.jpg,0.7562737,0.7273174
00033331.jpg,0.7861793,0.762194
00049451.jpg,0.858722,0.8989486
00001163.jpg,0.8661612,0.8510078
00043743.jpg,0.7479839,0.7763222
00001193.jpg,0.8546506,0.8487468
00051920.jpg,0.6038028,0.5394058
00009441.jpg,0.52494526,0.5572568
00054767.jpg,0.85925543,0.8536368
00004657.jpg,0.71106803,0.7321872
00045612.jpg,0.7423549,0.7442352
00046534.jpg,0.7534493,0.7722512
00031239.jpg,0.81964105,0.719502
00053298.jpg,0.9004929,0.9009972
00018828.jpg,0.6924567,0.5755848
sun_argapbxamkdubgcw.jpg,0.61423254,0.3846154
000000137589.jpg,0.7402561,0.789916
n02355227_6434.jpg,0.8086145,0.86734694
00011207.jpg,0.7404126,0.5718972
00005644.jpg,0.56423014,0.6053402
00028606.jpg,0.8017284,0.8938742
00027821.jpg,0.7274791,0.8476904
n02691156_3785.jpg,0.73547024,0.5882353
00032555.jpg,0.6620149,0.7506132
00019448.jpg,0.634461,0.6992508
00019514.jpg,0.84207547,0.849317
00042232.jpg,0.703645,0.8487934
00008165.jpg,0.61273456,0.594248
00010313.jpg,0.80412495,0.8797696
00026602.jpg,0.7747744,0.6656428
n09415671_2335.jpg,0.556878,0.45544556
00003025.jpg,0.81766117,0.888841
00049825.jpg,0.63165474,0.7492304
ca24144abcf2bb19.jpg,0.7682453,0.7105263
00022340.jpg,0.7763159,0.8044542
00055645.jpg,0.85058546,0.8583078
n02834778_6811.jpg,0.82714355,0.8490566
00026152.jpg,0.7716991,0.7306984
00048677.jpg,0.7763473,0.8298292
00001741.jpg,0.8096616,0.7871744
00050183.jpg,0.67566437,0.5069486
00012998.jpg,0.79296434,0.8488134
00002356.jpg,0.7605528,0.7020822
00026954.jpg,0.50524044,0.4650938
00050793.jpg,0.7361436,0.7881636
00007729.jpg,0.7043888,0.8290734
00045419.jpg,0.7813301,0.8317586
00017314.jpg,0.7187327,0.743008
00046987.jpg,0.74854803,0.6999556
00009243.jpg,0.7676437,0.7004228
00057084.jpg,0.7402079,0.7425364
n04349306_7700.jpg,0.7782095,0.8518519
00007713.jpg,0.75595164,0.865703
00045696.jpg,0.66845465,0.7022922
n03512147_38622.jpg,0.7593189,0.7876106
00044209.jpg,0.7914132,0.859912
00013831.jpg,0.95585144,0.8735758
00055479.jpg,0.7982564,0.7898232
00038809.jpg,0.6565188,0.6146306
00035001.jpg,0.6739513,0.6449446
00041895.jpg,0.8135872,0.940168
00052685.jpg,0.77207935,0.7021556
00025700.jpg,0.8078748,0.9071616
00034832.jpg,0.71270674,0.6891698
00018359.jpg,0.73644465,0.735521
00008280.jpg,0.8138001,0.8948852
00013464.jpg,0.7422661,0.7678082
00019359.jpg,0.717584,0.7544346
00000242.jpg,0.7844043,0.8385614
00002492.jpg,0.7909899,0.85008
00053041.jpg,0.8399163,0.7991154
00001763.jpg,0.8946814,0.8807674
00044000.jpg,0.66894597,0.6510588
00054482.jpg,0.778627,0.763498
00018952.jpg,0.6837373,0.795859
00044537.jpg,0.64870954,0.6766798
00058287.jpg,0.7351197,0.6758276
00031151.jpg,0.7625895,0.6859116
00048791.jpg,0.7603043,0.8526058
8b932b1337db7e2a.jpg,0.7571385,0.87058824
000000194381.jpg,0.73314637,0.75652176
00002310.jpg,0.7374821,0.717859
00022656.jpg,0.61423707,0.6242024
00021590.jpg,0.76369417,0.8230818
00022625.jpg,0.7762035,0.7443084
00052505.jpg,0.86864626,0.8516006
87cd2486757696e5.jpg,0.64149445,0.6442308
00045091.jpg,0.71949494,0.6705938
00022234.jpg,0.70229924,0.811593
00024730.jpg,0.6486453,0.6823606
00029565.jpg,0.6366995,0.529407
00002643.jpg,0.8237873,0.8270248
00034833.jpg,0.59080315,0.5581202
00030254.jpg,0.60378987,0.6146442
000000546020.jpg,0.7190298,0.6597938
00004553.jpg,0.7007287,0.6610238
n07911677_3769.jpg,0.8924671,0.8495575
00057389.jpg,0.8528743,0.824965
00054748.jpg,0.789289,0.6463516
00035050.jpg,0.7006827,0.5785472
00040542.jpg,0.64631504,0.6843714
00047710.jpg,0.70391864,0.6439084
00028274.jpg,0.81846744,0.918077
n04610013_11968.jpg,0.7067127,0.7058824
n03512147_211.jpg,0.7962508,0.6851852
05ad012d0ccab5cb.jpg,0.76105815,0.62637365
00033299.jpg,0.8204428,0.7672184
00030490.jpg,0.92669797,0.967857
n12345899_15631.jpg,0.59362036,0.67391306
00027359.jpg,0.8117845,0.8598254
00020303.jpg,0.772956,0.7484576
000000402378.jpg,0.7713025,0.84210527
00017625.jpg,0.82675374,0.7776682
00036563.jpg,0.59012395,0.6159082
00026440.jpg,0.75407493,0.8083394
00022937.jpg,0.88830376,0.9629196
00029871.jpg,0.7593432,0.7635332
00005555.jpg,0.8936495,0.8668686
00031828.jpg,0.82814926,0.7516018
00007935.jpg,0.863972,0.8493468
00032320.jpg,0.7371026,0.587057
00035968.jpg,0.6404655,0.5410526
00019743.jpg,0.81127894,0.7343934
00015638.jpg,0.76924324,0.7908468
e152d5868447723e.jpg,0.6253772,0.54464287
00057745.jpg,0.65994984,0.769544
00001559.jpg,0.6544907,0.467168
00049133.jpg,0.8610455,0.8294872
000000147762.jpg,0.77157843,0.72727275
ac7c8233108052d9.jpg,0.81501794,0.78571427
00027107.jpg,0.5897616,0.6794458
00020427.jpg,0.80383193,0.8567968
00052030.jpg,0.763482,0.6920136
00015294.jpg,0.7670403,0.7974614
n01811909_15857.jpg,0.73615503,0.7798165
00035621.jpg,0.5925381,0.546052
n02924116_40071.jpg,0.8104497,0.9047619
0766fa7959728beb.jpg,0.5328454,0.4888889
00022213.jpg,0.8130555,0.8269636
00024430.jpg,0.7744662,0.8753968
00001005.jpg,0.5326408,0.5893218
00044811.jpg,0.719285,0.6719726
00017592.jpg,0.79842997,0.8326706
00004949.jpg,0.66748905,0.6575868
00011629.jpg,0.5864886,0.6172482
n09415671_9545.jpg,0.5501477,0.5531915
00022181.jpg,0.6889664,0.8305866
00033856.jpg,0.6710291,0.5815818
00054370.jpg,0.7718782,0.908917
00055666.jpg,0.6516887,0.771692
00020474.jpg,0.7472193,0.7880848
00026540.jpg,0.7921221,0.884144
6c27f89d9081572e.jpg,0.7335296,0.8817204
00053549.jpg,0.6836865,0.761606
00056598.jpg,0.8362129,0.7450536
00016080.jpg,0.8382245,0.8230714
00007427.jpg,0.6279781,0.5650696
00017501.jpg,0.7865358,0.8412734
00037284.jpg,0.77392524,0.7408592
00045748.jpg,0.6215596,0.5730512
00048897.jpg,0.72794414,0.6426024
00031094.jpg,0.7941828,0.8122456
00011768.jpg,0.7940633,0.7765916
00007497.jpg,0.7621492,0.7386548
n03634034_2582.jpg,0.5966418,0.53846157
00039332.jpg,0.7238276,0.6420312
00050400.jpg,0.8149809,0.7784846
00036104.jpg,0.5848708,0.6555188
00015505.jpg,0.8452436,0.8445094
00042091.jpg,0.7216227,0.8216324
00003859.jpg,0.793457,0.7490148
aa8e2b1c612805d3.jpg,0.8359548,0.9381443
00046810.jpg,0.6996777,0.7797846
00012645.jpg,0.8507632,0.8496476
n04335435_10652.jpg,0.70576584,0.6635514
00008959.jpg,0.7957407,0.6872408
00018082.jpg,0.73783004,0.7887794
00014297.jpg,0.89834905,0.9179602
00006534.jpg,0.60071075,0.6459088
00022084.jpg,0.84217066,0.8741
00026620.jpg,0.78501797,0.7362754
00051714.jpg,0.7293451,0.7988112
00026137.jpg,0.9217622,0.9249876
d7d111c164d6ac0a.jpg,0.7975265,0.6727273
00046303.jpg,0.6992933,0.6539458
00048303.jpg,0.8014281,0.748143
00035975.jpg,0.6745693,0.5713856
00015210.jpg,0.8731537,0.8132646
00016143.jpg,0.85492396,0.788248
00037921.jpg,0.78568053,0.8534742
00010516.jpg,0.7343305,0.7285118
00016110.jpg,0.8238278,0.875929
00037508.jpg,0.785338,0.8495866
00041092.jpg,0.7229223,0.7826366
00017298.jpg,0.6906375,0.6415398
00005116.jpg,0.8502025,0.9003966
00019809.jpg,0.8355454,0.9894444
n04166281_2715.jpg,0.7554064,0.7875
00001758.jpg,0.75054735,0.7897826
a8d279d6988cfc0c.jpg,0.7016401,0.68686867
00036688.jpg,0.65209615,0.7482112
00053502.jpg,0.80908084,0.8198546
00002358.jpg,0.7013881,0.6446724
00002898.jpg,0.80169034,0.8295652
00018602.jpg,0.6565995,0.7914988
00000266.jpg,0.6538337,0.781402
00044413.jpg,0.71771586,0.7554924
00029791.jpg,0.8112402,0.9356708
00051099.jpg,0.8818629,0.9863498
00007751.jpg,0.84791994,0.811072
00020727.jpg,0.69691247,0.68901
00019508.jpg,0.7971195,0.8212306
00050507.jpg,0.78334224,0.7430484
00000704.jpg,0.94468915,0.9252312
00009754.jpg,0.5590261,0.5075436
00026022.jpg,0.62541425,0.61641
00007432.jpg,0.87569875,0.8668898
n07929519_36240.jpg,0.8738986,0.8214286
00055427.jpg,0.5222739,0.510677
00050431.jpg,0.7254875,0.683013
00018067.jpg,0.8871473,0.8993582
00044250.jpg,0.7175096,0.7860706
00052954.jpg,0.7287852,0.734991
00011242.jpg,0.63641006,0.6272358
00021006.jpg,0.72860706,0.8327628
00037950.jpg,0.6258298,0.7007666
00022993.jpg,0.76650023,0.7588352
00042042.jpg,0.80871695,0.8505728
00045797.jpg,0.755448,0.7434038
00007478.jpg,0.86298853,0.8893654
00045574.jpg,0.7938538,0.673504
00008151.jpg,0.6770506,0.6556064
n07753592_10906.jpg,0.824018,0.8020833
00051437.jpg,0.7322377,0.792164
00047569.jpg,0.78213227,0.7793272
00047776.jpg,0.7278791,0.7772754
00035681.jpg,0.6592835,0.5844262
00006977.jpg,0.73363537,0.8320566
00020406.jpg,0.7814463,0.751096
00050638.jpg,0.848062,0.8351762
00020319.jpg,0.87948215,0.8260566
00005015.jpg,0.62993824,0.5855946
00012711.jpg,0.72340584,0.7511004
00032852.jpg,0.8304476,0.8888356
00015674.jpg,0.7725941,0.7810534
00054499.jpg,0.7946359,0.6917358
00016638.jpg,0.8221587,0.7434078
00020802.jpg,0.7030323,0.7127254
00004737.jpg,0.8574244,0.9357524
e993f22917fba7f4.jpg,0.762676,0.8988764
00050805.jpg,0.6743662,0.6352768
00032971.jpg,0.64854217,0.8597326
n07929519_31174.jpg,0.8393429,0.7938144
00006077.jpg,0.7644035,0.8040152
00048981.jpg,0.84054875,0.689573
00058126.jpg,0.79023486,0.8546584
00040881.jpg,0.7545285,0.764302
00033620.jpg,0.72340107,0.6180494
00035453.jpg,0.6486981,0.531421
00004290.jpg,0.72857535,0.6026104
00034607.jpg,0.8079588,0.9102832
n07801508_12917.jpg,0.817883,0.85106385
00042440.jpg,0.75678533,0.80957
00049598.jpg,0.6935432,0.6815202
00004029.jpg,0.9249967,0.9798814
00049495.jpg,0.9128757,0.9012494
e132f2e5610d9460.jpg,0.79678226,0.9130435
00022871.jpg,0.8028713,0.8721202
000000073260.jpg,0.73296726,0.8645833
00041652.jpg,0.737674,0.771292
00026639.jpg,0.6267327,0.5608388
n09270735_22315.jpg,0.70766515,0.8229167
00043270.jpg,0.773791,0.8006578
00023350.jpg,0.78415024,0.7068978
00053305.jpg,0.8342506,0.8301918
00050034.jpg,0.8375663,0.8469784
00022661.jpg,0.61608917,0.7127518
00019936.jpg,0.89375246,0.8559362
00001109.jpg,0.7576164,0.7702944
00049122.jpg,0.63092095,0.516418
00023877.jpg,0.8169229,0.9132926
00042965.jpg,0.747493,0.798996
00027016.jpg,0.7192817,0.6454594
00017520.jpg,0.7521736,0.7997556
00040938.jpg,0.7550825,0.7629856
sun_bhribroenyyculkx.jpg,0.59676737,0.625
00045230.jpg,0.70195675,0.7324278
n07838073_17336.jpg,0.7842722,0.8453608
00008553.jpg,0.62508047,0.72576
00034659.jpg,0.57103205,0.6071722
00020340.jpg,0.64616597,0.706844
00055173.jpg,0.79707205,0.7525806
00001285.jpg,0.6871332,0.7719816
00043470.jpg,0.75633144,0.6723506
00016467.jpg,0.6761285,0.7233798
00001123.jpg,0.629056,0.6297376
n02934451_8034.jpg,0.67132705,0.6
00035241.jpg,0.65770805,0.6355708
n02878222_1152.jpg,0.751379,0.7303371
00043044.jpg,0.7817322,0.7175998
00014873.jpg,0.6862074,0.6225924
00024455.jpg,0.69554764,0.5853896
00056685.jpg,0.68512464,0.6819588
00029695.jpg,0.82626307,0.8742876
n02324045_25240.jpg,0.821296,0.8989899
000000500422.jpg,0.7533888,0.75510204
00006306.jpg,0.82336366,0.7618796
00006494.jpg,0.8222971,0.796244
00009770.jpg,0.8705003,0.9201188
00056708.jpg,0.7640011,0.7919384
00016163.jpg,0.81974053,0.7541086
00004140.jpg,0.7535963,0.8301508
00000202.jpg,0.8616046,0.9615802
00004963.jpg,0.90578264,0.7778382
00031085.jpg,0.60811085,0.6743124
00056292.jpg,0.63082147,0.6853108
00018262.jpg,0.9548575,0.9798076
000000053875.jpg,0.6193555,0.7876106
000000498270.jpg,0.7189837,0.8037383
00003334.jpg,0.724296,0.7459814
00047103.jpg,0.7584571,0.6833652
n03670208_9655.jpg,0.8532198,0.877193
00012502.jpg,0.74245304,0.7851434
00058519.jpg,0.8737289,0.924451
00030349.jpg,0.8645523,0.9683952
00030903.jpg,0.87682396,0.9304734
00053889.jpg,0.80366975,0.7930644
00007762.jpg,0.67534494,0.7868654
00051153.jpg,0.6396632,0.661935
00048202.jpg,0.6380356,0.657522
n00445351_4499.jpg,0.8120224,0.8854167
00020695.jpg,0.61930835,0.5160752
00004843.jpg,0.7511678,0.8097306
00032336.jpg,0.7972488,0.8110232
00012733.jpg,0.662012,0.7974028
000000215223.jpg,0.8181895,0.8604651
00022926.jpg,0.791596,0.8920178
00031357.jpg,0.7689419,0.6828936
n07711569_1385.jpg,0.7999271,0.8269231
00012869.jpg,0.81328505,0.830424
00026136.jpg,0.8788445,0.849238
00024892.jpg,0.80503637,0.7970386
00049841.jpg,0.6913554,0.7362454
00041909.jpg,0.7805712,0.8262362
00020159.jpg,0.8296815,0.92325
2c06e792a2b5823c.jpg,0.66355383,0.6168224
00001604.jpg,0.8827909,0.8861264
00011453.jpg,0.67293304,0.4728942
00037673.jpg,0.72867155,0.5248994
00009999.jpg,0.6561519,0.8136786
00032011.jpg,0.77166,0.7414694
n07806221_22956.jpg,0.7421789,0.7413793
00006394.jpg,0.73757213,0.782011
00010605.jpg,0.8313965,0.8381878
00024479.jpg,0.56492394,0.5908154
00032849.jpg,0.7350302,0.731281
00033980.jpg,0.7451042,0.8466096
000000457981.jpg,0.770209,0.8210526
00007561.jpg,0.83535755,0.9032656
00000761.jpg,0.7768189,0.7023076
00013838.jpg,0.64837795,0.5182072
00002058.jpg,0.68967414,0.622681
n03512147_1461.jpg,0.7285104,0.59375
n02793495_18999.jpg,0.6724983,0.7647059
n02946348_806.jpg,0.793911,0.8105263
00052315.jpg,0.75531095,0.8489512
n07933274_30243.jpg,0.8148378,0.83168316
00036113.jpg,0.55270004,0.4233752
n02129165_4534.jpg,0.8427752,0.90816325
000000115069.jpg,0.68726873,0.6666667
00002432.jpg,0.9150095,0.8733928
00051985.jpg,0.64917946,0.6836386
00021092.jpg,0.838251,0.9378928
00044812.jpg,0.73869306,0.7593812
00007998.jpg,0.8559933,0.7916816
00042213.jpg,0.7641119,0.7105598
00044598.jpg,0.6936907,0.731718
n04461696_7504.jpg,0.7998338,0.8255814
00035411.jpg,0.7668607,0.7694376
00008416.jpg,0.7098868,0.8566428
00020448.jpg,0.91240877,0.8728644
00032290.jpg,0.78957164,0.7716768
954ef758d906cb65.jpg,0.61375415,0.47916666
00033055.jpg,0.7793654,0.8566396
00054995.jpg,0.83090794,0.8650134
00050932.jpg,0.8562778,0.817294
00014193.jpg,0.6661886,0.683389
1220fa5cbeeaea92.jpg,0.52796483,0.53271025
00030810.jpg,0.5892301,0.5255148
00009479.jpg,0.79579896,0.8406204
00052766.jpg,0.8062936,0.7782648
00003182.jpg,0.81243724,0.711474
00009758.jpg,0.7677834,0.8202254
00000274.jpg,0.6921321,0.5737062
00035227.jpg,0.7146895,0.8187146
00034356.jpg,0.6863986,0.779367
00002098.jpg,0.7039107,0.7234188
00021918.jpg,0.7561046,0.8178882
00001387.jpg,0.7875998,0.901807
00026172.jpg,0.7263752,0.8258178
n02355227_14956.jpg,0.84421647,0.83516484
sun_avauwsvpzzujahyj.jpg,0.7353196,0.84782606
00004043.jpg,0.8111367,0.8101898
00026853.jpg,0.76025695,0.7924708
000000495523.jpg,0.7449334,0.7326733
00002101.jpg,0.77900064,0.6692436
00025081.jpg,0.82747304,0.865331
00038191.jpg,0.7784476,0.8737924
00042670.jpg,0.76058567,0.7150394
00009901.jpg,0.76975125,0.8795612
00018311.jpg,0.6838126,0.7578738
00024960.jpg,0.80286914,0.8531718
00038482.jpg,0.68933517,0.7079588
00029551.jpg,0.7765579,0.6872948
00045843.jpg,0.5563755,0.6478374
n07711569_5967.jpg,0.84757453,0.86868685
00012001.jpg,0.56187123,0.6813592
00026877.jpg,0.81319106,0.860011
00012403.jpg,0.6815799,0.5996616
00006846.jpg,0.6409746,0.6517136
00038917.jpg,0.69582283,0.6372408
2e815e4330cb123d.jpg,0.65759945,0.6037736
00016431.jpg,0.8855958,0.876619
28653ee89a48f848.jpg,0.56678677,0.52577317
00005954.jpg,0.76525086,0.7318942
00010815.jpg,0.7311611,0.7654932
00037569.jpg,0.6287778,0.7197008
00012790.jpg,0.83415556,0.9285438
00011523.jpg,0.8376595,0.8215898
00035914.jpg,0.6962457,0.776005
00033708.jpg,0.6279829,0.5955642
00037472.jpg,0.6273481,0.558089
00023047.jpg,0.8606881,0.7557266
n04335435_4974.jpg,0.8073069,0.7962963
00045229.jpg,0.69578415,0.729493
n01792640_14323.jpg,0.87187535,0.90384614
00006358.jpg,0.6280083,0.5880008
00024372.jpg,0.80013233,0.7649108
00044798.jpg,0.8629248,0.8218668
00053324.jpg,0.7792312,0.8653574
00003373.jpg,0.7347867,0.7636414
00036551.jpg,0.72184324,0.6827808
00052585.jpg,0.7306702,0.7052154
00040859.jpg,0.7804205,0.865807
00055806.jpg,0.6700644,0.6629926
00027852.jpg,0.8084226,0.9570176
000000104028.jpg,0.7792276,0.8125
00053589.jpg,0.7845208,0.7873216
7e4f94776a3b4db8.jpg,0.7667016,0.8051948
00038225.jpg,0.62117237,0.553408
sun_agewmeasxmzncpsq.jpg,0.67392206,0.6122449
00003211.jpg,0.82538396,0.961899
00036851.jpg,0.6977904,0.5910682
00036519.jpg,0.71407485,0.6377156
00024385.jpg,0.78303075,0.869887
00052921.jpg,0.6662406,0.60962
00058121.jpg,0.8587557,0.86738
00038914.jpg,0.6720835,0.703415
00030762.jpg,0.7439027,0.8292168
00008445.jpg,0.75152,0.8683104
00012686.jpg,0.73701215,0.6808274
00045297.jpg,0.743881,0.8248082
00004620.jpg,0.83211243,0.80395
00011237.jpg,0.6992036,0.742315
00047181.jpg,0.7747209,0.728824
00055555.jpg,0.60571176,0.6113452
00010632.jpg,0.81763935,0.985848
00031507.jpg,0.8515642,0.7990994
00027689.jpg,0.66687304,0.6291828
00034964.jpg,0.60780525,0.6799792
00007058.jpg,0.78057903,0.76
00033656.jpg,0.85161316,0.8735394
00010162.jpg,0.7342322,0.7817944
00007468.jpg,0.73550475,0.638583
00013310.jpg,0.7908616,0.7249216
00040589.jpg,0.7954459,0.8893748
n02355227_13412.jpg,0.8368685,0.93333334
n02118333_11129.jpg,0.8620931,0.95652175
00027635.jpg,0.6062848,0.6212698
00029856.jpg,0.69452435,0.6876704
00007012.jpg,0.8079492,0.7879798
00039247.jpg,0.7867133,0.7298374
00007577.jpg,0.7012316,0.8277842
00051807.jpg,0.60147154,0.6060006
00044708.jpg,0.80698645,0.8284228
00042209.jpg,0.7191444,0.8194558
00022066.jpg,0.84621626,0.8042886
00049753.jpg,0.8618736,0.9248752
00029605.jpg,0.77798706,0.8115488
sun_bnwgrptznpkmyoll.jpg,0.57236916,0.7029703
00055646.jpg,0.8660753,0.8436266
00021007.jpg,0.80011034,0.79674
000000039758.jpg,0.7854595,0.90625
00023758.jpg,0.82116693,0.9238412
00047712.jpg,0.720917,0.8419848
00042210.jpg,0.7282342,0.592128
00050254.jpg,0.79813534,0.8203612
00048412.jpg,0.74246085,0.797753
00026924.jpg,0.72146696,0.6392268
n03541923_579.jpg,0.7967891,0.864
00043930.jpg,0.76807606,0.8443152
00008050.jpg,0.77783173,0.7981978
00049990.jpg,0.6119626,0.6141138
00020511.jpg,0.63409317,0.7216246
00034107.jpg,0.64985764,0.5654706
00056233.jpg,0.6935031,0.6290104
00037370.jpg,0.75964797,0.7996632
00004314.jpg,0.85685647,0.8829718
00011179.jpg,0.7665831,0.8245302
00020283.jpg,0.57229984,0.5034472
00017023.jpg,0.7323303,0.892033
00057173.jpg,0.7252691,0.6722188
00045055.jpg,0.6444669,0.7687966
00055894.jpg,0.7096759,0.583959
00031066.jpg,0.7440339,0.7827328
00022638.jpg,0.75858897,0.8178304
5b3d8eacb52b1468.jpg,0.79573554,0.7755102
00002928.jpg,0.72624546,0.676682
00008207.jpg,0.65083975,0.5513802
00052862.jpg,0.7985866,0.780875
00036589.jpg,0.6576183,0.73955
00051337.jpg,0.84484965,0.856365
00000603.jpg,0.68209016,0.679667
00027037.jpg,0.7896571,0.812327
00015762.jpg,0.93668824,0.8843306
00007442.jpg,0.7252878,0.7055446
00001040.jpg,0.6742346,0.64206
00030836.jpg,0.7735225,0.761497
000000379272.jpg,0.76359856,0.9111111
00023470.jpg,0.7447879,0.8410286
n04231693_24259.jpg,0.65633774,0.6730769
00054456.jpg,0.6893839,0.793821
00032146.jpg,0.80645514,0.860719
00015045.jpg,0.9863509,0.894347
00033908.jpg,0.64633256,0.5947972
00011100.jpg,0.8187217,0.7307266
00036444.jpg,0.630183,0.3692362
00027055.jpg,0.85358113,0.8592876
n07697537_5782.jpg,0.801436,0.85858583
00038915.jpg,0.7150188,0.7900942
n03791053_11306.jpg,0.8083382,0.8064516
00058691.jpg,0.6106695,0.7225914
00054411.jpg,0.57391596,0.5123796
00026042.jpg,0.69581765,0.6747222
000000579303.jpg,0.746275,0.8640777
00031638.jpg,0.85530394,0.8165334
n07801091_50222.jpg,0.53265667,0.47916666
00001819.jpg,0.77889514,0.7969922
00039961.jpg,0.65535986,0.6720248
00048129.jpg,0.81308967,0.8473158
00057205.jpg,0.8301641,0.828959
n07933274_31630.jpg,0.83447367,0.8202247
00012385.jpg,0.76476216,0.8358806
00013989.jpg,0.8915874,0.954012
00043348.jpg,0.67460155,0.6764152
00028804.jpg,0.8194475,0.844531
n07693725_1321.jpg,0.82527316,0.8152174
00029706.jpg,0.57713836,0.5272822
00042499.jpg,0.7653238,0.7730148
00054294.jpg,0.6233391,0.735245
00038746.jpg,0.84220064,0.8197832
00003365.jpg,0.6583382,0.7995098
00053352.jpg,0.7049493,0.8999764
00057811.jpg,0.8469943,0.855158
00040722.jpg,0.6346382,0.6805596
00035320.jpg,0.6047164,0.632302
00034144.jpg,0.746671,0.7461864
00033983.jpg,0.6433221,0.7355966
00034963.jpg,0.6884221,0.7235368
n03541923_2907.jpg,0.78784066,0.8989899
00014473.jpg,0.8913871,0.846046
00006991.jpg,0.7667061,0.8249134
00052994.jpg,0.72023547,0.855863
00028357.jpg,0.6990907,0.7874988
00000406.jpg,0.82318586,0.8482666
00049864.jpg,0.7938035,0.8983374
00012453.jpg,0.6948111,0.6955568
00025497.jpg,0.74565065,0.6538888
00002281.jpg,0.79597,0.8134304
00029549.jpg,0.7997582,0.8770882
00002291.jpg,0.82547605,0.8364942
00040184.jpg,0.7684225,0.812203
n02932891_17874.jpg,0.5953618,0.66019416
14628317fdcc9e39.jpg,0.5858939,0.48913044
00013186.jpg,0.7440343,0.617981
n03594945_11684.jpg,0.80370045,0.6695652
00030379.jpg,0.545559,0.5707458
00005809.jpg,0.7589817,0.7764644
00023664.jpg,0.5811036,0.6018028
n07711569_6001.jpg,0.81858456,0.8235294
00039773.jpg,0.73329514,0.771021
00053850.jpg,0.77017355,0.8022288
00004121.jpg,0.8491889,0.8899716
00002423.jpg,0.7956761,0.745983
00045668.jpg,0.76280344,0.6721646
00057464.jpg,0.7201315,0.8457956
00041145.jpg,0.6138898,0.5562046
00054501.jpg,0.7722274,0.842113
00013048.jpg,0.76906574,0.8036086
000000250924.jpg,0.7730733,0.75757575
00057504.jpg,0.68961096,0.7809012
00011220.jpg,0.80948186,0.9358704
00046017.jpg,0.7544235,0.8029606
00048448.jpg,0.85806566,0.8694836
n02324045_2666.jpg,0.81708604,0.8773585
00035520.jpg,0.6265919,0.5985454
00008162.jpg,0.8984199,0.9244148
5ba82a78da57b025.jpg,0.82937646,0.83928573
00040312.jpg,0.79453486,0.7285626
00028634.jpg,0.71865845,0.7542574
00038274.jpg,0.6266166,0.6086576
00001991.jpg,0.8213159,0.853784
00014060.jpg,0.7044183,0.7061564
00003576.jpg,0.7102046,0.7230118
00002710.jpg,0.79660094,0.7740688
00007111.jpg,0.73566425,0.7677176
n09289331_1577.jpg,0.61973375,0.51578945
00032097.jpg,0.8830093,0.8491048
00038995.jpg,0.8044469,0.8553544
00026636.jpg,0.7907851,0.834873
00045753.jpg,0.68530965,0.7608688
00036768.jpg,0.6265467,0.6382236
00005999.jpg,0.82861763,0.905586
00036077.jpg,0.775287,0.8575896
00014732.jpg,0.7628436,0.8460062
00003393.jpg,0.8795677,0.8155356
00037213.jpg,0.7392095,0.8044894
00039181.jpg,0.62032056,0.6799374
00021992.jpg,0.8850814,0.9195742
00057034.jpg,0.777892,0.811325
00026076.jpg,0.8568331,0.7906818
00041597.jpg,0.7078983,0.7209178
000000569526.jpg,0.7133717,0.8023256
00022681.jpg,0.87621826,0.8997024
00055236.jpg,0.7365383,0.7607626
00040098.jpg,0.74788976,0.8326662
00019275.jpg,0.86925983,0.9908666
00019195.jpg,0.90263164,0.9069552
00037175.jpg,0.655357,0.6742112
00018124.jpg,0.8830799,0.972116
00030605.jpg,0.81836784,0.8149172
00055062.jpg,0.85172427,0.8564942
00029886.jpg,0.55721533,0.5394622
00040703.jpg,0.75904715,0.5714028
00036136.jpg,0.63578093,0.5186102
00049380.jpg,0.8232578,0.9309174
00003168.jpg,0.83354616,0.7392736
00042623.jpg,0.74755657,0.7702114
00030977.jpg,0.82336223,0.869006
00018417.jpg,0.9101064,0.9242384
00025483.jpg,0.86192906,0.905572
sun_aaylzyqlqrsmfwif.jpg,0.836693,0.8981481
00034980.jpg,0.63887656,0.6360624
00017919.jpg,0.6595692,0.6246426
00043447.jpg,0.731791,0.6379252
00043762.jpg,0.720101,0.7409462
00018013.jpg,0.58884203,0.5960664
00055410.jpg,0.6373466,0.5195028
00015606.jpg,0.72716475,0.5983004
00002797.jpg,0.77493215,0.7309052
00052974.jpg,0.8494432,0.7999646
n02932891_3352.jpg,0.70291555,0.7894737
00033991.jpg,0.6439246,0.5537522
00049196.jpg,0.75589985,0.7979738
00026078.jpg,0.73818326,0.6240396
00054447.jpg,0.8162141,0.7234062
00051827.jpg,0.71555954,0.7333342
00039762.jpg,0.6433991,0.7269586
00049150.jpg,0.8161088,0.797306
00036308.jpg,0.6996757,0.6290702
00054588.jpg,0.6934511,0.7243576
00010421.jpg,0.77094644,0.7482056
000000155892.jpg,0.7663114,0.8640777
00042683.jpg,0.7404014,0.8333168
00009308.jpg,0.71514726,0.7838512
00056704.jpg,0.63208234,0.7030888
a9ec15185d0b680d.jpg,0.5422247,0.45238096
00035716.jpg,0.73359567,0.602739
00026819.jpg,0.7190262,0.812012
00030915.jpg,0.679196,0.9452206
00012195.jpg,0.6239524,0.7518034
00047626.jpg,0.8048127,0.8924098
705a34e58044ec9f.jpg,0.8608069,0.8703704
00011400.jpg,0.76925075,0.8968202
00022085.jpg,0.8632704,0.7926828
n02324045_29023.jpg,0.8137952,0.83
00035552.jpg,0.82153875,0.8491514
n09421951_5438.jpg,0.6326755,0.46601942
00001134.jpg,0.9359923,0.928567
00009197.jpg,0.75325036,0.8096018
00023065.jpg,0.5883494,0.6307486
00000453.jpg,0.75787,0.7270498
00058598.jpg,0.8622458,0.8996174
00046718.jpg,0.76287645,0.7025672
00021230.jpg,0.7327994,0.7879524
00000285.jpg,0.77784187,0.8071436
00015649.jpg,0.6910043,0.6426584
00015756.jpg,0.78822976,0.8522914
00000943.jpg,0.8540238,0.8381124
00044282.jpg,0.6731672,0.6176692
00040196.jpg,0.78086126,0.7304558
8825ee691220a1b4.jpg,0.8330618,0.8787879
00029632.jpg,0.7398136,0.8443478
00050849.jpg,0.85217404,0.8961772
00017349.jpg,0.8242996,0.8917932
00018597.jpg,0.8140938,0.7935696
00050861.jpg,0.81042576,0.7060188
00042708.jpg,0.8611977,0.882485
00041029.jpg,0.7095799,0.6457924
00016847.jpg,0.6854245,0.7223018
00036954.jpg,0.669204,0.5227778
00026526.jpg,0.7270055,0.6772896
00052910.jpg,0.6679304,0.61121
n07693725_498.jpg,0.8686776,0.8773585
00057622.jpg,0.7299435,0.6741058
00045524.jpg,0.7761207,0.836842
00000630.jpg,0.723168,0.8522862
076078740387b572.jpg,0.7928953,0.8333333
00029224.jpg,0.70291877,0.7001536
93bd25e8154bb8b9.jpg,0.8042637,0.7717391
00039681.jpg,0.7193544,0.6082726
00055561.jpg,0.8413134,0.8801396
00015724.jpg,0.7262124,0.7635016
n07720875_5671.jpg,0.8782195,0.89285713
00039071.jpg,0.77793,0.818905
00029761.jpg,0.8166672,0.6819052
00038214.jpg,0.6422164,0.6546512
00012785.jpg,0.82435167,0.8996632
00029152.jpg,0.68119764,0.6301126
00006971.jpg,0.87170047,0.860634
00008890.jpg,0.61306965,0.5602374
00031398.jpg,0.74900985,0.8238328
00040999.jpg,0.78261995,0.8396736
n07711569_6094.jpg,0.7787695,0.8020833
n00468480_8996.jpg,0.66906995,0.8
00013231.jpg,0.8076386,0.7525216
00044654.jpg,0.6979712,0.6638158
00028867.jpg,0.6780925,0.5852536
00005476.jpg,0.82747537,0.754957
n07680932_26553.jpg,0.9328042,0.86
00047184.jpg,0.7786701,0.8608924
n09393605_42636.jpg,0.51163954,0.375
00011203.jpg,0.7897257,0.7735712
00023115.jpg,0.75096416,0.7953018
00051482.jpg,0.78465027,0.846153
n09376198_12294.jpg,0.59109765,0.60215056
n07849336_20970.jpg,0.88358825,0.85393256
00000845.jpg,0.86084026,0.866224
00042577.jpg,0.7095753,0.7362476
00042721.jpg,0.6845883,0.6833964
n02396427_5189.jpg,0.8368566,0.82
00048339.jpg,0.74112236,0.6334854
00033228.jpg,0.58864224,0.487418
00017256.jpg,0.86366904,0.8882758
00040838.jpg,0.6468458,0.6670174
00003668.jpg,0.8601482,0.7226706
00009053.jpg,0.54559994,0.6796832
00040283.jpg,0.7199387,0.7792406
00040202.jpg,0.7915071,0.7950916
00020455.jpg,0.8206954,0.879144
00058098.jpg,0.84804964,0.9810774
00025003.jpg,0.54275584,0.4975584
00053982.jpg,0.8380114,0.8724716
00057874.jpg,0.82193565,0.8535562
00032753.jpg,0.8402628,0.9674236
00002918.jpg,0.6468664,0.7377138
00015329.jpg,0.87310016,0.8569
00051360.jpg,0.82434285,0.8807468
00013961.jpg,0.7507788,0.8423898
00009638.jpg,0.82465184,0.8365444
n04461696_6327.jpg,0.7687229,0.6923077
00031753.jpg,0.8268149,0.8766474
00000556.jpg,0.7052839,0.6280534
00040435.jpg,0.73533165,0.7165176
00012384.jpg,0.76184046,0.8905084
00009355.jpg,0.8220348,0.9069896
00004950.jpg,0.8532136,0.9111094
00021800.jpg,0.8375884,0.8582656
00017952.jpg,0.7277214,0.6201142
52eec65ddbd47cea.jpg,0.5239635,0.4787234
00045996.jpg,0.70010674,0.7297564
00025138.jpg,0.8788389,0.974673
00010390.jpg,0.7398411,0.7499754
00053927.jpg,0.60455143,0.5051438
00054161.jpg,0.6034403,0.5666652
00035215.jpg,0.6685628,0.6762764
00000094.jpg,0.8223821,0.8881136
000000481928.jpg,0.75765014,0.7882353
00049936.jpg,0.6658179,0.7453698
00031362.jpg,0.6340435,0.7129042
00041035.jpg,0.802875,0.8229894
00012130.jpg,0.82181704,0.856229
00037379.jpg,0.67613155,0.6952806
00008257.jpg,0.76440215,0.790773
00056486.jpg,0.74486125,0.7168098
00048788.jpg,0.7430579,0.685211
00052604.jpg,0.737733,0.782919
00033094.jpg,0.87128186,0.9143924
n04335435_10207.jpg,0.8134725,0.7777778
00050567.jpg,0.64877224,0.7306002
00015107.jpg,0.7827188,0.8573576
00028330.jpg,0.8215429,0.8059994
2823c8ffca4688b0.jpg,0.7007095,0.81914896
00021232.jpg,0.6366434,0.6234964
00028207.jpg,0.8209106,0.9619642
00018297.jpg,0.7716807,0.8419696
00019746.jpg,0.83588076,0.9235928
00016674.jpg,0.6730871,0.6534126
00000638.jpg,0.6412425,0.6733472
00018704.jpg,0.80457544,0.9639974
00036162.jpg,0.6707339,0.7110856
n09303008_28029.jpg,0.6092226,0.33333334
000000113495.jpg,0.7700058,0.6818182
00033129.jpg,0.71162343,0.690062
00043508.jpg,0.7014347,0.7822734
00019760.jpg,0.697649,0.7755628
00008009.jpg,0.5110524,0.5129824
00056957.jpg,0.82137,0.8722418
000000277614.jpg,0.7154767,0.73913044
00034546.jpg,0.6549161,0.6066772
00057749.jpg,0.8586873,0.873221
00026379.jpg,0.7511625,0.741508
00054753.jpg,0.858453,0.8081084
n07654148_11187.jpg,0.8780861,0.9166667
00005799.jpg,0.7403704,0.865953
00051396.jpg,0.88139653,0.854182
00029288.jpg,0.7191521,0.7831822
00040761.jpg,0.70638716,0.6981932
00027727.jpg,0.8819759,0.8735766
00006315.jpg,0.9029092,0.9182468
00056444.jpg,0.76120543,0.769877
00007564.jpg,0.83016515,0.7127288
00041369.jpg,0.8419254,0.9303414
00052649.jpg,0.834134,0.820631
00053605.jpg,0.59135497,0.5584968
00056043.jpg,0.63243544,0.6980394
00030498.jpg,0.60150135,0.6784332
00028863.jpg,0.74581456,0.7695378
n07711569_3147.jpg,0.81809986,0.84210527
00014913.jpg,0.68194854,0.6721988
00049703.jpg,0.6677279,0.7771274
00019868.jpg,0.61176205,0.668654
00021624.jpg,0.82329917,0.7935096
00026928.jpg,0.59764045,0.5104818
sun_aejcebvykjvhuget.jpg,0.5990932,0.5326087
00030712.jpg,0.7830267,0.8273
00012698.jpg,0.76571757,0.7296926
00019498.jpg,0.64904374,0.6597402
000000382710.jpg,0.7491803,0.73626375
n07806221_23982.jpg,0.7855706,0.7307692
00019094.jpg,0.83977294,0.9510836
00042215.jpg,0.988698,0.896618
00015184.jpg,0.80716074,0.970189
00044275.jpg,0.70353305,0.7199268
00034467.jpg,0.7761406,0.7823432
00009483.jpg,0.77502066,0.7283982
00025267.jpg,0.6161794,0.6066296
00001139.jpg,0.80520725,0.811028
00045648.jpg,0.75659776,0.7744088
00003251.jpg,0.8753385,0.8279008
00035561.jpg,0.7639533,0.769725
00010876.jpg,0.76957476,0.6270026
n02118333_13528.jpg,0.81750274,0.8152174
00017200.jpg,0.79513896,0.8644156
00043537.jpg,0.8417122,0.8462406
00016903.jpg,0.7700019,0.8544932
00013939.jpg,0.8392335,0.8459482
00014810.jpg,0.82497776,0.940524
39dabf44b31cc631.jpg,0.8072857,0.92134833
00046579.jpg,0.7716755,0.734443
00006434.jpg,0.84152436,0.6964622
00049502.jpg,0.74169904,0.6767274
00023046.jpg,0.8098011,0.800115
00039140.jpg,0.5718887,0.6745672
03fb5628ea9fc281.jpg,0.79385245,0.7241379
00031852.jpg,0.8530989,0.8308168
n09359803_26838.jpg,0.51624286,0.6037736
e0805595ca05c4ac.jpg,0.73867506,0.7222222
00050423.jpg,0.57789856,0.587501
00001356.jpg,0.7530082,0.691927
00044818.jpg,0.7898656,0.851978
329bcdeadf3bf80b.jpg,0.7027306,0.5888889
00030132.jpg,0.6337336,0.6659662
00004945.jpg,0.910812,0.8636896
00026116.jpg,0.79542446,0.8465038
00019738.jpg,0.76536995,0.831871
00003966.jpg,0.79316854,0.8601272
00030962.jpg,0.6888531,0.5843902
00016857.jpg,0.91410017,0.8997616
00011065.jpg,0.7652022,0.857687
00011245.jpg,0.679394,0.5269728
00005353.jpg,0.72662663,0.591717
00042468.jpg,0.66585743,0.7808302
00008987.jpg,0.6371377,0.6618414
n02396427_871.jpg,0.8301066,0.90384614
00007156.jpg,0.6056546,0.8056328
00004393.jpg,0.80091685,0.8917272
00031088.jpg,0.75779706,0.7943478
00027576.jpg,0.8412815,0.81905
00056559.jpg,0.7574415,0.7882744
00048452.jpg,0.8021513,0.8136508
00033861.jpg,0.6007233,0.6252304
n03512147_3019.jpg,0.7741616,0.8111111
n00470966_25838.jpg,0.79275006,0.79816514
00044926.jpg,0.73969424,0.7961344
00024745.jpg,0.74149543,0.771392
00010824.jpg,0.5701951,0.6084042
00029506.jpg,0.8329075,0.8321102
00020640.jpg,0.81839854,0.854169
n07801508_1874.jpg,0.8212175,0.8045977
00037395.jpg,0.6099498,0.6182168
00043349.jpg,0.7072054,0.6765204
00010359.jpg,0.84927416,0.7237014
00048854.jpg,0.814027,0.9624422
00015590.jpg,0.82264304,0.7968752
00021451.jpg,0.6749845,0.7266888
00023060.jpg,0.854515,0.9346378
00021606.jpg,0.7347786,0.9072368
00010123.jpg,0.88334686,0.8859108
000000382041.jpg,0.80458164,0.77
00005771.jpg,0.6557451,0.5527788
00029178.jpg,0.7066833,0.541242
00054958.jpg,0.57260907,0.6756456
00031945.jpg,0.7088364,0.707338
00031448.jpg,0.8686267,0.9331038
00047890.jpg,0.8312237,0.820198
00054141.jpg,0.6723609,0.722255
00041608.jpg,0.7873712,0.7219338
00034101.jpg,0.8318334,0.6764092
00023044.jpg,0.7374929,0.8568144
00005825.jpg,0.7572321,0.7588248
00054269.jpg,0.8178228,0.725431
00028627.jpg,0.6742846,0.8107136
00016733.jpg,0.8715081,0.9342662
00052692.jpg,0.7617992,0.7875522
00058175.jpg,0.5600871,0.7012484
00035432.jpg,0.6626724,0.705495
00007315.jpg,0.8950548,0.884545
00025071.jpg,0.690301,0.7902498
00054534.jpg,0.62584555,0.6244488
00035186.jpg,0.56573224,0.707258
00035276.jpg,0.7038906,0.6099734
n03512147_5493.jpg,0.73122466,0.7083333
00018677.jpg,0.7367767,0.7567092
00040269.jpg,0.6781705,0.7775816
00055358.jpg,0.8544898,0.7099996
00033255.jpg,0.72025406,0.706303
00025270.jpg,0.88577366,0.927752
00036376.jpg,0.6783459,0.7152932
00033579.jpg,0.6308682,0.6820904
00016642.jpg,0.77472526,0.8205836
00037214.jpg,0.7698895,0.8440562
00010629.jpg,0.7776493,0.84667
00051091.jpg,0.80854034,0.8080888
00022371.jpg,0.6852379,0.8671674
000000401982.jpg,0.745842,0.81904763
00023868.jpg,0.80222714,0.9080984
00022204.jpg,0.55250883,0.6145676
00032273.jpg,0.87565494,0.8909086
00054800.jpg,0.86944044,0.7931286
00026072.jpg,0.7946625,0.8952044
00009368.jpg,0.8115854,0.7686886
00034487.jpg,0.53210425,0.6497386
00000974.jpg,0.6081549,0.6122246
00027441.jpg,0.8552052,0.82528
00030766.jpg,0.8156518,0.8280176
00007407.jpg,0.65111744,0.6429164
00016125.jpg,0.84113586,0.924671
00054162.jpg,0.6395891,0.770008
00010387.jpg,0.6545249,0.6008752
00050806.jpg,0.77483964,0.7668678
00020946.jpg,0.7816936,0.7300448
00005576.jpg,0.8124315,0.8453614
000000010837.jpg,0.76052344,0.7676768
00013932.jpg,0.60460293,0.6393164
00008934.jpg,0.83780336,0.9058372
00002882.jpg,0.85762507,0.8512478
00013447.jpg,0.686502,0.706091
00030739.jpg,0.7613872,0.6805082
n04349306_8038.jpg,0.80504024,0.76744187
e97c33fb1147a86e.jpg,0.81075764,0.7
00017789.jpg,0.6943917,0.545528
n03670208_3432.jpg,0.81384385,0.89719623
00007575.jpg,0.8733909,0.9138908
00055418.jpg,0.7444266,0.8204364
000000067786.jpg,0.7756045,0.8202247
00022679.jpg,0.751088,0.9015464
00035815.jpg,0.65769374,0.599728
00040899.jpg,0.7850585,0.8286362
00024174.jpg,0.8659955,0.8696452
00033355.jpg,0.7643068,0.682335
00000166.jpg,0.7659546,0.8391052
00042266.jpg,0.7578088,0.80153
00002411.jpg,0.6741084,0.3363248
00018053.jpg,0.7652431,0.8124084
00018348.jpg,0.82937276,0.9129926
00051761.jpg,0.7638139,0.9287388
00037262.jpg,0.75806624,0.7223562
n04335435_8885.jpg,0.8254243,0.7979798
00057041.jpg,0.82699585,0.8460316
00035670.jpg,0.5953918,0.6501042
00031286.jpg,0.84217656,0.8946046
00033957.jpg,0.6813798,0.5582096
00027619.jpg,0.6402821,0.6092154
00011234.jpg,0.752412,0.8892992
00045138.jpg,0.6369268,0.6248122
00051910.jpg,0.6272923,0.5629
00004616.jpg,0.83247685,0.8105928
00043280.jpg,0.8668632,0.84141
00023411.jpg,0.8608339,0.913901
00043555.jpg,0.7458555,0.8435272
00051412.jpg,0.7239199,0.8823478
00043110.jpg,0.8044061,0.6735178
00016916.jpg,0.71513414,0.8037398
00022854.jpg,0.798784,0.8327728
60b8b7aaa7649bfe.jpg,0.8699604,0.8557692
00032044.jpg,0.8221878,0.9148808
00039603.jpg,0.7159587,0.8686146
00038510.jpg,0.61264,0.681185
00015829.jpg,0.86451757,0.8236918
00048104.jpg,0.75799495,0.6241312
n01846331_2857.jpg,0.7990961,0.79611653
00033537.jpg,0.7336522,0.847067
00043432.jpg,0.63979495,0.7479104
000000445960.jpg,0.79942167,0.8952381
00010240.jpg,0.6873195,0.59596
n02324045_21877.jpg,0.7930057,0.74561405
00000777.jpg,0.81513304,0.8112928
00019088.jpg,0.7587193,0.871624
00031336.jpg,0.87168604,0.9117184
00011982.jpg,0.70138407,0.7217456
00023507.jpg,0.83417106,0.9064232
00019146.jpg,0.7726537,0.8273504
00031273.jpg,0.67734635,0.7632606
n00470966_18565.jpg,0.8024816,0.84
n02934451_5338.jpg,0.77834725,0.77884614
00001120.jpg,0.80436826,0.8736078
00055719.jpg,0.80961174,0.8479876
00042645.jpg,0.7334403,0.796941
00038511.jpg,0.6625314,0.643537
00005502.jpg,0.7622725,0.7676512
00020327.jpg,0.7717922,0.8640344
6561119d57be1bad.jpg,0.61905515,0.6111111
n02118333_14289.jpg,0.8919438,0.95098037
000000094716.jpg,0.7480682,0.6888889
00049882.jpg,0.6605992,0.62733
00048572.jpg,0.77280915,0.8509186
00041074.jpg,0.8326525,0.859944
00050037.jpg,0.6601497,0.6540558
f66e57fa9da8361e.jpg,0.8202541,0.875
2c6c9bc173578788.jpg,0.6351955,0.47916666
00047373.jpg,0.7387699,0.784186
00004484.jpg,0.8259848,0.836134
00003906.jpg,0.6897647,0.6258562
00019231.jpg,0.5924924,0.6647288
00031149.jpg,0.8360966,0.8896402
00018997.jpg,0.87807894,0.8817572
00027273.jpg,0.70732826,0.6380288
00004750.jpg,0.8581944,0.9240924
00042971.jpg,0.7373948,0.7922144
00055964.jpg,0.71714735,0.8790776
00036367.jpg,0.7181844,0.8032218
00022764.jpg,0.809223,0.889716
00038752.jpg,0.7307538,0.6840656
00054819.jpg,0.768806,0.8150992
00027805.jpg,0.8255775,0.7403298
00031682.jpg,0.76032054,0.5588318
00010863.jpg,0.7947969,0.8489748
n09468604_56838.jpg,0.5297319,0.79746836
524acb2e86457ecf.jpg,0.5761468,0.4387755
00017187.jpg,0.8712586,0.9768618
n02324045_4705.jpg,0.802283,0.85714287
00034394.jpg,0.7348956,0.8189854
00028252.jpg,0.70118785,0.6693652
00023653.jpg,0.89753747,0.903359
00011995.jpg,0.655891,0.6649946
00004645.jpg,0.6497418,0.6403032
00056990.jpg,0.74974495,0.7633784
00007008.jpg,0.86894757,0.8255632
00029225.jpg,0.6294742,0.598467
00057752.jpg,0.7660538,0.8160702
00047258.jpg,0.8057312,0.7952392
00016167.jpg,0.79112935,0.7593846
00040822.jpg,0.70029736,0.7112898
00058246.jpg,0.84502053,0.8460318
00008136.jpg,0.7983358,0.7959644
n04465501_1216.jpg,0.81695914,0.8141593
00056563.jpg,0.63065994,0.597145
00033262.jpg,0.7849704,0.8174584
n02396427_9648.jpg,0.8930086,0.8229167
00022615.jpg,0.8426048,0.5521096
00019821.jpg,0.7890727,0.880423
00029443.jpg,0.6275333,0.7363162
00030044.jpg,0.61812603,0.6336284
00044430.jpg,0.7807038,0.7106314
00056928.jpg,0.60128474,0.6647692
sun_awqkzvocqtajvsli.jpg,0.5708687,0.48958334
n07801091_50536.jpg,0.67769766,0.8490566
00003715.jpg,0.7282826,0.5646252
00019648.jpg,0.7665831,0.7466628
00036529.jpg,0.66109014,0.5384474
00022984.jpg,0.6459276,0.6266928
0b783ffdb85acb7a.jpg,0.54211485,0.6375
00017209.jpg,0.7837774,0.8015796
00057429.jpg,0.6688281,0.6977242
00056844.jpg,0.66506064,0.6663618
00050148.jpg,0.86876345,0.81042
00028025.jpg,0.88125145,0.8183004
00031564.jpg,0.5697285,0.6313864
00040739.jpg,0.7046598,0.7454382
00051325.jpg,0.63610864,0.6091402
6b7c09cc768e8537.jpg,0.8100359,0.82857144
00023346.jpg,0.8152573,0.8454618
00048699.jpg,0.8013994,0.8305634
00042954.jpg,0.7641655,0.7490342
00032513.jpg,0.8198507,0.8124252
n07838073_8585.jpg,0.82953036,0.83495146
00051148.jpg,0.7158718,0.8380822
00057616.jpg,0.8751025,0.8427706
00016376.jpg,0.8071273,0.9193392
00009560.jpg,0.582878,0.5750158
00052963.jpg,0.581029,0.6752448
00000108.jpg,0.6884154,0.6210682
00021760.jpg,0.8288834,0.8341602
00020800.jpg,0.7384908,0.8364484
00032946.jpg,0.7752234,0.9047034
3d930f11eee5d446.jpg,0.7298159,0.8469388
00019179.jpg,0.8242651,0.849255
00007874.jpg,0.7689162,0.7090694
00054523.jpg,0.8360488,0.8589
00023632.jpg,0.72051466,0.8216614
00010251.jpg,0.8378259,0.832896
00031892.jpg,0.7271623,0.6364282
00030514.jpg,0.797335,0.8485674
00027070.jpg,0.71904504,0.5195334
00035144.jpg,0.6869469,0.643811
000000300848.jpg,0.77084124,0.84210527
00026792.jpg,0.70416313,0.7638048
00013344.jpg,0.79657274,0.9004012
00043450.jpg,0.72014296,0.6857032
00013153.jpg,0.77769285,0.7826948
n03791053_3744.jpg,0.8311416,0.89215684
00052265.jpg,0.6999271,0.6531776
00047122.jpg,0.7289493,0.8305498
00008361.jpg,0.80984616,0.8405198
00056461.jpg,0.7153793,0.783195
00030590.jpg,0.6369581,0.675854
000000011552.jpg,0.6599923,0.72115386
00033084.jpg,0.68313956,0.6692298
00020684.jpg,0.7270807,0.4727802
00055340.jpg,0.7271605,0.7538912
00047378.jpg,0.6404183,0.5658778
00058034.jpg,0.7177391,0.7148584
00044742.jpg,0.7876723,0.841278
00057009.jpg,0.78751516,0.847843
00033904.jpg,0.6693607,0.7040828
00053606.jpg,0.7690648,0.7803912
00054351.jpg,0.68704283,0.7210442
000000352117.jpg,0.8023131,0.97894734
00000776.jpg,0.8082044,0.829217
00057262.jpg,0.5868037,0.4913858
00038730.jpg,0.63784236,0.7071852
00012850.jpg,0.83518606,0.853841
00012068.jpg,0.729337,0.7663538
000000278437.jpg,0.77007616,0.7263158
00039398.jpg,0.6636828,0.6222292
00025571.jpg,0.80032206,0.706855
00024481.jpg,0.73516077,0.7408296
00042389.jpg,0.7408336,0.8656108
000000124224.jpg,0.7271392,0.75757575
00031571.jpg,0.6500698,0.792715
00025489.jpg,0.616475,0.7045332
00004816.jpg,0.8276259,0.8268622
n09393605_55115.jpg,0.54061264,0.6666667
00005074.jpg,0.8240307,0.8426536
00026080.jpg,0.8640018,0.9004584
00035794.jpg,0.77196085,0.906463
00014234.jpg,0.76726234,0.8427324
00010819.jpg,0.7427093,0.715195
00019060.jpg,0.7233695,0.706892
00054022.jpg,0.928735,0.9545644
000000552503.jpg,0.7925222,0.84615386
00055534.jpg,0.83324164,0.852812
00005726.jpg,0.8089694,0.7864262
00030342.jpg,0.87330997,0.8977148
00013093.jpg,0.8309782,0.9425274
00036924.jpg,0.77401876,0.7207506
00002793.jpg,0.88871455,0.9373306
00047744.jpg,0.6940011,0.6013028
00038384.jpg,0.6229109,0.4700836
00027943.jpg,0.8605856,0.8270582
00036931.jpg,0.74611986,0.8972454
000000332385.jpg,0.7590821,0.8666667
00012208.jpg,0.8089604,0.8378054
00003702.jpg,0.73475575,0.753818
00020834.jpg,0.77776647,0.7190932
00049238.jpg,0.8124864,0.9071472
00015382.jpg,0.9703576,0.9175546
00049094.jpg,0.6850715,0.7039254
00014690.jpg,0.74368834,0.7604668
00015620.jpg,0.7474831,0.7063568
n03384352_3142.jpg,0.74823964,0.8301887
00024236.jpg,0.7090232,0.8570518
00041764.jpg,0.8465097,0.8159144
00015535.jpg,0.8293502,0.8963262
00001970.jpg,0.72020864,0.8498608
00026830.jpg,0.82686174,0.8914296
00025575.jpg,0.7890584,0.794165
00024331.jpg,0.7712039,0.8385804
00047857.jpg,0.7421339,0.6717052
00051592.jpg,0.8042362,0.7989928
n07893642_11246.jpg,0.83265454,0.9285714
00028319.jpg,0.6330395,0.7014538
00013956.jpg,0.657046,0.53326
00037331.jpg,0.71256715,0.6966838
n02118333_9315.jpg,0.8884307,0.9464286
00036687.jpg,0.6678896,0.569904
sun_adcctdabyxmhioeg.jpg,0.6485297,0.7386364
00043682.jpg,0.6623766,0.7633986
00002237.jpg,0.8516518,0.8402738
00048174.jpg,0.83646727,0.8825942
00042369.jpg,0.7890566,0.7544434
00002800.jpg,0.647869,0.7488298
00010849.jpg,0.72027904,0.60954
00058562.jpg,0.84626585,0.8785966
00009229.jpg,0.7838877,0.8217534
00042450.jpg,0.6813332,0.6974586
00024577.jpg,0.715528,0.8066914
00030531.jpg,0.6610862,0.9010244
00018825.jpg,0.7056178,0.759884
c94d77cbfa784521.jpg,0.82291615,0.9029126
00002754.jpg,0.8740442,0.8382216
00041461.jpg,0.6815872,0.745681
00014631.jpg,0.7149504,0.7554494
00029069.jpg,0.5814904,0.609596
00028820.jpg,0.8655642,0.8998508
00009120.jpg,0.6828048,0.5898688
00034281.jpg,0.7056947,0.556786
00002613.jpg,0.86138844,0.9311068
00023556.jpg,0.7738868,0.7889864
00050653.jpg,0.8916834,0.8491876
00018280.jpg,0.6183963,0.7321984
00037650.jpg,0.8429259,0.8132688
00056265.jpg,0.8738671,0.9112032
000000200272.jpg,0.8143441,0.9150943
00006688.jpg,0.81100744,0.8638212
n09359803_28999.jpg,0.46226704,0.48598132
00034839.jpg,0.47440088,0.5209316
00036911.jpg,0.61605823,0.6022138
00056767.jpg,0.69943666,0.4275922
00033975.jpg,0.7467621,0.8403308
00026286.jpg,0.7510372,0.7305964
00037795.jpg,0.7130209,0.7513196
00028137.jpg,0.63661355,0.6479028
00012451.jpg,0.7072246,0.7756958
00019869.jpg,0.67443806,0.726485
00048076.jpg,0.7889114,0.792339
00019319.jpg,0.8343106,0.818084
00027425.jpg,0.8809643,0.9529324
n07753592_708.jpg,0.9414277,0.91358024
00042341.jpg,0.74031544,0.7572646
00054937.jpg,0.6715757,0.7077916
00000377.jpg,0.7175207,0.7090476
00008595.jpg,0.8152081,0.86943
00005029.jpg,0.587414,0.5679414
00029397.jpg,0.8706598,0.7462644
00018199.jpg,0.596232,0.58761
00026616.jpg,0.8552607,0.875015
00007747.jpg,0.56723905,0.5424194
00025412.jpg,0.8032794,0.7142672
00010689.jpg,0.80068326,0.9350454
000000543026.jpg,0.7022166,0.72043014
00040837.jpg,0.6635614,0.587464
559d6b3d60bdf647.jpg,0.6977372,0.75
00023905.jpg,0.83892703,0.8796078
00043133.jpg,0.7370825,0.7375186
00011817.jpg,0.8342853,0.7410326
00002162.jpg,0.7795774,0.758332
00042783.jpg,0.780746,0.714136
00055458.jpg,0.76540476,0.8230992
00056904.jpg,0.7560135,0.809556
00051076.jpg,0.76417977,0.8041476
00053896.jpg,0.6671516,0.7225118
00004236.jpg,0.7944916,0.7187398
00040997.jpg,0.6599262,0.5571932
00006475.jpg,0.77314365,0.7901614
00023957.jpg,0.7378041,0.7021854
00015530.jpg,0.85199726,0.8686698
00027254.jpg,0.79264826,0.8322824
00016140.jpg,0.736913,0.7536384
00001085.jpg,0.81381035,0.8488924
00027818.jpg,0.79442644,0.831723
00031784.jpg,0.82702476,0.8609982
00006754.jpg,0.7818396,0.776568
00053189.jpg,0.84297633,0.9246758
00030513.jpg,0.7899285,0.734067
00029666.jpg,0.8661219,0.82626
00032334.jpg,0.74336684,0.827233
00045828.jpg,0.80845225,0.7683204
00023711.jpg,0.72353923,0.7376512
00041620.jpg,0.8515544,0.8448268
00048292.jpg,0.7274746,0.8826744
00025165.jpg,0.79835844,0.71242
00019414.jpg,0.6971253,0.6819562
00001779.jpg,0.7920875,0.8930538
00044118.jpg,0.75899255,0.626328
00038526.jpg,0.83968145,0.8381004
00053179.jpg,0.68007344,0.7390322
00021833.jpg,0.6311207,0.7225628
n02834778_1659.jpg,0.7930871,0.88990825
00053785.jpg,0.82290876,0.8678774
00048278.jpg,0.7779027,0.77677
00049222.jpg,0.8422669,0.9671248
n12345899_2031.jpg,0.7138361,0.82474226
00056766.jpg,0.7683833,0.8468132
00040152.jpg,0.7120368,0.7647626
00048864.jpg,0.68916035,0.7287392
n09415671_5317.jpg,0.586907,0.42682928
00023145.jpg,0.8045882,0.839102
n04349306_12612.jpg,0.75898206,0.8783784
00003895.jpg,0.74352527,0.7360594
00018697.jpg,0.91291726,0.921005
00035988.jpg,0.83838075,0.8384824
00045454.jpg,0.6488914,0.6829736
00017752.jpg,0.7582886,0.7609586
n07929519_34214.jpg,0.8575362,0.86538464
00011928.jpg,0.676335,0.6819644
00007043.jpg,0.71472937,0.8136448
n07929519_33855.jpg,0.8625401,0.9207921
00054828.jpg,0.6984326,0.8448656
00005388.jpg,0.75288796,0.888362
00015015.jpg,0.7103796,0.6805114
00057233.jpg,0.66543674,0.7892744
00030988.jpg,0.79752964,0.866903
00018780.jpg,0.7586101,0.7301524
00033319.jpg,0.62106335,0.7180636
00051166.jpg,0.7991395,0.8214462
00027172.jpg,0.9033656,0.8700356
00049966.jpg,0.67618924,0.7401872
cfbebf549dd75a16.jpg,0.8151449,0.7570093
00033030.jpg,0.897347,0.9081462
n01811909_13582.jpg,0.81416976,0.93333334
n02450034_10349.jpg,0.7518479,0.6631579
00007506.jpg,0.7368697,0.7542532
00004605.jpg,0.86732924,0.8680928
00035926.jpg,0.6710941,0.6175084
00045591.jpg,0.7300088,0.577949
00002243.jpg,0.85203934,0.7622352
000000014862.jpg,0.7897142,0.73770493
n09415671_6814.jpg,0.5809222,0.68421054
sun_aafqfjpechscyidz.jpg,0.63327336,0.63414633
00006250.jpg,0.7368208,0.754988
00051012.jpg,0.678182,0.7752592
00019080.jpg,0.60857755,0.6107468
00007735.jpg,0.7363675,0.5872286
00040341.jpg,0.64652264,0.560725
00044634.jpg,0.6954356,0.7069504
00038558.jpg,0.6364902,0.7116866
00008400.jpg,0.8057891,0.840054
00024691.jpg,0.8051783,0.8241078
00014800.jpg,0.8428596,0.9207874
00010593.jpg,0.614975,0.6036792
00053011.jpg,0.5755222,0.6507616
n07880968_2299.jpg,0.8157707,0.9099099
n00480993_23156.jpg,0.76254267,0.7425743
00011778.jpg,0.7843571,0.6591876
ad4514d57db0f8cf.jpg,0.7257665,0.86021507
00015641.jpg,0.77494997,0.8157692
000000076307.jpg,0.79559517,0.77894735
00023214.jpg,0.76745516,0.8433824
00021581.jpg,0.7002034,0.7210894
00019521.jpg,0.81562656,0.825767
00026339.jpg,0.8300353,0.7402368
00011732.jpg,0.8685485,0.9226034
4882db1a7d20bbe3.jpg,0.8039548,0.83116883
00029238.jpg,0.8848487,0.9854484
00020398.jpg,0.8081788,0.867414
00019424.jpg,0.5775031,0.5916372
00055858.jpg,0.74577767,0.8152316
00039207.jpg,0.70488113,0.7278446
00023548.jpg,0.7555492,0.8097878
00015261.jpg,0.8272197,0.8947302
000000311290.jpg,0.7610117,0.9126214
00027007.jpg,0.8903312,0.9596162
00030242.jpg,0.83935416,0.840758
00002580.jpg,0.80417335,0.8325936
00035581.jpg,0.71084166,0.7084922
00040595.jpg,0.7564367,0.6440192
00024904.jpg,0.8482979,0.8166906
00039270.jpg,0.6846192,0.660249
n04587559_10942.jpg,0.702577,0.635514
00053404.jpg,0.67861754,0.6748616
00053764.jpg,0.7761608,0.8036134
00052661.jpg,0.61118317,0.6655546
n04349306_3.jpg,0.8343921,0.8761062
00044823.jpg,0.6870314,0.715812
00000735.jpg,0.8531084,0.8126498
00047360.jpg,0.7068348,0.7835996
00010972.jpg,0.70164794,0.7883202
00000407.jpg,0.7203971,0.6952542
00038438.jpg,0.64211935,0.6785288
00025776.jpg,0.77718604,0.7423386
00047808.jpg,0.6805361,0.6974706
00028479.jpg,0.6673516,0.412854
00048731.jpg,0.70822805,0.6402278
00016209.jpg,0.7759098,0.7995972
00056952.jpg,0.78035283,0.8626362
00030926.jpg,0.6967387,0.7793102
00002146.jpg,0.81438994,0.8700484
00048732.jpg,0.7709169,0.8702198
00049801.jpg,0.7602817,0.8120312
00004113.jpg,0.8054584,0.8713082
00009329.jpg,0.79770064,0.844556
00057403.jpg,0.754469,0.7496704
00053965.jpg,0.7317399,0.8472488
n03634034_5998.jpg,0.5949918,0.7977528
00032335.jpg,0.83607846,0.9835254
00032224.jpg,0.76623976,0.6570012
n02342885_3804.jpg,0.9010738,0.9325843
00028141.jpg,0.8691841,0.9760016
00034355.jpg,0.68519306,0.6208646
000000164487.jpg,0.6963839,0.68686867
00054140.jpg,0.77380097,0.8122546
00011390.jpg,0.78683513,0.8168026
00032474.jpg,0.7620941,0.8670772
00055739.jpg,0.78511924,0.6435858
00049028.jpg,0.6619196,0.557937
00003869.jpg,0.61775297,0.5434918
00039959.jpg,0.7626103,0.7247374
00016992.jpg,0.6865132,0.7655592
00013624.jpg,0.61233383,0.733179
00025117.jpg,0.7492499,0.663896
00007114.jpg,0.6923671,0.8541624
00028370.jpg,0.7483083,0.6896078
00001807.jpg,0.7948762,0.7803212
00047537.jpg,0.7767144,0.8794336
00045868.jpg,0.68908143,0.7759946
00001255.jpg,0.77498853,0.7984918
00007958.jpg,0.82918763,0.9066716
00009307.jpg,0.7186805,0.6020512
00007378.jpg,0.6265045,0.580353
00041038.jpg,0.6589481,0.6940768
00051369.jpg,0.8213465,0.8451114
00056574.jpg,0.71381414,0.7532214
00026922.jpg,0.5901947,0.47694
00001815.jpg,0.70107055,0.7574594
n02932891_2913.jpg,0.6694254,0.66019416
00046882.jpg,0.8074019,0.8871586
dd97cf9ce8a82992.jpg,0.59047055,0.61
00006172.jpg,0.7333106,0.7803972
sun_axsxcmrepgxeeyxh.jpg,0.6986946,0.78409094
00028525.jpg,0.8251653,0.7951778
00010706.jpg,0.69975454,0.9007378
00046739.jpg,0.8543446,0.903483
00049805.jpg,0.8138008,0.8738874
00004265.jpg,0.71286803,0.7039908
00057685.jpg,0.7700233,0.753659
00004786.jpg,0.6473529,0.5074718
00020169.jpg,0.5031228,0.4839928
00014790.jpg,0.7602142,0.7498316
00040327.jpg,0.7806714,0.7676604
00044871.jpg,0.6261671,0.587186
00048003.jpg,0.8029617,0.7159116
00055777.jpg,0.77194744,0.7229378
000000047406.jpg,0.7130899,0.6770833
00043860.jpg,0.6591365,0.7364728
00044573.jpg,0.70061314,0.8026442
00052624.jpg,0.7821277,0.7852126
00025703.jpg,0.76616406,0.628185
00010174.jpg,0.84349215,0.8490324
00055132.jpg,0.8378105,0.9139506
00026477.jpg,0.8723814,0.853581
00035580.jpg,0.7243457,0.8111604
00042581.jpg,0.6584031,0.7596062
00016608.jpg,0.54626435,0.784722
00038565.jpg,0.67348176,0.6873624
00005135.jpg,0.82080805,0.890975
42cc26dd872160fb.jpg,0.7426337,0.7878788
00014261.jpg,0.717309,0.7660858
00035892.jpg,0.766906,0.7654282
00025224.jpg,0.7063138,0.7632684
00047764.jpg,0.57009757,0.6762988
00001538.jpg,0.9176357,0.8839244
00057557.jpg,0.7403952,0.8358562
00035360.jpg,0.6018593,0.59769
00051509.jpg,0.7518091,0.7930144
00026067.jpg,0.70420414,0.7627276
00030276.jpg,0.6914536,0.764132
00017408.jpg,0.88820815,0.9165208
00023108.jpg,0.81691515,0.867455
00009982.jpg,0.91285753,0.9244714
00005712.jpg,0.75752914,0.7130378
00043028.jpg,0.6797731,0.729106
00028844.jpg,0.78022736,0.8367178
00050738.jpg,0.62981457,0.5783746
00028597.jpg,0.6309788,0.4401002
00027690.jpg,0.7358556,0.6760758
00054809.jpg,0.7772255,0.834525
00023056.jpg,0.8299489,0.8852324
00049018.jpg,0.7295112,0.6764472
000000567375.jpg,0.7555929,0.8764045
n03791053_7694.jpg,0.8019688,0.8021978
00052536.jpg,0.6173584,0.5813746
000000505976.jpg,0.60350716,0.64835167
00023481.jpg,0.9114568,0.9328078
00038216.jpg,0.7086768,0.803164
00002013.jpg,0.54170316,0.4238554
00035225.jpg,0.6265007,0.630491
00002093.jpg,0.8618626,0.9201382
n09393605_41697.jpg,0.5150653,0.62222224
00010226.jpg,0.8413965,0.8107654
00048773.jpg,0.7192325,0.7973028
00001324.jpg,0.7478124,0.8279152
00048029.jpg,0.726007,0.764184
00019173.jpg,0.7165166,0.724895
00002661.jpg,0.80800545,0.8696204
00016466.jpg,0.64752287,0.7067924
00013639.jpg,0.70560014,0.7166256
00003102.jpg,0.8691752,0.806961
00039774.jpg,0.81373906,0.8874956
n00480993_28568.jpg,0.83599234,0.90909094
00034547.jpg,0.6867584,0.491306
00002421.jpg,0.7644398,0.7941488
00029831.jpg,0.7280982,0.6049748
00023712.jpg,0.78635323,0.9582484
00032789.jpg,0.85245836,0.9137038
1e60aa45c07c9b91.jpg,0.81699145,0.75789475
n03790512_4315.jpg,0.7854195,0.61702126
00042913.jpg,0.73886484,0.9110462
00029566.jpg,0.57290936,0.5755814
00016852.jpg,0.7457092,0.7981798
00053767.jpg,0.8488447,0.9033434
00030206.jpg,0.4932471,0.5240476
00016785.jpg,0.62175286,0.641964
00002981.jpg,0.62540334,0.7454288
n07849336_23123.jpg,0.8991482,0.93457943
00055866.jpg,0.66086197,0.7039176
00000895.jpg,0.74064696,0.66224
000000027486.jpg,0.7671636,0.74038464
000000491168.jpg,0.70743144,0.64285713
n07893642_21663.jpg,0.8346919,0.875
00005945.jpg,0.7084671,0.6486044
00033995.jpg,0.61917174,0.509
00040278.jpg,0.6746463,0.6677368
00056399.jpg,0.85894746,0.9289302
00025521.jpg,0.78680736,0.9022064
00015598.jpg,0.7995076,0.7747488
00005462.jpg,0.8244513,0.8944186
00019365.jpg,0.67431116,0.6692004
00055166.jpg,0.693496,0.7804922
00007462.jpg,0.7594032,0.7916014
00045004.jpg,0.6667501,0.4868388
n00464894_16290.jpg,0.7661403,0.78571427
00011308.jpg,0.6603007,0.5960692
00024474.jpg,0.8321166,0.8700196
00046140.jpg,0.8330572,0.799674
00031064.jpg,0.70671135,0.7189548
00040586.jpg,0.70719135,0.8530694
00037406.jpg,0.6441636,0.7175156
00022370.jpg,0.8190055,0.7990106
00031150.jpg,0.8393483,0.91839
000000551533.jpg,0.7410737,0.65555555
00020594.jpg,0.73486173,0.7151522
00017991.jpg,0.81858146,0.7617846
00000524.jpg,0.6654106,0.696786
00005869.jpg,0.86650413,0.8764684
00015610.jpg,0.9417808,0.9379336
00030749.jpg,0.6950207,0.7325132
00012660.jpg,0.6875017,0.818115
00045515.jpg,0.7407168,0.7994064
00006599.jpg,0.8625344,0.8669822
00048137.jpg,0.7476433,0.7337158
00025315.jpg,0.7191157,0.8422312
00012944.jpg,0.7248691,0.8515852
00004606.jpg,0.7520003,0.755379
00020861.jpg,0.9394151,0.9290692
00022426.jpg,0.9007379,0.901706
00008831.jpg,0.78139406,0.6684072
00052184.jpg,0.7436008,0.729486
1f5f5a2e5bbc00f0.jpg,0.74276435,0.66086954
00032796.jpg,0.76165664,0.8857054
00011805.jpg,0.7673282,0.7995666
00026177.jpg,0.79783326,0.8528636
00049106.jpg,0.86380017,0.961061
00041755.jpg,0.7042049,0.6696228
n02129165_9095.jpg,0.8221237,0.9245283
00009993.jpg,0.61274326,0.611997
94137cbe7c37e64d.jpg,0.71951944,0.8
00010750.jpg,0.65782773,0.6179444
00040444.jpg,0.7848172,0.859067
00042035.jpg,0.8598708,0.9056112
00030406.jpg,0.7764678,0.773216
00053155.jpg,0.8015473,0.9084576
00033034.jpg,0.8913647,0.8472656
00036609.jpg,0.8030657,0.7937908
00041044.jpg,0.90213674,0.903038
00033189.jpg,0.60387856,0.691975
00010935.jpg,0.81201506,0.9248232
n07693725_12334.jpg,0.8348277,0.86206895
00049400.jpg,0.80323976,0.8806286
n07717556_6559.jpg,0.8562779,0.92
00001024.jpg,0.5915904,0.4596418
00021098.jpg,0.5978532,0.6875762
00049824.jpg,0.7297441,0.7313562
00041643.jpg,0.7717557,0.788576
00047363.jpg,0.6470421,0.7061528
00030058.jpg,0.6486583,0.8002806
n07863374_18258.jpg,0.8133063,0.7692308
00020292.jpg,0.7746988,0.8130754
00036839.jpg,0.5781057,0.658391
9f2542f6a8f35b2c.jpg,0.80823064,0.9056604
00050914.jpg,0.91834474,0.9080714
00022008.jpg,0.7147267,0.6381358
00013182.jpg,0.6678064,0.6260168
n02342885_6277.jpg,0.8963676,0.9368421
00028440.jpg,0.8068087,0.8088884
00047182.jpg,0.7620456,0.5986182
00024066.jpg,0.8130532,0.7405272
00019349.jpg,0.7848761,0.897819
00027316.jpg,0.7313876,0.8056042
00037142.jpg,0.7895534,0.7826928
00014993.jpg,0.82126325,0.8679104
00031465.jpg,0.8080987,0.9381692
n09415671_11403.jpg,0.50684077,0.5308642
n09270735_14484.jpg,0.656405,0.64646465
00048346.jpg,0.74761844,0.7467372
00007431.jpg,0.796058,0.8329658
00032239.jpg,0.71992993,0.7646128
sun_adnvqdckimyapvud.jpg,0.60686076,0.71428573
00035351.jpg,0.6292155,0.717001
00005571.jpg,0.7406713,0.6730556
00041348.jpg,0.7920853,0.7265824
00050143.jpg,0.79741174,0.817371
00044219.jpg,0.8006468,0.917265
00009096.jpg,0.7173027,0.7113584
00036494.jpg,0.64087284,0.5583402
00011225.jpg,0.6320338,0.7807918
00021368.jpg,0.855327,0.9190998
00013501.jpg,0.8434663,0.8823346
00009712.jpg,0.7859751,0.8057158
00004931.jpg,0.787567,0.8690066
d1b90f07c19a5085.jpg,0.84800804,0.96629214
00023614.jpg,0.6604417,0.8009524
00054363.jpg,0.80996627,0.7706204
00020441.jpg,0.800642,0.709168
00049556.jpg,0.81957686,0.900452
sun_aigxgjoofoaxhxor.jpg,0.63720405,0.62886596
00041453.jpg,0.72979355,0.7846876
00045879.jpg,0.72851264,0.6828306
00020083.jpg,0.76263493,0.7548386
00047789.jpg,0.81224966,0.7268596
00022417.jpg,0.7373656,0.8016404
00038334.jpg,0.6227969,0.578046
00035055.jpg,0.56750995,0.6182682
00029842.jpg,0.60678846,0.4323272
00049642.jpg,0.65457886,0.7305444
00022674.jpg,0.8766061,0.9039042
00049879.jpg,0.75833064,0.8655102
00013284.jpg,0.5340466,0.6427684
00007362.jpg,0.90539837,0.9609738
00056792.jpg,0.81942713,0.7652554
000000352129.jpg,0.7906923,0.9375
00055800.jpg,0.59667593,0.6791776
00005823.jpg,0.79298687,0.7869382
273ec8863a86711c.jpg,0.7819858,0.8433735
00048964.jpg,0.64412266,0.6120292
00032833.jpg,0.8280974,0.9431786
00051106.jpg,0.7798684,0.7011386
00017262.jpg,0.7463788,0.6922652
n00440941_8075.jpg,0.7895723,0.8924731
00038359.jpg,0.69704217,0.6472464
00042984.jpg,0.7338227,0.7672364
00038061.jpg,0.6688479,0.692046
00000491.jpg,0.9233221,0.9073298
00025086.jpg,0.9353286,0.9582214
00035795.jpg,0.71733296,0.526427
00020821.jpg,0.8206021,0.9054468
00021441.jpg,0.79128444,0.838389
00003072.jpg,0.74785185,0.8168718
n02118333_5774.jpg,0.87264085,0.96039605
00048323.jpg,0.78456914,0.8267992
00026752.jpg,0.74496216,0.6815664
n01514859_4051.jpg,0.82308745,0.7386364
00009827.jpg,0.6988418,0.8074752
n09468604_23607.jpg,0.6086508,0.5420561
00038942.jpg,0.85790515,0.8087096
n02431441_6696.jpg,0.79009247,0.7719298
00046082.jpg,0.7686537,0.8114164
00047395.jpg,0.74905217,0.683999
00036633.jpg,0.6065381,0.6771084
00017390.jpg,0.8376248,0.8134632
00019155.jpg,0.73273635,0.7353244
00051189.jpg,0.75589657,0.7532428
00018294.jpg,0.81504,0.854471
00029689.jpg,0.75729394,0.7025358
n07711569_2294.jpg,0.8373462,0.93636364
00057076.jpg,0.90326333,0.917913
n01846331_9788.jpg,0.7953115,0.8020833
00038103.jpg,0.6387619,0.5425178
00028346.jpg,0.7109926,0.7116744
00037439.jpg,0.6332129,0.4552734
00005756.jpg,0.8837991,0.8399078
00026328.jpg,0.61077595,0.581313
00034494.jpg,0.72571313,0.6896676
00003206.jpg,0.66730845,0.7041882
000000056848.jpg,0.81902915,0.8981481
00022280.jpg,0.7538048,0.8039552
00023164.jpg,0.558064,0.5230446
00038608.jpg,0.58463687,0.7181836
00037238.jpg,0.64913356,0.6064018
00008561.jpg,0.82240784,0.9410714
00026890.jpg,0.7990201,0.8464572
00024619.jpg,0.8392375,0.817439
n07753592_7792.jpg,0.8313639,0.90082645
n04335435_23800.jpg,0.77815616,0.8433735
00051278.jpg,0.7643999,0.8116878
00002376.jpg,0.80218697,0.8522436
00056016.jpg,0.8356726,0.8925764
00036784.jpg,0.6468539,0.6295576
00057694.jpg,0.60037863,0.7883298
00043377.jpg,0.6426126,0.5985842
sun_argpkktvhwziqaot.jpg,0.5812775,0.70454544
000000001712.jpg,0.7934896,0.80851066
00049113.jpg,0.7595246,0.880965
00037814.jpg,0.60467637,0.6033984
00009323.jpg,0.85250694,0.7110796
n00439826_7981.jpg,0.89506567,0.96330273
00014146.jpg,0.7594571,0.6988004
00047931.jpg,0.8967198,0.8336898
00015355.jpg,0.92010546,0.8792838
00011975.jpg,0.82187915,0.8041686
00041345.jpg,0.6793395,0.4870678
00016670.jpg,0.78509426,0.6932038
00033360.jpg,0.90039957,0.8870634
00007797.jpg,0.7120497,0.6200046
n07863374_16043.jpg,0.8306519,0.9052632
00039017.jpg,0.7777531,0.7633074
00037529.jpg,0.6249037,0.735713
00015317.jpg,0.79651386,0.7898424
00005215.jpg,0.7061943,0.695484
00052084.jpg,0.897143,0.8933526
00031008.jpg,0.8458799,0.8465386
00036804.jpg,0.57458514,0.5682604
00029086.jpg,0.8222695,0.793044
00032012.jpg,0.83286023,0.87862
00029691.jpg,0.7379526,0.713166
00021621.jpg,0.8265512,0.7760552
00039697.jpg,0.6420141,0.7740392
00021154.jpg,0.85246533,0.7168444
00051234.jpg,0.7497723,0.8748284
00024598.jpg,0.82642,0.8850472
00040037.jpg,0.71495986,0.7029318
n07583197_3243.jpg,0.80575013,0.90816325
00054001.jpg,0.8308474,0.809934
00027050.jpg,0.72861713,0.5917058
00028069.jpg,0.7799014,0.7175012
00025716.jpg,0.6994071,0.70903
00036039.jpg,0.71631813,0.799476
00015644.jpg,0.92591166,0.8679248
00046975.jpg,0.655841,0.5537962
05e4305292b40a61.jpg,0.59544027,0.4787234
000000257958.jpg,0.745203,0.87234044
00000287.jpg,0.78608346,0.7733684
00024694.jpg,0.7395642,0.8586872
00018373.jpg,0.87549925,0.9275248
sun_agdbqrwoyiuhkrcq.jpg,0.5736312,0.44329897
00045085.jpg,0.64904046,0.8246802
00056425.jpg,0.5974467,0.6766174
00033824.jpg,0.5946563,0.6146388
00024576.jpg,0.80323744,0.8382402
00011857.jpg,0.6488548,0.6659182
00001725.jpg,0.6855949,0.7927274
00037896.jpg,0.66684866,0.6995646
00036034.jpg,0.7014291,0.6719246
00006921.jpg,0.84355706,0.725955
00004391.jpg,0.78562486,0.8609304
00005222.jpg,0.7035879,0.5357352
00028385.jpg,0.7816624,0.8132382
00020275.jpg,0.69519395,0.8393318
n09303008_22625.jpg,0.5301144,0.45238096
00030957.jpg,0.64927065,0.7548112
00008839.jpg,0.75877464,0.8046628
00052769.jpg,0.86144364,0.7267828
00010008.jpg,0.6337998,0.6680712
000000370423.jpg,0.7441829,0.83809525
00026263.jpg,0.8059993,0.8032778
00007901.jpg,0.8222617,0.8598506
00057141.jpg,0.85691446,0.7523958
00028584.jpg,0.79704434,0.6740612
n02129165_7860.jpg,0.82340854,0.78070176
00029533.jpg,0.726023,0.8979532
00020384.jpg,0.68623185,0.7302864
00034831.jpg,0.62366116,0.5762826
000000047981.jpg,0.7498746,0.77227724
f8c03a5c3f92c873.jpg,0.79144734,0.73913044
00037011.jpg,0.62594795,0.6575762
00058122.jpg,0.89930284,0.9274086
00043215.jpg,0.66666585,0.6829728
00050401.jpg,0.72307074,0.7063534
00029180.jpg,0.71585286,0.6559982
00005775.jpg,0.6566074,0.5815872
00032394.jpg,0.72100234,0.714031
00005507.jpg,0.79873115,0.8581328
00022346.jpg,0.7234662,0.768454
00054302.jpg,0.8508426,0.9646122
000000386834.jpg,0.869823,0.9263158
00018741.jpg,0.7270676,0.643502
00057680.jpg,0.663938,0.6602266
00015719.jpg,0.69681895,0.7927222
00038775.jpg,0.79167926,0.7738392
00021640.jpg,0.7374909,0.7964044
00035191.jpg,0.6169723,0.4768938
00026388.jpg,0.70548594,0.7196252
00017879.jpg,0.6972325,0.8104348
00010795.jpg,0.7091674,0.651771
00026720.jpg,0.80365175,0.8016668
00008439.jpg,0.8616499,0.7975528
00013059.jpg,0.8105693,0.9200384
00013513.jpg,0.82110727,0.9470968
00031006.jpg,0.84499925,0.9559302
00052399.jpg,0.8315419,0.7434544
00017046.jpg,0.829002,0.8119084
00046002.jpg,0.75297064,0.7902656
00002341.jpg,0.71661586,0.7086164
00023753.jpg,0.67282975,0.6763076
00039919.jpg,0.74646944,0.6755252
sun_ajljoxfiwrskkpcc.jpg,0.67273355,0.6666667
00009699.jpg,0.6513136,0.5868646
000000405762.jpg,0.7445684,0.76237625
00029036.jpg,0.77768314,0.7827688
00021524.jpg,0.8131857,0.882863
00052528.jpg,0.80587035,0.883486
00043319.jpg,0.68944025,0.6159166
00053475.jpg,0.8367067,0.9102814
00019446.jpg,0.76877034,0.8923376
n02355227_15817.jpg,0.815782,0.8785047
00002925.jpg,0.737527,0.8189558
n07717556_5720.jpg,0.88499403,0.82474226
00002832.jpg,0.5807192,0.4870554
00041982.jpg,0.75857323,0.7455068
00009594.jpg,0.67090666,0.6497114
00047274.jpg,0.6812191,0.5211906
00038451.jpg,0.58586407,0.6747466
00016399.jpg,0.8611644,0.853306
00029715.jpg,0.6508446,0.5397396
000000581667.jpg,0.74875796,0.7654321
00019867.jpg,0.79550445,0.7832266
00049503.jpg,0.5973274,0.518935
00004914.jpg,0.64665157,0.7898736
00053415.jpg,0.8796853,0.9347536
000000102190.jpg,0.6462204,0.6752137
00015585.jpg,0.7318338,0.7988478
00043276.jpg,0.6758993,0.665719
n04335435_2612.jpg,0.8029461,0.8
00017885.jpg,0.7858765,0.847916
00012486.jpg,0.71813947,0.7191878
00052858.jpg,0.74858755,0.7671796
00033287.jpg,0.8205155,0.9475154
00000001.jpg,0.7053448,0.520508
n04610013_3892.jpg,0.7027857,0.7181818
00017278.jpg,0.74665046,0.7058578
00019870.jpg,0.722306,0.5506934
00043955.jpg,0.72113895,0.5692844
a64321454ce3af8a.jpg,0.6476151,0.63716817
00045818.jpg,0.7187599,0.5800918
n02946348_32456.jpg,0.7838259,0.7
00013572.jpg,0.7575812,0.8149504
00012234.jpg,0.7353184,0.6919232
00051937.jpg,0.6278888,0.6742818
00039287.jpg,0.60112715,0.557704
00011582.jpg,0.8465883,0.9142578
00045441.jpg,0.6218568,0.5812738
00029760.jpg,0.7634273,0.7901476
000000019413.jpg,0.8294557,0.7979798
00010642.jpg,0.674494,0.6873018
00022027.jpg,0.7445265,0.5965124
00027785.jpg,0.88632435,0.9658226
00024681.jpg,0.67873883,0.7351488
00046712.jpg,0.7469123,0.6571432
00026366.jpg,0.61087275,0.4559718
00051013.jpg,0.78876525,0.9276796
00057831.jpg,0.5513662,0.8508452
00045778.jpg,0.71305496,0.7780654
00043013.jpg,0.71195984,0.8533926
00025238.jpg,0.64442927,0.7817858
00003999.jpg,0.60361457,0.4700254
00041030.jpg,0.65510225,0.5467302
00028483.jpg,0.89013517,0.9686318
00026632.jpg,0.8455614,0.831349
ee41bf599204012c.jpg,0.7935943,0.86315787
00034451.jpg,0.6687767,0.7405556
00036199.jpg,0.6734949,0.672993
00054521.jpg,0.79707325,0.744863
00051839.jpg,0.859206,0.8887788
00046192.jpg,0.79687697,0.8420118
00058738.jpg,0.6453693,0.520629
00008143.jpg,0.7946448,0.8811904
00057924.jpg,0.8879499,0.791267
00031379.jpg,0.8286439,0.8290884
00055810.jpg,0.77930963,0.8329728
00030203.jpg,0.6593503,0.7569404
00027957.jpg,0.72369933,0.6223174
00008241.jpg,0.76002824,0.7555558
00013684.jpg,0.79725176,0.834008
000000101626.jpg,0.80539954,0.75
00015537.jpg,0.71868044,0.7084432
00020997.jpg,0.9410831,0.9106428
00036483.jpg,0.7430911,0.6310504
00055998.jpg,0.90022576,0.8245274
00052726.jpg,0.9255849,0.9518958
00005169.jpg,0.803334,0.8982506
00053209.jpg,0.85318804,0.9043788
2fd91d447d744038.jpg,0.807177,0.83809525
00036945.jpg,0.6822703,0.7297366
00004413.jpg,0.74141824,0.7849864
00026813.jpg,0.6251954,0.7309386
sun_bntcgmzpfvbsrugd.jpg,0.5607861,0.5247525
00011994.jpg,0.78137267,0.8671666
00012783.jpg,0.75376934,0.805604
00028719.jpg,0.76516,0.6097796
00041708.jpg,0.7417629,0.816774
00006291.jpg,0.7476188,0.794368
00020775.jpg,0.7970274,0.8144414
00029252.jpg,0.73369133,0.7229206
4e44723b000d7060.jpg,0.7525662,0.7717391
00020180.jpg,0.7020806,0.771176
00024346.jpg,0.5817773,0.7557452
00036090.jpg,0.5859099,0.5103874
00014028.jpg,0.82656324,0.9237498
00046358.jpg,0.7328427,0.8236286
00013200.jpg,0.7123841,0.7550938
00036235.jpg,0.7100777,0.7590806
00018406.jpg,0.7695613,0.7451562
00021173.jpg,0.6031138,0.37228
00005320.jpg,0.767434,0.8589332
00030851.jpg,0.75259906,0.7613088
00005518.jpg,0.853044,0.799601
00018074.jpg,0.7933221,0.7993314
00029954.jpg,0.7408028,0.5986494
00026552.jpg,0.90245354,0.9023094
00053826.jpg,0.7302283,0.7380614
00050162.jpg,0.70647204,0.6817756
00051326.jpg,0.67951345,0.550759
00023326.jpg,0.53165233,0.5339128
00016775.jpg,0.786694,0.8429542
00049733.jpg,0.71812534,0.9092106
n07911677_782.jpg,0.81437236,0.84
00022623.jpg,0.86806196,0.9229604
00017404.jpg,0.81934434,0.8124418
00057295.jpg,0.7970615,0.733173
00037649.jpg,0.62778836,0.6751532
00053424.jpg,0.68674594,0.8055412
00006026.jpg,0.8196446,0.9535446
00018408.jpg,0.7787514,0.9225422
00010896.jpg,0.5429977,0.5346054
00045292.jpg,0.6851294,0.7947054
00040507.jpg,0.6917671,0.6459424
00053697.jpg,0.8966367,0.9048534
00034373.jpg,0.8145958,0.753023
00012595.jpg,0.71654445,0.7999996
00030797.jpg,0.7452846,0.749516
00023409.jpg,0.8103525,0.7729632
00014205.jpg,0.6915093,0.624681
dfd2423518569f4f.jpg,0.7570498,0.8988764
00024833.jpg,0.7232244,0.6699318
n04465501_122.jpg,0.6036668,0.5744681
000000286480.jpg,0.72611606,0.6407767
00016818.jpg,0.8588419,0.8633624
00035533.jpg,0.77568704,0.8738322
00028511.jpg,0.8276632,0.8228408
00032915.jpg,0.5604789,0.5444658
00034751.jpg,0.6776829,0.6610728
3c0aea50f0d2ae05.jpg,0.8652451,0.7804878
00004727.jpg,0.5458501,0.536523
00020318.jpg,0.7007259,0.6846046
00030656.jpg,0.79081994,0.9148082
00022768.jpg,0.5954717,0.4979478
00005962.jpg,0.638253,0.6116968
00046556.jpg,0.73315156,0.7051574
00015006.jpg,0.7201475,0.6576362
00040416.jpg,0.7170663,0.7054268
00020489.jpg,0.5257546,0.4892808
00024030.jpg,0.8969297,0.9506508
00018819.jpg,0.77572715,0.7939922
00055430.jpg,0.7098077,0.8105392
00003098.jpg,0.833153,0.8869596
00022839.jpg,0.63027763,0.7983144
00019816.jpg,0.74635744,0.8234842
00039780.jpg,0.6021075,0.7256826
00050320.jpg,0.6805818,0.7621534
00006417.jpg,0.5774079,0.5507618
00002048.jpg,0.7045348,0.6523576
00001544.jpg,0.754065,0.658737
00045254.jpg,0.6909851,0.74145
n03790512_15268.jpg,0.7901373,0.8181818
00006974.jpg,0.6383351,0.3993564
00030611.jpg,0.7362157,0.7530848
00017203.jpg,0.8748629,0.8059136
00041580.jpg,0.83334893,0.8688616
00033532.jpg,0.8671989,0.8379408
00057652.jpg,0.8326996,0.9269632
00040564.jpg,0.6750959,0.5723374
00008654.jpg,0.8467313,0.6591874
00047054.jpg,0.55185765,0.6705994
00002195.jpg,0.77063763,0.7952602
00007071.jpg,0.7919005,0.7573936
00009858.jpg,0.83299506,0.9709496
00003464.jpg,0.7182981,0.7786318
00029900.jpg,0.7672803,0.938674
00000441.jpg,0.7783166,0.8250194
00038895.jpg,0.64393574,0.6627994
00037261.jpg,0.6785511,0.7266628
00009761.jpg,0.84599257,0.8893558
00037715.jpg,0.73998344,0.7589584
00020788.jpg,0.7754246,0.7422206
00049021.jpg,0.5895358,0.5604522
00025491.jpg,0.6092691,0.6440692
000000390954.jpg,0.8690395,0.9607843
000000329014.jpg,0.8011206,0.87
00058364.jpg,0.88002896,0.8775982
00045172.jpg,0.7766527,0.7765918
0da653cc74b7f079.jpg,0.7589554,0.7227723
00015273.jpg,0.81537014,0.8172394
00036393.jpg,0.6096351,0.5730584
00011517.jpg,0.70679975,0.5079862
00003653.jpg,0.5877347,0.6105564
00040022.jpg,0.85355484,0.8878014
00031392.jpg,0.6999927,0.6242018
00012371.jpg,0.8268798,0.8153052
00012173.jpg,0.7044503,0.5202248
00055478.jpg,0.6782652,0.7872812
n09376198_18482.jpg,0.62207425,0.5043478
00003175.jpg,0.54568666,0.40259
00054195.jpg,0.77594554,0.7381116
000000489374.jpg,0.784089,0.9255319
00052772.jpg,0.8540219,0.9168188
n02324045_13467.jpg,0.83979297,0.7676768
00027998.jpg,0.7169115,0.7034692
00017295.jpg,0.894449,0.9031808
6f1c4ea262598dcf.jpg,0.741323,0.7741935
00033231.jpg,0.60952365,0.5953936
00030383.jpg,0.65064,0.643407
00032013.jpg,0.7932666,0.8792082
00028868.jpg,0.78625035,0.8072496
00018020.jpg,0.5659753,0.5866632
n02342885_12792.jpg,0.90205765,0.9130435
00009136.jpg,0.88956225,0.8311252
00003173.jpg,0.62124336,0.5281034
00017690.jpg,0.7721652,0.8856684
00040354.jpg,0.75196964,0.7050166
00048293.jpg,0.73607326,0.6160382
00051978.jpg,0.7375286,0.673495
00037664.jpg,0.69350326,0.7773704
00002966.jpg,0.8622491,0.8099578
000000154167.jpg,0.83708584,0.85057473
00023338.jpg,0.8018577,0.8721888
00031337.jpg,0.726918,0.721203
00000851.jpg,0.8261186,0.861818
00005134.jpg,0.8435648,0.899594
00016769.jpg,0.81220376,0.8567206
00054174.jpg,0.64179873,0.5268494
00034644.jpg,0.6854182,0.6753034
00009567.jpg,0.6166034,0.6682806
00029908.jpg,0.8196318,0.8938462
000000126995.jpg,0.72958684,0.83495146
00002092.jpg,0.66262,0.8676584
00045682.jpg,0.7229573,0.7650882
00040321.jpg,0.77177066,0.8049904
00029490.jpg,0.75706494,0.804315
00054473.jpg,0.7961145,0.8890118
00046979.jpg,0.73197764,0.6805496
00038487.jpg,0.8246827,0.6623378
67cac965604e9838.jpg,0.707649,0.8041237
00041004.jpg,0.73736495,0.6183646
n04467665_53339.jpg,0.7066116,0.6989247
00026417.jpg,0.5980096,0.6797218
00012997.jpg,0.69611996,0.7341784
00047183.jpg,0.71753633,0.7874808
000000131449.jpg,0.76563734,0.8857143
00009647.jpg,0.82064503,0.7180918
00028541.jpg,0.72031754,0.7169564
00043846.jpg,0.68451774,0.7205364
00014243.jpg,0.7726551,0.7896062
00007136.jpg,0.8482195,0.8008202
00014760.jpg,0.8921808,0.8932456
00057129.jpg,0.79030156,0.736464
00040807.jpg,0.6900341,0.6911728
00007271.jpg,0.69350827,0.6577894
00057595.jpg,0.84354436,0.863403
000000226961.jpg,0.74175936,0.8192771
00009201.jpg,0.7337432,0.73596
00051666.jpg,0.87737197,0.8290986
00023704.jpg,0.77030987,0.8079404
00056219.jpg,0.6664262,0.6256664
00043324.jpg,0.8436053,0.908417
00040804.jpg,0.8446956,0.7468324
00057005.jpg,0.7706028,0.884863
00027569.jpg,0.82317275,0.828842
n07753592_5942.jpg,0.8250625,0.83653843
00000076.jpg,0.7432934,0.7726048
00033265.jpg,0.7064723,0.6975338
00029915.jpg,0.79220515,0.6309638
00037654.jpg,0.7378988,0.6370274
00046654.jpg,0.56807184,0.6719648
8041d5c6a1f2ea69.jpg,0.5991534,0.5660377
n07711569_7257.jpg,0.8035723,0.83870965
n04461696_10492.jpg,0.797868,0.75490195
00058149.jpg,0.7531618,0.8854626
00031178.jpg,0.6746835,0.5916278
00036301.jpg,0.73655933,0.6671734
00042488.jpg,0.6653032,0.7211542
00042950.jpg,0.64087117,0.637377
00007383.jpg,0.6302321,0.4964692
00046587.jpg,0.75516295,0.8521198
00023887.jpg,0.848027,0.80426
00035295.jpg,0.60407746,0.6187224
00040599.jpg,0.7214083,0.6953566
00009285.jpg,0.8207217,0.8482792
n09288635_6850.jpg,0.7337414,0.71428573
00047990.jpg,0.8056998,0.6689664
00002651.jpg,0.78277695,0.7389208
00000408.jpg,0.82542604,0.8331424
00037768.jpg,0.57838535,0.4241054
00019874.jpg,0.7002569,0.80371
00018680.jpg,0.71691906,0.7488638
00030804.jpg,0.85044485,0.8582652
00042775.jpg,0.572003,0.573417
00029392.jpg,0.63771915,0.5576178
00016223.jpg,0.83126503,0.748088
00010118.jpg,0.7366842,0.6696004
00041972.jpg,0.7509643,0.828644
n04465501_1793.jpg,0.76628983,0.73636365
00051175.jpg,0.7842267,0.6342752
000000471534.jpg,0.7493535,0.76363635
efd6e2c6544a1fff.jpg,0.77118915,0.7878788
00050686.jpg,0.9248613,0.989938
00018030.jpg,0.92637074,0.9127652
00040950.jpg,0.6639251,0.7149892
00041149.jpg,0.6811197,0.6255506
00043273.jpg,0.7566407,0.6667012
00037093.jpg,0.71812034,0.8394458
00002736.jpg,0.76201725,0.6839176
00028129.jpg,0.8544837,0.8439868
00039225.jpg,0.77300596,0.6967062
00037873.jpg,0.67699003,0.626467
83c07ee510c7554b.jpg,0.5909121,0.4642857
00046518.jpg,0.7905495,0.7937056
n07863374_17966.jpg,0.82347584,0.8636364
00046919.jpg,0.60650295,0.7138094
00024456.jpg,0.7716061,0.8018126
00022529.jpg,0.6690965,0.7786434
00058714.jpg,0.83874726,0.8169724
00037903.jpg,0.5839262,0.5189134
00027575.jpg,0.73157656,0.6742802
00011076.jpg,0.79571617,0.8493144
00031823.jpg,0.77089554,0.6949362
00021370.jpg,0.74809694,0.7921758
n02430045_3966.jpg,0.777156,0.6363636
00054613.jpg,0.6820242,0.6904064
00045096.jpg,0.7078784,0.8451656
00020113.jpg,0.590848,0.5740936
00031074.jpg,0.85371715,0.7882144
00002872.jpg,0.84696186,0.7388372
00041787.jpg,0.7757518,0.713367
00048681.jpg,0.7687994,0.7884392
00006689.jpg,0.68716204,0.6360394
00025867.jpg,0.8600155,0.843907
00041945.jpg,0.6976058,0.6989734
00004065.jpg,0.7441831,0.818741
00036438.jpg,0.5126129,0.7476568
00001271.jpg,0.7249418,0.7316658
00056709.jpg,0.7683619,0.7652068
00016386.jpg,0.7094059,0.6237508
00038721.jpg,0.83991504,0.9190946
00017685.jpg,0.7792408,0.8418822
00011262.jpg,0.7597917,0.756698
00034826.jpg,0.6982636,0.660977
00049834.jpg,0.7835112,0.7979042
00049506.jpg,0.76143944,0.6928314
00027846.jpg,0.70541143,0.7867668
00033932.jpg,0.64512736,0.6262782
00009426.jpg,0.73452973,0.4972396
n02396427_3601.jpg,0.8576833,0.8369565
00043368.jpg,0.672108,0.6044774
00019394.jpg,0.75398237,0.7832594
c1a82130fde947e3.jpg,0.76235133,0.8738739
00026664.jpg,0.90940344,0.8860474
00028353.jpg,0.578161,0.4711034
00036818.jpg,0.741553,0.8930252
00049983.jpg,0.76277715,0.8926786
00050233.jpg,0.76809055,0.7179866
00001599.jpg,0.88280034,0.8834098
00004985.jpg,0.78953743,0.671905
000000408526.jpg,0.66566795,0.71428573
00023650.jpg,0.77840745,0.8372446
00009150.jpg,0.8311131,0.6975034
00001154.jpg,0.691289,0.561036
00055822.jpg,0.80287814,0.9042248
00048431.jpg,0.7391983,0.810117
00030283.jpg,0.82138807,0.6443224
n03512147_224.jpg,0.7532271,0.7979798
00031696.jpg,0.79613596,0.6800758
00022009.jpg,0.7678801,0.7356798
00008324.jpg,0.780021,0.7281486
00018506.jpg,0.6684838,0.7073564
00007816.jpg,0.7082425,0.788597
00048021.jpg,0.76879025,0.8259198
00049268.jpg,0.7049351,0.6550406
00038335.jpg,0.5880732,0.4372648
00010301.jpg,0.87205434,0.8403768
00018259.jpg,0.8602698,0.9091662
00026835.jpg,0.6413419,0.4508522
00017455.jpg,0.77958155,0.8931896
00035684.jpg,0.6165222,0.7050612
00042467.jpg,0.74881417,0.781623
00044325.jpg,0.7460862,0.7848774
cbc706734e8e11cf.jpg,0.64758587,0.6494845
000000189853.jpg,0.72794735,0.8817204
00037030.jpg,0.6624858,0.674596
00006452.jpg,0.75379777,0.7032104
00010222.jpg,0.8314103,0.728507
00024070.jpg,0.82652795,0.8407786
00048832.jpg,0.70713973,0.5314604
00023229.jpg,0.8247251,0.8702692
00028259.jpg,0.753038,0.601516
00021802.jpg,0.71515787,0.6415728
00020339.jpg,0.86077076,0.8500332
00020394.jpg,0.6859912,0.7846212
00037301.jpg,0.67529327,0.7186858
sun_aosvqijvmwznjrsh.jpg,0.5289849,0.45454547
00027653.jpg,0.72446156,0.7021968
00048141.jpg,0.68992394,0.6756306
00039861.jpg,0.6941267,0.7112744
00051636.jpg,0.803813,0.6754596
00022745.jpg,0.77106416,0.734663
00013524.jpg,0.8053065,0.8240646
00047635.jpg,0.7283566,0.6978924
00012423.jpg,0.8234875,0.8912412
n07717556_6673.jpg,0.9312181,0.89772725
00030669.jpg,0.90770435,0.905445
00006264.jpg,0.7793056,0.7333762
00031454.jpg,0.71983147,0.7298156
00053467.jpg,0.7621338,0.89441
00038675.jpg,0.6013889,0.5468074
00051931.jpg,0.77865857,0.8586114
00042943.jpg,0.7344571,0.7688346
00033492.jpg,0.68050873,0.4180672
00009683.jpg,0.6174125,0.6648338
00055916.jpg,0.7881522,0.8406504
000000010624.jpg,0.6831284,0.6888889
18bed2a09181a499.jpg,0.6831057,0.6333333
00057634.jpg,0.8435836,0.8793802
c6fac87e188e90d2.jpg,0.6275556,0.74311924
00020134.jpg,0.8449106,0.962243
00002706.jpg,0.6066053,0.5922958
00040776.jpg,0.72325253,0.6753736
00012796.jpg,0.7250444,0.7385636
00019961.jpg,0.8931256,0.9697184
00029343.jpg,0.77779406,0.8207372
n07806221_23904.jpg,0.737,0.75789475
00003572.jpg,0.80040514,0.8523856
00019910.jpg,0.79519403,0.923912
00002027.jpg,0.684252,0.6346688
00047992.jpg,0.65140915,0.7388458
n00464894_9175.jpg,0.7802478,0.70408165
n02878222_12402.jpg,0.6823864,0.6535433
00033516.jpg,0.67193556,0.3949426
n09359803_33089.jpg,0.58835316,0.59130436
00027726.jpg,0.7577821,0.8479076
00019198.jpg,0.7569669,0.8740812
00042615.jpg,0.7594634,0.7429812
00004392.jpg,0.81561726,0.9205504
00003369.jpg,0.8825005,0.862545
00002071.jpg,0.8110969,0.8733596
00042700.jpg,0.76582146,0.6783964
00041334.jpg,0.7118325,0.7721698
n02132136_538.jpg,0.7633211,0.86538464
00046563.jpg,0.7687119,0.8757014
00001701.jpg,0.77652365,0.7686214
00047270.jpg,0.7064837,0.7642658
00058301.jpg,0.74690884,0.792785
00050234.jpg,0.62264276,0.5432958
f820c39c5300de83.jpg,0.80495244,0.76842105
00000013.jpg,0.8729624,0.9289498
00033282.jpg,0.8556659,0.8844934
n07716358_11383.jpg,0.78277665,0.8045977
00046134.jpg,0.7494893,0.7989534
00006640.jpg,0.85037565,0.8809464
00007080.jpg,0.71009696,0.6581036
00032216.jpg,0.6823218,0.524825
00048140.jpg,0.65691596,0.6699742
00022491.jpg,0.7721809,0.8821988
n07911677_352.jpg,0.84929276,0.8815789
00033404.jpg,0.6375822,0.6169512
00021387.jpg,0.75726557,0.840393
00015612.jpg,0.75331837,0.6488896
00050292.jpg,0.6580797,0.6982174
00043571.jpg,0.6588477,0.7138176
00002471.jpg,0.72878927,0.6403932
7015248aec86e3ca.jpg,0.6192751,0.7029703
00003821.jpg,0.6394559,0.4457256
00035810.jpg,0.6445967,0.6499854
00021028.jpg,0.7283732,0.8151316
n02934451_17629.jpg,0.7106161,0.76404494
00054450.jpg,0.7526502,0.7605644
n07574602_24537.jpg,0.7922127,0.8181818
00055289.jpg,0.8471864,0.9230994
00013553.jpg,0.77636635,0.8205956
00039305.jpg,0.76435125,0.5862562
00017464.jpg,0.7001097,0.7666028
n09288635_3554.jpg,0.72083896,0.75581396
n07863374_18346.jpg,0.8212273,0.84042555
3595f889f4ca2d60.jpg,0.816818,0.752809
00055708.jpg,0.78770256,0.8581754
00054254.jpg,0.70817834,0.7922582
00024641.jpg,0.818042,0.7638518
n07720875_8101.jpg,0.8110351,0.87777776
00033946.jpg,0.6070933,0.6943154
00030685.jpg,0.83658767,0.8166152
00004350.jpg,0.6992306,0.6843106
00024744.jpg,0.5860078,0.5559524
00035364.jpg,0.61305,0.4732412
00016966.jpg,0.7817286,0.797706
00023265.jpg,0.8396083,0.8471354
00042434.jpg,0.79315597,0.8016218
00033050.jpg,0.6896277,0.814944
00029826.jpg,0.8164929,0.856692
00055585.jpg,0.8103565,0.8121406
00008932.jpg,0.81236273,0.8609686
00024195.jpg,0.7062066,0.6821894
00052551.jpg,0.75074893,0.7946974
00056684.jpg,0.7261741,0.6820664
00027807.jpg,0.7405772,0.854336
00018024.jpg,0.6632706,0.6024226
00034701.jpg,0.57765126,0.568254
00001392.jpg,0.9030939,0.8733782
00029619.jpg,0.8734741,0.6534288
000000068167.jpg,0.64923596,0.5824176
00005797.jpg,0.7298176,0.781503
00022710.jpg,0.75126165,0.8500796
00016174.jpg,0.81273234,0.7878632
00005497.jpg,0.6879764,0.650027
00040907.jpg,0.75807184,0.8383274
00016387.jpg,0.8340572,0.9052062
00005776.jpg,0.8016161,0.8152264
00021411.jpg,0.5957289,0.5879456
00024857.jpg,0.8049097,0.8930122
00000847.jpg,0.7875658,0.8184686
00040878.jpg,0.64569104,0.6158882
00050485.jpg,0.6380583,0.4600226
00051422.jpg,0.68316495,0.7211494
00029027.jpg,0.8320139,0.8385632
00034273.jpg,0.5582261,0.6604378
00054623.jpg,0.72407854,0.6360058
00057046.jpg,0.90661234,0.9097274
00051402.jpg,0.7153011,0.7489074
00000234.jpg,0.9155519,1.0
00034943.jpg,0.7465248,0.8450896
00030795.jpg,0.6818936,0.7709136
00049759.jpg,0.8123896,0.8500184
00000054.jpg,0.7517034,0.76057
00009433.jpg,0.7293019,0.5114306
00041995.jpg,0.73565006,0.7048608
000000471842.jpg,0.80405676,0.9
00011393.jpg,0.62670815,0.6765692
00036270.jpg,0.7164925,0.7244166
000000499789.jpg,0.7229995,0.7641509
00009644.jpg,0.82745326,0.8192184
n09393605_60345.jpg,0.5766777,0.5794392
000000564573.jpg,0.8574388,0.8854167
00040898.jpg,0.7063249,0.6930912
00039555.jpg,0.77364814,0.8111006
00017255.jpg,0.7464222,0.768192
00004503.jpg,0.6126779,0.719543
00010662.jpg,0.83298564,0.8283398
00007396.jpg,0.79764044,0.7243466
00029216.jpg,0.7554982,0.7927714
00009388.jpg,0.6051276,0.5778104
000000026007.jpg,0.786585,0.8648649
00045733.jpg,0.75841844,0.9084862
00047629.jpg,0.73729026,0.7421018
00051424.jpg,0.7444952,0.6848734
00017084.jpg,0.76714784,0.8335856
00053163.jpg,0.6142311,0.6746588
00048072.jpg,0.6545402,0.6183228
00052599.jpg,0.7389945,0.7235936
sun_axznoffzbgavlaei.jpg,0.62363976,0.5862069
00056301.jpg,0.6914395,0.755821
00000792.jpg,0.74977005,0.7875642
n00480993_14248.jpg,0.7301048,0.7809524
00036182.jpg,0.75199866,0.9089336
00035412.jpg,0.59839696,0.6206822
n07933274_30681.jpg,0.9004321,0.96638656
00043139.jpg,0.728727,0.7444618
00029946.jpg,0.5609222,0.4083594
n04610013_7160.jpg,0.68019605,0.75
00040762.jpg,0.6519064,0.5503476
00042152.jpg,0.70656717,0.68821
00016022.jpg,0.8614818,0.8082222
00022760.jpg,0.7676796,0.7734596
00045168.jpg,0.68440056,0.8211092
00048447.jpg,0.83619416,0.7839102
00042099.jpg,0.83690846,0.7505016
00049485.jpg,0.76526237,0.9210074
n04461696_6974.jpg,0.8054987,0.8053097
00026411.jpg,0.7122286,0.762993
00017843.jpg,0.7374947,0.7666734
n01846331_2900.jpg,0.79810405,0.8681319
00045906.jpg,0.8168254,0.8210606
00046747.jpg,0.6825951,0.6666666
00031168.jpg,0.6509998,0.5894178
00012053.jpg,0.8353437,0.8140812
00007358.jpg,0.8198446,0.9292454
00019539.jpg,0.773612,0.7717044
n03670208_1953.jpg,0.76068723,0.75555557
00056965.jpg,0.78725946,0.8124688
00023408.jpg,0.7887607,0.8787254
00046209.jpg,0.76229465,0.7409892
00037084.jpg,0.6916183,0.8208148
00017886.jpg,0.78777003,0.8603726
00041040.jpg,0.6578158,0.6844556
00014197.jpg,0.882962,0.821242
00056769.jpg,0.71450776,0.7817896
00053870.jpg,0.5898437,0.7636538
00047552.jpg,0.7813908,0.6895448
00048733.jpg,0.7639133,0.7527496
00034407.jpg,0.82894504,0.9243206
00023970.jpg,0.8613483,0.9105342
00025526.jpg,0.8001379,0.835993
00047291.jpg,0.7185287,0.7304004
00058255.jpg,0.77607435,0.825459
00020515.jpg,0.73815936,0.7621388
00044336.jpg,0.6566109,0.67915
00034239.jpg,0.62780786,0.7037264
00057144.jpg,0.62682843,0.619963
00011057.jpg,0.82508254,0.8911458
00008197.jpg,0.7067708,0.8677596
00055020.jpg,0.6170564,0.7881352
00057925.jpg,0.8622273,0.8675046
00008246.jpg,0.7163713,0.7802714
00025746.jpg,0.6715524,0.8054234
n03384352_304.jpg,0.75501025,0.73333335
00017977.jpg,0.7618413,0.6116898
00047919.jpg,0.6594884,0.5383566
00028369.jpg,0.81792754,0.8777542
00035870.jpg,0.61393404,0.6096592
00011985.jpg,0.73645127,0.793206
00012110.jpg,0.8203699,0.8764986
n04461696_1069.jpg,0.7317107,0.8372093
00036145.jpg,0.6699533,0.8046802
00036154.jpg,0.7027615,0.6647668
00001281.jpg,0.7367468,0.8029756
00040689.jpg,0.7734607,0.777018
00050957.jpg,0.60306203,0.5334976
00044055.jpg,0.8380566,0.8717806
00024211.jpg,0.53831434,0.5784394
00040793.jpg,0.7941375,0.6995338
00000539.jpg,0.8586807,0.9204422
00043243.jpg,0.6122825,0.7605974
00000198.jpg,0.8115165,0.6853532
00003166.jpg,0.8122924,0.812915
bfd7722e868e772c.jpg,0.80113494,0.8796296
00034716.jpg,0.72143686,0.705271
n09376198_19190.jpg,0.64661103,0.6605505
n02396427_2997.jpg,0.7817468,0.9
00008993.jpg,0.77308756,0.8188744
00045270.jpg,0.6838653,0.5284744
00028506.jpg,0.78724515,0.6603814
00013361.jpg,0.59287095,0.5316552
00015815.jpg,0.70037276,0.6973188
00038964.jpg,0.64457214,0.4481498
00057933.jpg,0.7596934,0.766187
00001603.jpg,0.79397,0.8144868
00040916.jpg,0.6768217,0.5372844
00033292.jpg,0.85702324,0.8976376
n04231693_24470.jpg,0.68882394,0.71794873
00050087.jpg,0.5539322,0.4345532
00027699.jpg,0.7290683,0.7362464
00024650.jpg,0.8103922,0.847649
00004628.jpg,0.79177123,0.7774452
00024649.jpg,0.7176166,0.613174
00034256.jpg,0.64580333,0.6328508
00048569.jpg,0.8252268,0.7758594
00031033.jpg,0.77265257,0.827939
00039836.jpg,0.7957989,0.7981576
00045133.jpg,0.6636223,0.6884678
00020831.jpg,0.74564725,0.6074854
00054253.jpg,0.75639224,0.8270794
00050065.jpg,0.7938607,0.8240202
00009488.jpg,0.8280084,0.9452186
00033956.jpg,0.66159075,0.5986106
00024689.jpg,0.6309612,0.7867684
00028291.jpg,0.8377862,0.8189088
00013236.jpg,0.72609353,0.718045
00022688.jpg,0.7858809,0.7464432
00021012.jpg,0.46953467,0.5571776
00019452.jpg,0.82056904,0.7553588
00011417.jpg,0.70887005,0.651756
00030182.jpg,0.6265276,0.5969942
03e15185cfaf3edf.jpg,0.85272753,0.91463417
00009943.jpg,0.82966083,0.892711
00009945.jpg,0.66669875,0.6305088
57325acb63287b6e.jpg,0.69265795,0.7676768
00057139.jpg,0.7655652,0.820027
00025622.jpg,0.7405093,0.7737424
00034817.jpg,0.6691334,0.6493688
00044169.jpg,0.6893718,0.6719812
00045792.jpg,0.6592447,0.7009742
00042428.jpg,0.7579659,0.7438934
sun_bcmjtztrnvkxftye.jpg,0.67585564,0.6458333
00028332.jpg,0.75797534,0.6441762
00037131.jpg,0.73851126,0.733568
n02324045_17457.jpg,0.7958607,0.82608694
00000505.jpg,0.75935256,0.7116236
00033426.jpg,0.7183515,0.776188
00030473.jpg,0.7917773,0.811817
00056586.jpg,0.6121619,0.7518582
00034578.jpg,0.7367951,0.8282722
00051513.jpg,0.8968849,0.9132344
00028187.jpg,0.7226411,0.5552844
00020493.jpg,0.74310756,0.7441352
n07753592_18348.jpg,0.8744764,0.9150943
00040424.jpg,0.7090143,0.8182806
00038824.jpg,0.67653835,0.7877264
00040208.jpg,0.6911061,0.7421744
00000604.jpg,0.7191139,0.7048662
00026959.jpg,0.63728225,0.6743438
00001539.jpg,0.7932786,0.824972
00016832.jpg,0.8266127,0.8102666
00011500.jpg,0.72940314,0.7412262
00011968.jpg,0.8477123,0.8568968
00031270.jpg,0.6739002,0.8398922
00034113.jpg,0.8199467,0.7476168
00025728.jpg,0.83852744,0.7979438
00034038.jpg,0.8714189,0.8852756
00023337.jpg,0.865643,0.8952296
n04349306_8879.jpg,0.7687552,0.64912283
00048182.jpg,0.8295921,0.882396
00006651.jpg,0.8302709,0.8589882
00014734.jpg,0.7510454,0.8371914
00054986.jpg,0.85198015,0.8602468
00051560.jpg,0.77211285,0.8939712
00019255.jpg,0.76063645,0.7408206
00007215.jpg,0.6199787,0.5491516
00019118.jpg,0.8100973,0.8322362
00024345.jpg,0.9697298,0.9207058
00030108.jpg,0.8450284,0.8958958
00054235.jpg,0.6626012,0.594248
00007975.jpg,0.89990246,0.8675836
n09468604_2749.jpg,0.51490915,0.6516854
00018329.jpg,0.7683982,0.8275488
00033283.jpg,0.6551503,0.6333036
00025373.jpg,0.8051683,0.883624
00007259.jpg,0.76084805,0.8005914
00001892.jpg,0.73808134,0.841214
00026298.jpg,0.6589292,0.9084146
00034069.jpg,0.68152803,0.6429554
059520433a9809d0.jpg,0.7040193,0.8333333
00045791.jpg,0.6286982,0.7753184
00045970.jpg,0.7819344,0.8950534
00023377.jpg,0.78029025,0.7563816
00025895.jpg,0.7508522,0.8284194
n03790512_38630.jpg,0.798695,0.85542166
00051791.jpg,0.7460516,0.7006518
00043000.jpg,0.7447169,0.8412206
00050109.jpg,0.59138036,0.6474714
n09415671_23270.jpg,0.57914805,0.57009345
00021274.jpg,0.8449973,0.8713374
256f1eeaf5cb433c.jpg,0.731562,0.8148148
00044038.jpg,0.80571187,0.893576
00025845.jpg,0.65431094,0.6811952
00018034.jpg,0.7021185,0.7453688
00016053.jpg,0.70905244,0.795288
00027610.jpg,0.5411969,0.5846146
00023231.jpg,0.7778667,0.8449174
00023516.jpg,0.80316544,0.896369
00057668.jpg,0.7346959,0.8773846
00021824.jpg,0.7009287,0.8168916
00053108.jpg,0.8288081,0.8262206
00001341.jpg,0.90304583,0.853748
00002324.jpg,0.75939876,0.846051
00005068.jpg,0.62841755,0.606683
00056372.jpg,0.7130958,0.837353
00047365.jpg,0.79980004,0.8744826
00005249.jpg,0.83203316,0.88277
00030007.jpg,0.79989564,0.8896702
n02355227_13741.jpg,0.8440765,0.8202247
00054030.jpg,0.73996174,0.9047768
00052984.jpg,0.58792615,0.6631412
00044233.jpg,0.7013838,0.8118484
000000085455.jpg,0.70700634,0.70873785
n04349306_2758.jpg,0.7297094,0.776699
n09393605_64522.jpg,0.7365656,0.7692308
00048525.jpg,0.7414116,0.690466
00055755.jpg,0.54717004,0.5393758
00002420.jpg,0.4964726,0.5179458
00007064.jpg,0.5847024,0.558959
00029280.jpg,0.81236756,0.8987604
00004256.jpg,0.74432284,0.8044982
00029171.jpg,0.796819,0.7215302
00009835.jpg,0.7231475,0.7962136
00046128.jpg,0.7550866,0.8009452
00024424.jpg,0.65308386,0.7527948
00004124.jpg,0.8639389,0.9184762
00008895.jpg,0.82702357,0.8754724
00022308.jpg,0.7759395,0.8248282
000000212095.jpg,0.7819424,0.85106385
00012033.jpg,0.60664827,0.7020634
00056604.jpg,0.83139217,0.885088
00046711.jpg,0.82279575,0.730149
000000429407.jpg,0.7127198,0.93203884
n02132136_2313.jpg,0.81572425,0.8488372
00056002.jpg,0.7350304,0.7156756
00055230.jpg,0.71141326,0.7910364
00028531.jpg,0.76754254,0.718567
00057073.jpg,0.7031626,0.7482268
n02118333_8406.jpg,0.8479625,0.92783505
00057066.jpg,0.70960873,0.6906148
00039040.jpg,0.69716144,0.7018788
00036996.jpg,0.6559724,0.6878984
00036429.jpg,0.567296,0.444059
00013365.jpg,0.7909112,0.8365868
000000343201.jpg,0.8110413,0.9459459
00014005.jpg,0.5719455,0.6574412
00017347.jpg,0.8528802,0.8537942
sun_azlynmqjfwjytkdv.jpg,0.7277571,0.7058824
00020949.jpg,0.8201076,0.7825272
00036520.jpg,0.57905394,0.770495
00012322.jpg,0.8851823,0.8941102
00024036.jpg,0.8161906,0.8939362
00045295.jpg,0.7023516,0.7698414
00047862.jpg,0.8569265,0.9034498
00035682.jpg,0.6216284,0.54331
00040302.jpg,0.7090426,0.7054972
00000541.jpg,0.6211744,0.5846694
00030381.jpg,0.67356277,0.7881498
00022881.jpg,0.91264784,0.8345302
00043299.jpg,0.7304887,0.80314
00040271.jpg,0.71840364,0.809228
n02932891_9865.jpg,0.72586143,0.6960784
a5d3b7d5ae1f1cac.jpg,0.48980898,0.6363636
00031221.jpg,0.91218364,0.8854972
00032515.jpg,0.8306726,0.9648198
00032635.jpg,0.53772837,0.4911954
n01811909_6839.jpg,0.77694434,0.86868685
00000026.jpg,0.73396885,0.8516908
00020399.jpg,0.74645066,0.6962524
00021318.jpg,0.8471329,0.9057306
00015927.jpg,0.7311251,0.7405382
00034269.jpg,0.6986308,0.5319794
3dad27f92386e120.jpg,0.78308916,0.79831934
00054699.jpg,0.66740924,0.8145482
00020175.jpg,0.8062029,0.7623506
00046706.jpg,0.6966495,0.586361
00029299.jpg,0.78578866,0.8209526
00017950.jpg,0.7091671,0.5859098
n00445351_5635.jpg,0.7220188,0.7641509
00024492.jpg,0.76593775,0.7370436
00010196.jpg,0.80829704,0.8528432
00038955.jpg,0.6628629,0.6876082
00002890.jpg,0.8366384,0.9004088
000000236475.jpg,0.7910204,0.9191919
00032595.jpg,0.65982467,0.6413386
00022901.jpg,0.76686525,0.6739738
00041382.jpg,0.72950244,0.7501778
00023127.jpg,0.835613,0.8403382
00038083.jpg,0.7057304,0.5819696
00053734.jpg,0.7095471,0.6972408
00031734.jpg,0.8461625,0.854892
00041479.jpg,0.73495835,0.6765184
00057782.jpg,0.7354526,0.7890532
00018490.jpg,0.6534907,0.693852
00042811.jpg,0.7466946,0.690617
00056770.jpg,0.82302797,0.7999606
00054070.jpg,0.75230145,0.7295766
n02946348_17589.jpg,0.7183908,0.8518519
00040965.jpg,0.82654107,0.9457432
n03384352_10506.jpg,0.80029947,0.8632479
2d08fd379017b6ca.jpg,0.7865174,0.8152174
00052593.jpg,0.91880023,0.9204982
00020482.jpg,0.9057727,0.9065342
b295ce363a6fc653.jpg,0.83085066,0.8
00031855.jpg,0.76264346,0.8404696
00051178.jpg,0.8122806,0.7509716
00014932.jpg,0.83089405,0.8653886
a068ea435a318d8d.jpg,0.79020214,0.72619045
00045216.jpg,0.7175828,0.7773562
00045837.jpg,0.78085756,0.6782478
00028620.jpg,0.67902637,0.6721332
00000797.jpg,0.80134153,0.8411462
00056069.jpg,0.75212246,0.8006216
00034292.jpg,0.6728528,0.5492246
03f74f6c5682c786.jpg,0.8086811,0.7777778
00016420.jpg,0.69695497,0.7703842
00053234.jpg,0.85855603,0.8924964
00027154.jpg,0.6974075,0.6578236
00058119.jpg,0.84696287,0.9293654
00041297.jpg,0.7213143,0.6518456
00026445.jpg,0.63124657,0.5802276
00057309.jpg,0.84490347,0.876881
00019257.jpg,0.7831124,0.7762512
00040887.jpg,0.7137466,0.8820492
n09359803_32774.jpg,0.56602985,0.5
00034870.jpg,0.6939889,0.7578164
00005378.jpg,0.84497404,0.7497114
00004089.jpg,0.81625223,0.887959
f60ba3e737ee431c.jpg,0.7458434,0.7078652
00007081.jpg,0.85835946,0.7301684
00009735.jpg,0.7942733,0.7954476
n00470966_19377.jpg,0.84111416,0.86734694
000000262119.jpg,0.73375344,0.6179775
00000138.jpg,0.77070546,0.7376872
00014424.jpg,0.6094997,0.6574108
00050102.jpg,0.8580879,0.7851062
00022479.jpg,0.8267533,0.8086862
00024343.jpg,0.69761515,0.7654046
00013468.jpg,0.6944542,0.6065496
00055214.jpg,0.7721623,0.7299536
000000220306.jpg,0.7226748,0.8363636
00001296.jpg,0.7232766,0.6833112
00008952.jpg,0.8269183,0.884832
00034305.jpg,0.6597029,0.6399712
00016703.jpg,0.74490714,0.7127194
n07693725_1211.jpg,0.83847654,0.84810126
00020271.jpg,0.8184674,0.820032
00025939.jpg,0.92910653,0.8767074
00055705.jpg,0.75764203,0.8668686
00017761.jpg,0.7631304,0.7353184
00042630.jpg,0.7065765,0.6163482
00040960.jpg,0.71708566,0.7630082
n03670208_2699.jpg,0.7642729,0.9183673
00034390.jpg,0.6745624,0.649535
00017472.jpg,0.5937604,0.5832678
00031038.jpg,0.677197,0.6157354
00017840.jpg,0.5874174,0.6007552
00049931.jpg,0.8358713,0.8121382
00038136.jpg,0.61380565,0.4567558
00017987.jpg,0.8070551,0.8774652
00057526.jpg,0.73710054,0.756568
00051231.jpg,0.74180293,0.6382502
n07690273_27225.jpg,0.8656902,0.8979592
00027685.jpg,0.7979904,0.5641304
1531af1a07329fe2.jpg,0.7478386,0.76666665
00014633.jpg,0.85161227,0.8146368
00049858.jpg,0.5768644,0.5275738
00030246.jpg,0.78131515,0.8189306
00051294.jpg,0.7681979,0.9301792
00046157.jpg,0.60628587,0.6580088
00023607.jpg,0.8203026,0.7223754
00003707.jpg,0.78723454,0.7061978
00042366.jpg,0.74509215,0.8604216
00034382.jpg,0.5796124,0.6207604
00021366.jpg,0.8419472,0.822217
00021909.jpg,0.7055312,0.6347568
00023003.jpg,0.8153227,0.8590888
00007827.jpg,0.7099756,0.8591164
00011311.jpg,0.7012516,0.5955218
00023804.jpg,0.86505663,0.7703724
00000982.jpg,0.8334887,0.8758964
00037632.jpg,0.72724146,0.7461808
00011764.jpg,0.71366453,0.7434212
855044ea74920b3b.jpg,0.8678852,0.8645833
00035939.jpg,0.7327262,0.7982762
00014398.jpg,0.7696018,0.8330548
00004686.jpg,0.80133116,0.8494836
n07863374_18430.jpg,0.8074212,0.7446808
00022202.jpg,0.5763485,0.696322
00033305.jpg,0.74579793,0.7892492
00027931.jpg,0.75068074,0.7809244
00026316.jpg,0.79743236,0.9125334
00056015.jpg,0.88019544,0.834477
00025833.jpg,0.91053534,0.8012304
00045799.jpg,0.7732632,0.8252744
n02129165_22072.jpg,0.83150136,0.8534483
sun_aylgxyyrsemqkiff.jpg,0.48508498,0.43119267
00001685.jpg,0.7326368,0.6384664
00000194.jpg,0.7868717,0.7471028
00034984.jpg,0.58664036,0.4774184
n01846331_5309.jpg,0.74958456,0.72289157
00054684.jpg,0.6907811,0.7698846
n04610013_18232.jpg,0.6751678,0.5945946
00057088.jpg,0.7109493,0.86189
00043034.jpg,0.6818336,0.7644888
00030227.jpg,0.81128985,0.79675
00031013.jpg,0.5937375,0.6427004
00023281.jpg,0.8011353,0.8388074
00055168.jpg,0.8215201,0.7438656
n01514668_12187.jpg,0.73971444,0.74747473
00025975.jpg,0.78747714,0.9489724
00043248.jpg,0.71744615,0.5860442
00014950.jpg,0.7660863,0.763257
n02324045_4715.jpg,0.77735823,0.7821782
00007526.jpg,0.75346625,0.8408436
00038866.jpg,0.8321636,0.7845304
00042638.jpg,0.7397062,0.7658974
00044409.jpg,0.75688094,0.6454166
00024573.jpg,0.7697332,0.9043924
n07574602_26505.jpg,0.74995583,0.9059829
00057220.jpg,0.5368607,0.5210628
00017804.jpg,0.77814364,0.7923376
00017031.jpg,0.8592443,0.7791624
00018880.jpg,0.75882405,0.8488268
b9629dfcee0b9b3c.jpg,0.7435899,0.70238096
00037872.jpg,0.6260179,0.6606604
00049256.jpg,0.73499334,0.6135082
n04610013_21393.jpg,0.70133424,0.7741935
00056698.jpg,0.8187034,0.868425
00006989.jpg,0.8710331,0.9015866
00009223.jpg,0.8228845,0.8686542
00007835.jpg,0.7127135,0.6527
00000879.jpg,0.7870097,0.7289002
00007318.jpg,0.6028735,0.658677
00029950.jpg,0.8428725,0.807799
00005123.jpg,0.60455805,0.4788206
00033802.jpg,0.69797075,0.6961114
00050751.jpg,0.8166924,0.8474866
00011593.jpg,0.8635695,0.9001734
00036710.jpg,0.6477566,0.7790312
00058187.jpg,0.7189748,0.7203568
00054396.jpg,0.84551334,0.8427982
00029858.jpg,0.7209374,0.7335056
00032226.jpg,0.8803277,0.9230768
00027916.jpg,0.65584624,0.563687
00021749.jpg,0.8793183,0.9143242
00014438.jpg,0.76059985,0.7791126
00008240.jpg,0.77726275,0.668069
00017593.jpg,0.87438786,0.8501128
00004287.jpg,0.6005295,0.5701592
000000114246.jpg,0.7833251,0.81395346
00054785.jpg,0.76314336,0.8355446
00004182.jpg,0.8390397,0.8841632
00016925.jpg,0.671041,0.6906432
00057510.jpg,0.7896628,0.8216162
n09359803_25458.jpg,0.5900539,0.622449
00030257.jpg,0.8693023,0.934875
00036880.jpg,0.7668321,0.7156076
00056603.jpg,0.7799348,0.655853
00005959.jpg,0.6593043,0.8484276
00053406.jpg,0.809684,0.8262164
00033793.jpg,0.6129308,0.624192
00002558.jpg,0.79447097,0.8905454
00055434.jpg,0.8260706,0.9430756
00055023.jpg,0.8056044,0.9079856
00024423.jpg,0.8203041,0.7281448
00041136.jpg,0.6853879,0.752349
00027117.jpg,0.68295896,0.6894468
00041391.jpg,0.6774154,0.7838502
00032090.jpg,0.76080656,0.714407
00002184.jpg,0.71153605,0.7753744
00046438.jpg,0.7349925,0.8646386
00020420.jpg,0.69245875,0.5765072
000000115635.jpg,0.80884296,0.88
sun_akynhepkzcxxkgow.jpg,0.56344116,0.45217392
n01811909_4089.jpg,0.82615316,0.89
00020742.jpg,0.8591186,0.89779
00048612.jpg,0.7504193,0.8296264
n02355227_15177.jpg,0.8541239,0.8202247
00050009.jpg,0.79121846,0.8285156
00023208.jpg,0.8537389,0.7872686
n04610013_2229.jpg,0.7182577,0.71428573
00040915.jpg,0.7406107,0.6587728
00000701.jpg,0.8111453,0.8097752
00011002.jpg,0.86251056,0.9294396
00001492.jpg,0.8041211,0.9051436
00045873.jpg,0.7467078,0.6849718
000000268481.jpg,0.77268255,0.83157897
00037595.jpg,0.62673014,0.635018
00041188.jpg,0.8027116,0.7499194
00037763.jpg,0.6364511,0.4853306
00016776.jpg,0.55330026,0.6348988
00036311.jpg,0.6281948,0.4832628
00042587.jpg,0.65310776,0.6176488
00046118.jpg,0.76094425,0.916902
n12345899_9738.jpg,0.5631166,0.5416667
00013808.jpg,0.84597325,0.8471876
00022828.jpg,0.74487007,0.6614766
00041500.jpg,0.7009127,0.735763
00014242.jpg,0.6510961,0.6290288
00035869.jpg,0.69333345,0.791523
00037587.jpg,0.76898634,0.6123948
00029638.jpg,0.5564681,0.4706898
39d1ce9574b2df8f.jpg,0.5062951,0.48421052
00017483.jpg,0.857301,0.871253
00054466.jpg,0.75107193,0.6965606
00040743.jpg,0.75826657,0.7171522
00028544.jpg,0.7805817,0.6542306
00019663.jpg,0.85872185,0.9070676
n07654148_11189.jpg,0.82380265,0.872093
n02430045_2970.jpg,0.8088571,0.8245614
n02932891_37818.jpg,0.7373797,0.625
00013576.jpg,0.71064115,0.7568904
00001246.jpg,0.591334,0.5566564
00006363.jpg,0.71573293,0.7430722
00050642.jpg,0.5288471,0.4722984
00014904.jpg,0.6665995,0.5405286
00043262.jpg,0.79993933,0.6832282
00057090.jpg,0.8622799,0.7914924
00031080.jpg,0.7527154,0.8745614
00031388.jpg,0.8085489,0.893716
00006012.jpg,0.67396975,0.7596762
00048857.jpg,0.87524325,0.9077742
n03594945_9271.jpg,0.7602829,0.68367344
000000283144.jpg,0.8800217,0.88297874
00028163.jpg,0.7632067,0.7647024
n07880968_2005.jpg,0.86866945,0.90588236
2a7c45cb2c6ffdca.jpg,0.74171996,0.7326733
n07594066_2861.jpg,0.8090389,0.86021507
00029853.jpg,0.78809947,0.828576
sun_anithpynqsbzxojv.jpg,0.6112784,0.57272726
00058669.jpg,0.8796287,0.8913018
00041669.jpg,0.73769903,0.5814214
00054470.jpg,0.7854638,0.7670268
00031322.jpg,0.8267206,0.8480396
00055950.jpg,0.812247,0.771098
00054385.jpg,0.7560294,0.8380744
00051117.jpg,0.78960407,0.863758
00045304.jpg,0.72100747,0.5355032
00036329.jpg,0.6225693,0.5730916
00022096.jpg,0.8696731,0.752014
000000455557.jpg,0.7466799,0.8019802
a524a06b55294fe0.jpg,0.79466593,0.8064516
000000124167.jpg,0.7702307,0.7303371
00019823.jpg,0.71210086,0.8802476
00031262.jpg,0.87596536,0.9082188
00022475.jpg,0.62827843,0.5843414
00015824.jpg,0.63825005,0.8128814
5e3a978ab9c582de.jpg,0.72687525,0.78333336
00029721.jpg,0.60363424,0.6452938
00058717.jpg,0.7176613,0.715145
00026390.jpg,0.702379,0.6749658
00009509.jpg,0.6330167,0.6518054
00002201.jpg,0.79799426,0.7711582
n09288635_2459.jpg,0.6198274,0.54022986
00010678.jpg,0.770445,0.7408714
00041740.jpg,0.7424195,0.8271064
sun_adelbgkxaewbxymf.jpg,0.5437382,0.48421052
00000423.jpg,0.7463319,0.616464
00015840.jpg,0.84489936,0.8350302
n07933274_30233.jpg,0.89217716,0.9111111
00009881.jpg,0.8032591,0.9434076
00036405.jpg,0.5337875,0.3346346
00019426.jpg,0.7961168,0.842246
00017113.jpg,0.77230144,0.8538828
n07929519_35662.jpg,0.8254963,0.72
00001784.jpg,0.646948,0.767657
00000029.jpg,0.6431267,0.6396668
00011911.jpg,0.84853894,0.8596344
00016808.jpg,0.7806057,0.7522318
000000313148.jpg,0.7955265,0.8888889
00042016.jpg,0.703627,0.7880156
00037361.jpg,0.6535098,0.624773
00052943.jpg,0.6363937,0.7285646
00008433.jpg,0.660198,0.4747984
00051064.jpg,0.81334585,0.857904
00004213.jpg,0.6144362,0.529896
00020644.jpg,0.8025452,0.8190024
n09393605_59874.jpg,0.6794961,0.6956522
00042996.jpg,0.7121225,0.7062622
00003054.jpg,0.90179604,0.8804884
00003124.jpg,0.5745394,0.6930388
00007267.jpg,0.7235721,0.7159138
00045700.jpg,0.78660655,0.850134
00015252.jpg,0.8417096,0.8867642
00021585.jpg,0.6994703,0.7014376
00026257.jpg,0.73809016,0.7321062
49bf04a42c9d83c1.jpg,0.78168964,0.5591398
00023388.jpg,0.773805,0.7295906
00031154.jpg,0.6689935,0.715182
00019691.jpg,0.74184394,0.8384204
00056810.jpg,0.8517349,0.8704056
000000162578.jpg,0.68277794,0.65686274
000000200391.jpg,0.67377174,0.72289157
00015155.jpg,0.76086336,0.6896978
00005259.jpg,0.8906586,0.848466
00058547.jpg,0.88475114,0.8686508
00015175.jpg,0.7311204,0.7750818
000000026323.jpg,0.7009503,0.8172043
00002322.jpg,0.6977312,0.6962656
n02324045_9249.jpg,0.7651494,0.8053097
00014601.jpg,0.76490116,0.8557964
00030425.jpg,0.88849574,0.920065
00049144.jpg,0.82642764,0.8673428
00006645.jpg,0.7063229,0.7330686
00030933.jpg,0.77890164,0.9248302
00028119.jpg,0.69740754,0.5934336
00040771.jpg,0.7412098,0.7997868
00037479.jpg,0.6737859,0.6121802
00030980.jpg,0.79354036,0.8526784
00041019.jpg,0.78746045,0.7593766
00009228.jpg,0.7562819,0.7444344
n07680932_43728.jpg,0.8709975,0.9404762
00054990.jpg,0.85769784,0.8445258
00053570.jpg,0.82026243,0.780045
00050772.jpg,0.8243896,0.8679996
00000302.jpg,0.8771589,0.8942744
00002059.jpg,0.65309095,0.8579916
00057818.jpg,0.64412266,0.6536632
n07583197_5525.jpg,0.8268251,0.8018018
00015864.jpg,0.6532263,0.7221762
00012417.jpg,0.81415415,0.909053
00053597.jpg,0.8034793,0.9257174
n02324045_29383.jpg,0.8423856,0.90625
00046658.jpg,0.70921695,0.7575354
00008842.jpg,0.69436896,0.7200902
00050280.jpg,0.84549445,0.9016574
00055520.jpg,0.89575493,0.8870164
00018494.jpg,0.83476865,0.8761942
00010083.jpg,0.7524184,0.6853382
00033940.jpg,0.74498266,0.6429256
02690f65ea2a2223.jpg,0.8194835,0.7816092
00033168.jpg,0.79902214,0.870994
00054052.jpg,0.8056618,0.7347912
69ccdf051c08d9e7.jpg,0.6350357,0.5436893
00054647.jpg,0.8711636,0.92361
00023383.jpg,0.70599616,0.7578284
00053094.jpg,0.77228844,0.7529654
e04b7724f7319907.jpg,0.8487799,0.9207921
00048759.jpg,0.7089767,0.7683156
00036456.jpg,0.62786233,0.5966052
00002692.jpg,0.8185567,0.9373376
00002596.jpg,0.7837653,0.7268142
00043841.jpg,0.56331015,0.5491558
00035860.jpg,0.6972792,0.5555
00045543.jpg,0.8968333,0.9345468
00043142.jpg,0.8209753,0.7323338
00000059.jpg,0.72586083,0.7220554
00053997.jpg,0.8374778,0.8886146
n04467665_69878.jpg,0.69120276,0.43956044
000000256061.jpg,0.7723462,0.7765958
00046605.jpg,0.6970888,0.727432
00052587.jpg,0.5764855,0.4991342
00030591.jpg,0.70061314,0.6978774
00008185.jpg,0.7154032,0.839162
00024342.jpg,0.6845791,0.760305
00054105.jpg,0.72481567,0.8494816
n02932891_36723.jpg,0.7115017,0.6904762
00016987.jpg,0.7916758,0.9019092
00020371.jpg,0.7892877,0.8091676
00007918.jpg,0.79015374,0.8237852
00032311.jpg,0.8515312,0.8264664
00051933.jpg,0.8434794,0.9138688
00006796.jpg,0.7814938,0.8246056
00049581.jpg,0.82292545,0.8377112
00011878.jpg,0.80527866,0.910909
00017329.jpg,0.6950629,0.6060998
00002009.jpg,0.7546526,0.850937
00029845.jpg,0.7083361,0.7136856
00046728.jpg,0.7264086,0.575215
00038678.jpg,0.745572,0.7626324
00003165.jpg,0.7790252,0.701104
00030039.jpg,0.77318895,0.8384376
00025175.jpg,0.79023653,0.773875
00056593.jpg,0.8507164,0.8642668
n03512147_4460.jpg,0.80240834,0.7904762
00044766.jpg,0.7354933,0.7332722
00002532.jpg,0.7811742,0.7182306
00017909.jpg,0.8600588,0.840351
n07806221_23282.jpg,0.74684393,0.7307692
sun_aruondwdoqjktugy.jpg,0.5057578,0.43010753
00036350.jpg,0.6083437,0.5409966
00039950.jpg,0.76481247,0.7868174
00002559.jpg,0.7175547,0.6463018
n02432983_5356.jpg,0.7220159,0.67901236
00020361.jpg,0.8716722,0.8702608
00020380.jpg,0.84380937,0.8331502
00014315.jpg,0.6336893,0.5991364
00045225.jpg,0.73623055,0.7385428
n09270735_51499.jpg,0.6706234,0.78125
00054968.jpg,0.85629594,0.8069342
00033723.jpg,0.8402113,0.9234268
00000550.jpg,0.72997487,0.78518
00020282.jpg,0.87848777,0.7796168
0dd4c580c14df3d1.jpg,0.7349249,0.7962963
00042934.jpg,0.7254628,0.6757966
n09468604_18802.jpg,0.60312754,0.4811321
00057733.jpg,0.8504258,0.9497286
00022857.jpg,0.5563595,0.659327
00033580.jpg,0.53728473,0.4700988
00049627.jpg,0.7307774,0.660151
000000441674.jpg,0.8598423,0.8988764
00041556.jpg,0.76543,0.7777002
n09393605_36719.jpg,0.5564844,0.49019608
00003929.jpg,0.83058107,0.9172696
00024262.jpg,0.71041894,0.792487
00025817.jpg,0.73928463,0.7932904
00001248.jpg,0.7623599,0.8080406
00030653.jpg,0.7954278,0.8061994
00041760.jpg,0.7830155,0.793904
n09217230_1761.jpg,0.61662203,0.5959596
00006642.jpg,0.8536159,0.9159946
00014891.jpg,0.8053622,0.8101528
n04461696_16043.jpg,0.80896616,0.7894737
00010926.jpg,0.8311573,0.8783524
00058479.jpg,0.74239767,0.8767356
00043833.jpg,0.75777745,0.6254334
000000135694.jpg,0.81829166,0.9583333
00012386.jpg,0.78995025,0.843521
00025305.jpg,0.6297451,0.3598452
00006841.jpg,0.6261011,0.5524032
00042977.jpg,0.71701986,0.6665014
00027869.jpg,0.816424,0.8844372
n07929519_33781.jpg,0.8710051,0.88785046
00009332.jpg,0.70455277,0.774538
00058341.jpg,0.77322733,0.8073792
sun_ahhlccroxiadjixl.jpg,0.49230835,0.28301886
00039321.jpg,0.6210556,0.5687624
00023249.jpg,0.6845097,0.7119122
00048250.jpg,0.7353054,0.8128672
00026218.jpg,0.6773376,0.732993
00020520.jpg,0.6391077,0.6439246
00049362.jpg,0.5996111,0.6767422
00010034.jpg,0.6107436,0.5204678
00031528.jpg,0.6100986,0.733749
00014704.jpg,0.7614895,0.8016568
00035994.jpg,0.63378775,0.7233468
00028492.jpg,0.836406,0.8387456
00027188.jpg,0.7292383,0.7294652
00023715.jpg,0.7029345,0.589557
00025894.jpg,0.84910506,0.8667394
n07880968_6786.jpg,0.80445325,0.86915886
00005450.jpg,0.66638935,0.7335652
00052698.jpg,0.7715161,0.8003438
00026735.jpg,0.6512334,0.6630804
00058363.jpg,0.64412266,0.5453066
00005944.jpg,0.82081425,0.8518734
00026086.jpg,0.70357597,0.5727424
00040349.jpg,0.7701398,0.863717
n02946348_8286.jpg,0.7517356,0.8362069
n02118333_6830.jpg,0.81903565,0.902439
000000498583.jpg,0.7464176,0.8
00056314.jpg,0.81321293,0.8752914
00021197.jpg,0.7140674,0.7867384
00041333.jpg,0.7422568,0.6739766
00029162.jpg,0.82135695,0.8807212
000000384964.jpg,0.8295251,0.82222223
n03541923_295.jpg,0.6385174,0.70454544
00004539.jpg,0.7615828,0.817479
00023580.jpg,0.75635433,0.6849824
00005383.jpg,0.8243824,0.889666
00043310.jpg,0.8027804,0.842883
00042842.jpg,0.7149707,0.7813616
00010116.jpg,0.73541284,0.6794444
00049085.jpg,0.8064091,0.8367992
00042398.jpg,0.73897904,0.8248196
00054364.jpg,0.8504094,0.8374812
00031792.jpg,0.8631889,0.7521846
00052484.jpg,0.7786872,0.8126358
00027048.jpg,0.87603635,0.9095482
00013237.jpg,0.564258,0.505104
00006252.jpg,0.8512722,0.9028128
00025499.jpg,0.7291806,0.8327226
000000573841.jpg,0.6645783,0.8018868
00035223.jpg,0.64255464,0.6059592
00035017.jpg,0.64118487,0.7514748
00053979.jpg,0.74551016,0.796842
00017823.jpg,0.61870325,0.6543388
00034584.jpg,0.7100494,0.6591424
00010792.jpg,0.7636469,0.825997
00036477.jpg,0.60037804,0.6581096
00034271.jpg,0.66755676,0.522099
00009782.jpg,0.8115244,0.8304638
00050363.jpg,0.7591878,0.8412334
00042527.jpg,0.7254691,0.7137014
00050745.jpg,0.85248274,0.9345136
n00480993_11686.jpg,0.7306102,0.6136364
00045580.jpg,0.66808164,0.6425016
00008087.jpg,0.6605817,0.6004596
00046364.jpg,0.78122675,0.6805148
000000511343.jpg,0.8196173,0.88297874
00010553.jpg,0.76287585,0.7175002
000000107716.jpg,0.8267844,0.84782606
717b396012deba08.jpg,0.83836955,0.9101124
00045095.jpg,0.69552577,0.8044248
n07679356_29539.jpg,0.8250876,0.77894735
00010906.jpg,0.891702,0.9521054
00047939.jpg,0.6910985,0.6830754
00019019.jpg,0.7499019,0.8399876
00021177.jpg,0.7227514,0.7857024
00053485.jpg,0.83999515,0.8936576
00013880.jpg,0.7373891,0.8136794
00042802.jpg,0.72251904,0.708657
00040726.jpg,0.7026376,0.7157618
00009624.jpg,0.7478483,0.7538142
00001885.jpg,0.5952724,0.6269548
00048149.jpg,0.7232425,0.6866008
00016905.jpg,0.80182004,0.8428738
00029817.jpg,0.8815224,0.9148834
000000326264.jpg,0.8546118,0.877551
00003652.jpg,0.6239204,0.6475674
00041057.jpg,0.7249468,0.7383538
00057741.jpg,0.9105189,0.910119
00020407.jpg,0.77036816,0.7786608
00049254.jpg,0.71079063,0.6767648
00033562.jpg,0.7857683,0.6735232
00015385.jpg,0.8568197,0.8154536
00034666.jpg,0.74084735,0.8135346
00009218.jpg,0.7096797,0.749992
n02129165_23275.jpg,0.86233115,0.9122807
00029799.jpg,0.7036818,0.730486
sun_akuzxstcblvhmomk.jpg,0.5270323,0.3301887
00056237.jpg,0.8075192,0.902784
00023403.jpg,0.7367029,0.6601042
00025518.jpg,0.87155867,0.9716054
00024428.jpg,0.62205344,0.6100006
00010168.jpg,0.6688272,0.7625036
00006117.jpg,0.8755778,0.9225246
00014493.jpg,0.5215355,0.4203966
00053326.jpg,0.8085436,0.825479
00054568.jpg,0.7895047,0.849039
00044898.jpg,0.880332,0.8979716
00004773.jpg,0.79529536,0.8944622
00028781.jpg,0.78551936,0.8042436
00007353.jpg,0.8581972,0.9000658
00022037.jpg,0.80534834,0.8273144
00023917.jpg,0.69210404,0.548611
00004021.jpg,0.81574786,0.8010276
000000182496.jpg,0.9134887,0.9777778
00012097.jpg,0.6459507,0.6978914
00050300.jpg,0.72865415,0.805393
00037926.jpg,0.68402267,0.7635592
n03541923_4292.jpg,0.6557807,0.6813187
00005141.jpg,0.82335097,0.8810024
n04465501_2922.jpg,0.7762849,0.7798165
00007572.jpg,0.8196446,0.9306954
00034859.jpg,0.62433946,0.5462736
00025271.jpg,0.79108214,0.804926
00000003.jpg,0.66836953,0.6020074
00038243.jpg,0.59809804,0.3965432
00025044.jpg,0.61500096,0.428516
00035207.jpg,0.533989,0.749759
00053325.jpg,0.6188342,0.561745
00046116.jpg,0.79491186,0.8233694
00043731.jpg,0.7466972,0.790989
00022158.jpg,0.7751925,0.7881932
00017080.jpg,0.83825815,0.9335348
00027669.jpg,0.72373664,0.8082422
00023163.jpg,0.7952313,0.8888878
n07933274_33948.jpg,0.80433214,0.90625
00031598.jpg,0.7638018,0.897271
00043830.jpg,0.80594486,0.7507828
00058135.jpg,0.7558911,0.7390244
00042613.jpg,0.7109337,0.7032804
00011239.jpg,0.8667737,0.8566396
00009589.jpg,0.7753155,0.7247468
00053249.jpg,0.75936687,0.803375
00055813.jpg,0.8300987,0.9197314
00012477.jpg,0.6206583,0.6526918
00016561.jpg,0.5861367,0.6961748
00018754.jpg,0.8174901,0.895821
00055686.jpg,0.86864823,0.9245688
00011632.jpg,0.8076143,0.7601072
00032435.jpg,0.7790749,0.8320918
00054427.jpg,0.7747179,0.8294354
00042970.jpg,0.76992303,0.76801
00042201.jpg,0.7209924,0.766159
00042579.jpg,0.72002864,0.695974
00050603.jpg,0.7793975,0.8055344
00006006.jpg,0.82523996,0.775432
00036531.jpg,0.63313097,0.6684984
00050158.jpg,0.69711536,0.7319046
00043742.jpg,0.7901915,0.851438
00030248.jpg,0.6451042,0.6349726
00015775.jpg,0.83527523,0.8749628
00028256.jpg,0.67613274,0.4833136
00017509.jpg,0.80973125,0.7531328
00028166.jpg,0.7066869,0.7521982
00012441.jpg,0.7707148,0.776885
00013220.jpg,0.8255516,0.8621998
000000393228.jpg,0.7503478,0.79347825
00032302.jpg,0.59529793,0.6024586
00000337.jpg,0.8036121,0.9445424
00020832.jpg,0.7521809,0.8249944
00010223.jpg,0.7333692,0.6917968
00017112.jpg,0.9061894,0.8992462
00058080.jpg,0.8773016,0.9639194
00058425.jpg,0.8204572,0.7858444
00054883.jpg,0.7450999,0.669521
sun_abrwdgsipagiljbz.jpg,0.6059586,0.61538464
00012744.jpg,0.75355315,0.7270758
00039646.jpg,0.77344286,0.7944464
n07850329_30046.jpg,0.87474626,0.95049506
000000302582.jpg,0.70119655,0.63461536
00030907.jpg,0.7107523,0.821602
97a9ba3535794459.jpg,0.8725496,0.8952381
00044442.jpg,0.6992781,0.621844
n07806221_23330.jpg,0.7694135,0.84042555
00041893.jpg,0.6146857,0.5287036
00054258.jpg,0.9318545,0.8891796
00043256.jpg,0.74176073,0.7245856
00002810.jpg,0.7936257,0.7766862
00033883.jpg,0.74409926,0.5439624
00044397.jpg,0.67747295,0.678597
00013992.jpg,0.70116097,0.733159
00046699.jpg,0.7538633,0.7235604
00034322.jpg,0.76516545,0.6991706
00032906.jpg,0.6998019,0.6580886
00031125.jpg,0.80851793,0.7577764
00045901.jpg,0.7121894,0.7669312
00057750.jpg,0.801558,0.7635524
000000012876.jpg,0.73665756,0.83809525
00016194.jpg,0.9019238,0.8416202
000000284670.jpg,0.66575694,0.65346533
00016800.jpg,0.5903938,0.5054296
00040612.jpg,0.79127896,0.6438472
00028730.jpg,0.78483546,0.7063224
00048529.jpg,0.7462563,0.7978508
00012267.jpg,0.7677291,0.6744986
00056916.jpg,0.8592604,0.9343802
00038268.jpg,0.66782,0.6847232
00053897.jpg,0.7602337,0.8260746
00058038.jpg,0.81546974,0.8780254
00016128.jpg,0.58173203,0.595054
00038557.jpg,0.7284664,0.7269352
00015986.jpg,0.8175928,0.7682894
00049314.jpg,0.85385966,0.8423614
00035883.jpg,0.7769929,0.847393
00036045.jpg,0.6956001,0.6820046
n02450034_12771.jpg,0.776477,0.7395833
00050973.jpg,0.7234223,0.6681562
00026438.jpg,0.9692363,0.8793596
00009268.jpg,0.69241434,0.6473808
00010041.jpg,0.8438683,0.9032954
n04231693_19772.jpg,0.67772543,0.59210527
00018173.jpg,0.8146237,0.873985
00056218.jpg,0.6645779,0.772826
00057667.jpg,0.76078683,0.7206878
00010596.jpg,0.8533661,0.8082754
00035279.jpg,0.68608516,0.678897
00003748.jpg,0.7784746,0.7244752
00016452.jpg,0.63413495,0.6481838
00029965.jpg,0.6775111,0.7165656
000000029712.jpg,0.73074335,0.7280702
00041961.jpg,0.8559162,0.788845
00020088.jpg,0.7761937,0.8471022
n01793435_5738.jpg,0.8228676,0.7765958
00027445.jpg,0.7830446,0.8611522
00047613.jpg,0.6819893,0.6593852
00009717.jpg,0.6972228,0.7277932
00032339.jpg,0.5379803,0.4205714
00010003.jpg,0.7262924,0.7149784
00058392.jpg,0.7537097,0.8075678
00025781.jpg,0.7182323,0.7888918
n07838073_15091.jpg,0.86414844,0.90816325
00025051.jpg,0.7164992,0.7480296
00024888.jpg,0.76526535,0.737627
00016064.jpg,0.8276814,0.8300542
00020265.jpg,0.7211732,0.752599
00040644.jpg,0.79198194,0.8044334
00022087.jpg,0.66545874,0.5414518
00009980.jpg,0.7814275,0.6413636
00012916.jpg,0.72904325,0.6948702
n01811909_8210.jpg,0.74598616,0.66071427
00007693.jpg,0.85365176,0.7868814
00023824.jpg,0.8745153,0.8848808
00040741.jpg,0.62419355,0.7316644
00012934.jpg,0.76135623,0.85327
n07850329_2840.jpg,0.8616281,0.877193
00049591.jpg,0.8036734,0.8527714
00009088.jpg,0.68035203,0.6252286
00056232.jpg,0.8326107,0.8666348
00012652.jpg,0.59389275,0.4998788
n12345899_7731.jpg,0.80996495,0.85263157
4b9c9aaaa30703cf.jpg,0.7845718,0.7714286
00058068.jpg,0.73370874,0.6970562
00042187.jpg,0.68708026,0.7235
000000182927.jpg,0.77642584,0.8863636
00036756.jpg,0.65478253,0.4657132
000000414679.jpg,0.8270925,0.85263157
00025875.jpg,0.61023015,0.6587184
00016181.jpg,0.5278798,0.532066
00019082.jpg,0.8273563,0.8411258
n01791625_526.jpg,0.79217523,0.7920792
00032751.jpg,0.8242854,0.903663
00057495.jpg,0.6461443,0.5345878
00046417.jpg,0.7072914,0.6184378
00035158.jpg,0.67783433,0.6187634
00019284.jpg,0.7905488,0.8726086
00036815.jpg,0.6258175,0.7519136
00026991.jpg,0.7682375,0.8349962
00058737.jpg,0.525271,0.504409
00038422.jpg,0.6714547,0.7197826
00004829.jpg,0.7611193,0.8172586
00013686.jpg,0.7214279,0.706581
00043910.jpg,0.65950227,0.629301
00001842.jpg,0.74214417,0.7133458
00055382.jpg,0.85251343,0.9247922
00022315.jpg,0.5662085,0.5835652
00039081.jpg,0.6396104,0.647766
00042127.jpg,0.78042096,0.666786
00024141.jpg,0.7614054,0.7766582
n02793495_7616.jpg,0.601833,0.5263158
00027253.jpg,0.83421475,0.8699332
00028613.jpg,0.79076993,0.7238162
00036044.jpg,0.6868201,0.7044084
00018252.jpg,0.71036005,0.6293478
00021425.jpg,0.8924415,0.8512502
00049453.jpg,0.7129373,0.6635742
00037423.jpg,0.7913242,0.7953618
00024350.jpg,0.90631306,0.874427
00014966.jpg,0.77987087,0.6046478
00006396.jpg,0.90009624,0.9564098
000000288662.jpg,0.75707984,0.65346533
000000187959.jpg,0.80373186,0.9423077
00022095.jpg,0.7893312,0.9199432
00031985.jpg,0.70089024,0.7059252
00039869.jpg,0.8359893,0.872961
n03670208_35150.jpg,0.7663888,0.9183673
00030578.jpg,0.7775325,0.7801402
00019840.jpg,0.7822195,0.8326158
000000450647.jpg,0.74304414,0.6857143
n07696625_4335.jpg,0.82890844,0.8703704
00003346.jpg,0.73616695,0.604036
000000301697.jpg,0.8326064,0.89215684
00012797.jpg,0.5884981,0.4914066
00027134.jpg,0.76303756,0.7572618
00013976.jpg,0.7820916,0.8395288
00055559.jpg,0.74954534,0.720791
00018906.jpg,0.744279,0.6483586
00021861.jpg,0.8382107,0.9191208
00011680.jpg,0.68477994,0.830883
00001848.jpg,0.8224358,0.7506648
00004354.jpg,0.7116579,0.7934294
00032505.jpg,0.8533211,0.872546
00040206.jpg,0.8872516,0.8281292
00012334.jpg,0.72644407,0.597419
00032454.jpg,0.58657587,0.709322
n02132136_4740.jpg,0.7940038,0.7747748
00022432.jpg,0.63927335,0.6017566
00026790.jpg,0.6400511,0.7289684
00023503.jpg,0.7267718,0.7851636
00007509.jpg,0.68756956,0.664717
00006653.jpg,0.81210524,0.8553522
00006810.jpg,0.81982374,0.8661998
00032122.jpg,0.79846025,0.8168226
n07806221_21271.jpg,0.78137815,0.7916667
00010546.jpg,0.63684046,0.5354822
00021408.jpg,0.5106102,0.6219984
00015541.jpg,0.6454008,0.6276694
n03541923_565.jpg,0.7549347,0.776699
n00440941_4098.jpg,0.71681106,0.7586207
00046852.jpg,0.66796887,0.7323108
00025762.jpg,0.62420493,0.5551136
00026238.jpg,0.7074059,0.7024608
00003210.jpg,0.7726203,0.8468078
00012814.jpg,0.63781136,0.5595004
00008256.jpg,0.80543184,0.8751844
00051310.jpg,0.709672,0.6888584
00000801.jpg,0.8081817,0.8986204
00016106.jpg,0.8308847,0.933797
00031958.jpg,0.69878113,0.6647906
00017466.jpg,0.78034735,0.8284376
ddba33eeca39c042.jpg,0.6722474,0.81914896
n07720875_4744.jpg,0.8020801,0.9166667
00045009.jpg,0.7031889,0.6097044
00037491.jpg,0.66446346,0.7720816
00058586.jpg,0.72962785,0.5862788
00054972.jpg,0.850765,0.8557748
00012906.jpg,0.7418596,0.815751
00042692.jpg,0.6464679,0.6608274
00005404.jpg,0.7732472,0.773718
00027320.jpg,0.8127427,0.8255598
00033172.jpg,0.7145861,0.8654802
00057772.jpg,0.7867776,0.7924976
00025837.jpg,0.7942518,0.758586
00027710.jpg,0.64363706,0.71966
00004938.jpg,0.71929324,0.6441496
00012410.jpg,0.51736283,0.4415296
00001594.jpg,0.86901844,0.9389618
00045283.jpg,0.6373443,0.5244744
00045988.jpg,0.684401,0.702231
00002359.jpg,0.9296557,0.9592534
00047988.jpg,0.690132,0.6769528
00057647.jpg,0.7068489,0.8985018
00020386.jpg,0.6046262,0.596765
00028384.jpg,0.54816353,0.4718528
00038726.jpg,0.6639984,0.7120098
00047902.jpg,0.62124926,0.5941746
00051916.jpg,0.71223897,0.731022
00030435.jpg,0.87651736,0.863933
00019084.jpg,0.7294954,0.6616298
00036346.jpg,0.66457164,0.6581992
00010269.jpg,0.72667474,0.7348382
00023525.jpg,0.6004774,0.6547594
00038749.jpg,0.7079736,0.6493804
n09393605_23116.jpg,0.54708254,0.56435645
00008674.jpg,0.757875,0.6609454
00015633.jpg,0.6946582,0.6498082
00041291.jpg,0.74852973,0.8859072
00016121.jpg,0.77925897,0.7312398
00036744.jpg,0.7474438,0.8531276
n03791053_5670.jpg,0.8361648,0.79787236
00020462.jpg,0.72211134,0.7371946
00056850.jpg,0.85103977,0.8224858
00057656.jpg,0.81910217,0.831725
00009394.jpg,0.91452014,0.9649888
00020439.jpg,0.5392205,0.6033556
00000708.jpg,0.7864317,0.9094626
00039873.jpg,0.74235547,0.7221236
00015675.jpg,0.5625428,0.5515516
00033814.jpg,0.65293336,0.691805
00036228.jpg,0.67621166,0.654304
00014537.jpg,0.78203493,0.8656246
00027103.jpg,0.7761421,0.8437922
00053940.jpg,0.76143533,0.7623822
00054129.jpg,0.7268772,0.7052782
00030724.jpg,0.7173823,0.675112
00015215.jpg,0.81299925,0.8002926
00057493.jpg,0.8010133,0.8025032
00009449.jpg,0.79229265,0.734347
00044672.jpg,0.72212017,0.581677
00029316.jpg,0.8193661,0.8446224
00031723.jpg,0.8180224,0.7605604
00027345.jpg,0.86306787,0.8866458
0a7bf24fd9ac2bcf.jpg,0.73380965,0.8348624
051d5f29e283fb24.jpg,0.86466837,0.8645833
00021055.jpg,0.8131622,0.6846258
00056113.jpg,0.65279996,0.6934212
00018195.jpg,0.6384621,0.636533
n09415671_17814.jpg,0.5589487,0.4673913
00034225.jpg,0.58734524,0.6140058
00035075.jpg,0.6274366,0.628884
00005711.jpg,0.693367,0.665174
00040578.jpg,0.7402402,0.6149138
00016379.jpg,0.8020731,0.8138464
00023768.jpg,0.7486552,0.7430266
00053780.jpg,0.88546395,0.927603
sun_aumsgcclasofxhyw.jpg,0.6529056,0.8125
00003389.jpg,0.8329276,0.7741912
00000551.jpg,0.8435979,0.7759026
n09289331_10832.jpg,0.6480087,0.6666667
00046391.jpg,0.7516562,0.8326144
00034702.jpg,0.8674663,0.921828
00026815.jpg,0.72202295,0.478601
7cc59958b7c5b5a3.jpg,0.76698995,0.84615386
00007513.jpg,0.6877841,0.7686752
00057346.jpg,0.7433305,0.8927046
00037146.jpg,0.71013856,0.8445318
00040513.jpg,0.75494325,0.8448788
00047858.jpg,0.7992453,0.6463024
00028051.jpg,0.825507,0.7614318
00054715.jpg,0.84351873,0.7821558
000000100661.jpg,0.71357834,0.7735849
00004243.jpg,0.7078068,0.7267012
n04467665_34297.jpg,0.7349903,0.6732673
00056787.jpg,0.8053009,0.8562368
00035007.jpg,0.6239921,0.6172486
00046448.jpg,0.77972054,0.7773272
000000546693.jpg,0.74711734,0.8252427
00037773.jpg,0.6915209,0.6305752
00038564.jpg,0.7195701,0.7237144
00026460.jpg,0.85827136,0.9267764
00006567.jpg,0.606434,0.6199846
00027299.jpg,0.7427066,0.6646764
00022732.jpg,0.5933482,0.6262272
n12345899_11521.jpg,0.65041405,0.51648355
00020222.jpg,0.63892764,0.6980616
n07697537_19908.jpg,0.87427855,0.9459459
00007768.jpg,0.7254987,0.8493592
00057399.jpg,0.8747391,0.921604
00006228.jpg,0.8077929,0.7118528
00048414.jpg,0.7905886,0.837374
5e147e154a4e1d10.jpg,0.7075687,0.6458333
00017432.jpg,0.72360003,0.6674584
00016609.jpg,0.6065802,0.6780988
00012895.jpg,0.57299685,0.5667682
00007586.jpg,0.6839125,0.7361722
00024169.jpg,0.64412886,0.738537
00156ac2ee0c3d58.jpg,0.7863902,0.78899086
00028138.jpg,0.87766135,0.7005202
00020693.jpg,0.6063846,0.6548714
00020053.jpg,0.88253295,0.8727442
00026896.jpg,0.84099114,0.844903
00031061.jpg,0.77338856,0.7396204
00044097.jpg,0.8165124,0.7226056
00054102.jpg,0.8553133,0.7625516
00013258.jpg,0.68978417,0.8075934
00043516.jpg,0.6875229,0.8072298
00011942.jpg,0.82177734,0.7899614
00036003.jpg,0.76584375,0.7806342
00021739.jpg,0.7856683,0.8045306
n02934451_2999.jpg,0.70118093,0.6893204
00013878.jpg,0.72854924,0.8214216
00036163.jpg,0.6217356,0.6800206
n03791053_6538.jpg,0.802396,0.75581396
00040992.jpg,0.8501713,0.9455334
00023412.jpg,0.8435718,0.8836752
sun_axfsimotavzqntkx.jpg,0.666726,0.3904762
n07849336_25045.jpg,0.7856551,0.8598131
00006818.jpg,0.77459216,0.8054314
00035251.jpg,0.6606807,0.6915214
00038352.jpg,0.64072603,0.452423
00043945.jpg,0.65856224,0.6240486
00027933.jpg,0.7553071,0.6729308
00035534.jpg,0.7112048,0.7599354
00055417.jpg,0.86320454,0.8343978
n07716358_4045.jpg,0.87924564,0.92436975
00006690.jpg,0.7987336,0.7825398
00049647.jpg,0.7520265,0.8570248
00024821.jpg,0.68558973,0.5948802
00019011.jpg,0.721354,0.7962672
00006329.jpg,0.62951773,0.6222346
00018707.jpg,0.5749625,0.5166738
00043971.jpg,0.7299993,0.5920896
00058692.jpg,0.78398705,0.8125672
00043670.jpg,0.8396431,0.8098612
00027648.jpg,0.8324385,0.759254
000000253030.jpg,0.8159497,0.7966102
00046566.jpg,0.7270319,0.7549856
00019388.jpg,0.84967697,0.9730452
00006819.jpg,0.72704244,0.815717
00050343.jpg,0.7553271,0.8278862
n07838073_7879.jpg,0.81751883,0.82758623
sun_atfudzdjdouzqtgp.jpg,0.6541405,0.78571427
00009480.jpg,0.71804607,0.7104022
00015890.jpg,0.8093219,0.7221474
00000914.jpg,0.760962,0.7238026
n07849336_31247.jpg,0.8891346,0.91818184
00039260.jpg,0.66245013,0.6511554
00037894.jpg,0.6939335,0.8305552
00019204.jpg,0.8049676,0.8220252
00005248.jpg,0.83289343,0.8784332
00022658.jpg,0.84713364,0.759303
00037316.jpg,0.7097765,0.8866142
00038123.jpg,0.58048356,0.6182616
00052611.jpg,0.78872,0.654503
00048846.jpg,0.76719755,0.7698678
n04610013_10495.jpg,0.6469384,0.6486486
00037772.jpg,0.65909016,0.8043062
00002382.jpg,0.7111805,0.7546014
00032147.jpg,0.779755,0.739012
00009025.jpg,0.83047307,0.7889432
00031987.jpg,0.8136792,0.8466812
00026394.jpg,0.7086725,0.6201194
00011375.jpg,0.7371876,0.5921146
00016869.jpg,0.75554264,0.755452
n03791053_540.jpg,0.83005416,0.8910891
00039653.jpg,0.7133564,0.7730472
00009611.jpg,0.6567257,0.563393
00017162.jpg,0.6773184,0.6311828
00019805.jpg,0.7961781,0.7187344
00002689.jpg,0.774039,0.6980234
00032936.jpg,0.6731671,0.7105556
00023364.jpg,0.5447166,0.5967616
00005159.jpg,0.81677467,0.8638606
00004795.jpg,0.76843804,0.8218652
00000874.jpg,0.7093827,0.581316
00047443.jpg,0.69073826,0.5267812
00006369.jpg,0.7853816,0.8314514
00043933.jpg,0.82520646,0.8765568
00002632.jpg,0.7140867,0.7822654
00055690.jpg,0.7399977,0.8869448
00028698.jpg,0.74943244,0.7068626
00030717.jpg,0.8385415,0.9193662
00010362.jpg,0.7125624,0.709872
00010693.jpg,0.8063556,0.8737268
00047231.jpg,0.7278275,0.6486324
00037754.jpg,0.68811023,0.6397986
n07923748_23325.jpg,0.8064673,0.8454546
00021110.jpg,0.7768452,0.7791272
00053669.jpg,0.8777759,0.7641032
00009650.jpg,0.6761251,0.8275738
00042999.jpg,0.66894305,0.7538628
00051870.jpg,0.55542254,0.5684854
00039466.jpg,0.7017801,0.683832
00011536.jpg,0.7702242,0.6963644
00030553.jpg,0.789949,0.7221928
00021767.jpg,0.61436856,0.6295904
00055506.jpg,0.6616138,0.7976304
00052558.jpg,0.75607514,0.8487814
00032295.jpg,0.732077,0.8352518
00031424.jpg,0.6384677,0.656866
00001692.jpg,0.7550385,0.8029736
00005059.jpg,0.7325554,0.7987864
00046153.jpg,0.6953256,0.6757442
00052454.jpg,0.8458766,0.857506
00007433.jpg,0.7890854,0.793512
00021115.jpg,0.779305,0.8091328
00024316.jpg,0.8145477,0.6975594
n07801091_38331.jpg,0.69201505,0.6091954
00009251.jpg,0.7106434,0.68571
00056507.jpg,0.73652345,0.797229
00000690.jpg,0.6501024,0.7080272
n04349306_6301.jpg,0.7862413,0.8411215
00006557.jpg,0.8090354,0.7913012
00042184.jpg,0.7908169,0.8754338
n02342885_13371.jpg,0.89715743,0.94623655
00036353.jpg,0.68005544,0.7373118
00013550.jpg,0.7741818,0.8352546
aeae192fcdc7715e.jpg,0.79685897,0.7326733
00023654.jpg,0.61009026,0.7269746
00034207.jpg,0.6539868,0.6759646
00000042.jpg,0.64918125,0.7059924
00042243.jpg,0.6854081,0.7140168
n09472597_21598.jpg,0.63962996,0.6388889
00042809.jpg,0.61148345,0.64392
00038831.jpg,0.7477588,0.598837
00038894.jpg,0.6065584,0.5056152
00021556.jpg,0.8959231,0.7506602
000000026812.jpg,0.75510526,0.8627451
00029904.jpg,0.8257009,0.8594936
00033186.jpg,0.8240639,0.8639798
00010404.jpg,0.75375175,0.8320232
00004805.jpg,0.85018915,0.8401618
00032660.jpg,0.7470868,0.7254302
00000065.jpg,0.7593141,0.7143162
00006916.jpg,0.8350198,0.8928538
00016337.jpg,0.79018,0.8497646
n02932891_110.jpg,0.71103823,0.71028036
00013312.jpg,0.632161,0.6910596
00009082.jpg,0.7880939,0.7814298
00010314.jpg,0.7312879,0.6703982
00040247.jpg,0.72364616,0.7372196
000000293810.jpg,0.7783678,0.85714287
37afddf7216016f7.jpg,0.7604906,0.7777778
00045967.jpg,0.80556566,0.6992608
00052175.jpg,0.6801812,0.6835204
000000212824.jpg,0.7713932,0.8495575
00057039.jpg,0.82331216,0.8552914
00023963.jpg,0.76704204,0.9203722
00003586.jpg,0.7224958,0.870368
00009012.jpg,0.85561395,0.9008478
000000318722.jpg,0.78181803,0.90425533
00041018.jpg,0.620573,0.860062
00033585.jpg,0.6676138,0.468658
000000256859.jpg,0.7244201,0.8737864
00024708.jpg,0.7859841,0.8641426
00002285.jpg,0.7413357,0.7218176
000000101145.jpg,0.7632074,0.8636364
00042679.jpg,0.8576212,0.899088
00045210.jpg,0.73754025,0.6457532
00020315.jpg,0.68395776,0.7227612
00028891.jpg,0.5786147,0.6288136
00052780.jpg,0.84167063,0.955178
00006270.jpg,0.70792645,0.6710916
n02834778_6714.jpg,0.78952616,0.74285716
00050279.jpg,0.72480345,0.7978452
00055856.jpg,0.586213,0.5666124
00006725.jpg,0.8480437,0.894068
00041182.jpg,0.79194885,0.8460358
00027755.jpg,0.9098388,0.8031272
00004209.jpg,0.55565834,0.5763874
00040552.jpg,0.8112658,0.8782156
00027113.jpg,0.85168135,0.92863
00002562.jpg,0.68380153,0.6794362
00026641.jpg,0.75365996,0.8087534
n07717556_4620.jpg,0.92638326,0.9493671
00052120.jpg,0.81955326,0.7845014
00055996.jpg,0.68343514,0.691778
00052866.jpg,0.863369,0.7936104
00047905.jpg,0.64491904,0.6104958
00044139.jpg,0.7708763,0.7234698
00032820.jpg,0.8575262,0.8807668
00026472.jpg,0.7906879,0.7912732
00015893.jpg,0.8454425,0.8262648
00056004.jpg,0.7894589,0.8464886
00042503.jpg,0.7015084,0.6531864
00033590.jpg,0.55146885,0.605093
00035720.jpg,0.6400148,0.6325632
00021054.jpg,0.75430506,0.7617072
6679fa5f2762ade8.jpg,0.56546044,0.627451
00018371.jpg,0.8093767,0.9265678
00034901.jpg,0.6653441,0.7048288
00025197.jpg,0.7768742,0.7761656
00050757.jpg,0.7189555,0.7529704
00046146.jpg,0.7770343,0.6260402
00056610.jpg,0.6636665,0.8068138
00003921.jpg,0.8069467,0.850736
00015921.jpg,0.77684104,0.8781674
00056463.jpg,0.7759876,0.718752
00043988.jpg,0.816495,0.8376624
00034106.jpg,0.7887915,0.84872
00029185.jpg,0.9033274,0.8899054
00011226.jpg,0.7737823,0.6988994
00049250.jpg,0.84305006,0.8630308
00035287.jpg,0.6560345,0.6944438
00010489.jpg,0.7474583,0.8084388
72665bbf0c63ae44.jpg,0.8326033,0.853211
00029321.jpg,0.8616458,0.8182452
00036836.jpg,0.54321146,0.6535156
00036504.jpg,0.64736235,0.5579286
00000709.jpg,0.59492624,0.5082042
00055477.jpg,0.71161866,0.7597738
00048058.jpg,0.76267713,0.8155514
00058641.jpg,0.66770965,0.7300652
d79ea3d7d75d1698.jpg,0.79737884,0.84761906
000000318708.jpg,0.8268436,0.8064516
00016002.jpg,0.75892174,0.748221
000000462613.jpg,0.7530515,0.8867925
00024090.jpg,0.63478583,0.6895018
n00470966_25103.jpg,0.8570844,0.8938053
n01846331_1582.jpg,0.7322537,0.7948718
00033156.jpg,0.79425323,0.8077284
00028288.jpg,0.8523078,0.9377592
00027639.jpg,0.78769505,0.7767914
00033680.jpg,0.57535017,0.426018
6b27b3ffb904f51f.jpg,0.81612855,0.7625
00018206.jpg,0.8284931,0.8273264
00019407.jpg,0.7724103,0.697759
00003936.jpg,0.78154945,0.8572862
00012273.jpg,0.6945813,0.5396552
00020715.jpg,0.7926917,0.772858
00002465.jpg,0.8179804,0.8762264
00047407.jpg,0.78280723,0.6938854
00041185.jpg,0.59165823,0.6195188
00031243.jpg,0.83009833,0.7160382
00025576.jpg,0.6149622,0.3910234
00044514.jpg,0.767184,0.8285988
00028754.jpg,0.70563096,0.7096616
00002770.jpg,0.84235907,0.8243414
n12345899_2515.jpg,0.6553186,0.64835167
00056531.jpg,0.71917176,0.693274
00028850.jpg,0.83317864,0.8640748
00041857.jpg,0.7580614,0.7688538
00022283.jpg,0.7449292,0.7321212
000000219653.jpg,0.70136046,0.8598131
00058490.jpg,0.8285444,0.766957
00015805.jpg,0.7703784,0.8359926
00006556.jpg,0.8346869,0.8404326
00002529.jpg,0.5841124,0.4877312
n09270735_10323.jpg,0.7207273,0.7628866
00015191.jpg,0.8081258,0.7591286
00017572.jpg,0.7291778,0.692543
00026115.jpg,0.7496741,0.8852104
00010568.jpg,0.52769506,0.5642624
00000788.jpg,0.6885455,0.6995272
00037686.jpg,0.6424188,0.6944604
00009164.jpg,0.77203035,0.7764896
947a61e750f23ce9.jpg,0.735314,0.76086956
00037224.jpg,0.7465515,0.6801516
00027599.jpg,0.6971945,0.8558434
00056968.jpg,0.851448,0.9085178
000000481014.jpg,0.67767453,0.72839504
00039801.jpg,0.75055355,0.8086476
00006541.jpg,0.57900786,0.5845538
00039063.jpg,0.78935397,0.737429
00042381.jpg,0.7371688,0.6738532
00019510.jpg,0.7780002,0.8316658
00041796.jpg,0.7167785,0.8364688
00056566.jpg,0.7990009,0.837527
00040234.jpg,0.7019994,0.7577052
00038802.jpg,0.8113347,0.8120978
00055441.jpg,0.67336375,0.78799
00018037.jpg,0.7017291,0.7215568
00014360.jpg,0.79379356,0.87662
00007028.jpg,0.67415893,0.646375
n07711569_4200.jpg,0.8342888,0.7802198
00001660.jpg,0.81324947,0.810634
00032014.jpg,0.6464607,0.4320224
00006249.jpg,0.760329,0.628199
00051107.jpg,0.78196895,0.812388
00025143.jpg,0.5796451,0.6152526
00029015.jpg,0.87886083,0.95163
00045160.jpg,0.6709301,0.6867506
00027258.jpg,0.8580067,0.9018444
00023297.jpg,0.71164423,0.476381
00000871.jpg,0.70306414,0.6336252
00023070.jpg,0.9320539,0.8864128
00038234.jpg,0.68691915,0.7830532
42f4b58b21cbe526.jpg,0.75575775,0.85365856
00014941.jpg,0.709396,0.7027428
00031648.jpg,0.7640796,0.8910354
n03791053_8058.jpg,0.7499963,0.7478992
00008999.jpg,0.80089927,0.8940988
00054298.jpg,0.90864974,0.881
00022659.jpg,0.92925596,0.9234044
00006492.jpg,0.74944246,0.6925252
00017732.jpg,0.70317185,0.7818968
00014073.jpg,0.7069998,0.6019194
000000425131.jpg,0.80702996,0.9111111
00029400.jpg,0.7926806,0.7933106
00040520.jpg,0.67327005,0.6914954
00036449.jpg,0.8465022,0.9391618
00013665.jpg,0.88583976,0.911294
00040972.jpg,0.67010945,0.5984406
00037282.jpg,0.6409962,0.644528
00017434.jpg,0.55092454,0.5600726
n07880968_5320.jpg,0.82952654,0.8804348
00036413.jpg,0.7246393,0.4971006
00057164.jpg,0.7980895,0.74262
00007394.jpg,0.7406125,0.7957202
000000491558.jpg,0.7921514,0.78350514
00037589.jpg,0.65719897,0.7007088
00032565.jpg,0.7342305,0.7138096
00008767.jpg,0.72396874,0.7460326
00000300.jpg,0.8506495,0.8511702
00054046.jpg,0.816706,0.7451398
00008943.jpg,0.8549974,0.8364296
00055510.jpg,0.8528031,0.9056812
00021206.jpg,0.8148649,0.8617922
00004653.jpg,0.82503045,0.9311816
00027045.jpg,0.8358702,0.9491122
00011491.jpg,0.86479235,0.8757004
n07801091_37685.jpg,0.5453561,0.3838384
00043616.jpg,0.7332256,0.808877
00000713.jpg,0.7369297,0.8044362
00058268.jpg,0.6931897,0.6448226
00031115.jpg,0.72714007,0.7460042
00048171.jpg,0.7803408,0.8088208
00020245.jpg,0.8508695,0.8649724
00036069.jpg,0.5998741,0.582904
00039442.jpg,0.78524166,0.6521936
00049474.jpg,0.7660538,0.7795532
00053425.jpg,0.8646815,0.9499136
00035731.jpg,0.58869636,0.4374478
00030120.jpg,0.857597,0.8274332
9034b66aa88b7996.jpg,0.78035897,0.84090906
00016571.jpg,0.7820058,0.7012702
00043286.jpg,0.7573723,0.582633
000000538113.jpg,0.7042055,0.6226415
00036550.jpg,0.73105454,0.7097144
00048819.jpg,0.645664,0.6396346
626a3711b885a310.jpg,0.83616054,0.78899086
00048730.jpg,0.76398623,0.7135918
00047032.jpg,0.70109457,0.7946034
ecf8e91b2613e79d.jpg,0.754365,0.7653061
n09288635_24858.jpg,0.62737644,0.3983051
00031351.jpg,0.84704685,0.9801036
8797c6121f65e4e3.jpg,0.69103247,0.90178573
00001071.jpg,0.60149103,0.6388198
00013747.jpg,0.84436667,0.76329
00045386.jpg,0.70746845,0.7806254
00043983.jpg,0.6716956,0.654052
00034236.jpg,0.5913132,0.7040056
00034149.jpg,0.70744,0.7004318
n03512147_3959.jpg,0.8135838,0.76237625
00026862.jpg,0.77184576,0.8619122
00031271.jpg,0.62893486,0.6992436
00045585.jpg,0.75191367,0.7563088
00024706.jpg,0.8605181,0.9165142
00050580.jpg,0.81136787,0.8040252
00047496.jpg,0.8068571,0.732023
00044697.jpg,0.7953501,0.809225
00037960.jpg,0.75225854,0.6876342
00000066.jpg,0.8635313,0.8496258
00041096.jpg,0.72614616,0.5680666
00051819.jpg,0.8187547,0.9688774
00039938.jpg,0.7732928,0.6612424
00056413.jpg,0.690544,0.6228536
00048585.jpg,0.6784563,0.6322596
00015906.jpg,0.7610959,0.8836894
00001141.jpg,0.681754,0.6844864
00009204.jpg,0.67892754,0.6973634
00035156.jpg,0.74552816,0.7978386
00038192.jpg,0.64509875,0.7244302
59e2b03991f6a4ea.jpg,0.7421071,0.775
00033926.jpg,0.7972969,0.7726636
00044200.jpg,0.7880149,0.80175
00033636.jpg,0.76630676,0.7196302
n03384352_4888.jpg,0.8125615,0.85714287
00038160.jpg,0.56027895,0.5477466
00023005.jpg,0.64799666,0.6457272
00046401.jpg,0.7521377,0.728516
00030826.jpg,0.74580365,0.7785104
n04465501_473.jpg,0.8134626,0.82828283
00036225.jpg,0.64301366,0.754289
00039343.jpg,0.7977317,0.851811
00051215.jpg,0.88087964,0.822311
00016802.jpg,0.67195857,0.5637416
00003447.jpg,0.7816243,0.7899884
00015468.jpg,0.8421539,0.7842744
00058182.jpg,0.83190286,0.8983516
00053117.jpg,0.68161607,0.7641688
00003385.jpg,0.7413028,0.8505156
00014348.jpg,0.73504734,0.7441718
00048760.jpg,0.8677455,0.8598364
00057175.jpg,0.78507066,0.8413654
n02342885_18.jpg,0.8671974,0.88
n07696625_5467.jpg,0.7634753,0.78125
000000162735.jpg,0.8012408,0.8484849
n04461696_14803.jpg,0.783063,0.7706422
00023667.jpg,0.74424,0.6945492
00054923.jpg,0.6955407,0.6714478
00031607.jpg,0.9092132,0.8778226
00023132.jpg,0.6668339,0.533835
00047364.jpg,0.83124495,0.7582208
00047787.jpg,0.7761172,0.808917
n02118333_8931.jpg,0.8490268,0.68421054
00018798.jpg,0.8236097,0.8584318
00016052.jpg,0.69152933,0.5105214
00006811.jpg,0.7259551,0.8035738
00002569.jpg,0.77482456,0.7304544
00039547.jpg,0.7994716,0.8470136
00048362.jpg,0.7420873,0.752515
00046079.jpg,0.79390204,0.8009958
00019010.jpg,0.7109976,0.8560768
00050069.jpg,0.77913743,0.8833864
n09468604_6877.jpg,0.69276875,0.61616164
00012511.jpg,0.8816949,0.9030238
n02450034_11752.jpg,0.77948856,0.76086956
n04467665_28301.jpg,0.76609194,0.7011494
00014833.jpg,0.6470234,0.6368386
00051948.jpg,0.83304423,0.888767
00043934.jpg,0.61278176,0.7333836
00056512.jpg,0.740441,0.761334
00026372.jpg,0.803061,0.9316762
00057424.jpg,0.7230585,0.6820926
000000417857.jpg,0.74973834,0.78651685
00051567.jpg,0.7488346,0.4025346
00013209.jpg,0.7691672,0.8192472
00035981.jpg,0.7100446,0.6836136
00040983.jpg,0.7512612,0.7404902
00040674.jpg,0.7221825,0.7838478
00006761.jpg,0.82739496,0.752171
00007711.jpg,0.7943795,0.7964692
00043173.jpg,0.728257,0.8826836
00007155.jpg,0.74024826,0.7482596
00027654.jpg,0.8021775,0.8193554
00016422.jpg,0.8970654,0.8496994
n07911677_135.jpg,0.838061,0.9174312
00049056.jpg,0.8474914,0.8239704
00019532.jpg,0.8066758,0.8481734
n02924116_61494.jpg,0.83242434,0.84444445
00044508.jpg,0.86977243,0.838251
00050765.jpg,0.71712875,0.7143614
00028377.jpg,0.8244251,0.835636
00046764.jpg,0.70361996,0.7314826
n01846331_2743.jpg,0.86329603,0.8787879
00013954.jpg,0.6117095,0.458004
00033017.jpg,0.8810319,0.8531918
00034834.jpg,0.7126612,0.6617312
00025101.jpg,0.7945011,0.8091938
00037431.jpg,0.77825224,0.8638888
000000405620.jpg,0.6656787,0.67368424
00022207.jpg,0.7194599,0.7244686
00018028.jpg,0.6859216,0.7867138
00014127.jpg,0.7739805,0.7402648
00003438.jpg,0.6656398,0.6344868
00051466.jpg,0.6915635,0.7107018
b5f45353f2e7bd92.jpg,0.5965643,0.6542056
cd55c673f7709018.jpg,0.6404921,0.63366336
00014912.jpg,0.7977209,0.6841752
00014350.jpg,0.7884796,0.6457954
00036783.jpg,0.7915243,0.9739274
00026507.jpg,0.7874531,0.6133628
00023991.jpg,0.80732584,0.8030402
00005419.jpg,0.7597346,0.6779636
00049839.jpg,0.79423565,0.787256
00030938.jpg,0.8009478,0.8831752
n09289331_5869.jpg,0.69489145,0.71428573
00030506.jpg,0.8496177,0.8323994
00041660.jpg,0.6891797,0.62105
n03791053_9553.jpg,0.8542294,0.8717949
00044804.jpg,0.7170565,0.7487384
00023117.jpg,0.8310575,0.889064
00057706.jpg,0.8158362,0.8150492
00046859.jpg,0.6952158,0.8154302
43075dd1aa81e11d.jpg,0.8132448,0.8080808
00056090.jpg,0.77388346,0.8224562
00032563.jpg,0.8245705,0.8392234
00027303.jpg,0.69895536,0.6737164
00001759.jpg,0.8495611,0.8514326
n07880968_1915.jpg,0.80066353,0.88349515
00029774.jpg,0.8543578,0.7964002
00011647.jpg,0.7571769,0.6320142
00008841.jpg,0.6025666,0.4128418
n07880968_6178.jpg,0.8844521,0.90909094
00014521.jpg,0.57385886,0.556335
n07693725_11793.jpg,0.91682714,0.9313725
n03790512_1183.jpg,0.7880346,0.88095236
00038811.jpg,0.75820816,0.6728494
ebf78708d9a7bfa8.jpg,0.6218114,0.6296296
00043006.jpg,0.69808626,0.6510848
00015849.jpg,0.77289224,0.7040322
00023671.jpg,0.7400007,0.7590806
00025094.jpg,0.77316284,0.815711
00021201.jpg,0.67900836,0.7412562
00042268.jpg,0.7165134,0.7797484
00029523.jpg,0.7516428,0.7635428
00040865.jpg,0.71580684,0.8055694
00011903.jpg,0.7949505,0.7895062
00032610.jpg,0.8651966,0.830379
00020716.jpg,0.7531892,0.7639104
sun_acdirvgzjzazssye.jpg,0.59467864,0.49411765
00037876.jpg,0.5685455,0.5089658
00022331.jpg,0.7583854,0.8577822
00001765.jpg,0.6824848,0.706702
000000395337.jpg,0.7836242,0.7916667
00013125.jpg,0.6888281,0.6150948
00036876.jpg,0.5989131,0.6452842
n02691156_12560.jpg,0.65808856,0.7234042
00000601.jpg,0.78606576,0.9169106
00017194.jpg,0.8782643,0.9266536
00056998.jpg,0.83082175,0.911686
00049668.jpg,0.7998074,0.8287842
00024697.jpg,0.62519455,0.6852488
b0bc605978c40a86.jpg,0.7136541,0.77272725
00025426.jpg,0.8094915,0.7702076
n07838073_21902.jpg,0.8439299,0.7912088
00000672.jpg,0.8164975,0.8855218
00033020.jpg,0.7653508,0.79511
00045334.jpg,0.7820649,0.7111756
00007940.jpg,0.8717596,0.8244676
00055210.jpg,0.70699054,0.866662
000000391018.jpg,0.71325505,0.72115386
00045903.jpg,0.7634427,0.766984
n01514668_20239.jpg,0.8189787,0.7264151
n09303008_22269.jpg,0.46202645,0.42574257
00045568.jpg,0.76373893,0.7167326
00015205.jpg,0.7250193,0.6664486
00029164.jpg,0.63383144,0.7476754
00053544.jpg,0.5992661,0.5892954
00028301.jpg,0.72519803,0.824789
7e9596503b795607.jpg,0.7923599,0.84761906
00027580.jpg,0.80100846,0.8635782
00030776.jpg,0.86082363,0.6934912
n07717556_957.jpg,0.9476073,0.8761062
00007673.jpg,0.8106868,0.7940592
00002724.jpg,0.6853034,0.712838
00024686.jpg,0.82111543,0.8269876
sun_agojeoiyczsgnqtp.jpg,0.75739443,0.8019802
00058152.jpg,0.90855455,0.9668664
00047330.jpg,0.74459535,0.6951774
00008594.jpg,0.79041326,0.8420086
00018659.jpg,0.7264806,0.7682278
000000252844.jpg,0.63401294,0.72043014
00015048.jpg,0.78618777,0.8052962
00044679.jpg,0.79558253,0.8176028
00030729.jpg,0.8213757,0.8123044
n09415671_11456.jpg,0.52575547,0.46226415
00046363.jpg,0.72488344,0.6187264
00053998.jpg,0.83263135,0.818031
n01846331_10856.jpg,0.6817833,0.5744681
00009270.jpg,0.7540562,0.7920198
00005203.jpg,0.76563627,0.6094652
00016777.jpg,0.7611557,0.8426038
00057941.jpg,0.7230736,0.8443704
db80f3b3f678bc15.jpg,0.532992,0.55
00036986.jpg,0.69211185,0.8825444
00026550.jpg,0.71163064,0.8130414
00053228.jpg,0.8991254,0.8981052
00025146.jpg,0.7192858,0.7775468
00032423.jpg,0.746956,0.8064684
00043298.jpg,0.64649534,0.5011412
00040024.jpg,0.7556175,0.8158434
00027959.jpg,0.8365005,0.7912286
06ffee7f6da90b3e.jpg,0.6017131,0.68085104
00002583.jpg,0.75093997,0.831779
n07574602_26210.jpg,0.82303363,0.8
00049886.jpg,0.7712687,0.8799682
00040489.jpg,0.7741715,0.8282976
00022228.jpg,0.78779626,0.7797664
00005466.jpg,0.8340031,0.8787814
n09472597_3365.jpg,0.57699853,0.6236559
00015723.jpg,0.70838475,0.7801992
00042417.jpg,0.69230235,0.7798046
00002524.jpg,0.822167,0.8386522
00003679.jpg,0.8545536,0.8438704
00046006.jpg,0.80222505,0.820342
00044841.jpg,0.6430954,0.7074424
00055988.jpg,0.57939243,0.600533
00027352.jpg,0.7403549,0.8577078
00009430.jpg,0.5758533,0.6544704
00055345.jpg,0.7839215,0.911031
00049340.jpg,0.7287255,0.7604364
00004836.jpg,0.8975948,0.9177758
00045716.jpg,0.71401346,0.6497648
00056845.jpg,0.7872846,0.738129
n07753592_7261.jpg,0.86761713,0.8811881
e1d2aa04889492be.jpg,0.73006153,0.80487806
00006874.jpg,0.68954253,0.6883334
00026964.jpg,0.71282554,0.4855162
00058239.jpg,0.8016873,0.831388
00012562.jpg,0.77585477,0.8651266
00034852.jpg,0.60714006,0.7055726
00035246.jpg,0.73633844,0.815019
00034434.jpg,0.7203128,0.8388612
n03541923_611.jpg,0.8044653,0.8068182
00042890.jpg,0.6969884,0.732292
sun_aruzhowbjizakxna.jpg,0.53791595,0.43
00033973.jpg,0.66305614,0.6671592
00009171.jpg,0.82728165,0.9200128
00050118.jpg,0.8114513,0.8331268
00014927.jpg,0.7340522,0.785195
00056884.jpg,0.7786958,0.8391996
00046272.jpg,0.7293301,0.792641
00028523.jpg,0.8401993,0.9277948
00053186.jpg,0.8813437,0.8693524
00016773.jpg,0.7662123,0.7970438
00007902.jpg,0.61494756,0.554907
00026946.jpg,0.71633434,0.655745
00035743.jpg,0.71334076,0.6906808
00029742.jpg,0.763518,0.7449216
00006883.jpg,0.85742354,0.8907254
00002994.jpg,0.6073195,0.4927908
00032357.jpg,0.750782,0.8243466
00031543.jpg,0.7591595,0.7577604
00028404.jpg,0.5917509,0.6381076
00043284.jpg,0.7916664,0.7598682
00004999.jpg,0.8497393,0.907659
00018787.jpg,0.760607,0.7788466
00038734.jpg,0.7062386,0.7318444
00016487.jpg,0.6868384,0.7006232
00009737.jpg,0.7802166,0.7564848
n07850329_28366.jpg,0.8406307,0.9247312
00001876.jpg,0.7046561,0.7586084
00012635.jpg,0.7480451,0.7073304
00031536.jpg,0.7285111,0.7344122
00054941.jpg,0.64621735,0.746707
00037474.jpg,0.68217206,0.5330336
00042343.jpg,0.90038097,0.8297618
00003730.jpg,0.7278741,0.7289842
00017244.jpg,0.8285106,0.8090754
00049008.jpg,0.80484295,0.8473996
00021093.jpg,0.764459,0.9053542
00047080.jpg,0.8478625,0.7673804
00008201.jpg,0.7230005,0.7544328
00035739.jpg,0.6738855,0.4602716
000000101979.jpg,0.6812993,0.68085104
00036559.jpg,0.64347094,0.6368694
52d6421dbe9e7100.jpg,0.7409548,0.8333333
00044389.jpg,0.6803711,0.5819498
n02129165_4058.jpg,0.8828369,0.86021507
00001424.jpg,0.78486085,0.7590716
00009041.jpg,0.69506943,0.7451684
00051874.jpg,0.7907423,0.6349294
00004046.jpg,0.748821,0.829719
00021794.jpg,0.6946945,0.7274482
00037695.jpg,0.7270967,0.782483
00008128.jpg,0.85032177,0.8858032
00044786.jpg,0.71968913,0.8229158
00052524.jpg,0.616451,0.6777494
d3dc5678a8a28f95.jpg,0.78972566,0.8817204
00046227.jpg,0.7884078,0.9009144
00022366.jpg,0.73600304,0.6768586
00042080.jpg,0.66484624,0.6621598
00044936.jpg,0.7778592,0.8641956
00053323.jpg,0.791748,0.8908658
00011206.jpg,0.582892,0.503942
00034895.jpg,0.838951,0.8473084
00031545.jpg,0.753869,0.8766082
00003577.jpg,0.71368974,0.7099512
00038958.jpg,0.6779968,0.7458938
00008826.jpg,0.88378835,0.9161798
00024952.jpg,0.8133728,0.787875
00014081.jpg,0.72352487,0.7755414
00033111.jpg,0.58325094,0.645409
000000524027.jpg,0.8099507,0.85263157
c1a866badf03b36b.jpg,0.61212647,0.73195875
00008161.jpg,0.80312175,0.9026456
00022564.jpg,0.783496,0.7443454
n01846331_471.jpg,0.7557633,0.7416667
00043390.jpg,0.72730076,0.6326898
00007932.jpg,0.87583774,0.9205506
n07583197_7009.jpg,0.8395065,0.8468468
00002240.jpg,0.66467184,0.791971
00014295.jpg,0.69375145,0.6849352
00009530.jpg,0.7741786,0.6590846
00048493.jpg,0.689059,0.715483
00041033.jpg,0.6566715,0.7560546
00036029.jpg,0.676796,0.5293458
00052699.jpg,0.9194365,0.944225
00026095.jpg,0.803416,0.8686502
00006709.jpg,0.680238,0.6079
00025825.jpg,0.8524716,0.8025016
00022263.jpg,0.6948707,0.699188
00028819.jpg,0.82458925,0.860332
00017792.jpg,0.7042825,0.8537916
ee9ff188921745c2.jpg,0.74134886,0.7676768
00044511.jpg,0.7142974,0.8009096
00029154.jpg,0.5913219,0.7091896
00005789.jpg,0.7635304,0.6981964
00018995.jpg,0.82156146,0.830477
00027748.jpg,0.69722104,0.8455786
00034042.jpg,0.61963165,0.545075
00007922.jpg,0.8616166,0.9602624
00001127.jpg,0.7609903,0.8087926
00014498.jpg,0.78009415,0.8415016
00004429.jpg,0.66020405,0.6401268
00054559.jpg,0.87935126,0.881499
n07696625_306.jpg,0.8209615,0.7920792
n02129165_5082.jpg,0.8449427,0.8288288
00040834.jpg,0.71102846,0.8550786
000000192692.jpg,0.92066544,0.86734694
00004081.jpg,0.74029315,0.8147746
00015540.jpg,0.723258,0.7418862
00008263.jpg,0.7779001,0.8516206
00040897.jpg,0.7477616,0.8000476
00042086.jpg,0.8186535,0.8220852
00004794.jpg,0.67291516,0.6346658
00026147.jpg,0.78005934,0.6884154
00047659.jpg,0.74771106,0.700837
00009177.jpg,0.6830256,0.748777
00049651.jpg,0.8145107,0.794102
00033437.jpg,0.82083285,0.841703
00053144.jpg,0.5885955,0.571559
00047222.jpg,0.7803783,0.7703604
00037528.jpg,0.61085486,0.4798742
00050088.jpg,0.8353738,0.8646128
00011949.jpg,0.800183,0.847885
00057705.jpg,0.8088833,0.8387868
00029368.jpg,0.87480795,0.866253
n00445351_5640.jpg,0.7535225,0.6826923
00026451.jpg,0.85031736,0.8818006
00002396.jpg,0.86174273,0.8344516
00024232.jpg,0.75451624,0.7719188
00019541.jpg,0.7379298,0.7285934
00025718.jpg,0.8059413,0.829787
00045077.jpg,0.67584485,0.735497
00046746.jpg,0.6924919,0.7458964
00020956.jpg,0.73089135,0.776001
00033041.jpg,0.86736536,0.9025764
00024399.jpg,0.6160243,0.633352
00054963.jpg,0.66146207,0.699129
00010623.jpg,0.6973824,0.6188818
n09421951_8175.jpg,0.60199654,0.75789475
00047515.jpg,0.809882,0.871981
00022238.jpg,0.6827048,0.80024
00040918.jpg,0.76633835,0.8915172
00011970.jpg,0.77500594,0.5849942
00056677.jpg,0.67511845,0.7648152
00057328.jpg,0.68682075,0.8339168
00054048.jpg,0.89010787,0.8724296
n07863374_18299.jpg,0.8177823,0.91
00053293.jpg,0.8555824,0.8577014
00043043.jpg,0.7430351,0.8024484
sun_auyawxqigfkfzqic.jpg,0.6003784,0.5855856
n07911677_4761.jpg,0.7788861,0.8172043
00049764.jpg,0.74524885,0.7600874
00010015.jpg,0.66077125,0.7020168
00037432.jpg,0.7114197,0.4785776
e2fc18d1ca1800c0.jpg,0.6208924,0.4059406
00007474.jpg,0.49495482,0.3625968
00001794.jpg,0.83734244,0.8352688
00003948.jpg,0.6622889,0.6363624
00051194.jpg,0.8282972,0.8114576
00029318.jpg,0.88556373,0.8917166
00043770.jpg,0.7153134,0.6685654
00028331.jpg,0.8768705,0.7728618
00006412.jpg,0.80007124,0.8483902
00041166.jpg,0.7971623,0.860766
00016503.jpg,0.70884275,0.731059
00002034.jpg,0.73149246,0.7744676
00001083.jpg,0.79776996,0.8033724
00000306.jpg,0.77519405,0.8335612
000000313278.jpg,0.8196608,0.8211382
00007349.jpg,0.6277089,0.636914
00011918.jpg,0.67292815,0.6361288
00017912.jpg,0.7301771,0.7038668
00000245.jpg,0.7668526,0.7442942
00034801.jpg,0.67730695,0.7959018
00012207.jpg,0.7644891,0.7121912
00002088.jpg,0.753338,0.7689934
00034932.jpg,0.69211876,0.699755
00012008.jpg,0.8596666,0.9370288
n03791053_10430.jpg,0.82440996,0.8965517
00049783.jpg,0.88024986,0.8285626
00043718.jpg,0.7385017,0.788164
00030645.jpg,0.72999585,0.743715
00021511.jpg,0.69262755,0.634785
00056202.jpg,0.7050101,0.5031574
00057283.jpg,0.7950314,0.7831498
00047836.jpg,0.8264947,0.8457558
00001062.jpg,0.5758757,0.5726506
00016875.jpg,0.75161535,0.8029498
00057632.jpg,0.8404646,0.7723666
00018914.jpg,0.72299564,0.7154954
00040556.jpg,0.76639223,0.7330686
n02324045_19580.jpg,0.710077,0.7263158
00028485.jpg,0.793949,0.8258612
00044418.jpg,0.74197304,0.7088618
n09359803_43846.jpg,0.5401964,0.5566038
000000425201.jpg,0.8616489,0.8989899
00014155.jpg,0.7813263,0.839532
00044095.jpg,0.7168466,0.7430852
00006460.jpg,0.6136365,0.7333052
00030090.jpg,0.8535719,0.8885654
00045769.jpg,0.7781649,0.7362514
00024034.jpg,0.8514857,0.8384648
00007017.jpg,0.91889656,0.8675828
00029108.jpg,0.76456034,0.8367682
00035688.jpg,0.6947939,0.6999474
00024869.jpg,0.6230761,0.6003226
00024153.jpg,0.70191085,0.6068468
00019550.jpg,0.720366,0.788937
n01811909_5541.jpg,0.764584,0.8202247
00011108.jpg,0.59984934,0.6532408
00013829.jpg,0.82613784,0.9479704
00000217.jpg,0.81454086,0.7298694
00022856.jpg,0.8582242,0.86059
00054895.jpg,0.7047896,0.8222968
00027937.jpg,0.8869412,0.9320654
00024238.jpg,0.57677,0.7227312
00029724.jpg,0.9479372,0.9184136
00047069.jpg,0.8341609,0.8549328
00018668.jpg,0.8184833,0.9355136
00013282.jpg,0.68062687,0.6595968
000000087383.jpg,0.7246493,0.7222222
00023504.jpg,0.7517857,0.843718
n07720875_2930.jpg,0.83835274,0.85106385
00053952.jpg,0.8734131,0.9307088
00007795.jpg,0.8465246,0.902132
00009111.jpg,0.7598081,0.8319374
00008488.jpg,0.8209954,0.854589
sun_aunmoitqcbqjykwe.jpg,0.5401034,0.56666666
00046934.jpg,0.68124574,0.675636
00043864.jpg,0.679827,0.6782022
00007862.jpg,0.83089876,0.7954782
00007341.jpg,0.79631656,0.908115
00052876.jpg,0.69125795,0.727815
00025013.jpg,0.74926853,0.9085476
00014771.jpg,0.7349736,0.620144
00006523.jpg,0.7776481,0.7523064
00055355.jpg,0.76608896,0.7194398
00000506.jpg,0.7827374,0.7717302
00039302.jpg,0.7929923,0.7353016
00058253.jpg,0.5706409,0.7053714
00020672.jpg,0.66035914,0.6287036
00056299.jpg,0.78939986,0.7742392
00042265.jpg,0.74347687,0.7905764
00015900.jpg,0.7274298,0.757721
00054717.jpg,0.82671386,0.9479046
00036662.jpg,0.6139529,0.6806008
00046925.jpg,0.7446184,0.7663462
00005693.jpg,0.7314493,0.8251192
00022460.jpg,0.6914513,0.7227014
00044406.jpg,0.8065454,0.7230078
00007826.jpg,0.74325395,0.8527112
00020703.jpg,0.60613394,0.603126
00032431.jpg,0.6386687,0.6705478
00017847.jpg,0.6771557,0.7270996
00025924.jpg,0.6429286,0.608657
00016965.jpg,0.6145861,0.7724484
00037321.jpg,0.51722956,0.6034882
00032855.jpg,0.86273146,0.8895092
00054824.jpg,0.8055582,0.9101176
00002974.jpg,0.9385505,0.9636386
00033440.jpg,0.8719312,0.816574
00041705.jpg,0.86034334,0.8519132
00057893.jpg,0.77307373,0.7347474
00051039.jpg,0.8614099,0.9416296
00055547.jpg,0.7893318,0.77836
000000000715.jpg,0.7817071,0.78070176
00012430.jpg,0.7197342,0.7760966
00042390.jpg,0.7607268,0.7005962
00010519.jpg,0.9456821,0.940319
00048684.jpg,0.6477592,0.7177554
00053707.jpg,0.6948858,0.6581478
00002012.jpg,0.6926493,0.6695794
00025150.jpg,0.811684,0.7823014
n07863374_18268.jpg,0.8649746,0.88461536
5a26c909a910c9d9.jpg,0.79812276,0.77227724
00038623.jpg,0.5963294,0.6666472
00004371.jpg,0.7838659,0.753167
00048869.jpg,0.6637519,0.69019
00024717.jpg,0.697184,0.6549648
00031900.jpg,0.7968145,0.817353
00019712.jpg,0.70067346,0.7203884
00010685.jpg,0.86315423,0.8775486
00049129.jpg,0.8048488,0.8166316
00019089.jpg,0.7858511,0.8499094
00054239.jpg,0.7643856,0.855325
00021354.jpg,0.68986875,0.7083578
5081ae7d7bd1a83a.jpg,0.7344924,0.72321427
00011463.jpg,0.77141213,0.7993718
n03791053_9223.jpg,0.7885426,0.68085104
00005373.jpg,0.5828725,0.6608708
00040500.jpg,0.73267,0.6969528
n02355227_7784.jpg,0.8222693,0.86206895
00034065.jpg,0.748567,0.9054846
00044993.jpg,0.71951854,0.7300642
00046947.jpg,0.67559326,0.6402376
00000176.jpg,0.7221927,0.7403382
00053742.jpg,0.77151394,0.7444622
00016493.jpg,0.8079783,0.8918414
00027631.jpg,0.86965716,0.864863
00035635.jpg,0.5499853,0.7188382
00035482.jpg,0.6428454,0.5694532
00018699.jpg,0.5782904,0.4517944
n02129165_1456.jpg,0.75309044,0.5686275
00003279.jpg,0.809481,0.8297896
n02793495_3852.jpg,0.6896548,0.6048387
00032460.jpg,0.8877816,0.8706812
n04166281_21769.jpg,0.77705747,0.7090909
00037672.jpg,0.714129,0.7707592
218a7e0c84466325.jpg,0.72607327,0.72289157
00027469.jpg,0.8196249,0.9314552
00030937.jpg,0.8106564,0.8210896
00056092.jpg,0.74584347,0.7189434
00055079.jpg,0.6707972,0.7448902
00054322.jpg,0.8552417,0.8476502
n01811909_10996.jpg,0.8103384,0.8695652
00015882.jpg,0.8035181,0.8767416
00011302.jpg,0.7604505,0.7794604
00050938.jpg,0.769281,0.8421368
00056142.jpg,0.5738883,0.4480524
00015062.jpg,0.83944833,0.8346806
00004187.jpg,0.75690526,0.8122532
00013569.jpg,0.82226896,0.8355114
00024133.jpg,0.83245903,0.8185608
00013914.jpg,0.8075759,0.8404446
00005836.jpg,0.7778504,0.7911846
00014168.jpg,0.7802308,0.7932902
00045499.jpg,0.6744579,0.728415
00037421.jpg,0.7706704,0.7763
00019854.jpg,0.58860457,0.5517888
00038990.jpg,0.6189531,0.695296
00027942.jpg,0.8400763,0.9284312
00025141.jpg,0.81548774,0.811474
n02878222_37931.jpg,0.66212916,0.7425743
00029878.jpg,0.87360406,0.8020914
00037308.jpg,0.65585196,0.7390496
00006695.jpg,0.76732635,0.8741756
00019682.jpg,0.8311372,0.8210492
00055867.jpg,0.79111606,0.736218
00024439.jpg,0.6815768,0.7352846
00006441.jpg,0.84870696,0.8683736
00022330.jpg,0.56200445,0.6619536
00032577.jpg,0.7590034,0.9025126
00051447.jpg,0.9195416,0.913507
n02332755_4664.jpg,0.84510744,0.78494626
00036540.jpg,0.69474745,0.6936324
00007810.jpg,0.80458426,0.7943818
00055396.jpg,0.800104,0.7210872
00026714.jpg,0.5469269,0.40983
00031889.jpg,0.86691093,0.9070632
n02324045_17314.jpg,0.7345937,0.8854167
00014179.jpg,0.77711976,0.7582324
00047159.jpg,0.7036066,0.8148042
00051063.jpg,0.6867757,0.6521542
00052168.jpg,0.8374502,0.79131
00041148.jpg,0.7434984,0.8573996
00025000.jpg,0.7426226,0.7584242
00032490.jpg,0.8329149,0.8359144
00016679.jpg,0.77366436,0.8567428
00027667.jpg,0.76940185,0.7897866
00024878.jpg,0.72819173,0.5221224
00033767.jpg,0.6527148,0.667796
n07880968_3005.jpg,0.7879354,0.72727275
00030386.jpg,0.79366344,0.7967282
00044889.jpg,0.70344365,0.7066516
00030467.jpg,0.8542927,0.7354912
n04610013_2835.jpg,0.74000955,0.6754386
00039812.jpg,0.8380008,0.870976
00022990.jpg,0.6405454,0.5594456
00052284.jpg,0.7912548,0.826156
00036932.jpg,0.67617476,0.6069364
00031916.jpg,0.85080177,0.881463
00034139.jpg,0.68899536,0.7068782
00035339.jpg,0.6390861,0.6005068
00025864.jpg,0.87266356,0.9031048
00000104.jpg,0.81667495,0.8878916
00028143.jpg,0.55566823,0.4774238
n02129165_13292.jpg,0.8728591,0.93203884
00026817.jpg,0.76613146,0.7285242
00001854.jpg,0.7918541,0.802399
00053099.jpg,0.7878246,0.895538
00020678.jpg,0.85576826,0.9325098
00041236.jpg,0.75641346,0.7053254
00008228.jpg,0.5613675,0.4583286
00020369.jpg,0.7910938,0.8157412
000000200745.jpg,0.7630864,0.7692308
00031417.jpg,0.835006,0.9475904
00027284.jpg,0.52651066,0.50093
00003123.jpg,0.63955075,0.5855972
00030743.jpg,0.74641323,0.7377092
00054967.jpg,0.8735538,0.8673274
n04461696_15509.jpg,0.725653,0.7641509
00040023.jpg,0.7747357,0.7527962
00049751.jpg,0.63403577,0.6031912
00058024.jpg,0.78889126,0.649252
00030828.jpg,0.7665298,0.7582452
00032765.jpg,0.7559987,0.7713184
00004860.jpg,0.8057567,0.8153256
00011431.jpg,0.8088938,0.7920406
000000447684.jpg,0.8434007,0.9263158
00021875.jpg,0.65284437,0.680105
00046359.jpg,0.62982166,0.6277624
00017336.jpg,0.85598433,0.9152088
00053736.jpg,0.6936558,0.6949468
00005924.jpg,0.72345746,0.4239378
00035131.jpg,0.7111821,0.5856736
000000177355.jpg,0.82325387,0.90217394
00024701.jpg,0.7697023,0.8773634
00030708.jpg,0.8708739,0.8564772
00010131.jpg,0.77552664,0.8767198
00045975.jpg,0.6574812,0.5066202
00026229.jpg,0.7980561,0.8482966
00041377.jpg,0.7964235,0.8334358
sun_acecbesdnsqijtva.jpg,0.70604515,0.42222223
00030419.jpg,0.67661744,0.6603026
00014885.jpg,0.79468703,0.865322
00037451.jpg,0.6853994,0.6389096
00019848.jpg,0.8448485,0.8887054
00051095.jpg,0.8366561,0.8477482
00053871.jpg,0.8194865,0.854628
00029613.jpg,0.6730422,0.7681852
00009265.jpg,0.7332728,0.7736866
00031127.jpg,0.83514977,0.824283
n04610013_13729.jpg,0.67558324,0.6666667
00005197.jpg,0.6633103,0.7249014
00002236.jpg,0.71192336,0.8132954
00037744.jpg,0.6753962,0.7859314
00044307.jpg,0.7297431,0.7636854
00025128.jpg,0.7447847,0.5577866
00053022.jpg,0.7087861,0.7471616
520ac5f11ebb926f.jpg,0.7840077,0.888
00039776.jpg,0.58605194,0.6316476
00014752.jpg,0.7993816,0.7434042
00021925.jpg,0.80976266,0.7294826
00019749.jpg,0.80818045,0.8263982
00024876.jpg,0.64778084,0.7447854
00015974.jpg,0.7785399,0.7206914
00034392.jpg,0.64551497,0.5653856
00045455.jpg,0.6954835,0.7067516
00053692.jpg,0.6373186,0.5312684
000000153052.jpg,0.7142821,0.6363636
00030941.jpg,0.70563376,0.6547422
00054629.jpg,0.6584081,0.549965
00022061.jpg,0.74753916,0.7501298
00034464.jpg,0.66731143,0.725816
00048563.jpg,0.78548455,0.8924952
00036149.jpg,0.68946636,0.7257552
00022510.jpg,0.81549287,0.8250486
n04461696_4324.jpg,0.79821885,0.85714287
00040186.jpg,0.63882476,0.6074878
00012456.jpg,0.8052397,0.9037562
00035712.jpg,0.617654,0.513678
n02932891_5651.jpg,0.74410295,0.76237625
00006594.jpg,0.76394314,0.7333356
00055676.jpg,0.70583606,0.8008018
00006407.jpg,0.6406773,0.7339306
00037128.jpg,0.7624419,0.8278376
00041584.jpg,0.63752294,0.6300462
00056379.jpg,0.7704796,0.8805674
00025423.jpg,0.6885155,0.5140002
00017317.jpg,0.8458091,0.8515442
00006962.jpg,0.8341006,0.7887876
00009397.jpg,0.7775959,0.8068572
n02450034_8962.jpg,0.8019752,0.7090909
00029492.jpg,0.8567021,0.8713844
00007050.jpg,0.60699844,0.70971
n09472597_14703.jpg,0.6594247,0.5
00011138.jpg,0.86814404,0.9169098
00033894.jpg,0.74571604,0.809402
n07850329_22927.jpg,0.78772265,0.875
00058146.jpg,0.77334464,0.6871892
ae9d6a16a82620f8.jpg,0.83596396,0.84
00058137.jpg,0.6182931,0.6951908
00027164.jpg,0.5743401,0.5917252
00019028.jpg,0.64430046,0.596396
00037074.jpg,0.70447516,0.6101712
00031771.jpg,0.86024886,0.8791538
00005280.jpg,0.8037634,0.790424
00042487.jpg,0.8160965,0.8755116
n07753592_6754.jpg,0.86268663,0.8192771
00015181.jpg,0.7959411,0.7654888
00025768.jpg,0.7817,0.854965
00020732.jpg,0.75349605,0.8156956
00046114.jpg,0.6690192,0.6231428
ae12eecf37416132.jpg,0.611195,0.51111114
00023854.jpg,0.8336997,0.9084694
00024773.jpg,0.76778215,0.8350956
n02396427_16212.jpg,0.8289707,0.8055556
00016895.jpg,0.7728007,0.882184
00021764.jpg,0.86152434,0.9230526
00034991.jpg,0.62699497,0.7126524
n02118333_329.jpg,0.81014633,0.9148936
00052822.jpg,0.93295145,0.9617432
00048974.jpg,0.78759927,0.8536314
00025309.jpg,0.8378975,0.7876268
00004831.jpg,0.8049888,0.8064166
00037948.jpg,0.6461003,0.413201
00043779.jpg,0.8583842,0.7633882
00009803.jpg,0.9187702,0.914883
00014367.jpg,0.8471505,0.7967096
n09288635_11983.jpg,0.6228981,0.67469877
00010195.jpg,0.7610278,0.7050688
4cf200c4526f44ff.jpg,0.63368917,0.54320985
00052815.jpg,0.85995364,0.9105736
n07654148_13790.jpg,0.84728074,0.7821782
00010571.jpg,0.8833153,0.9149956
00018929.jpg,0.75701785,0.7863798
00023529.jpg,0.8173964,0.8377388
00042078.jpg,0.8209311,0.902097
00045720.jpg,0.7669781,0.7445196
00046685.jpg,0.7480833,0.7775096
00037137.jpg,0.68301535,0.7029648
00051552.jpg,0.8383231,0.828025
00050256.jpg,0.87321794,0.846733
00020414.jpg,0.90947026,0.8650794
n04252077_59.jpg,0.68696535,0.67901236
00048594.jpg,0.7655429,0.8886632
00016176.jpg,0.8045618,0.8664466
000000443093.jpg,0.86367285,0.8902439
00057437.jpg,0.7353294,0.6613088
00000152.jpg,0.63890463,0.6755618
00018088.jpg,0.7443237,0.7044608
00045416.jpg,0.72317433,0.7722876
00010877.jpg,0.81073457,0.78302
00033976.jpg,0.6381765,0.75528
00006884.jpg,0.77329725,0.7685358
00055276.jpg,0.6062225,0.6042764
n00471613_18905.jpg,0.72426504,0.62886596
000000533979.jpg,0.8412355,0.77272725
00028602.jpg,0.74171007,0.4700512
00024008.jpg,0.7451352,0.645894
00003638.jpg,0.81579316,0.8779136
00046319.jpg,0.7835703,0.624935
00001703.jpg,0.73442096,0.5280192
00025540.jpg,0.8770269,0.9419244
00054582.jpg,0.845554,0.8569014
8f8a5518eb347887.jpg,0.63116205,0.70247936
00008188.jpg,0.7816237,0.7317678
00032780.jpg,0.7358102,0.7554
00048876.jpg,0.6805555,0.7616774
00031478.jpg,0.7805779,0.8358208
00021689.jpg,0.75876594,0.8815252
n07863374_15554.jpg,0.83726525,0.82
00017892.jpg,0.7514745,0.7852524
00053258.jpg,0.78165936,0.8140906
00003232.jpg,0.83090466,0.8105858
00032174.jpg,0.560162,0.5737686
00011080.jpg,0.7255419,0.7692858
00049393.jpg,0.6597965,0.6745152
n02934451_1210.jpg,0.6797314,0.5104167
000000117036.jpg,0.77701247,0.7777778
00028419.jpg,0.71301085,0.7846468
00047778.jpg,0.83795077,0.7919474
00053696.jpg,0.5991366,0.8001958
000000577948.jpg,0.70962405,0.68292683
00002368.jpg,0.7699376,0.8412906
00019592.jpg,0.8868537,0.9211866
00052099.jpg,0.7034044,0.8231564
n07849336_32431.jpg,0.7874112,0.8888889
00056678.jpg,0.7501234,0.7200828
n04465501_3381.jpg,0.80650735,0.875
00004135.jpg,0.6223683,0.5073392
00045704.jpg,0.6270034,0.6988078
00013894.jpg,0.6293379,0.493436
00026786.jpg,0.7271812,0.8273494
00048051.jpg,0.7661656,0.7049338
00020874.jpg,0.67401296,0.759299
00021595.jpg,0.7314032,0.8047714
00031756.jpg,0.84766126,0.8063518
00044432.jpg,0.7677903,0.6007382
000000432752.jpg,0.6759355,0.6330275
00056115.jpg,0.70035034,0.5608338
00010324.jpg,0.6789448,0.5433362
00029013.jpg,0.7774523,0.7989144
00005397.jpg,0.635176,0.6423274
00028431.jpg,0.8461851,0.8189544
00033025.jpg,0.793695,0.7300974
000000555537.jpg,0.7975404,0.83146065
00058450.jpg,0.544382,0.6332548
00058663.jpg,0.79120225,0.7501518
00057087.jpg,0.6234162,0.6424314
00011123.jpg,0.6639796,0.59715
n02434954_5509.jpg,0.74129146,0.75555557
00021402.jpg,0.8701517,0.8175852
00053477.jpg,0.7084143,0.7751832
00054180.jpg,0.7713833,0.873896
n09308572_2640.jpg,0.6581559,0.74766356
000000561613.jpg,0.8037932,0.97959185
00000935.jpg,0.881776,0.7364336
00016381.jpg,0.7536195,0.7265966
00034635.jpg,0.5434408,0.7206622
00054461.jpg,0.74270004,0.78285
00023315.jpg,0.76146126,0.8725726
00041221.jpg,0.7032905,0.7009232
n09359803_41575.jpg,0.49628502,0.43023255
00040800.jpg,0.80350614,0.8456388
00021846.jpg,0.8978294,0.8786008
00043166.jpg,0.7794207,0.7975352
00025683.jpg,0.63653266,0.7267138
00014074.jpg,0.7830063,0.7292042
00011863.jpg,0.8088525,0.8750104
00035404.jpg,0.65328103,0.558579
00002193.jpg,0.73826927,0.727373
00001131.jpg,0.6586988,0.6344918
00015851.jpg,0.8792663,0.8577906
00048260.jpg,0.7361577,0.8147496
00036984.jpg,0.6887717,0.7519666
dbd3e9304ac3c014.jpg,0.7736614,0.6448598
00033683.jpg,0.85803616,0.8837462
00006273.jpg,0.78624487,0.9145754
n09393605_67108.jpg,0.5702656,0.51111114
00028743.jpg,0.7720792,0.7626276
00057806.jpg,0.6819429,0.7812762
00012028.jpg,0.8495366,0.8933056
000000519089.jpg,0.8010828,0.73195875
00052965.jpg,0.88131434,0.8985644
00008543.jpg,0.7804037,0.6229844
00007969.jpg,0.7373817,0.6373
00011809.jpg,0.67698336,0.7427658
000000487289.jpg,0.7854264,0.8543689
00015909.jpg,0.76174426,0.8537404
00030778.jpg,0.85620785,0.6913756
00035362.jpg,0.83858657,0.8181608
00057281.jpg,0.8699615,0.8265006
00045314.jpg,0.7118324,0.8320832
000000155877.jpg,0.74619645,0.7311828
00052341.jpg,0.8900814,0.8042848
000000321705.jpg,0.66696596,0.67
00038343.jpg,0.6262387,0.6139704
00004462.jpg,0.85982406,0.954746
n04231693_22416.jpg,0.6999997,0.5794392
00053625.jpg,0.89829767,0.9017832
00058134.jpg,0.72406983,0.727361
00017381.jpg,0.86926425,0.7546564
00031014.jpg,0.8470737,0.9055438
00052553.jpg,0.79433995,0.5854086
00005402.jpg,0.73569095,0.7416572
00052569.jpg,0.89171135,0.8657026
00049185.jpg,0.833117,0.7943578
000000365880.jpg,0.83831215,0.9142857
00016696.jpg,0.78303677,0.7406494
00045858.jpg,0.71615106,0.6976192
n03790512_14024.jpg,0.78131783,0.73626375
00051495.jpg,0.7588078,0.762135
00055597.jpg,0.889867,0.9005696
00029868.jpg,0.6644547,0.6556406
000000444927.jpg,0.84298015,0.89285713
00019383.jpg,0.9088287,0.9017586
00049282.jpg,0.6812398,0.683877
00029052.jpg,0.67836034,0.738474
00039799.jpg,0.7365406,0.6691014
00044058.jpg,0.7751783,0.7773572
00016901.jpg,0.617562,0.6199716
00039972.jpg,0.8124424,0.7768686
00025937.jpg,0.84061396,0.8690274
00008276.jpg,0.87591505,0.838421
00025409.jpg,0.7051377,0.7134392
n02355227_12332.jpg,0.77664137,0.75
00003463.jpg,0.5767158,0.484119
00017185.jpg,0.7202223,0.8263006
00036142.jpg,0.59294283,0.574224
00007354.jpg,0.6950682,0.7522178
00010173.jpg,0.7965945,0.836755
00032277.jpg,0.7392567,0.6355906
00002567.jpg,0.67260957,0.6796838
n07654148_14827.jpg,0.8567034,0.8446602
00058228.jpg,0.73955524,0.7433966
00045140.jpg,0.7753856,0.8252356
00021673.jpg,0.787416,0.7516618
00010893.jpg,0.7655252,0.7876352
00040162.jpg,0.69690686,0.6954662
00056643.jpg,0.63830477,0.5752844
00023931.jpg,0.8135523,0.883513
00028932.jpg,0.8847568,0.8087302
00030586.jpg,0.56310105,0.534813
00023599.jpg,0.81351686,0.8188628
00049142.jpg,0.768212,0.5814172
00054517.jpg,0.77414554,0.847074
00058099.jpg,0.8521744,0.909923
c6337c21f8473269.jpg,0.7844886,0.6862745
n02396427_14870.jpg,0.743074,0.65656567
00018601.jpg,0.81016177,0.8017564
00040509.jpg,0.78231484,0.8032474
00003380.jpg,0.8452978,0.9340938
00024991.jpg,0.6614112,0.7255694
00000908.jpg,0.76847446,0.8597434
00020843.jpg,0.6275401,0.6847276
00033964.jpg,0.68180925,0.6816162
00017639.jpg,0.66875964,0.6412698
9980f148e56325da.jpg,0.7457901,0.7387387
00043974.jpg,0.8328047,0.8461636
00057333.jpg,0.7876595,0.811442
00055010.jpg,0.7327394,0.8777952
00035393.jpg,0.6265304,0.5654622
n07838073_15408.jpg,0.8124094,0.8913044
00024853.jpg,0.7360817,0.718528
00046913.jpg,0.7314518,0.6835626
00043603.jpg,0.78598046,0.715355
00055660.jpg,0.7369027,0.6408796
00032854.jpg,0.75752795,0.7542418
00034306.jpg,0.6080967,0.5922062
000000545959.jpg,0.6317183,0.6744186
00041311.jpg,0.6984869,0.768338
n02946348_20314.jpg,0.80070126,0.87931037
00012121.jpg,0.8372519,0.9375252
00005438.jpg,0.74451464,0.5158168
00058074.jpg,0.92434955,0.9505468
00015681.jpg,0.77705646,0.7506072
00058569.jpg,0.875356,0.8470758
000000043494.jpg,0.84688365,0.9139785
00054573.jpg,0.85927874,0.804449
00015550.jpg,0.83312845,0.821496
00011552.jpg,0.7457651,0.7900012
00039690.jpg,0.7632858,0.7578702
00015482.jpg,0.6182327,0.5555932
00014779.jpg,0.83617646,0.7973548
00053460.jpg,0.91841614,0.948084
00036698.jpg,0.710773,0.677075
00011798.jpg,0.67002505,0.678851
00027141.jpg,0.76258826,0.7328624
00040653.jpg,0.7177671,0.8611902
00039511.jpg,0.67145234,0.569408
00010197.jpg,0.81310016,0.9452362
00027518.jpg,0.8207459,0.7984552
000000444087.jpg,0.81321275,0.9159664
00006314.jpg,0.6543834,0.5859922
00034990.jpg,0.6306142,0.5644348
00057012.jpg,0.7239489,0.848178
00033416.jpg,0.8017466,0.8766748
00049436.jpg,0.9094558,0.965171
00025294.jpg,0.779623,0.7357894
00035989.jpg,0.61310047,0.6523738
00037187.jpg,0.6484435,0.7740112
000000453895.jpg,0.77016956,0.8712871
00028893.jpg,0.6315463,0.7928658
00047354.jpg,0.87218463,0.8024842
00035562.jpg,0.6644883,0.7124754
00045617.jpg,0.76591754,0.8249818
00057798.jpg,0.62358165,0.70028
00010231.jpg,0.7400555,0.7353574
00052682.jpg,0.826731,0.9451958
00033745.jpg,0.6414939,0.7315546
00058695.jpg,0.8445498,0.8041588
00023289.jpg,0.68935794,0.7036262
00022931.jpg,0.7004657,0.7987518
00056414.jpg,0.78654104,0.6202202
00006219.jpg,0.6953807,0.7412132
00014576.jpg,0.97554934,0.943236
n07911677_1327.jpg,0.85248125,0.75510204
00004417.jpg,0.950706,0.8108126
00019618.jpg,0.8279862,0.8903442
00009856.jpg,0.70389086,0.6760172
00052009.jpg,0.6831392,0.7077474
00028898.jpg,0.757972,0.7908132
000000368845.jpg,0.7562953,0.8023256
00037510.jpg,0.7340917,0.744309
00028832.jpg,0.77799743,0.7824042
00057610.jpg,0.832878,0.830889
00056018.jpg,0.8235049,0.8451706
00043444.jpg,0.8000493,0.9282434
00019308.jpg,0.6506585,0.6365352
00019661.jpg,0.8152479,0.8498966
000000043944.jpg,0.802517,0.8703704
sun_actgnbsscuyuuawn.jpg,0.6144172,0.4456522
00005843.jpg,0.7613025,0.7858236
95e59623c871c809.jpg,0.8226323,0.7721519
00009259.jpg,0.81144047,0.7710966
000000316022.jpg,0.76790017,0.8255814
d618126511c46c91.jpg,0.57316566,0.50476193
sun_alettkltzysnuqsq.jpg,0.6150151,0.4516129
00032258.jpg,0.8151465,0.8578514
n03541923_3877.jpg,0.7320739,0.6923077
00004804.jpg,0.85298693,0.8259926
00032396.jpg,0.6292214,0.6668506
00030403.jpg,0.6207143,0.5765716
n02834778_10735.jpg,0.79046726,0.6989247
n09288635_11230.jpg,0.6999769,0.8224299
00008059.jpg,0.8483763,0.9600314
00057417.jpg,0.8256458,0.8257426
00007565.jpg,0.9085332,0.9445028
00055734.jpg,0.88539046,0.8998
00018631.jpg,0.8404608,0.7804894
00009403.jpg,0.7995162,0.675228
00029520.jpg,0.72143483,0.853584
n03594945_3068.jpg,0.75886273,0.697479
00014095.jpg,0.87465936,0.802366
ac260e25915895d8.jpg,0.8238029,0.8214286
00054206.jpg,0.8618879,0.8926274
00023233.jpg,0.8438654,0.8983094
00004742.jpg,0.8664844,0.838761
n03790512_11298.jpg,0.79268634,0.7613636
00043333.jpg,0.7619828,0.8482406
00027870.jpg,0.691715,0.8078452
00029829.jpg,0.7822353,0.7714294
00026943.jpg,0.88897455,0.8616914
00047449.jpg,0.78684235,0.744535
00030223.jpg,0.70481277,0.8493946
00023655.jpg,0.65146214,0.652186
00014907.jpg,0.6948765,0.6626524
00033438.jpg,0.667811,0.6115554
00025730.jpg,0.6110299,0.7131072
00027308.jpg,0.7225745,0.7926846
00036596.jpg,0.6735444,0.607998
00014780.jpg,0.80313313,0.8868126
00041567.jpg,0.72032577,0.6666128
00000727.jpg,0.94224584,1.0
00008852.jpg,0.6383513,0.640524
sun_aicvecccjhfzcjnt.jpg,0.72096705,0.7625
00025011.jpg,0.83985716,0.888005
00044638.jpg,0.7004062,0.5514112
00041240.jpg,0.8153477,0.9082702
00033591.jpg,0.6117213,0.762086
00036855.jpg,0.6706127,0.6098538
00027459.jpg,0.70735365,0.6052498
00041465.jpg,0.7216465,0.7073292
00004515.jpg,0.78775156,0.8157268
00019773.jpg,0.65052795,0.7055258
00026974.jpg,0.8789761,0.8484994
00038269.jpg,0.6409794,0.7448786
00017666.jpg,0.7870648,0.7405928
00008123.jpg,0.6164176,0.5258172
00031606.jpg,0.7687952,0.7490288
00006840.jpg,0.7773229,0.7577154
00002024.jpg,0.85004014,0.9076402
000000063485.jpg,0.8263831,0.87096775
00055301.jpg,0.80718106,0.8002058
00048367.jpg,0.90954024,0.9755556
00048010.jpg,0.7225988,0.7228362
00042512.jpg,0.79386383,0.8716284
00049027.jpg,0.7893603,0.8604598
00055637.jpg,0.61022407,0.7391006
00030994.jpg,0.7385905,0.7179394
00004546.jpg,0.8818927,0.978926
00010910.jpg,0.588078,0.552991
00016186.jpg,0.81840813,0.6280242
00042484.jpg,0.82637405,0.9169188
00035960.jpg,0.76165366,0.5813658
00049208.jpg,0.7386384,0.8733404
00036167.jpg,0.75400513,0.6871916
00040579.jpg,0.65989375,0.8601782
00022305.jpg,0.7922262,0.7834346
00020864.jpg,0.82310575,0.8103434
00043283.jpg,0.7261294,0.7644216
n09217230_469.jpg,0.59163725,0.5529412
00041824.jpg,0.70153344,0.8177734
n02332755_2528.jpg,0.8112227,0.8942308
00040928.jpg,0.76841205,0.681903
00044953.jpg,0.8230176,0.8828386
000000552681.jpg,0.7904326,0.8045977
00013609.jpg,0.7755963,0.8556608
sun_axdytypgqeudktof.jpg,0.5557555,0.46226415
00039639.jpg,0.71178895,0.7813402
00015588.jpg,0.78841096,0.7956248
00022279.jpg,0.8653989,0.7739278
00052295.jpg,0.72822773,0.7243842
00029558.jpg,0.6571244,0.6848412
00053066.jpg,0.7562862,0.932013
sun_ayulsueazkzcibcx.jpg,0.5097694,0.4883721
00047950.jpg,0.81878436,0.77551
00015631.jpg,0.8370891,0.84125
00039323.jpg,0.8062886,0.6766842
00015286.jpg,0.80007243,0.7167576
00047912.jpg,0.7868597,0.7924182
00048056.jpg,0.73742926,0.7224582
00026430.jpg,0.8308798,0.8183068
00046222.jpg,0.50901294,0.501901
00048502.jpg,0.7024015,0.548917
n02691156_10578.jpg,0.63460374,0.5714286
n09415671_14688.jpg,0.65015507,0.67256635
n04349306_54.jpg,0.76448333,0.67058825
n07801091_38101.jpg,0.5649841,0.43
00045826.jpg,0.7030794,0.6445702
00044221.jpg,0.7073757,0.6502362
00000613.jpg,0.6982877,0.7538936
00012566.jpg,0.7270144,0.653128
00042258.jpg,0.6643941,0.5455156
00052379.jpg,0.8200761,0.9026836
00005872.jpg,0.7261147,0.7352988
00047545.jpg,0.66732794,0.6367324
00000162.jpg,0.8209465,0.7597914
00042626.jpg,0.7103213,0.729303
00030033.jpg,0.79053485,0.8536804
00005516.jpg,0.62854654,0.533449
00012226.jpg,0.6781123,0.7388192
00054834.jpg,0.7190257,0.8445248
00026633.jpg,0.8033769,0.742981
00051534.jpg,0.750483,0.6785428
00029029.jpg,0.8673996,0.8572402
n02324045_10339.jpg,0.83651096,0.85393256
00011826.jpg,0.7576616,0.7248642
00043072.jpg,0.7108848,0.6937302
00006134.jpg,0.7556585,0.837312
00028277.jpg,0.803993,0.7682582
00019369.jpg,0.74387175,0.7591486
00016161.jpg,0.8295503,0.901119
6022a450df278025.jpg,0.753289,0.6666667
00026019.jpg,0.629721,0.6490358
00007640.jpg,0.7073723,0.8049782
00056903.jpg,0.6606957,0.58149
00011730.jpg,0.77602124,0.882936
00053202.jpg,0.6748478,0.5896876
n09468604_40956.jpg,0.6256281,0.85714287
828dd4dc9a7a602e.jpg,0.74724656,0.8440367
00001408.jpg,0.6558664,0.7146096
00045525.jpg,0.7062581,0.812784
00053951.jpg,0.7954922,0.8845208
00000737.jpg,0.6609721,0.685255
00022572.jpg,0.83605117,0.9169106
00014686.jpg,0.922267,0.8721222
00001591.jpg,0.8372983,0.7767268
00041344.jpg,0.74879146,0.8062384
00055037.jpg,0.7982777,0.8158418
00014920.jpg,0.71235687,0.7925458
n07716358_3451.jpg,0.96131015,0.9313725
00028757.jpg,0.74252254,0.786095
00024866.jpg,0.76299095,0.656491
00000358.jpg,0.7750273,0.8661976
00004746.jpg,0.68625885,0.732023
00033470.jpg,0.71495324,0.6212678
n03541923_2456.jpg,0.7592013,0.81
00026170.jpg,0.72445416,0.7358938
00005480.jpg,0.8129428,0.7919692
00050570.jpg,0.84047437,0.8509872
00043307.jpg,0.85647106,0.9082874
00053177.jpg,0.7567283,0.7422668
00034535.jpg,0.657949,0.7256822
00043050.jpg,0.6299224,0.7747254
n07801508_2105.jpg,0.8216242,0.85227275
00000277.jpg,0.5278837,0.4460458
n03634034_5584.jpg,0.7570089,0.73636365
n07717556_81.jpg,0.8167859,0.88461536
n02088839_5834.jpg,0.7763566,0.8
00001183.jpg,0.77044797,0.8478474
00048085.jpg,0.72321177,0.8186002
00014888.jpg,0.7737242,0.9415976
00048450.jpg,0.84538114,0.850856
00004291.jpg,0.7763247,0.7353998
n01791625_10861.jpg,0.8240057,0.79545456
00000686.jpg,0.7797359,0.7637568
00033700.jpg,0.76017964,0.5947048
00054693.jpg,0.8481284,0.8226792
00010283.jpg,0.8772092,0.843842
00037939.jpg,0.66354126,0.5505744
00038502.jpg,0.56061983,0.6008704
00016988.jpg,0.7827819,0.8838448
00007635.jpg,0.5497667,0.522051
00040794.jpg,0.7295732,0.657143
00002072.jpg,0.66707593,0.4219632
00002935.jpg,0.70266473,0.6126026
n02129165_18187.jpg,0.8749285,0.8468468
n07717556_1745.jpg,0.7630562,0.8817204
00034317.jpg,0.5804363,0.6050932
00014694.jpg,0.8225007,0.849266
00010687.jpg,0.84551084,0.8887912
00019846.jpg,0.71857285,0.8028618
00005887.jpg,0.8009466,0.8804506
00028587.jpg,0.73847806,0.7755554
00049575.jpg,0.6799395,0.5791738
00053933.jpg,0.64412266,0.609798
00017966.jpg,0.8415401,0.7630176
00005171.jpg,0.7189367,0.74223
00010669.jpg,0.82504076,0.8549502
00023222.jpg,0.6436602,0.5022064
00017373.jpg,0.76287323,0.6874514
00021346.jpg,0.76796174,0.829432
00019034.jpg,0.82243437,0.7995346
00018277.jpg,0.6479994,0.4732828
00023196.jpg,0.768618,0.7580846
000000178550.jpg,0.72607565,0.8
00005926.jpg,0.65299594,0.657958
000000132041.jpg,0.8941388,0.9322034
00013698.jpg,0.6423667,0.6660954
00039629.jpg,0.691613,0.7488844
00038409.jpg,0.5985302,0.6761418
00048189.jpg,0.73348296,0.7916146
00036950.jpg,0.6621807,0.699004
00000616.jpg,0.76551825,0.5763598
00057524.jpg,0.7543088,0.8651078
00014186.jpg,0.8288713,0.9498674
00028688.jpg,0.78784084,0.7189902
00040670.jpg,0.8316294,0.7744524
00027004.jpg,0.817349,0.7971536
00038033.jpg,0.5906761,0.4466802
00006437.jpg,0.81025565,0.8635814
00053047.jpg,0.8402606,0.822961
00007538.jpg,0.744031,0.7615978
00040492.jpg,0.7071316,0.7610586
00048740.jpg,0.85617656,0.93173
00024593.jpg,0.6049226,0.6599596
00013887.jpg,0.8540712,0.8900688
00016814.jpg,0.6050364,0.6925208
00016247.jpg,0.66643274,0.8434634
00011925.jpg,0.7676105,0.7259904
00024809.jpg,0.855407,0.8582536
n00468480_8890.jpg,0.70999366,0.73170733
000000213146.jpg,0.7763293,0.75
00019756.jpg,0.9260155,0.8819422
00044536.jpg,0.8723633,0.8323848
n07697537_4696.jpg,0.7861623,0.9047619
00032886.jpg,0.8323895,0.8373686
n07838073_5867.jpg,0.84837914,0.7894737
00024835.jpg,0.7318398,0.6240668
n02355227_12909.jpg,0.76864445,0.8061224
00053174.jpg,0.766278,0.7318552
9f1036550f042755.jpg,0.77432966,0.74757284
00047451.jpg,0.83546305,0.8492946
00054544.jpg,0.67649686,0.7503174
00047401.jpg,0.67038035,0.5765566
n03384352_1735.jpg,0.7520272,0.70526314
00018377.jpg,0.7807039,0.750774
00007505.jpg,0.7345009,0.79223
00008434.jpg,0.74512774,0.7941094
c4429528e1e36318.jpg,0.7490479,0.6292135
00026650.jpg,0.7605954,0.866748
00002495.jpg,0.83409,0.8437016
00010262.jpg,0.7956946,0.8632428
1e2d2d7022a02134.jpg,0.54549,0.5673077
00010142.jpg,0.77588594,0.826026
00044746.jpg,0.7319641,0.7288702
00001089.jpg,0.66290087,0.5744922
00049095.jpg,0.7479262,0.8458862
00048777.jpg,0.90116394,0.8145716
00038759.jpg,0.78622293,0.829068
n07693725_8448.jpg,0.72215605,0.6818182
00039791.jpg,0.85113704,0.8164614
00000140.jpg,0.6468972,0.6130754
00024300.jpg,0.82714313,0.8421342
00034293.jpg,0.6803149,0.6244962
00042701.jpg,0.7316607,0.793743
00036882.jpg,0.733202,0.7790018
00000289.jpg,0.79045135,0.8573842
n03791053_19693.jpg,0.8388274,0.7047619
00006272.jpg,0.83449996,0.7242148
00030728.jpg,0.97553074,0.9376976
n03384352_377.jpg,0.7736004,0.75247526
00036425.jpg,0.71824086,0.700276
00056255.jpg,0.68768334,0.7118806
00053582.jpg,0.7634282,0.8011876
00038697.jpg,0.7106036,0.6753214
00043107.jpg,0.7325725,0.7263004
00056180.jpg,0.7896289,0.6006134
n09393605_61186.jpg,0.69278634,0.559633
00010234.jpg,0.7690973,0.8194672
n07850329_18900.jpg,0.8865304,0.9
00013909.jpg,0.7491752,0.6231234
00009128.jpg,0.7385194,0.7911592
00057207.jpg,0.6491038,0.7408206
00024785.jpg,0.6675372,0.5982694
d761c8e9e0906b5b.jpg,0.7931274,0.8446602
00004548.jpg,0.69734526,0.5393712
000000102741.jpg,0.677873,0.70873785
00052517.jpg,0.7543433,0.7301188
00020179.jpg,0.8072745,0.7559056
00053794.jpg,0.79121155,0.8911482
00044833.jpg,0.6835704,0.647711
00013762.jpg,0.8427453,0.8917638
00058685.jpg,0.76732713,0.7994194
00016145.jpg,0.83409363,0.8289146
00057107.jpg,0.74060035,0.8669906
00013651.jpg,0.8479003,0.9040674
00017564.jpg,0.77449036,0.751866
00046367.jpg,0.6780852,0.660314
00047870.jpg,0.79708,0.9390792
00036002.jpg,0.8873061,0.9515994
n04587559_11777.jpg,0.7293798,0.7244898
00035607.jpg,0.64040875,0.4613112
00034108.jpg,0.6229055,0.4831104
00005111.jpg,0.768395,0.7679708
00034660.jpg,0.57128215,0.4531318
00009600.jpg,0.74778074,0.670715
2a0f8b40b7b25bcc.jpg,0.7925404,0.87826085
00017702.jpg,0.8573066,0.8535126
n07717556_886.jpg,0.86971116,0.94949496
00004349.jpg,0.82719916,0.8045138
00053695.jpg,0.7892414,0.869529
00005410.jpg,0.8191697,0.880555
00011174.jpg,0.8015474,0.8298782
00047522.jpg,0.70145386,0.6958946
00005863.jpg,0.69718844,0.6420952
00001426.jpg,0.73846465,0.8439394
00051222.jpg,0.5998454,0.6852902
00037637.jpg,0.6507046,0.6962188
00022319.jpg,0.76529276,0.7660418
00024828.jpg,0.7564605,0.856974
00032771.jpg,0.8890636,0.9208644
00011644.jpg,0.750539,0.8529006
00008430.jpg,0.81555283,0.7935828
00056306.jpg,0.79255927,0.9057466
00033465.jpg,0.7032205,0.7842838
00055753.jpg,0.521392,0.2997314
00026227.jpg,0.7625489,0.7153048
00011927.jpg,0.67539793,0.6248792
00010649.jpg,0.5637919,0.6059912
00001370.jpg,0.8282535,0.8635886
00024314.jpg,0.7293463,0.6965238
00048892.jpg,0.7012663,0.7078206
00050912.jpg,0.8067564,0.8021876
00019324.jpg,0.8735392,0.8113654
00007289.jpg,0.72680855,0.6705614
n02834778_7410.jpg,0.74152833,0.83157897
00010465.jpg,0.8458671,0.799138
00002085.jpg,0.89098,0.8908852
00014902.jpg,0.8308479,0.934561
00031198.jpg,0.82618,0.8650702
00011907.jpg,0.70929027,0.7288522
00044504.jpg,0.74798685,0.8411044
00027127.jpg,0.7901198,0.8790336
00053875.jpg,0.6342725,0.5105876
21127e0539efd8b3.jpg,0.7661969,0.7943925
000000096445.jpg,0.7618325,0.7777778
00001663.jpg,0.8538126,0.8521882
00036271.jpg,0.6393157,0.6539166
00018078.jpg,0.60944915,0.6458732
00038304.jpg,0.7432898,0.6934126
00042130.jpg,0.7893884,0.8993434
00018354.jpg,0.71303606,0.7141894
00023151.jpg,0.84195995,0.8369868
00050956.jpg,0.72253406,0.7500444
00043322.jpg,0.7171078,0.7690826
00005621.jpg,0.880345,0.8725338
00019724.jpg,0.60458684,0.5917662
00008898.jpg,0.5970302,0.5827828
00049543.jpg,0.7966082,0.8148758
00030009.jpg,0.7211445,0.7664888
00036660.jpg,0.660817,0.5575252
000000113852.jpg,0.6119288,0.60784316
00051431.jpg,0.8974708,0.9249094
00020987.jpg,0.6725371,0.7781808
00031820.jpg,0.87730896,0.944228
n03594945_30146.jpg,0.7862637,0.7904762
00030628.jpg,0.83566934,0.8363488
00043407.jpg,0.79452133,0.7874452
00017211.jpg,0.70961034,0.639302
00009339.jpg,0.6047704,0.5822184
00029921.jpg,0.75647265,0.8211702
00012180.jpg,0.6865497,0.7056554
00027715.jpg,0.8459987,0.774567
00036370.jpg,0.8025537,0.8487932
00053343.jpg,0.6780833,0.9192602
00031475.jpg,0.88073504,0.79578
00024255.jpg,0.90998226,0.9276822
00024817.jpg,0.59557164,0.6273994
00038166.jpg,0.7183709,0.8385672
00012272.jpg,0.72329086,0.8312922
00055581.jpg,0.79659516,0.806005
00011276.jpg,0.7870824,0.772644
00007158.jpg,0.71684074,0.7629338
00002074.jpg,0.8449398,0.9306566
00017207.jpg,0.7963585,0.7652788
00054038.jpg,0.58244324,0.6101796
00056342.jpg,0.6809874,0.7031646
00028918.jpg,0.73834425,0.5254186
00011850.jpg,0.89349174,0.789405
n09288635_4056.jpg,0.7325622,0.6886792
00038572.jpg,0.7138728,0.6500352
00040538.jpg,0.65982676,0.6661648
dbaa033be5e95bd9.jpg,0.8242786,0.87777776
00045236.jpg,0.7492614,0.6926042
00045762.jpg,0.7236282,0.5953016
5fc131efa7988d86.jpg,0.7117394,0.74509805
00044785.jpg,0.6748895,0.73901
00020060.jpg,0.6599658,0.8291574
00046846.jpg,0.7088615,0.5956048
00004141.jpg,0.77404267,0.8189228
000000058157.jpg,0.6871455,0.6020408
n09376198_9191.jpg,0.6434441,0.5925926
00000572.jpg,0.7431437,0.7703574
00002330.jpg,0.69500947,0.5326502
n09468604_17442.jpg,0.52117467,0.3846154
00054218.jpg,0.6986618,0.6422436
00044880.jpg,0.7222885,0.7970192
00020651.jpg,0.8314969,0.8879524
00046513.jpg,0.6807288,0.679532
00043336.jpg,0.7998563,0.7320866
00035985.jpg,0.6192293,0.6136546
00002726.jpg,0.8075541,0.8472408
000000520679.jpg,0.79976684,0.7659575
00018733.jpg,0.8171593,0.8457362
00011713.jpg,0.62951255,0.8557964
00036991.jpg,0.6906061,0.5921982
00019168.jpg,0.7376232,0.7418752
00022866.jpg,0.735109,0.7123036
00025547.jpg,0.6673335,0.7519064
00030631.jpg,0.71487874,0.7811378
00054964.jpg,0.733253,0.6598546
00005973.jpg,0.8519973,0.8579222
00027892.jpg,0.60637814,0.6705474
00007229.jpg,0.6316478,0.6847418
00024867.jpg,0.5397663,0.385238
00002073.jpg,0.66666996,0.6740426
000000175210.jpg,0.740787,0.84210527
00043857.jpg,0.78841317,0.8655654
n02132136_4277.jpg,0.8279189,0.8557692
00003108.jpg,0.816309,0.8507158
00002906.jpg,0.8223933,0.8664388
00007487.jpg,0.88656354,0.6728262
00043203.jpg,0.63703465,0.5912282
000000357386.jpg,0.7817404,0.76344085
00003795.jpg,0.7367997,0.791494
00052049.jpg,0.8176296,0.7668102
00041809.jpg,0.6312326,0.5597712
00022219.jpg,0.75834775,0.7980898
00012706.jpg,0.6049181,0.7128302
00000650.jpg,0.64311415,0.5762806
00034649.jpg,0.6115199,0.6320518
00036808.jpg,0.6873204,0.766418
n01846331_15481.jpg,0.7136802,0.82653064
00037386.jpg,0.6790622,0.7345754
00010868.jpg,0.6639202,0.7339122
00029282.jpg,0.8171056,0.76761
00004580.jpg,0.7481502,0.6439356
00034608.jpg,0.6747464,0.6407634
00042410.jpg,0.616712,0.6176166
00024743.jpg,0.67303693,0.7010054
00052488.jpg,0.8878914,0.8919248
00023577.jpg,0.8389867,0.9447652
00055380.jpg,0.9470161,0.896057
e6e51c195b296dff.jpg,0.8095189,0.7676768
00033787.jpg,0.6525986,0.576523
00008454.jpg,0.83533955,0.8127782
00005136.jpg,0.76191086,0.643712
00025425.jpg,0.5846686,0.7175388
000000133727.jpg,0.736877,0.6770833
00020570.jpg,0.79510903,0.8009364
00021903.jpg,0.5322131,0.5903062
00057334.jpg,0.8214754,0.8825924
n02332755_1717.jpg,0.8831444,0.8490566
00006421.jpg,0.775699,0.6567516
00013988.jpg,0.7829075,0.6570372
00040649.jpg,0.7200482,0.781443
00018632.jpg,0.70911133,0.8236576
00043895.jpg,0.7198893,0.6960838
n09376198_22377.jpg,0.6351296,0.4814815
n07680932_39981.jpg,0.8732888,0.9010989
00021212.jpg,0.7649448,0.72546
00048196.jpg,0.79584354,0.8811504
00038002.jpg,0.78241634,0.733586
00053893.jpg,0.8193156,0.7503288
n07863374_17629.jpg,0.84602225,0.87628865
00032130.jpg,0.83782995,0.8966942
00056187.jpg,0.7947282,0.7908162
n07697537_7872.jpg,0.8319281,0.9111111
00054446.jpg,0.78108543,0.8045568
00004346.jpg,0.7251179,0.7870452
00000342.jpg,0.8412483,0.6940686
00049372.jpg,0.68677914,0.734851
00037132.jpg,0.6350267,0.6903966
00031314.jpg,0.77515197,0.8684906
n02332755_5511.jpg,0.821508,0.8111111
00001858.jpg,0.8062383,0.8507916
n07911677_18968.jpg,0.83744407,0.88372093
00048338.jpg,0.77115506,0.5448486
00032779.jpg,0.57118475,0.6482482
00057310.jpg,0.8742217,0.9311372
00041600.jpg,0.72566056,0.799026
00007615.jpg,0.7136607,0.6847582
00052785.jpg,0.91409653,0.9387778
00049381.jpg,0.8150544,0.881303
00011319.jpg,0.7209903,0.7010176
00052148.jpg,0.88103795,0.8226272
00029002.jpg,0.88832057,0.7542436
00046500.jpg,0.6668338,0.6126818
00002482.jpg,0.7841104,0.7689056
00033142.jpg,0.7869434,0.7631362
n09472597_15965.jpg,0.6667678,0.7173913
00038679.jpg,0.58323956,0.5328784
n09359803_43991.jpg,0.52407837,0.537037
n07574602_23918.jpg,0.8435924,0.79591835
00057369.jpg,0.91240466,0.950491
00048533.jpg,0.78762275,0.8203322
00003022.jpg,0.67370427,0.8175548
00023636.jpg,0.903657,0.8730772
00051511.jpg,0.8290935,0.7505424
00014656.jpg,0.64847887,0.6566696
00024919.jpg,0.6186087,0.6321308
000000275175.jpg,0.79104745,0.8660714
00040647.jpg,0.7566814,0.8829714
00016056.jpg,0.7975321,0.8169024
00006376.jpg,0.60242724,0.5654692
00051088.jpg,0.74455166,0.7642092
00027224.jpg,0.6896176,0.8906006
00014427.jpg,0.71170163,0.8326544
00043960.jpg,0.684522,0.8773496
00045422.jpg,0.65499246,0.7081962
00031762.jpg,0.8353496,0.8428412
00015376.jpg,0.86990786,0.8801518
00048929.jpg,0.828363,0.8116798
00023551.jpg,0.816813,0.7883496
00045978.jpg,0.6691413,0.5813224
00045921.jpg,0.65171474,0.6846574
00028502.jpg,0.6317143,0.6004342
00016256.jpg,0.73481643,0.7944546
00021171.jpg,0.77497923,0.8693966
000000572183.jpg,0.8591579,0.877551
00027809.jpg,0.7988739,0.8610746
00019442.jpg,0.77582556,0.8724598
00047977.jpg,0.78140014,0.852471
00034368.jpg,0.6563051,0.7526196
00035262.jpg,0.69077516,0.7470392
000000456773.jpg,0.7128516,0.76344085
00035758.jpg,0.7816483,0.7897064
00040516.jpg,0.7785017,0.8636192
n01514859_4910.jpg,0.8188511,0.8317757
00004895.jpg,0.73068833,0.7661772
00050530.jpg,0.74484265,0.8152314
00048763.jpg,0.72336125,0.7891658
00053939.jpg,0.64132583,0.6565636
00037359.jpg,0.59248006,0.5884534
00009385.jpg,0.8517846,0.8747244
00044256.jpg,0.7793071,0.856689
00014504.jpg,0.74448276,0.8460822
00024599.jpg,0.75250214,0.7552936
n00439826_6315.jpg,0.7851337,0.8019802
n07680932_56466.jpg,0.808511,0.92
00049450.jpg,0.6529599,0.5997632
00048491.jpg,0.825017,0.8139944
00032772.jpg,0.6931422,0.620817
00014222.jpg,0.87016857,0.9489664
00054246.jpg,0.6390116,0.7262732
00049434.jpg,0.714217,0.7346156
00019924.jpg,0.7588321,0.7083742
00021560.jpg,0.7324228,0.8460334
00046968.jpg,0.6722514,0.5867894
00025722.jpg,0.8521975,0.896744
00042561.jpg,0.63829625,0.776465
00007258.jpg,0.803002,0.8298016
00018278.jpg,0.8392073,0.9964286
00023903.jpg,0.6499253,0.6875142
00056572.jpg,0.88722193,0.9392134
00041606.jpg,0.6707765,0.751737
00020302.jpg,0.78608143,0.7950394
00021943.jpg,0.7388083,0.8173394
00037186.jpg,0.6570679,0.5115472
00049953.jpg,0.7020713,0.5638576
00039816.jpg,0.7278491,0.7315972
00051378.jpg,0.67100406,0.4781804
00054008.jpg,0.9376917,0.9295936
00033248.jpg,0.8307778,0.7909146
00042840.jpg,0.79252887,0.8706496
n07838073_15366.jpg,0.8614845,0.8333333
00003710.jpg,0.87324715,0.81582
00030849.jpg,0.8874281,0.8477324
00011476.jpg,0.8195966,0.7608914
00023815.jpg,0.78974605,0.8867652
n04166281_927.jpg,0.7522864,0.74444443
00006121.jpg,0.85223603,0.7663048
00025595.jpg,0.8008053,0.8422382
00027492.jpg,0.83420825,0.8872178
n01811909_2255.jpg,0.7712275,0.8333333
00031898.jpg,0.7027646,0.7124116
00019643.jpg,0.5741721,0.6358494
00008815.jpg,0.79671,0.8602226
00013262.jpg,0.75486815,0.8974998
00031469.jpg,0.83976775,0.9274418
00017042.jpg,0.8002527,0.7026188
00024655.jpg,0.8372055,0.8791468
00002224.jpg,0.7782186,0.8893358
000000489186.jpg,0.7351284,0.59183675
00030068.jpg,0.8827012,0.9183364
00047596.jpg,0.6910077,0.5759916
00029327.jpg,0.8257391,0.7693002
00009864.jpg,0.7788892,0.6967018
00041545.jpg,0.687471,0.6945536
000000038701.jpg,0.8949069,0.9756098
00025032.jpg,0.7770406,0.8645952
00007300.jpg,0.6550813,0.3886646
00038967.jpg,0.6785483,0.5670854
00025797.jpg,0.79802775,0.6709432
00014664.jpg,0.8164767,0.8586584
n03351262_4099.jpg,0.6958268,0.7407407
00021112.jpg,0.7683896,0.6565432
n02430045_4240.jpg,0.7852247,0.7714286
n02129165_18327.jpg,0.8509743,0.8924731
00033766.jpg,0.68785894,0.5324478
000000415821.jpg,0.7665003,0.8636364
00021643.jpg,0.6955809,0.7040756
00010470.jpg,0.6686588,0.6104122
n03384352_4362.jpg,0.80135095,0.8651685
00025897.jpg,0.6907624,0.6799816
00025639.jpg,0.7400136,0.8236616
00056589.jpg,0.6878836,0.723064
00005504.jpg,0.8368921,0.7178322
00027529.jpg,0.8477645,0.9160536
n02450034_2163.jpg,0.7295733,0.84090906
00026705.jpg,0.65422237,0.649769
00044091.jpg,0.8035188,0.9045778
00017930.jpg,0.73261154,0.7942098
00031011.jpg,0.7677995,0.8019
00048944.jpg,0.81031144,0.8067176
00041168.jpg,0.8382691,0.830053
n09472597_11576.jpg,0.5795674,0.6516854
00045714.jpg,0.68561614,0.7495318
00034655.jpg,0.62950444,0.5771396
n03791053_845.jpg,0.7945039,0.8240741
00056919.jpg,0.7185619,0.7096066
00051922.jpg,0.80081135,0.7748596
00041820.jpg,0.82889366,0.8850436
5b7b58b5eab43e92.jpg,0.7442682,0.84375
00011392.jpg,0.7962589,0.687511
00008900.jpg,0.6801833,0.6445376
00039228.jpg,0.70691985,0.6754578
00031938.jpg,0.6050638,0.5441072
00023496.jpg,0.8749971,0.8468152
00053988.jpg,0.801793,0.8336072
00049301.jpg,0.7611911,0.8778254
n02932891_9150.jpg,0.72829175,0.7010309
7aaf2ad4bd23d9a8.jpg,0.7547216,0.8727273
00009635.jpg,0.63201976,0.6304582
00015243.jpg,0.80502844,0.8428584
00050046.jpg,0.72994334,0.7033078
00028859.jpg,0.62377226,0.730646
00017041.jpg,0.58862233,0.4988372
00006178.jpg,0.8060726,0.9338824
00025882.jpg,0.6524404,0.6189666
00017303.jpg,0.73032045,0.6589176
00002530.jpg,0.512908,0.4273928
00054853.jpg,0.63114476,0.6769754
00047286.jpg,0.83197635,0.8569516
00036088.jpg,0.6635642,0.7379096
00024378.jpg,0.9673649,0.9291982
00001839.jpg,0.90504295,0.9032588
n00440941_9933.jpg,0.7267649,0.7126437
00014382.jpg,0.79352665,0.9093888
n02793495_2868.jpg,0.5938294,0.62
00009087.jpg,0.70387006,0.7700068
000000180984.jpg,0.79245955,0.8817204
00050425.jpg,0.8683673,0.9231252
00051451.jpg,0.6589472,0.6898096
00007519.jpg,0.9029475,0.8245864
00025181.jpg,0.86868286,0.8875766
00055480.jpg,0.6694835,0.4818256
00048639.jpg,0.80751944,0.8931098
00034096.jpg,0.59441084,0.5505314
00024286.jpg,0.57212913,0.5319346
cefeffaa35e5554b.jpg,0.8016735,0.7787611
00038169.jpg,0.69208276,0.7662014
00043676.jpg,0.8729401,0.8795482
651c2ae1e6892530.jpg,0.8388778,0.89320385
00034527.jpg,0.741618,0.691525
00028029.jpg,0.5758685,0.7085142
n09468604_15022.jpg,0.5956926,0.37190083
00051020.jpg,0.7032812,0.6243346
00041048.jpg,0.8137528,0.7541378
00022191.jpg,0.6563601,0.8074398
n07690273_23101.jpg,0.8466072,0.8988764
00032800.jpg,0.9339311,0.8630054
a658c1dbf5ff3fb8.jpg,0.7465996,0.7407407
00023033.jpg,0.6464001,0.7179146
00048653.jpg,0.75172853,0.780371
00001915.jpg,0.82047886,0.9589426
00044351.jpg,0.7462243,0.8090306
00005432.jpg,0.82772005,0.7098324
00057797.jpg,0.80590236,0.8129762
00021635.jpg,0.75109327,0.7920266
00051096.jpg,0.5789109,0.5857366
00026129.jpg,0.7348365,0.736389
00035976.jpg,0.6629595,0.5883002
n07753592_16831.jpg,0.8472343,0.82978725
00035971.jpg,0.71870744,0.9096294
00046437.jpg,0.84183353,0.908637
00026977.jpg,0.7646002,0.7694272
00009316.jpg,0.74331594,0.8026994
00049390.jpg,0.72787124,0.8135676
00026855.jpg,0.7913613,0.7382048
00025144.jpg,0.66790086,0.616922
00021465.jpg,0.71858615,0.6410584
00007251.jpg,0.8920325,0.8560612
00017422.jpg,0.5815439,0.6719024
00009428.jpg,0.7540094,0.723611
00049921.jpg,0.79709464,0.6034244
00049715.jpg,0.85295033,0.8417874
00031234.jpg,0.7561617,0.9012792
00033132.jpg,0.6923416,0.635865
00023886.jpg,0.8771061,0.887937
00042081.jpg,0.8165438,0.8228672
00025435.jpg,0.7284943,0.66882
00053356.jpg,0.7542193,0.7729276
00027186.jpg,0.5730366,0.527609
00027894.jpg,0.5270655,0.5174568
00035745.jpg,0.7752222,0.7724966
00014399.jpg,0.7904757,0.8390852
00032716.jpg,0.77656245,0.8124616
70c7cece24e9e005.jpg,0.5541178,0.6631579
000000265708.jpg,0.7573369,0.80733943
n09308572_4058.jpg,0.5990542,0.41111112
00050918.jpg,0.5535053,0.5492518
n03634034_2801.jpg,0.61790377,0.59574467
00019445.jpg,0.68422383,0.7931126
00035114.jpg,0.7229987,0.6209062
00007626.jpg,0.640841,0.7069674
00009432.jpg,0.8630691,0.9573688
n07716358_12705.jpg,0.95816267,0.9361702
00011394.jpg,0.8493104,0.7563638
00026274.jpg,0.88005686,0.8843786
00006300.jpg,0.7661385,0.7940584
00017102.jpg,0.62850916,0.5760886
00044778.jpg,0.7156441,0.694329
00028441.jpg,0.8314227,0.9086506
00039097.jpg,0.8267692,0.8590804
00008448.jpg,0.69757086,0.7068068
00026910.jpg,0.73403746,0.7729428
00035640.jpg,0.59101695,0.5704208
00008382.jpg,0.8555274,0.9072164
sun_aobhtfctsxabxsls.jpg,0.6047722,0.65625
00003975.jpg,0.8482317,0.9360056
00015431.jpg,0.7664236,0.7835082
00041771.jpg,0.68509674,0.610455
00044585.jpg,0.7764865,0.7536856
00045489.jpg,0.7863213,0.723055
00033832.jpg,0.6295639,0.6256926
n03634034_7874.jpg,0.5851075,0.5531915
00038822.jpg,0.7576285,0.8726112
00019122.jpg,0.5731053,0.4789336
00058247.jpg,0.9030554,0.9675308
00024930.jpg,0.8228436,0.832002
00005161.jpg,0.92992973,0.8552328
00056731.jpg,0.8051888,0.830231
00017234.jpg,0.72921,0.6596472
00012481.jpg,0.85071266,0.9412182
00050191.jpg,0.77290016,0.6620926
00035035.jpg,0.707409,0.6729166
00049863.jpg,0.7839557,0.8350938
00014496.jpg,0.9256447,0.8782106
00038613.jpg,0.6260563,0.5238642
n00464894_12201.jpg,0.7913557,0.79347825
00055899.jpg,0.64023614,0.7834752
00030484.jpg,0.83587146,0.879687
sun_ahksbkeqopdxmskp.jpg,0.5836561,0.4065934
n03541923_3231.jpg,0.83838093,0.88659793
00034892.jpg,0.68061864,0.7386366
00037606.jpg,0.5791619,0.522459
00031664.jpg,0.8383327,0.9379124
00023343.jpg,0.7807061,0.7991182
00033488.jpg,0.76034015,0.7317214
n04465501_11146.jpg,0.6963306,0.6516854
00035317.jpg,0.7196979,0.7285474
00002480.jpg,0.6685073,0.579989
00014030.jpg,0.89854157,0.9011326
00046337.jpg,0.78253925,0.8605232
00057906.jpg,0.5455253,0.566265
00014133.jpg,0.6995609,0.6357446
00049847.jpg,0.714314,0.6816822
00024738.jpg,0.7046388,0.8635138
00052789.jpg,0.75434405,0.8262198
00004728.jpg,0.70774776,0.664112
00057965.jpg,0.944279,0.859574
00039132.jpg,0.84975123,0.8639036
00051975.jpg,0.81222576,0.8442334
00046346.jpg,0.73153067,0.6517376
00037481.jpg,0.6622869,0.6542216
00018322.jpg,0.7729552,0.9563554
00042736.jpg,0.76995814,0.8006596
00055682.jpg,0.7927557,0.768111
00014781.jpg,0.51042473,0.5358296
00056581.jpg,0.7386931,0.844495
00048919.jpg,0.82771635,0.9368526
00025448.jpg,0.8067951,0.9243548
00039951.jpg,0.79818726,0.7932836
00035092.jpg,0.7065265,0.7905968
00022997.jpg,0.7764911,0.6712666
00055759.jpg,0.64748824,0.6948108
00047518.jpg,0.84047794,0.9145712
00011459.jpg,0.8491615,0.8038696
00045724.jpg,0.7415499,0.6463558
00021260.jpg,0.7879469,0.8052176
00017062.jpg,0.71588266,0.7502424
00048520.jpg,0.80114305,0.828852
00002851.jpg,0.66235995,0.6237752
00032317.jpg,0.7985114,0.8267612
n00468480_9707.jpg,0.7045911,0.65048546
00007658.jpg,0.7224441,0.4397202
00029455.jpg,0.6584044,0.5343646
00034449.jpg,0.71718764,0.703647
00023892.jpg,0.71441996,0.6176974
00007200.jpg,0.6395252,0.6485214
00007719.jpg,0.8512438,0.8244994
00004531.jpg,0.79123557,0.901341
00037162.jpg,0.6233247,0.6527452
00015995.jpg,0.6731403,0.6573314
00036652.jpg,0.69163185,0.6257852
00011072.jpg,0.875805,0.9110812
00026163.jpg,0.774153,0.7732944
n02946348_16367.jpg,0.69575375,0.76829267
00042657.jpg,0.7255781,0.5792458
00012730.jpg,0.84058344,0.9150354
00012727.jpg,0.7504524,0.6938624
00056868.jpg,0.7440594,0.6663986
00046462.jpg,0.7078625,0.5937656
00017743.jpg,0.8372273,0.7972956
00009091.jpg,0.8245065,0.6518934
00036577.jpg,0.59119517,0.5505688
n02924116_76766.jpg,0.7589129,0.74712646
n01846331_2425.jpg,0.8055072,0.8712871
00003222.jpg,0.69080716,0.6551244
00045889.jpg,0.7584512,0.8332252
00028514.jpg,0.8368214,0.8272214
sun_ahzxnldgajgrwhyd.jpg,0.65187836,0.50877196
00035407.jpg,0.58449197,0.6397656
00036647.jpg,0.7570088,0.732888
00004217.jpg,0.8374266,0.871706
n09468604_7588.jpg,0.6238134,0.5849057
e05959944abb7053.jpg,0.67852426,0.7912088
8409089d99c0ffa2.jpg,0.82162136,0.7529412
00028675.jpg,0.68871164,0.7236716
00044476.jpg,0.5942548,0.7812608
00018219.jpg,0.7493437,0.8174002
00041931.jpg,0.7154113,0.663157
00040593.jpg,0.66100603,0.5923408
00009291.jpg,0.85884726,0.8311138
fc19beae7ab242a5.jpg,0.6037976,0.7111111
00012650.jpg,0.7928697,0.9105712
00002274.jpg,0.7766408,0.7318402
00020975.jpg,0.6528242,0.6377548
00019976.jpg,0.737259,0.6558076
00005414.jpg,0.62068677,0.5885026
00056302.jpg,0.6320358,0.766617
00056129.jpg,0.8331871,0.8750284
00042186.jpg,0.89056885,0.8239516
00026184.jpg,0.72055286,0.7379768
00055039.jpg,0.70115185,0.6926328
00015582.jpg,0.77612305,0.8040096
00000883.jpg,0.65238893,0.5060844
00022402.jpg,0.86098695,0.9020652
00054154.jpg,0.82161283,0.8100246
00041902.jpg,0.78147244,0.8773496
00016141.jpg,0.77097106,0.7680082
00043076.jpg,0.74746525,0.7678988
00003911.jpg,0.7378206,0.8100964
n03791053_7039.jpg,0.8041769,0.67105263
00001233.jpg,0.7091878,0.8412746
70878bd6dcf73fc4.jpg,0.7496682,0.8453608
00043963.jpg,0.8150232,0.874237
n00468480_8106.jpg,0.74602336,0.6806723
00032844.jpg,0.7898088,0.777297
00056960.jpg,0.7490245,0.76757
00039279.jpg,0.75335336,0.737268
00034845.jpg,0.73532945,0.7860784
00009079.jpg,0.6306454,0.6125542
00026542.jpg,0.7354568,0.8635362
00002814.jpg,0.65115356,0.6632486
00046053.jpg,0.6686356,0.5716336
00028931.jpg,0.84988666,0.7601444
n07893642_8452.jpg,0.8407898,0.872549
00027166.jpg,0.8599344,0.9025046
00041805.jpg,0.83234125,0.8381284
00039326.jpg,0.725969,0.6604348
00010551.jpg,0.6189717,0.5891012
00045813.jpg,0.74376297,0.7612732
00047800.jpg,0.89314467,0.951372
00043872.jpg,0.7994457,0.766064
00015570.jpg,0.77171135,0.8750008
00013579.jpg,0.7932301,0.746051
00054837.jpg,0.8323239,0.8556144
00027820.jpg,0.7874477,0.7613538
00040869.jpg,0.7027031,0.7860874
n07693725_12175.jpg,0.79094553,0.7979798
00009438.jpg,0.7491752,0.8084624
00010393.jpg,0.8027651,0.7918966
00056672.jpg,0.7761226,0.7429336
00036482.jpg,0.53706634,0.5846302
00015111.jpg,0.87754256,0.8259786
00042085.jpg,0.69284916,0.7124324
n01514668_7269.jpg,0.8104989,0.87096775
00056481.jpg,0.7679153,0.679947
00051508.jpg,0.7048511,0.5795302
00045821.jpg,0.7144539,0.7066518
00017300.jpg,0.842766,0.7946358
00030886.jpg,0.6026531,0.5079582
00016601.jpg,0.62815416,0.7709294
00039430.jpg,0.6914353,0.768384
00021503.jpg,0.92623526,0.9033516
00018476.jpg,0.8832617,0.855885
00004237.jpg,0.79618335,0.8672024
00005544.jpg,0.8238431,0.8283814
000000437126.jpg,0.79996073,0.88297874
00010907.jpg,0.8384154,0.7820928
00034931.jpg,0.5654687,0.5022436
00007172.jpg,0.71541256,0.6540762
00041802.jpg,0.8102982,0.8126374
n07720875_4206.jpg,0.8093648,0.8857143
00033328.jpg,0.693825,0.6898744
00048474.jpg,0.73888713,0.8276062
n07893642_24926.jpg,0.82000005,0.90789473
00052833.jpg,0.6797127,0.8049484
00042684.jpg,0.758413,0.8840434
00007861.jpg,0.6950339,0.651068
00013771.jpg,0.80310583,0.874904
00006297.jpg,0.8776959,0.9661884
00057167.jpg,0.75114346,0.855921
00049384.jpg,0.85735977,0.8326118
00018719.jpg,0.6411586,0.5544642
00024368.jpg,0.63607097,0.6191796
00014600.jpg,0.77839816,0.796919
af398033fcc3c41d.jpg,0.53163517,0.3939394
00029469.jpg,0.7182901,0.7312342
00031312.jpg,0.61071306,0.735679
00049318.jpg,0.66912055,0.7579562
31957706f94af9d3.jpg,0.79353887,0.7692308
00028904.jpg,0.7593082,0.7615206
00012113.jpg,0.63650763,0.628749
00056641.jpg,0.84769976,0.926888
00052109.jpg,0.79854184,0.8129468
00022380.jpg,0.8400077,0.820457
00016266.jpg,0.680357,0.6297138
00003690.jpg,0.8798759,0.9546636
00042110.jpg,0.6965525,0.65266
00029684.jpg,0.89874685,0.9138794
00041045.jpg,0.7794443,0.8068716
42ce0e541e865b81.jpg,0.8128489,0.8411215
00013690.jpg,0.5927005,0.4714852
00035965.jpg,0.7404052,0.7522638
00016664.jpg,0.70783436,0.8030254
00045932.jpg,0.6557721,0.4597988
00050035.jpg,0.73865116,0.7803638
00053921.jpg,0.8801987,0.8615784
00009145.jpg,0.78230596,0.7810414
00012772.jpg,0.848881,0.8179786
00034836.jpg,0.64497083,0.7898828
00017253.jpg,0.6663817,0.5810526
00019427.jpg,0.7468866,0.9447612
00040017.jpg,0.64805526,0.5119326
00022737.jpg,0.7759485,0.8125962
24789502099f7a37.jpg,0.82724106,0.80851066
00015162.jpg,0.6907836,0.8004062
772e8c69855b54ba.jpg,0.7926769,0.815534
00006318.jpg,0.8031749,0.8762278
00010807.jpg,0.704607,0.7994542
00023660.jpg,0.6797168,0.698798
n07850329_13492.jpg,0.8712131,0.88349515
000000438200.jpg,0.7603481,0.9368421
00012025.jpg,0.77093023,0.8212616
00035695.jpg,0.60802054,0.701775
00042857.jpg,0.78572005,0.7381252
00001929.jpg,0.7367487,0.7494378
00058536.jpg,0.6302871,0.5471784
00008799.jpg,0.6635072,0.7405478
00025447.jpg,0.7719019,0.6462212
00022060.jpg,0.6672648,0.660427
00031517.jpg,0.75319886,0.6539488
00039223.jpg,0.7026453,0.586276
00040143.jpg,0.84996974,0.8661218
00041581.jpg,0.7704245,0.6066146
00039121.jpg,0.753466,0.8338076
00000736.jpg,0.83680385,0.83633
00041068.jpg,0.63213575,0.5098616
00033650.jpg,0.783451,0.8888824
00033451.jpg,0.6558714,0.7510088
00009039.jpg,0.6851288,0.5948108
00044183.jpg,0.59622806,0.5760046
00027197.jpg,0.7100901,0.6920392
00041085.jpg,0.7051394,0.685409
00046246.jpg,0.7359803,0.6605792
00024832.jpg,0.8346529,0.8839712
00029595.jpg,0.6970246,0.8079744
00008738.jpg,0.6048356,0.5275868
00042568.jpg,0.775939,0.841098
00029116.jpg,0.8874414,0.9199332
00005470.jpg,0.8930739,0.89665
00003073.jpg,0.82479274,0.8072928
00027926.jpg,0.66597337,0.6873838
000000410255.jpg,0.7812946,0.9591837
00054217.jpg,0.8124691,0.9179146
n07697537_22000.jpg,0.8815825,0.96590906
00052948.jpg,0.83966434,0.8095332
00039711.jpg,0.6657922,0.6081842
00004522.jpg,0.88996106,0.899087
00007607.jpg,0.83021116,0.8636724
00001247.jpg,0.8284217,0.775778
00024091.jpg,0.81329346,0.573911
00003801.jpg,0.53712183,0.6719564
00029781.jpg,0.85125726,0.928596
00051815.jpg,0.7794363,0.9026278
00033741.jpg,0.71817607,0.7035206
00017651.jpg,0.806411,0.904669
00008960.jpg,0.7695396,0.750133
00057094.jpg,0.6489357,0.584694
00026696.jpg,0.88362426,0.8823742
00012186.jpg,0.82847095,0.8016752
00008962.jpg,0.6624402,0.7271376
00004351.jpg,0.58110166,0.5734826
00043891.jpg,0.69003236,0.6971872
00035626.jpg,0.6794176,0.6013708
00018561.jpg,0.84938306,0.88389
000000467502.jpg,0.7491526,0.85393256
00037039.jpg,0.6421261,0.5986376
00019656.jpg,0.67853135,0.6564464
00043690.jpg,0.75794417,0.6684104
00025018.jpg,0.80374193,0.8280398
00024159.jpg,0.6916677,0.673441
00019078.jpg,0.6336521,0.558169
n07716358_15290.jpg,0.8181323,0.8645833
00052975.jpg,0.72198224,0.5913072
00003485.jpg,0.7513365,0.7166692
00049752.jpg,0.89179647,0.8574408
00000231.jpg,0.8519144,0.8463278
00058281.jpg,0.82815814,0.7105938
00025369.jpg,0.7976266,0.8313886
00045882.jpg,0.7701572,0.7441668
00021587.jpg,0.60910857,0.6649198
00022912.jpg,0.75322914,0.68748
00000096.jpg,0.7150672,0.5780406
00030460.jpg,0.7274811,0.837552
00043706.jpg,0.7436962,0.67535
n07594066_11707.jpg,0.8248004,0.7962963
n00480993_11123.jpg,0.8085709,0.7912088
00027485.jpg,0.60475993,0.7378
00055242.jpg,0.7737467,0.671849
cc4c4cdc33cc4b40.jpg,0.8028593,0.7605634
00040420.jpg,0.69957715,0.600159
00014245.jpg,0.8025897,0.8184848
00014536.jpg,0.8283332,0.863575
00037099.jpg,0.73706084,0.7560868
000000444363.jpg,0.7712656,0.81914896
00004567.jpg,0.7309492,0.7285104
00008747.jpg,0.871189,0.9008118
00050777.jpg,0.6399718,0.5671932
n07880968_3496.jpg,0.84283066,0.7706422
00046457.jpg,0.7373792,0.7322702
00020701.jpg,0.7687949,0.864868
00012913.jpg,0.9142559,0.9787438
00047277.jpg,0.8006111,0.876721
00031048.jpg,0.70564514,0.7868692
00029757.jpg,0.7817408,0.7364614
00005652.jpg,0.72017217,0.7777184
00001428.jpg,0.8091748,0.7320394
00039891.jpg,0.83002114,0.7662914
00015452.jpg,0.74797606,0.7033368
00039465.jpg,0.82647777,0.8716034
00001381.jpg,0.8190152,0.8572964
n01811909_3743.jpg,0.75073516,0.75581396
00014066.jpg,0.628075,0.6470534
00015477.jpg,0.68877494,0.7536236
4592a320b99460e2.jpg,0.78809446,0.9126214
00026524.jpg,0.608713,0.5937558
00012177.jpg,0.92238194,0.9790682
00053248.jpg,0.8406374,0.9125678
00056691.jpg,0.73062706,0.8234522
00052386.jpg,0.6209296,0.547644
00008976.jpg,0.7681445,0.6357318
05afa89b37d9be10.jpg,0.6471783,0.6571429
00019696.jpg,0.7358244,0.6249454
00024741.jpg,0.87271786,0.918629
00018062.jpg,0.8619244,0.8520292
00017441.jpg,0.66042566,0.6037398
00040131.jpg,0.7474206,0.678474
00029756.jpg,0.7720946,0.8294558
00042549.jpg,0.83379006,0.9948718
00042523.jpg,0.6789452,0.6310662
00008873.jpg,0.6961882,0.7842122
00001299.jpg,0.786397,0.7562436
00010597.jpg,0.73019534,0.8357042
00045235.jpg,0.733034,0.705645
00021744.jpg,0.8642086,0.8264456
00041472.jpg,0.74566734,0.608585
00016271.jpg,0.75798255,0.769748
80463d4656037235.jpg,0.5528903,0.42608696
n02129165_8849.jpg,0.8667895,0.8969072
00044743.jpg,0.71971107,0.577942
00002910.jpg,0.7218203,0.5905568
00043903.jpg,0.83253103,0.731582
00023395.jpg,0.81234443,0.7437748
sun_akunqvyxlnqigojo.jpg,0.67509735,0.82608694
00039424.jpg,0.80304015,0.7879466
7924d91dd62861ba.jpg,0.7980015,0.8915663
00042785.jpg,0.79085964,0.6049166
00011335.jpg,0.8302716,0.9522004
00054589.jpg,0.83577573,0.8945506
00044247.jpg,0.7823222,0.775728
00045040.jpg,0.76428676,0.775279
00000980.jpg,0.8731712,0.9045692
00016972.jpg,0.8076517,0.9198196
00029920.jpg,0.742214,0.8197062
00023561.jpg,0.7177291,0.6510796
00042810.jpg,0.5641242,0.4376162
00038586.jpg,0.68123275,0.6096806
00003126.jpg,0.8301078,0.7985422
00037501.jpg,0.73110104,0.8177154
00010451.jpg,0.68511033,0.5632998
00034700.jpg,0.78541243,0.8064654
n03351262_8162.jpg,0.64406914,0.6304348
00043309.jpg,0.75777006,0.782233
00018066.jpg,0.7822069,0.9123724
n02946348_11948.jpg,0.8049617,0.8043478
00049476.jpg,0.693732,0.6928424
00051114.jpg,0.8853502,0.9705744
00037820.jpg,0.6298784,0.6080088
aad7de1f5cd52a81.jpg,0.7089249,0.7941176
134e7aae3e2561c9.jpg,0.7699769,0.8640777
00056657.jpg,0.74305254,0.765382
n03512147_32807.jpg,0.66885203,0.67
00032998.jpg,0.5924422,0.5133532
00002973.jpg,0.8439364,0.8374972
n07574602_24364.jpg,0.79804677,0.7176471
00040971.jpg,0.7108866,0.6831812
00049019.jpg,0.7062045,0.7231032
00041437.jpg,0.8042885,0.7708468
n09468604_47447.jpg,0.6079543,0.6210526
n12142085_610.jpg,0.72491664,0.62352943
00039453.jpg,0.69938296,0.7307234
00007095.jpg,0.8350208,0.783659
00002544.jpg,0.69403267,0.6602918
69147beaa4b5a032.jpg,0.8566703,0.8224299
00012904.jpg,0.7878219,0.8737334
00055461.jpg,0.78987604,0.7735502
00046168.jpg,0.6293707,0.7270998
00046150.jpg,0.76639616,0.720186
000000483677.jpg,0.6536773,0.53061223
00044115.jpg,0.69725764,0.698887
00019366.jpg,0.83820075,0.7726426
ee54fa153e633643.jpg,0.62556267,0.6666667
00006116.jpg,0.63552654,0.77713
00021678.jpg,0.6472443,0.7583748
n02878222_19400.jpg,0.6984092,0.7446808
00035550.jpg,0.7828852,0.8438556
000000086514.jpg,0.69630057,0.75247526
00021628.jpg,0.7319719,0.8492874
n07693725_2455.jpg,0.858101,0.87777776
00006442.jpg,0.8486779,0.8843046
00012106.jpg,0.6023447,0.4870006
00011608.jpg,0.81561255,0.8381516
00030701.jpg,0.6761887,0.5410192
00035738.jpg,0.68379694,0.8494604
00020046.jpg,0.65121925,0.4709282
00041141.jpg,0.82369053,0.9045106
00043920.jpg,0.70608985,0.756413
00007785.jpg,0.7578976,0.8509456
00025943.jpg,0.72047985,0.7729598
n02450034_13271.jpg,0.76127774,0.627907
00057817.jpg,0.82507944,0.77603
00003983.jpg,0.69757974,0.6396506
00053814.jpg,0.9370291,0.792746
00004447.jpg,0.615232,0.6028512
sun_bdeatbjcovyqdrti.jpg,0.71514714,0.85148513
00032727.jpg,0.90856564,0.8150764
n01811909_8563.jpg,0.73127264,0.73195875
000000476074.jpg,0.6923399,0.69298244
00010574.jpg,0.83248985,0.818272
00053261.jpg,0.71783406,0.751348
00014720.jpg,0.8504808,0.8552314
00007191.jpg,0.7265729,0.858148
00055485.jpg,0.83704615,0.9239226
00012882.jpg,0.83785886,0.8262236
00046419.jpg,0.6588975,0.6399658
00046050.jpg,0.7443732,0.7873742
00043869.jpg,0.6803149,0.6425562
00044696.jpg,0.70661724,0.6582018
00000376.jpg,0.83370566,0.8562528
00058706.jpg,0.89401615,0.948738
00028280.jpg,0.6946346,0.6196712
00016388.jpg,0.8554821,0.8571558
00042439.jpg,0.7644986,0.8079788
00017839.jpg,0.80159134,0.8272656
00025520.jpg,0.7815224,0.8575386
00016729.jpg,0.7121933,0.5739558
00020356.jpg,0.81402314,0.9467208
00017730.jpg,0.8264676,0.9464038
00018953.jpg,0.9268992,0.9702358
00010804.jpg,0.7984693,0.8031232
00006074.jpg,0.6473817,0.755982
00055388.jpg,0.8415743,0.9203798
n02332755_4283.jpg,0.8391518,0.80701756
00052703.jpg,0.80310595,0.8884624
00025120.jpg,0.822654,0.7730484
00007458.jpg,0.7042315,0.7715584
00054467.jpg,0.81426644,0.7410306
00038795.jpg,0.7588833,0.7132854
00009113.jpg,0.7947654,0.7542634
00026018.jpg,0.8288016,0.8907286
00010457.jpg,0.7849706,0.8815514
00031472.jpg,0.7922888,0.8604982
00007112.jpg,0.7933202,0.8129586
00055387.jpg,0.56497025,0.5638752
00007850.jpg,0.65024924,0.67592
00004382.jpg,0.6218481,0.536142
00033635.jpg,0.8078468,0.847249
00031551.jpg,0.7936488,0.8639872
00009429.jpg,0.6608013,0.6295864
00029347.jpg,0.8590673,0.8132216
00055444.jpg,0.72150326,0.846111
00019534.jpg,0.68457735,0.8055246
00030981.jpg,0.7969878,0.827119
ed77196681372fcd.jpg,0.73278064,0.7
00047877.jpg,0.7209151,0.7186416
00006241.jpg,0.6490936,0.5548792
00039073.jpg,0.7776679,0.765975
00046070.jpg,0.7869672,0.7481912
00056917.jpg,0.61650205,0.5514072
00043002.jpg,0.68508124,0.7362712
00036359.jpg,0.6978731,0.6417966
00027360.jpg,0.6330155,0.5054054
00032654.jpg,0.63603723,0.7490524
00058037.jpg,0.7267932,0.7149556
00052916.jpg,0.6597463,0.6088328
00036038.jpg,0.701145,0.7084984
00000486.jpg,0.9210348,0.8471498
00040418.jpg,0.756893,0.7953602
n09428293_23069.jpg,0.6297586,0.68421054
00023131.jpg,0.8181831,0.8698642
00028635.jpg,0.7319417,0.8430634
00033187.jpg,0.7380408,0.8027732
00047715.jpg,0.6955506,0.6801078
ea8f9fc441045158.jpg,0.64325637,0.6052632
00053267.jpg,0.797591,0.9219294
00037565.jpg,0.6687082,0.6100228
00034442.jpg,0.6871581,0.7010844
00045348.jpg,0.8306857,0.9169786
00055707.jpg,0.6781222,0.6283386
00004457.jpg,0.8906671,0.7918674
n04610013_17480.jpg,0.75507385,0.84615386
00030430.jpg,0.8500292,0.9126196
00019803.jpg,0.78936934,0.6771182
00046973.jpg,0.7780597,0.8638574
00044940.jpg,0.7169028,0.662394
00016290.jpg,0.8048568,0.8327364
00051375.jpg,0.8469769,0.7645996
00054361.jpg,0.6975233,0.6330904
00004008.jpg,0.6702911,0.8343606
00029948.jpg,0.7508386,0.838113
00011611.jpg,0.69253504,0.6701538
00053431.jpg,0.80974853,0.8446762
00027481.jpg,0.7028623,0.7026366
00021198.jpg,0.5390741,0.551183
00049690.jpg,0.68319535,0.743186
00021573.jpg,0.6845436,0.6273332
00044588.jpg,0.70146704,0.6316236
00049011.jpg,0.8291249,0.7022044
00041388.jpg,0.7408357,0.7441252
00013768.jpg,0.7421266,0.7698616
00050166.jpg,0.7246734,0.8158926
00016894.jpg,0.74714214,0.7552532
00029589.jpg,0.85634583,0.9149492
n03791053_16934.jpg,0.8429901,0.9010989
00006937.jpg,0.6931483,0.7221294
00033275.jpg,0.83444273,0.8985656
00045959.jpg,0.7885022,0.661175
00008925.jpg,0.8392767,0.8890562
00014731.jpg,0.79657626,0.8747244
00032783.jpg,0.6736283,0.6735128
00052534.jpg,0.8257681,0.8257086
00006207.jpg,0.51110184,0.4682178
00028055.jpg,0.73991287,0.9017554
00003599.jpg,0.7877005,0.7145784
00037776.jpg,0.6781543,0.585783
000000210958.jpg,0.79961956,0.8736842
00032437.jpg,0.8333408,0.8943974
00045925.jpg,0.7637928,0.7895194
n07711569_1464.jpg,0.74478996,0.83653843
00004884.jpg,0.7632959,0.7340352
00042077.jpg,0.73227453,0.788991
00046080.jpg,0.7534417,0.6707156
00008859.jpg,0.8325717,0.8487242
00012729.jpg,0.80823547,0.9160412
00004896.jpg,0.73998797,0.6231032
00029577.jpg,0.79623604,0.8233252
00051891.jpg,0.59122264,0.7120102
00037864.jpg,0.7409874,0.7924248
00057940.jpg,0.6670283,0.617374
00054074.jpg,0.73293203,0.8251046
00048715.jpg,0.845112,0.8128004
00048209.jpg,0.8171842,0.932455
00048438.jpg,0.7924934,0.7748772
00011624.jpg,0.70395786,0.718749
00018514.jpg,0.800138,0.8152368
00046062.jpg,0.7758076,0.779359
00003237.jpg,0.7422153,0.8876652
sun_aasvwavwelwxbdwa.jpg,0.6698352,0.71428573
00037513.jpg,0.6279177,0.7689552
00044590.jpg,0.8095674,0.823282
00033830.jpg,0.69414175,0.7089904
00035352.jpg,0.6418556,0.6746984
00001931.jpg,0.77171564,0.8406402
5582e1b92da31e68.jpg,0.6739929,0.7126437
00041710.jpg,0.6091543,0.6425506
n02396427_22536.jpg,0.8227263,0.7980769
00005866.jpg,0.7600732,0.8395594
n02431785_3713.jpg,0.72730017,0.8019802
00017164.jpg,0.7003592,0.7550356
n02932891_37190.jpg,0.6748161,0.6060606
00045480.jpg,0.72041273,0.681413
00051200.jpg,0.7850532,0.6927212
00036863.jpg,0.6559924,0.693913
n02088364_6866.jpg,0.818479,0.7798165
n04465501_2523.jpg,0.752524,0.67045456
00046208.jpg,0.6178099,0.7109234
00009306.jpg,0.8633423,0.9357162
00043328.jpg,0.69256556,0.7520324
n03790512_5804.jpg,0.81186545,0.72164947
00057439.jpg,0.7799794,0.8437776
00041173.jpg,0.65138936,0.6417376
00008499.jpg,0.87177444,0.9249682
n02450034_4350.jpg,0.77971303,0.7297297
00044754.jpg,0.73138857,0.8138898
00005251.jpg,0.75323474,0.8364978
00031509.jpg,0.62542635,0.7615766
00006575.jpg,0.83708936,0.9282692
00006247.jpg,0.83812726,0.84657
00058023.jpg,0.70250154,0.6600408
6d8a20a69d1f2667.jpg,0.8337048,0.85
00038854.jpg,0.6977439,0.6910328
00024076.jpg,0.75890166,0.7869422
00041441.jpg,0.7935689,0.8106074
00026935.jpg,0.81411684,0.818205
00049260.jpg,0.7893752,0.7704448
7fce3e566a3e1148.jpg,0.763973,0.7128713
00034388.jpg,0.6100171,0.8172048
n04467665_50806.jpg,0.68914294,0.6886792
00040262.jpg,0.7167625,0.858015
00023314.jpg,0.6170996,0.7757536
n07911677_1332.jpg,0.8426651,0.8411215
00007413.jpg,0.8669394,0.8839028
00003309.jpg,0.7695302,0.7755678
00029759.jpg,0.7376507,0.6691184
00014257.jpg,0.80571634,0.8714956
sun_aldigqqshvnhfkng.jpg,0.5135168,0.3655914
00031185.jpg,0.5911923,0.6673226
00014244.jpg,0.73204553,0.7835622
00003474.jpg,0.8079642,0.8093904
n09415671_2133.jpg,0.5970905,0.699187
00058085.jpg,0.89775956,0.8891326
00007569.jpg,0.76186806,0.7230248
00021788.jpg,0.6208824,0.6706492
00047450.jpg,0.85525084,0.9460998
n03791053_1838.jpg,0.82088494,0.8761062
00003119.jpg,0.7614733,0.759458
00024626.jpg,0.5593602,0.6068238
00023320.jpg,0.85631776,0.8505476
00030644.jpg,0.81226,0.8322326
n01846331_7467.jpg,0.7749777,0.7745098
00017619.jpg,0.6877563,0.6624952
5e5cddc86093e1b0.jpg,0.74716616,0.7741935
000000150996.jpg,0.7301785,0.8472222
00044777.jpg,0.78579795,0.7576558
00026332.jpg,0.7707025,0.7447534
n02396427_768.jpg,0.827357,0.7346939
00055616.jpg,0.80504763,0.8005484
00046809.jpg,0.7251633,0.7374798
46f09a0adfa8b30b.jpg,0.84116226,0.87628865
00024278.jpg,0.7373275,0.7435154
00028196.jpg,0.92294437,0.8290556
00042804.jpg,0.67770416,0.6490272
00009626.jpg,0.7620985,0.8054556
00036091.jpg,0.65545255,0.6085268
000000398609.jpg,0.81435746,0.8019802
00012288.jpg,0.6316304,0.699909
00008957.jpg,0.66735935,0.7599464
00015743.jpg,0.7136656,0.6567036
00005147.jpg,0.8122486,0.8725352
00008498.jpg,0.56658375,0.51417
00025248.jpg,0.6630275,0.7180932
00036138.jpg,0.5804391,0.5029914
00010698.jpg,0.7018292,0.6448504
00001605.jpg,0.7741737,0.7581638
00043752.jpg,0.7054517,0.7326522
00044286.jpg,0.70640993,0.6654398
00016078.jpg,0.6814398,0.7554194
00019443.jpg,0.6667284,0.6738064
00044680.jpg,0.78717554,0.7800552
00050383.jpg,0.7087081,0.6258704
00053339.jpg,0.88482165,0.8372602
00053113.jpg,0.79808635,0.9493296
00002397.jpg,0.72204816,0.8666006
00035265.jpg,0.8098232,0.8203896
00054045.jpg,0.86015975,0.8448196
00021703.jpg,0.6960986,0.7158802
00015091.jpg,0.5629014,0.4910634
00049487.jpg,0.8143618,0.7728702
00020065.jpg,0.5948365,0.713817
00050874.jpg,0.76278865,0.7319302
00004136.jpg,0.737051,0.808474
00008883.jpg,0.6527175,0.6885416
00032141.jpg,0.7605529,0.5967136
00008124.jpg,0.7329476,0.7943918
00026580.jpg,0.83864325,0.8281264
2fdbe9ca76fdfd99.jpg,0.655392,0.80701756
00024736.jpg,0.82186556,0.863498
00016040.jpg,0.8250519,0.8397816
00009575.jpg,0.7856962,0.887069
00053264.jpg,0.790304,0.7250264
00030327.jpg,0.785119,0.9207782
00026007.jpg,0.71629703,0.6227104
00005908.jpg,0.8993609,0.853827
n03541923_889.jpg,0.8141511,0.8068182
00006944.jpg,0.84428585,0.8087838
00009748.jpg,0.8566277,0.8662896
00017012.jpg,0.7526161,0.7613562
00034541.jpg,0.7418783,0.7328736
00035824.jpg,0.6733115,0.6719812
n07911677_3536.jpg,0.8643683,0.9569892
00041854.jpg,0.5134361,0.344322
00036495.jpg,0.6677648,0.6191752
00054848.jpg,0.7472457,0.7926846
n07880968_3617.jpg,0.78598577,0.85
n04467665_51267.jpg,0.7092147,0.63917524
00010370.jpg,0.80023885,0.918702
00058590.jpg,0.7388934,0.7652444
00056293.jpg,0.68725073,0.806452
00049275.jpg,0.77452207,0.7900706
00035002.jpg,0.7555165,0.8972252
00057636.jpg,0.84602225,0.9340782
00056063.jpg,0.60677004,0.6058482
00027404.jpg,0.720532,0.803226
00005942.jpg,0.6711443,0.659076
00034170.jpg,0.5804993,0.4957964
00049943.jpg,0.8055882,0.7757334
00041067.jpg,0.68766767,0.7017388
00042004.jpg,0.82125133,0.8102526
00050915.jpg,0.7419299,0.8304486
00038949.jpg,0.8046007,0.7169266
00029766.jpg,0.77834016,0.883347
00012328.jpg,0.6947072,0.7495614
00039114.jpg,0.7355499,0.7013854
00042144.jpg,0.6746546,0.6253044
00057624.jpg,0.7604723,0.7120004
00021864.jpg,0.8497355,0.85972
00010977.jpg,0.7715035,0.7861796
00045080.jpg,0.71454424,0.7363528
00003515.jpg,0.6921537,0.7260234
n03512147_2036.jpg,0.6333204,0.78350514
00058327.jpg,0.824239,0.8211344
00057737.jpg,0.7037834,0.6599594
00054182.jpg,0.7585504,0.8119698
00041970.jpg,0.86784357,0.9423098
00040935.jpg,0.7069889,0.6494416
00022685.jpg,0.75773394,0.5810622
00036322.jpg,0.8059556,0.7581916
00041631.jpg,0.7281412,0.7572716
00038059.jpg,0.5646776,0.4687714
00029648.jpg,0.83422476,0.9482516
00012309.jpg,0.770147,0.8535712
00041305.jpg,0.72954607,0.5996292
00012458.jpg,0.7721352,0.8719408
00053218.jpg,0.77963674,0.885777
93f7d390a622ecd5.jpg,0.6738571,0.8245614
000000282143.jpg,0.76232326,0.8076923
00013773.jpg,0.7916589,0.827584
00052272.jpg,0.7982452,0.6703572
00009978.jpg,0.5348932,0.455701
00034880.jpg,0.6191977,0.676665
00007772.jpg,0.9275732,0.87548
00020025.jpg,0.7091762,0.7247014
00018943.jpg,0.8123634,0.7141728
00022941.jpg,0.7411359,0.7106278
00045083.jpg,0.7647822,0.7363858
n09472597_29583.jpg,0.60563815,0.5252525
n07583197_1488.jpg,0.8234267,0.83495146
00025418.jpg,0.87483543,0.9447366
00009816.jpg,0.7213474,0.740417
n07574602_26538.jpg,0.86152256,0.92523366
n03634034_2423.jpg,0.7210714,0.71794873
00045951.jpg,0.7219654,0.7756108
00024436.jpg,0.79039955,0.8728286
00036272.jpg,0.536043,0.559534
00029852.jpg,0.7956158,0.9358014
00047901.jpg,0.7012396,0.7017266
00009118.jpg,0.83626324,0.822898
00006595.jpg,0.6150343,0.735137
7f03ee12590a2446.jpg,0.62840235,0.6333333
n04465501_927.jpg,0.77772486,0.6910569
00049100.jpg,0.7828599,0.753382
000000081964.jpg,0.7124791,0.7765958
00039490.jpg,0.64561087,0.7788024
00039069.jpg,0.84552675,0.7845082
00054067.jpg,0.59635127,0.5818676
n07849336_27107.jpg,0.8043648,0.8965517
00023817.jpg,0.7305622,0.8005456
00054007.jpg,0.81596047,0.8662208
sun_ayrqfcydyciyvrla.jpg,0.66164076,0.6481481
00047713.jpg,0.70247173,0.7087542
00047811.jpg,0.6955883,0.7477196
00015521.jpg,0.83827174,0.8768296
00011159.jpg,0.8527049,0.9266364
00030912.jpg,0.915716,0.983926
00023958.jpg,0.6905372,0.7160624
n01846331_4035.jpg,0.8090299,0.8446602
00016182.jpg,0.6255188,0.560819
00023246.jpg,0.7431996,0.6825956
00039400.jpg,0.7779615,0.7918676
00028607.jpg,0.7869984,0.8604544
n02932891_3734.jpg,0.620919,0.8
00036060.jpg,0.68178344,0.7379506
000000559838.jpg,0.7693615,0.83809525
00010694.jpg,0.6504279,0.6750376
00022076.jpg,0.6422019,0.5484024
00054865.jpg,0.74290705,0.7712412
00023936.jpg,0.7715633,0.6801394
00010564.jpg,0.7962576,0.8449026
00040472.jpg,0.7168025,0.6678446
00034100.jpg,0.49834967,0.5615406
00017001.jpg,0.75239646,0.7969026
00046570.jpg,0.7387036,0.7810622
00046420.jpg,0.73450017,0.6778268
00038113.jpg,0.79453176,0.7124482
00015349.jpg,0.83210343,0.7456956
n07850329_22044.jpg,0.7569001,0.8761062
00012263.jpg,1.0151563,0.9444598
00032862.jpg,0.819121,0.8545666
00033276.jpg,0.648569,0.709718
n09415671_9241.jpg,0.5915801,0.6
00058546.jpg,0.66077137,0.68433
00032135.jpg,0.8793032,0.898654
00006936.jpg,0.81175053,0.7496754
00051080.jpg,0.61289454,0.5604644
00056595.jpg,0.8169996,0.8579572
00054981.jpg,0.67475855,0.7382772
00011922.jpg,0.7532822,0.8116114
000000525443.jpg,0.8667295,0.9306931
00033966.jpg,0.6851034,0.8037454
00020281.jpg,0.7800457,0.8777594
n03790512_7560.jpg,0.8004155,0.7818182
00050108.jpg,0.8266852,0.8737128
00014541.jpg,0.85491484,0.817705
n07863374_17183.jpg,0.85271376,0.88372093
00056191.jpg,0.8452465,0.8938316
00013285.jpg,0.7008209,0.5428242
00009632.jpg,0.8683762,0.8524138
n02450034_14037.jpg,0.76249194,0.73394495
00010446.jpg,0.6923021,0.7636004
00003324.jpg,0.78198016,0.8003724
00004190.jpg,0.78200155,0.8169306
00009839.jpg,0.9637496,0.944811
00044296.jpg,0.68583703,0.6452914
00051765.jpg,0.8642864,0.8968376
b1a629972a4aae70.jpg,0.691792,0.5714286
00006208.jpg,0.78036326,0.6634822
00012349.jpg,0.80134875,0.911221
000000325242.jpg,0.6951897,0.82417583
00016521.jpg,0.73680735,0.855444
574901d78c34e0a8.jpg,0.7223261,0.75
00012422.jpg,0.81019187,0.8179158
00019765.jpg,0.6653273,0.805861
n03791053_4466.jpg,0.8539839,0.8679245
00005237.jpg,0.78696036,0.8219444
n07690273_26458.jpg,0.8313426,0.9174312
00005094.jpg,0.62440157,0.5372504
00015152.jpg,0.80509156,0.6266892
00023464.jpg,0.79151535,0.7447566
00024995.jpg,0.85251915,0.9140526
00054817.jpg,0.83884275,0.7528192
n12345899_14027.jpg,0.61143756,0.5824176
00045490.jpg,0.6503599,0.6541414
00018163.jpg,0.7850635,0.816887
n09288635_535.jpg,0.5689895,0.47
00014554.jpg,0.72694016,0.6286718
00018133.jpg,0.80703896,0.8824478
41d75d96e8f3b69d.jpg,0.5060836,0.5225225
00035023.jpg,0.53587556,0.493564
00035796.jpg,0.67182606,0.5678752
00032561.jpg,0.7228147,0.8875486
00057732.jpg,0.7004333,0.7340876
00040051.jpg,0.7593231,0.7968406
00014080.jpg,0.615342,0.6914672
00008392.jpg,0.7970295,0.821908
00030857.jpg,0.8712181,0.8554474
n07801508_1708.jpg,0.85078526,0.9247312
00041996.jpg,0.8093458,0.7428488
n09472597_22187.jpg,0.57235444,0.60952383
00034336.jpg,0.55267864,0.6004938
00015039.jpg,0.65981394,0.6178464
00045022.jpg,0.67407274,0.8222096
00014224.jpg,0.7040099,0.6469102
00046933.jpg,0.64226913,0.5771164
00034286.jpg,0.72184324,0.8679302
sun_ajtyybhnsrlhgzrj.jpg,0.6022545,0.5882353
00028157.jpg,0.7877443,0.8678064
00021639.jpg,0.76161027,0.8375324
00025528.jpg,0.7129415,0.7848208
00041016.jpg,0.60552204,0.7218956
00009301.jpg,0.5926785,0.5370722
00043061.jpg,0.6510433,0.6941104
00058064.jpg,0.9352455,0.9713638
00000517.jpg,0.7298644,0.7695656
00055111.jpg,0.8113092,0.9413348
00012928.jpg,0.7977299,0.8946014
00010129.jpg,0.7085819,0.7428558
n02132136_1152.jpg,0.8185881,0.8367347
00019098.jpg,0.7635003,0.8299068
00037233.jpg,0.603874,0.7264328
00003219.jpg,0.8603916,0.8478436
00050335.jpg,0.8697728,0.851841
00048248.jpg,0.6764486,0.6305862
d669d42c8c5ad87f.jpg,0.55615646,0.62184876
00046945.jpg,0.78162456,0.8246018
00054292.jpg,0.79318887,0.7732086
00026453.jpg,0.6290103,0.6139942
00019341.jpg,0.84037834,0.795888
00039748.jpg,0.83202785,0.8496008
n01514668_9003.jpg,0.82356554,0.86178863
00054822.jpg,0.84396297,0.8371256
00001953.jpg,0.7448735,0.8060516
00007015.jpg,0.68607485,0.8185154
00040567.jpg,0.74587244,0.7566108
00051260.jpg,0.70199025,0.5963132
00022966.jpg,0.7443295,0.7522194
00018696.jpg,0.73656434,0.8369108
00057735.jpg,0.64175427,0.5805318
000000110961.jpg,0.6477748,0.71153843
00041301.jpg,0.76948273,0.8969576
00048707.jpg,0.5886445,0.6665452
00004964.jpg,0.84110516,0.9064092
00050090.jpg,0.6427454,0.5831502
00041884.jpg,0.7654343,0.9141672
00022708.jpg,0.6915002,0.7506646
00028971.jpg,0.757501,0.8041898
n09308572_862.jpg,0.64131784,0.6666667
00027915.jpg,0.77270037,0.8268686
00030928.jpg,0.70512325,0.7512964
00040378.jpg,0.7968638,0.7269264
00058564.jpg,0.71353567,0.8472506
00038522.jpg,0.60153323,0.6918008
00011890.jpg,0.731452,0.6419622
00035369.jpg,0.6151717,0.4531104
5e2b2c8db34f0e8e.jpg,0.88154876,0.8095238
00040733.jpg,0.7443188,0.8384468
00034289.jpg,0.76076776,0.8180958
00028416.jpg,0.7794714,0.6252882
00015325.jpg,0.6347945,0.7174264
00043425.jpg,0.81805646,0.7960252
00048567.jpg,0.60966176,0.5617742
00044975.jpg,0.5772424,0.686236
00008444.jpg,0.7284385,0.7368364
00031680.jpg,0.7067286,0.8567212
00051072.jpg,0.86278605,0.8951734
00015146.jpg,0.8226582,0.6581552
00032325.jpg,0.79977155,0.806655
00018488.jpg,0.8699371,0.8984554
00006392.jpg,0.72021353,0.800062
00004061.jpg,0.8180888,0.9744748
00047391.jpg,0.80281377,0.7411728
00050711.jpg,0.8392597,0.8620322
00036398.jpg,0.64470947,0.6871962
00013597.jpg,0.8351584,0.6423376
00047470.jpg,0.7873771,0.917927
00039976.jpg,0.629933,0.7293464
00046122.jpg,0.7905036,0.6772254
00011128.jpg,0.8730905,0.9556444
cf4c8d5bbc810923.jpg,0.586438,0.6785714
00039614.jpg,0.79591054,0.7492034
00009950.jpg,0.88582444,0.7463296
00003363.jpg,0.8802958,0.8791714
000000435612.jpg,0.7936376,0.78205127
00026635.jpg,0.72492725,0.8319858
00039109.jpg,0.71572286,0.8219012
00035723.jpg,0.61895543,0.7381784
00025288.jpg,0.8141122,0.7847022
00026308.jpg,0.7994839,0.81028
00047851.jpg,0.78511757,0.8147694
00052022.jpg,0.62679744,0.6959388
00001375.jpg,0.67149615,0.8332818
n00464894_13832.jpg,0.7319114,0.8080808
00047374.jpg,0.77592194,0.62299
00058334.jpg,0.7449713,0.7716462
00003090.jpg,0.80781627,0.8892984
00053378.jpg,0.684764,0.7009578
00007879.jpg,0.7318667,0.6377596
00018023.jpg,0.58836293,0.5406376
00005108.jpg,0.87047756,0.8016354
00007243.jpg,0.63408005,0.6868282
00035940.jpg,0.60850054,0.4894398
00039661.jpg,0.80894804,0.8930624
00041263.jpg,0.78609467,0.8096536
00038628.jpg,0.60650754,0.6076812
00024700.jpg,0.83046985,0.7174048
00058001.jpg,0.8642981,0.8522926
00053791.jpg,0.68753755,0.7784958
n03384352_736.jpg,0.68716824,0.84313726
00012145.jpg,0.8058191,0.900895
00055308.jpg,0.9459584,0.8487302
n07583197_1236.jpg,0.74957573,0.7093023
00010184.jpg,0.64892113,0.5436364
00032364.jpg,0.81241727,0.7634916
00047425.jpg,0.7566058,0.7004696
00012119.jpg,0.75090086,0.6253558
00012394.jpg,0.69845587,0.7178082
00017250.jpg,0.7682552,0.7959442
64294d928f12d0b9.jpg,0.7647385,0.73333335
00025856.jpg,0.78497875,0.7962272
00049482.jpg,0.8744461,0.8918182
00033327.jpg,0.7772108,0.7748706
00023844.jpg,0.7471672,0.7062294
n07693725_13403.jpg,0.7951237,0.7809524
00056369.jpg,0.90394366,0.878217
00020567.jpg,0.7369023,0.8430696
00012107.jpg,0.6456964,0.6660618
n09376198_22369.jpg,0.66164917,0.5979381
00017637.jpg,0.78952754,0.8915694
00042919.jpg,0.65682685,0.6955254
00025493.jpg,0.7097466,0.7415376
sun_aaacmydfmcozlpel.jpg,0.6887423,0.8076923
00033250.jpg,0.89160395,0.9010386
00039844.jpg,0.75092584,0.7644886
00036114.jpg,0.49886468,0.519022
00034074.jpg,0.6924133,0.7422654
00048620.jpg,0.7836127,0.9319652
00004764.jpg,0.9114032,0.9466544
n02946348_5270.jpg,0.8161751,0.8
00031385.jpg,0.75738716,0.6928572
00018489.jpg,0.8418696,0.8039196
000000269634.jpg,0.80414534,0.85
00024682.jpg,0.86798817,0.870097
00012085.jpg,0.8120383,0.7973638
n04465501_488.jpg,0.76123,0.8584906
n07911677_5425.jpg,0.8657562,0.83157897
00021927.jpg,0.8318671,0.907171
00037329.jpg,0.7194599,0.7226114
00013339.jpg,0.70625037,0.8016846
00003327.jpg,0.668351,0.6957212
00038547.jpg,0.7089156,0.693037
00010093.jpg,0.9317644,0.910367
00058353.jpg,0.8124907,0.769751
00041014.jpg,0.6906695,0.6856278
n02793495_12386.jpg,0.61039484,0.72897196
000000488043.jpg,0.7543621,0.7522936
00011714.jpg,0.79738575,0.9381546
00007260.jpg,0.82629275,0.7568652
00039275.jpg,0.7823819,0.6653368
00006869.jpg,0.67948484,0.6522126
00025167.jpg,0.65555197,0.8807586
00014542.jpg,0.701861,0.6858542
n04587559_11219.jpg,0.759341,0.65656567
n00471613_18279.jpg,0.77789307,0.67901236
00019506.jpg,0.84238696,0.8237264
00046693.jpg,0.82638633,0.9368118
00056462.jpg,0.7608738,0.7862524
00005267.jpg,0.89104354,0.856214
n07929519_38930.jpg,0.8592917,0.8684211
00014809.jpg,0.807096,0.926471
00018580.jpg,0.591723,0.5647474
00037904.jpg,0.6824226,0.635466
00042103.jpg,0.80115116,0.8580256
00007981.jpg,0.84613985,0.7946378
sun_afxvgfeysuusnslo.jpg,0.63217646,0.4848485
00000516.jpg,0.7679782,0.81138
00054692.jpg,0.78574896,0.8725262
00043862.jpg,0.7707726,0.6990278
00008193.jpg,0.58159447,0.4904492
00037129.jpg,0.8061711,0.8327378
n02118333_5349.jpg,0.8322019,0.79611653
00051008.jpg,0.8473438,0.7767164
00038309.jpg,0.7953987,0.7893758
00009586.jpg,0.73429906,0.8307066
00054355.jpg,0.87127924,0.9152038
00043583.jpg,0.8333128,0.9525214
n07923748_15637.jpg,0.8362816,0.7757009
00011069.jpg,0.61460215,0.5926144
00034540.jpg,0.7083437,0.8172482
00048160.jpg,0.8603195,0.8589204
39432d2f206e6096.jpg,0.7816632,0.78350514
00024431.jpg,0.62359047,0.6056768
sun_alkqpiswgzkpmocc.jpg,0.62454224,0.5625
00028970.jpg,0.81226647,0.764728
00002298.jpg,0.75034577,0.7796536
00053981.jpg,0.86873627,0.9114878
n03541923_1599.jpg,0.7647421,0.8245614
00024805.jpg,0.53337294,0.5202548
00012271.jpg,0.72774106,0.5289068
00009700.jpg,0.7412533,0.6961174
00019671.jpg,0.7246567,0.700581
00015657.jpg,0.7233555,0.7573866
00010743.jpg,0.71598136,0.772118
00038362.jpg,0.87099314,0.7918644
00035298.jpg,0.64564085,0.6331122
00038071.jpg,0.6123228,0.528355
00057279.jpg,0.6846262,0.679854
00047898.jpg,0.67555976,0.7915098
n02118333_8882.jpg,0.82060635,0.8947368
00056441.jpg,0.79974926,0.8330906
00037026.jpg,0.7865691,0.844119
00031948.jpg,0.8458853,0.8128812
00005673.jpg,0.78140676,0.5390262
00014989.jpg,0.9420773,0.915125
00058089.jpg,0.80165267,0.8334044
00054177.jpg,0.90350765,0.887419
00029067.jpg,0.8635491,0.655048
00041372.jpg,0.86884576,0.957478
00055524.jpg,0.64412266,0.7017062
00043735.jpg,0.6965946,0.7363022
00001881.jpg,0.7506207,0.5150364
00010218.jpg,0.7417849,0.784091
00019748.jpg,0.7330575,0.8278094
00056243.jpg,0.92087966,0.9411246
00037794.jpg,0.6734329,0.5198668
00025244.jpg,0.8437323,0.9073498
00047240.jpg,0.6970451,0.5409074
00025462.jpg,0.63688827,0.6980748
00027537.jpg,0.7258661,0.696222
00012363.jpg,0.81050193,0.8955124
00058189.jpg,0.8150244,0.722552
00006191.jpg,0.8098354,0.8137822
00038039.jpg,0.6424466,0.6305184
00036830.jpg,0.62858117,0.6527
00024879.jpg,0.6309258,0.5448958
00020634.jpg,0.80295736,0.8604436
00000260.jpg,0.7817396,0.827097
00012233.jpg,0.8540168,0.8519576
00023382.jpg,0.65369225,0.6919034
00031321.jpg,0.7642785,0.8142908
00040499.jpg,0.8732337,0.79882
00057119.jpg,0.77303225,0.7519374
00040449.jpg,0.71839476,0.6747438
00017469.jpg,0.7254494,0.8036344
00016805.jpg,0.76941764,0.8432466
00004644.jpg,0.59685016,0.4428572
00007734.jpg,0.6608373,0.6405222
00057791.jpg,0.79572296,0.6421354
00030544.jpg,0.6531663,0.7091408
00003656.jpg,0.8016019,0.7795272
00012927.jpg,0.67558706,0.7547544
00017832.jpg,0.6506267,0.6533662
00043169.jpg,0.74902785,0.7714214
00038818.jpg,0.7249207,0.7347734
00050786.jpg,0.5699402,0.6031572
00004595.jpg,0.67309386,0.8362048
00024363.jpg,0.89023185,0.9784526
00023769.jpg,0.8466915,0.836163
00029192.jpg,0.7996991,0.8617858
00015847.jpg,0.67959154,0.5220098
n07849336_20724.jpg,0.91568613,0.9266055
00053836.jpg,0.7202447,0.8014354
00028700.jpg,0.8093139,0.6608194
00007284.jpg,0.6402041,0.7245538
000000002066.jpg,0.75770116,0.8811881
00011937.jpg,0.7740625,0.8111936
00005886.jpg,0.82522255,0.8355986
00024944.jpg,0.6629739,0.6428238
00055816.jpg,0.626892,0.738304
00031421.jpg,0.55283856,0.5565004
n02123045_13139.jpg,0.7341604,0.74509805
000000096244.jpg,0.7662678,0.75641024
00043285.jpg,0.79731494,0.9542042
00006912.jpg,0.61309487,0.6871528
00014710.jpg,0.7779844,0.7575072
00008106.jpg,0.673777,0.8171186
00028095.jpg,0.66110224,0.5715124
00057679.jpg,0.65322864,0.6359122
00026925.jpg,0.8498978,0.9079546
00008656.jpg,0.82197684,0.7229574
00032587.jpg,0.75664675,0.8310162
00029473.jpg,0.7650149,0.8081696
00005625.jpg,0.77032775,0.7687476
00055223.jpg,0.8195064,0.8543762
00058008.jpg,0.84408796,0.79104
00045789.jpg,0.81244785,0.7798306
n07716358_5422.jpg,0.86952275,0.872549
00017927.jpg,0.5065156,0.6303344
00045634.jpg,0.74229467,0.551079
00045633.jpg,0.78832746,0.796422
n04461696_11028.jpg,0.77035373,0.7821782
n02355227_8586.jpg,0.76303387,0.8
00052080.jpg,0.84981513,0.731628
00022671.jpg,0.7015531,0.7113322
00046073.jpg,0.6878629,0.7667966
00025930.jpg,0.5650389,0.4431864
00025843.jpg,0.7117477,0.7050036
00052316.jpg,0.6749063,0.6583876
00006150.jpg,0.67968476,0.7111496
00033101.jpg,0.5734091,0.547146
00037985.jpg,0.6683365,0.6599498
00025543.jpg,0.7980342,0.6645412
00049828.jpg,0.87544596,0.8791424
00047387.jpg,0.7223449,0.7384208
00040765.jpg,0.735247,0.7029042
00057033.jpg,0.8546451,0.8295576
00046194.jpg,0.73813295,0.881184
00040566.jpg,0.80896497,0.8499226
00034796.jpg,0.65196276,0.6336482
n02342885_240.jpg,0.854707,0.84
00056014.jpg,0.6785739,0.663219
00053895.jpg,0.59371245,0.4248746
n04461696_3232.jpg,0.80961853,0.90909094
00017331.jpg,0.62362206,0.6440248
00000858.jpg,0.7495346,0.6316984
00004130.jpg,0.74537474,0.6774012
00001218.jpg,0.76628566,0.8198478
n03790512_12001.jpg,0.79741,0.85555553
000000068408.jpg,0.8326297,0.8202247
00021832.jpg,0.8140068,0.786562
00019485.jpg,0.84779763,0.8466378
00024845.jpg,0.79886276,0.8187278
00054881.jpg,0.8679915,0.9239316
n04465501_2737.jpg,0.7854688,0.77272725
n03791053_16372.jpg,0.7877111,0.8181818
00016994.jpg,0.7645023,0.7472072
00010035.jpg,0.5453487,0.498382
00056782.jpg,0.66966546,0.570674
00035632.jpg,0.64937836,0.5946366
00023668.jpg,0.8324474,0.764316
00052158.jpg,0.6778226,0.5076584
00056733.jpg,0.60361624,0.6651684
00037927.jpg,0.5747328,0.6417378
n04465501_477.jpg,0.7035202,0.65909094
00028752.jpg,0.76905555,0.825419
n07753592_16211.jpg,0.8586485,0.8666667
n07880968_6026.jpg,0.7839875,0.92941177
00019984.jpg,0.764509,0.73212
00020094.jpg,0.65491843,0.748983
00045059.jpg,0.74042845,0.8374486
00002365.jpg,0.73207647,0.774224
00018915.jpg,0.7607383,0.7126712
00004593.jpg,0.6496076,0.5118102
000000206587.jpg,0.695894,0.6964286
00058436.jpg,0.7988622,0.9442616
ed40d14e0f39eb7e.jpg,0.88902044,0.82222223
00011628.jpg,0.79668653,0.8213468
00044658.jpg,0.7548211,0.8086106
00034500.jpg,0.764707,0.8046262
00024687.jpg,0.69196594,0.6971494
n03594945_16102.jpg,0.7990252,0.7802198
00050106.jpg,0.8151256,0.7764528
00033761.jpg,0.6607939,0.6417858
00013818.jpg,0.6937691,0.845803
00018732.jpg,0.8985021,0.894466
00009824.jpg,0.7540828,0.6928798
00026061.jpg,0.83585596,0.8622656
00025890.jpg,0.8061389,0.8167278
00010277.jpg,0.7052353,0.7037866
n02691156_20718.jpg,0.70613766,0.5833333
00047119.jpg,0.7865001,0.9170228
00021692.jpg,0.59851,0.5878618
n00445351_7762.jpg,0.82199764,0.80851066
00010513.jpg,0.80554724,0.8379082
00031676.jpg,0.75972056,0.830193
00054556.jpg,0.8132761,0.8141082
00012563.jpg,0.810102,0.92241
00011161.jpg,0.7800048,0.8463836
00007035.jpg,0.80636835,0.815153
00034040.jpg,0.572939,0.5388738
00040369.jpg,0.7163599,0.7729042
n01811909_3965.jpg,0.8343497,0.9139785
103e1b8a925be6f6.jpg,0.74934584,0.90425533
00019431.jpg,0.829091,0.8032684
000000382374.jpg,0.80151707,0.86734694
00017606.jpg,0.8264099,0.8058124
48b4b23fb49e4cff.jpg,0.6155318,0.62068963
00006926.jpg,0.7359711,0.8971118
00058690.jpg,0.8030552,0.74641
00010191.jpg,0.7623176,0.6688616
00035392.jpg,0.7082819,0.66599
00021397.jpg,0.7030148,0.8048846
00020529.jpg,0.76806605,0.6823756
000000473030.jpg,0.8022392,0.7589286
00005423.jpg,0.55497193,0.541905
00011193.jpg,0.53313285,0.4418394
00004271.jpg,0.7710046,0.8352394
00022619.jpg,0.77708566,0.8581522
00010405.jpg,0.75766706,0.7346936
00027189.jpg,0.6701018,0.7757388
00053080.jpg,0.79850286,0.8534946
00002485.jpg,0.7658291,0.7261178
b3f716ade97c3333.jpg,0.801343,0.8080808
00028803.jpg,0.7123139,0.5719872
00028496.jpg,0.8273221,0.927953
00009743.jpg,0.86315894,0.7807612
n07720875_1586.jpg,0.8374579,0.9259259
00009074.jpg,0.91217357,0.875979
00005787.jpg,0.7780556,0.8788368
00043434.jpg,0.77716243,0.730889
00013071.jpg,0.7113435,0.8205972
00018387.jpg,0.63409835,0.7605116
00051822.jpg,0.72294164,0.8007714
00007422.jpg,0.84002924,0.8924062
00029122.jpg,0.769195,0.7120386
00054085.jpg,0.7560413,0.5301598
00050929.jpg,0.6570308,0.5699034
00033087.jpg,0.7542024,0.8271116
00003448.jpg,0.76347923,0.8101432
00051121.jpg,0.89213544,0.9564102
00017044.jpg,0.85307026,0.8557036
00032333.jpg,0.71426153,0.8361428
00047189.jpg,0.67218876,0.5028494
00041324.jpg,0.79766244,0.8092684
00001373.jpg,0.62825316,0.5820376
00012016.jpg,0.74803716,0.7273816
00052825.jpg,0.65205234,0.6905072
00028795.jpg,0.74935126,0.6761238
00004807.jpg,0.71258754,0.4999296
00011802.jpg,0.6130656,0.5893934
00046804.jpg,0.73937345,0.6178294
00017197.jpg,0.8695163,0.91281
00005226.jpg,0.6811692,0.5334902
sun_aaqyzvrweabdxjzo.jpg,0.73466164,0.8111111
0a86f8a861301669.jpg,0.5219419,0.5529412
00012923.jpg,0.6763421,0.652503
00003760.jpg,0.7213649,0.6841962
000000369331.jpg,0.72932833,0.75
00002121.jpg,0.79308885,0.8007464
00000898.jpg,0.9048643,0.9100506
00022218.jpg,0.58242613,0.5575786
00043523.jpg,0.86038417,0.8423214
n02118333_2295.jpg,0.7936022,0.86
00023933.jpg,0.7641001,0.7254704
00040603.jpg,0.73439705,0.644845
00024647.jpg,0.8122135,0.8534358
00001966.jpg,0.57679534,0.699673
00019042.jpg,0.7136261,0.6800386
00054896.jpg,0.7147399,0.701694
00047595.jpg,0.7524743,0.6630604
sun_ajcjwmqklddutzvc.jpg,0.65466213,0.5480769
00024002.jpg,0.841805,0.8893528
00045926.jpg,0.7729765,0.8415236
56e42703b8495e8b.jpg,0.57217634,0.63917524
00041649.jpg,0.6375573,0.631898
sun_abhebbmkwmrgstyo.jpg,0.5538416,0.3604651
sun_aiynsrgvdjyalznn.jpg,0.5532208,0.45652175
n07716358_18492.jpg,0.93117297,0.972973
00009798.jpg,0.8087857,0.855298
00049823.jpg,0.85184133,0.8205188
00037920.jpg,0.6836133,0.6990094
00025822.jpg,0.79093516,0.7118892
00039231.jpg,0.7155651,0.66529
00007714.jpg,0.7746141,0.8086886
00050056.jpg,0.6997724,0.7174996
00046115.jpg,0.8217038,0.8078002
00048852.jpg,0.7515565,0.881446
00044570.jpg,0.7640204,0.7973826
00038559.jpg,0.68918586,0.8514874
000000323460.jpg,0.83998185,0.93
00057257.jpg,0.7353743,0.7350362
00057182.jpg,0.6243535,0.6744446
00022668.jpg,0.84226996,0.8958966
n07923748_1476.jpg,0.77750087,0.71428573
00000670.jpg,0.8042442,0.7759922
d85c48f12064109f.jpg,0.5872848,0.70408165
00057075.jpg,0.6156987,0.791534
00018008.jpg,0.61863494,0.5378274
00007628.jpg,0.8129792,0.7264022
00058346.jpg,0.7919532,0.8113328
00030679.jpg,0.7138707,0.7148838
00001075.jpg,0.6794857,0.788847
00021317.jpg,0.7483332,0.7995262
00000350.jpg,0.8957443,0.836924
00009615.jpg,0.74385405,0.6624754
00037679.jpg,0.7484902,0.8657876
00001333.jpg,0.81983596,0.7765092
00039122.jpg,0.69234645,0.7012264
00027416.jpg,0.8179498,0.7670958
00019121.jpg,0.91738796,0.9274296
00021385.jpg,0.74001765,0.674078
00033768.jpg,0.67689955,0.4522126
n07911677_340.jpg,0.80694085,0.80487806
00055432.jpg,0.5348253,0.8194218
00013173.jpg,0.7992187,0.7262622
00011574.jpg,0.74413586,0.7794882
00043655.jpg,0.64411116,0.589579
00037782.jpg,0.62703484,0.5501592
00057145.jpg,0.747125,0.738796
00038590.jpg,0.639892,0.73267
n02834778_4434.jpg,0.7421464,0.6732673
00046774.jpg,0.8335255,0.8997248
00018895.jpg,0.774067,0.8462924
n07717556_1502.jpg,0.9221271,0.9411765
n04610013_7641.jpg,0.686692,0.63917524
00049416.jpg,0.62807006,0.659552
00028826.jpg,0.7698126,0.831007
00048418.jpg,0.80165994,0.8255794
00057459.jpg,0.8017057,0.9102174
9f9627495742c52e.jpg,0.7399559,0.79746836
00000942.jpg,0.60869557,0.5242522
n07679356_29552.jpg,0.84111273,0.8828829
00004660.jpg,0.73638034,0.7804592
00004532.jpg,0.66858983,0.6354686
n04335435_20426.jpg,0.69630903,0.7297297
00049184.jpg,0.5902965,0.6984178
00015791.jpg,0.8074769,0.831979
00016677.jpg,0.84566855,0.8757568
00033059.jpg,0.69489396,0.6399634
00036415.jpg,0.6854957,0.685659
sun_awesiopwrhjoojme.jpg,0.6635831,0.6372549
00001772.jpg,0.7201021,0.716362
n09468604_25771.jpg,0.6124762,0.52427185
00056494.jpg,0.76165104,0.832792
00053620.jpg,0.86062086,0.8286896
00051797.jpg,0.842941,0.871724
n02396427_744.jpg,0.8492409,0.8271605
00041247.jpg,0.67264324,0.8333494
00018160.jpg,0.6698322,0.7074274
00009730.jpg,0.7583742,0.5573762
00057998.jpg,0.7852209,0.8201082
000000482765.jpg,0.69933474,0.5588235
n03790512_40609.jpg,0.8074956,0.84
00008742.jpg,0.87579286,0.726482
00031059.jpg,0.76605946,0.605886
a0805ac4c8992d3b.jpg,0.8453601,0.85365856
00028660.jpg,0.73859537,0.694862
00013201.jpg,0.6851139,0.7161876
00047638.jpg,0.7999331,0.8985978
n02793495_6822.jpg,0.6772356,0.6875
00051024.jpg,0.54993504,0.6074094
00000786.jpg,0.7960801,0.8552784
00052438.jpg,0.73773515,0.697999
00053106.jpg,0.9070747,0.8242196
00038976.jpg,0.65821505,0.741972
00023090.jpg,0.7217797,0.5951048
00022730.jpg,0.6884287,0.7554952
00023925.jpg,0.852849,0.8189348
00053386.jpg,0.6761301,0.6204602
00023042.jpg,0.9010665,0.8951902
00017124.jpg,0.69784164,0.7050336
000000049248.jpg,0.81471527,0.81333333
00025574.jpg,0.63059676,0.5106944
03f06cb99617b43e.jpg,0.8360543,0.89
00054898.jpg,0.72678816,0.7068356
00053923.jpg,0.8830811,0.8709202
000000396217.jpg,0.8412863,0.8989899
00052119.jpg,0.6843706,0.6324216
00058248.jpg,0.65341055,0.7134344
00030455.jpg,0.86478174,0.9109574
00019464.jpg,0.7446687,0.8050062
00018667.jpg,0.8085964,0.7431924
n07693725_1286.jpg,0.8506514,0.8876405
00052574.jpg,0.68182147,0.682387
00049603.jpg,0.7732855,0.9006634
00038305.jpg,0.7340701,0.6266162
00051711.jpg,0.8490602,0.9554594
n07680932_11247.jpg,0.9005604,0.9756098
00019888.jpg,0.6892378,0.6755948
00026998.jpg,0.75310534,0.6979284
000000400290.jpg,0.63196033,0.77319586
00020190.jpg,0.72074336,0.721727
00058106.jpg,0.8083015,0.858467
00037576.jpg,0.6129871,0.6942048
00015464.jpg,0.7767971,0.905761
00041769.jpg,0.69821227,0.7202692
n02355227_13382.jpg,0.79764014,0.72043014
00058623.jpg,0.7187053,0.8098778
00031556.jpg,0.7903776,0.7619404
000000049443.jpg,0.74359095,0.9126214
00022086.jpg,0.81961167,0.7554656
00000392.jpg,0.6628072,0.7447688
00002737.jpg,0.6531715,0.6789556
00045290.jpg,0.84384704,0.8480848
00030890.jpg,0.8094499,0.8443308
n07863374_18230.jpg,0.79590136,0.8363636
n02129165_4868.jpg,0.81279564,0.80582523
00023207.jpg,0.82268935,0.7679152
00053778.jpg,0.80745184,0.8932536
00026812.jpg,0.5885408,0.5713672
00001522.jpg,0.7784817,0.6936384
n09217230_4020.jpg,0.60136527,0.49425286
00014412.jpg,0.70712507,0.8171208
00004782.jpg,0.7804213,0.7737254
00008658.jpg,0.86811346,0.8539308
00032694.jpg,0.5982028,0.5884604
00014415.jpg,0.9006266,0.9510526
00016515.jpg,0.8706602,0.9167296
00051788.jpg,0.57195354,0.5972804
00048674.jpg,0.77502465,0.8115608
00022296.jpg,0.6044466,0.626182
00016014.jpg,0.7099086,0.6460952
00051579.jpg,0.8101588,0.777436
00036005.jpg,0.6311505,0.7634764
00043725.jpg,0.68044835,0.8294998
n07893642_16592.jpg,0.75932944,0.8648649
00008380.jpg,0.78889805,0.814184
00012175.jpg,0.78988564,0.8277836
00050095.jpg,0.654246,0.6203528
00035161.jpg,0.57714605,0.6797098
00015592.jpg,0.8396244,0.890273
00021693.jpg,0.7832662,0.7276944
00027310.jpg,0.8523741,0.872891
00005290.jpg,0.80493987,0.879042
00006209.jpg,0.75892186,0.8131056
00033123.jpg,0.7440864,0.8843438
00055632.jpg,0.69751143,0.7037966
00002980.jpg,0.574405,0.5158576
00001237.jpg,0.773848,0.7398208
00037106.jpg,0.73978734,0.7549142
00045223.jpg,0.6392673,0.5667288
00034459.jpg,0.7495853,0.77871
n07923748_15127.jpg,0.83439595,0.8484849
000000134685.jpg,0.6564675,0.6752137
00019851.jpg,0.5254954,0.5396438
00027661.jpg,0.5947741,0.5759788
00021241.jpg,0.76542425,0.823611
00040914.jpg,0.7569121,0.6999776
00024921.jpg,0.68505436,0.616298
00044443.jpg,0.7724713,0.7177824
00028721.jpg,0.77395374,0.7201286
00056416.jpg,0.78883743,0.7288936
00023706.jpg,0.7978684,0.7085252
3586e65570d0d5d0.jpg,0.62199306,0.6203704
00031706.jpg,0.7310526,0.752651
00043398.jpg,0.7554383,0.818774
00046928.jpg,0.69432926,0.6304934
00027795.jpg,0.73191,0.8827594
n02332755_6877.jpg,0.8496847,0.7647059
00016371.jpg,0.75070995,0.7469882
00032251.jpg,0.87337315,0.9766976
00026188.jpg,0.75269055,0.8990356
00044062.jpg,0.7145064,0.6298552
00010832.jpg,0.8352823,0.8859216
00038042.jpg,0.6792704,0.6122094
332e01ea060bdb88.jpg,0.86932564,0.81914896
00027992.jpg,0.6818907,0.7084912
00001146.jpg,0.6448248,0.4620712
n09468604_22958.jpg,0.50227,0.5934066
00023404.jpg,0.83016944,0.7991916
00037274.jpg,0.6625374,0.5779804
00034402.jpg,0.6298114,0.5496322
00031923.jpg,0.683808,0.6795568
00055472.jpg,0.7191239,0.7160118
00001719.jpg,0.7156774,0.6654644
00055268.jpg,0.6639427,0.7529934
00019086.jpg,0.73927766,0.727605
00046960.jpg,0.780269,0.7301266
00053806.jpg,0.7457986,0.8836368
00058138.jpg,0.62229335,0.584027
00005992.jpg,0.733763,0.6832118
00018713.jpg,0.7199048,0.8567728
00007395.jpg,0.795617,0.8094424
00039198.jpg,0.69338727,0.808068
00003134.jpg,0.70941937,0.7245756
00056662.jpg,0.62478393,0.7483458
00016583.jpg,0.6245426,0.5811422
00049463.jpg,0.80160445,0.764702
b6493213359c274c.jpg,0.7781569,0.82954544
00016479.jpg,0.67783153,0.5898612
00005888.jpg,0.84204483,0.7169236
00007847.jpg,0.68316483,0.6453128
n04349306_1467.jpg,0.80091107,0.84070796
00008796.jpg,0.7711378,0.8992928
fb27b24865985601.jpg,0.77828026,0.6938776
00044429.jpg,0.647075,0.656158
00038815.jpg,0.64702487,0.6597798
00044581.jpg,0.75678194,0.7548814
00042941.jpg,0.72166806,0.7281202
00035038.jpg,0.6128469,0.6110522
00041532.jpg,0.84956133,0.814626
00026821.jpg,0.74216396,0.7728522
00046636.jpg,0.77186567,0.7239424
00035102.jpg,0.7339991,0.7220828
00055075.jpg,0.60704434,0.6808432
00028318.jpg,0.81233275,0.8405532
00022562.jpg,0.7892431,0.8362348
00001001.jpg,0.8299383,0.9633978
00008573.jpg,0.79499024,0.7679676
00017170.jpg,0.7151102,0.5469436
00008667.jpg,0.85709536,0.9462042
00029437.jpg,0.7083379,0.5635794
00050439.jpg,0.61936414,0.6829346
00045870.jpg,0.6636851,0.7444422
00044641.jpg,0.74055946,0.7762396
00029851.jpg,0.9264952,0.871481
00033453.jpg,0.65318954,0.6401232
00039319.jpg,0.66638625,0.825844
n07850329_19678.jpg,0.7925655,0.65891474
00049611.jpg,0.8677763,0.959923
00036094.jpg,0.73054993,0.6027106
00046385.jpg,0.821964,0.9070624
00008822.jpg,0.698255,0.7370958
00009536.jpg,0.7789065,0.823221
00021214.jpg,0.58420974,0.5956802
00054319.jpg,0.7509724,0.7841026
00025839.jpg,0.76265585,0.820393
00011621.jpg,0.8752717,0.8793436
00013432.jpg,0.90850836,0.8709348
00004879.jpg,0.83126926,0.8846646
00024377.jpg,0.760299,0.704113
n04335435_9357.jpg,0.82538474,0.76033056
n04465501_1053.jpg,0.77150714,0.7352941
n07717556_427.jpg,0.8386525,0.9313725
00008955.jpg,0.77926457,0.8205922
00001106.jpg,0.79850197,0.8441198
00054575.jpg,0.7064478,0.7680718
00013331.jpg,0.8399167,0.8775076
00046400.jpg,0.82083845,0.9369564
00013211.jpg,0.8373394,0.8499374
00038455.jpg,0.6785746,0.680107
00050285.jpg,0.9402466,0.859434
00029427.jpg,0.58150584,0.6633414
00057645.jpg,0.68096864,0.55805
00009156.jpg,0.62376153,0.724012
a7aa9768e5b4e053.jpg,0.72509396,0.75268817
00023215.jpg,0.87595236,0.7371894
00045630.jpg,0.7418557,0.7079098
n07849336_21355.jpg,0.8319199,0.7980769
00036277.jpg,0.71015847,0.8184956
00027874.jpg,0.87081724,0.899972
c4e8395425f49d05.jpg,0.7051363,0.60194176
00056617.jpg,0.8377317,0.9407914
00034866.jpg,0.687333,0.6764098
00028670.jpg,0.6485626,0.7666638
00028556.jpg,0.7506472,0.8474604
00019932.jpg,0.6776221,0.5997762
00021542.jpg,0.69788766,0.7977888
00039501.jpg,0.7764114,0.8508608
00009825.jpg,0.74598837,0.748487
00006298.jpg,0.82913876,0.8610374
00000230.jpg,0.8014308,0.839845
00034550.jpg,0.7019168,0.7333104
00022913.jpg,0.89678895,0.9017482
00009929.jpg,0.6642249,0.7758894
00047084.jpg,0.71901405,0.6776422
n09359803_29305.jpg,0.54996145,0.4742268
00049935.jpg,0.8508253,0.8955912
00002747.jpg,0.92230093,0.8884094
00040172.jpg,0.7012625,0.6908822
00030405.jpg,0.6075561,0.5014752
00057529.jpg,0.7042755,0.6571874
00043465.jpg,0.78390193,0.8218164
000000377572.jpg,0.6722854,0.5877193
00005868.jpg,0.7672701,0.7313464
00007618.jpg,0.8429491,0.9431124
00014758.jpg,0.8940026,0.922728
00005581.jpg,0.8135184,0.822588
00034565.jpg,0.7203684,0.795188
00039018.jpg,0.62157077,0.7381658
00051699.jpg,0.8176076,0.8267504
00020804.jpg,0.7401251,0.8465216
00049524.jpg,0.68229765,0.5900358
00025779.jpg,0.7656643,0.7101292
00013900.jpg,0.72508174,0.766838
00018087.jpg,0.73773617,0.5947428
00025886.jpg,0.7420365,0.68862
00049323.jpg,0.7232563,0.6852422
00033510.jpg,0.77078295,0.7850376
00053983.jpg,0.76323676,0.7348442
00016046.jpg,0.8377056,0.970024
00016449.jpg,0.78887784,0.7533566
00054711.jpg,0.6634368,0.7890696
00038244.jpg,0.75052357,0.7114574
00044990.jpg,0.7255027,0.7058716
00006155.jpg,0.8337375,0.8900484
00020194.jpg,0.74875396,0.8772594
cc743804be31c6af.jpg,0.82803386,0.8783784
000000220382.jpg,0.73781925,0.75961536
n07711569_2660.jpg,0.8530564,0.8113208
00028807.jpg,0.78613466,0.8769756
00055125.jpg,0.74881995,0.6432456
00033697.jpg,0.83690965,0.8679904
00015581.jpg,0.80073845,0.9040014
121629e6f8fed1aa.jpg,0.66015935,0.3909091
00042431.jpg,0.7259691,0.7142086
00014661.jpg,0.7231626,0.7299502
00031768.jpg,0.7743587,0.7286106
n03541923_739.jpg,0.7931268,0.8240741
00010250.jpg,0.7138468,0.6590862
00032446.jpg,0.70305765,0.6793576
00039067.jpg,0.7323802,0.698186
00003689.jpg,0.80264485,0.7782964
00020666.jpg,0.6944808,0.7621376
00000645.jpg,0.7834126,0.676867
00006167.jpg,0.53054845,0.4558376
00005687.jpg,0.7550452,0.8281064
00007887.jpg,0.84814525,0.9177932
00002758.jpg,0.6750706,0.6718292
00010456.jpg,0.8317311,0.89674
00007929.jpg,0.8224468,0.8985524
00041156.jpg,0.75978506,0.5817744
00033535.jpg,0.83331037,0.810295
00008963.jpg,0.73267925,0.8034816
00032470.jpg,0.76929826,0.9169304
00047687.jpg,0.6587177,0.6816272
00025400.jpg,0.7518312,0.8728124
00022864.jpg,0.8287163,0.890723
n07693725_13350.jpg,0.8741019,0.85714287
000000318837.jpg,0.77310157,0.8301887
00015455.jpg,0.49198624,0.5988296
00018425.jpg,0.57052934,0.573235
00004295.jpg,0.860945,0.8503208
00050058.jpg,0.7708335,0.8254538
00036902.jpg,0.6235223,0.7284698
00026009.jpg,0.6757761,0.7334224
00025505.jpg,0.7598069,0.8410698
00003482.jpg,0.9075378,0.816927
00003871.jpg,0.79046416,0.8306354
00000954.jpg,0.66414785,0.5861866
00048947.jpg,0.75711685,0.832449
00049214.jpg,0.7303332,0.7613414
00043713.jpg,0.65289146,0.6563922
00017412.jpg,0.6240606,0.5826278
00013846.jpg,0.69073546,0.6896342
00013963.jpg,0.81703806,0.864706
00005556.jpg,0.67885184,0.8114898
00007814.jpg,0.67740804,0.6764248
00058019.jpg,0.88682985,0.8356978
00051348.jpg,0.80592024,0.8574484
00006552.jpg,0.74070287,0.8443546
n02793495_18304.jpg,0.6287605,0.77272725
00037336.jpg,0.6012878,0.664831
00045153.jpg,0.9069303,0.909043
00029816.jpg,0.6038185,0.6109416
00045939.jpg,0.7066502,0.7083458
00045000.jpg,0.7751062,0.7780368
00007249.jpg,0.8497946,0.7889716
n07880968_6446.jpg,0.8306906,0.9583333
00050351.jpg,0.66394955,0.7890072
00012886.jpg,0.7189518,0.6386204
00040709.jpg,0.73135835,0.5930014
00016764.jpg,0.5990578,0.4687168
00045395.jpg,0.80936027,0.8796394
n07863374_15623.jpg,0.8036662,0.56989247
0a41e7b2e1f24787.jpg,0.5922592,0.5092593
00030720.jpg,0.7477301,0.8408268
00021034.jpg,0.781242,0.6394766
00013102.jpg,0.82843316,0.8713358
00048423.jpg,0.6729705,0.8036156
00050721.jpg,0.79226106,0.7680974
00039613.jpg,0.78596646,0.7293656
00030290.jpg,0.7457656,0.7600804
00027315.jpg,0.8099579,0.8899446
00019759.jpg,0.7777283,0.8532846
00001384.jpg,0.6502043,0.5850706
00011118.jpg,0.6346253,0.5357472
00010335.jpg,0.8334456,0.8663242
00000615.jpg,0.7559942,0.9557606
00056784.jpg,0.8153422,0.7761886
00032642.jpg,0.7670562,0.7317852
00041003.jpg,0.6659336,0.6492668
n07574602_23518.jpg,0.74482596,0.82417583
000000159370.jpg,0.74362004,0.74311924
00013415.jpg,0.7994378,0.7889128
00036994.jpg,0.68341774,0.703001
00044057.jpg,0.80390584,0.7736172
000000411225.jpg,0.81237346,0.82222223
00032606.jpg,0.71844804,0.7493284
00030965.jpg,0.6253286,0.5637844
00032253.jpg,0.8580002,0.8602172
00026804.jpg,0.6790673,0.5960492
sun_axhrgmuqrljrfnpd.jpg,0.5621068,0.43396226
00001963.jpg,0.76016045,0.7326726
00037728.jpg,0.78420496,0.7654836
00006684.jpg,0.7688023,0.8144936
00002847.jpg,0.82242215,0.7767836
sun_ahxzmmzdtjzohvyj.jpg,0.73028684,0.7787611
00029712.jpg,0.8103856,0.8571288
00053916.jpg,0.6683177,0.8299612
00047985.jpg,0.66801536,0.7682486
n04335435_1624.jpg,0.7175401,0.7373737
00029219.jpg,0.6429497,0.724863
00036035.jpg,0.657673,0.5210148
00036336.jpg,0.79217,0.8082446
00026486.jpg,0.84535897,0.8285686
00022798.jpg,0.65708125,0.6604426
00033190.jpg,0.7481814,0.8971702
00017891.jpg,0.5305705,0.5597368
00030389.jpg,0.79337114,0.8048962
00058554.jpg,0.87620085,0.9577468
n07711569_5920.jpg,0.8729613,0.8852459
00028881.jpg,0.8510366,0.9465424
534af61fae5fe4d4.jpg,0.75239164,0.5681818
00032383.jpg,0.8644234,0.8312592
000000537122.jpg,0.7474318,0.7553192
00045699.jpg,0.704944,0.70424
00044202.jpg,0.81769276,0.9241014
00034194.jpg,0.72968054,0.8926942
00050202.jpg,0.87696725,0.895956
00020397.jpg,0.78231394,0.8384916
00047048.jpg,0.65731144,0.6617364
00033673.jpg,0.6508609,0.5751836
00013764.jpg,0.6933895,0.7500604
00047997.jpg,0.8387005,0.918978
00030335.jpg,0.74621904,0.7185432
00054425.jpg,0.6693662,0.7728976
00016426.jpg,0.7413455,0.7396748
00047124.jpg,0.69894207,0.7105562
2da2c22f1bd3d367.jpg,0.72162557,0.78350514
00033863.jpg,0.6661494,0.6209938
00043817.jpg,0.6912306,0.7536288
000000291373.jpg,0.69578695,0.75
00002609.jpg,0.77898186,0.779458
00015104.jpg,0.79454654,0.9445354
00051290.jpg,0.8314532,0.7904034
n07717556_4558.jpg,0.8890275,0.9247312
00034447.jpg,0.6847106,0.7753634
00014741.jpg,0.78629285,0.957782
00036787.jpg,0.6602876,0.5277962
00041948.jpg,0.72789806,0.7227432
n01811909_8202.jpg,0.76043916,0.8125
00053790.jpg,0.606643,0.7087468
00055249.jpg,0.70179516,0.85428
00035546.jpg,0.5496172,0.5993738
00004356.jpg,0.8042352,0.7919974
00041113.jpg,0.7057586,0.7436784
00041917.jpg,0.7318941,0.8576246
00042961.jpg,0.7512068,0.6208498
00052123.jpg,0.8096939,0.885084
n03791053_10185.jpg,0.8016648,0.7979798
00012917.jpg,0.8078807,0.8326872
00045519.jpg,0.70432377,0.5827834
00024023.jpg,0.7997144,0.7297066
00037042.jpg,0.7574729,0.8003268
00052311.jpg,0.647343,0.6537832
00053122.jpg,0.69825447,0.6668958
00039011.jpg,0.80142164,0.8219632
n07583197_6842.jpg,0.80820805,0.8787879
00030285.jpg,0.83254284,0.857521
n00464894_16494.jpg,0.76099885,0.78494626
00022336.jpg,0.80134124,0.7799002
00056111.jpg,0.84436375,0.8882226
00008470.jpg,0.7312791,0.5882138
000000216726.jpg,0.7325437,0.85714287
00014895.jpg,0.8379655,0.84508
00026149.jpg,0.63911545,0.7206686
00016484.jpg,0.8204535,0.8483566
00010233.jpg,0.7278631,0.6070968
000000007944.jpg,0.7945759,0.85555553
00023316.jpg,0.9060153,0.8554422
000000216820.jpg,0.80428994,0.84313726
00005295.jpg,0.7468023,0.6850702
00046578.jpg,0.7482798,0.8183136
00027747.jpg,0.8061359,0.8927962
00023360.jpg,0.80183005,0.7774894
00028266.jpg,0.8234433,0.7994228
00026609.jpg,0.71024835,0.8011358
00028816.jpg,0.8301802,0.8550096
00054366.jpg,0.7506598,0.837063
000000250498.jpg,0.893085,0.9431818
00052563.jpg,0.66059583,0.7009418
00021969.jpg,0.74729276,0.7155856
00002183.jpg,0.76770973,0.7426676
af37e50ad04c4749.jpg,0.8274668,0.7906977
00054732.jpg,0.8512073,0.8567766
00007049.jpg,0.5972134,0.5902418
00007899.jpg,0.6114135,0.6784644
00053799.jpg,0.8113371,0.8711652
00057252.jpg,0.7574476,0.75803
00053866.jpg,0.7020127,0.8136592
00056242.jpg,0.76266253,0.5923824
00043242.jpg,0.8194685,0.9209888
n04467665_41825.jpg,0.7874461,0.85227275
n01811909_4138.jpg,0.7449161,0.77884614
00023628.jpg,0.9105712,0.8924144
00029501.jpg,0.6294981,0.6183612
00057581.jpg,0.77573836,0.8186212
00007581.jpg,0.7963532,0.7068336
00054394.jpg,0.8506558,0.831136
00019197.jpg,0.701377,0.6926384
00037185.jpg,0.57660663,0.488887
55700669b39ef49c.jpg,0.6240755,0.5754717
00035963.jpg,0.67911494,0.6084038
00016976.jpg,0.9026297,0.8151004
00009219.jpg,0.91530526,0.7883704
00035585.jpg,0.67463684,0.6738988
00035490.jpg,0.5953138,0.5501916
00030271.jpg,0.8273359,0.8307098
7886910e6c81bc85.jpg,0.777226,0.7307692
00021469.jpg,0.7936687,0.8005772
n09468604_47076.jpg,0.5798115,0.4742268
00019918.jpg,0.70106745,0.7719802
n03384352_6532.jpg,0.79158264,0.79646015
00050402.jpg,0.644169,0.5798242
00057677.jpg,0.74021816,0.8203374
00050167.jpg,0.7522288,0.7088338
00044046.jpg,0.7716812,0.8757106
000000235843.jpg,0.8082465,0.85858583
00014878.jpg,0.74022365,0.6577854
00006910.jpg,0.8323273,0.8665788
00028522.jpg,0.7698351,0.7123954
00050062.jpg,0.5370693,0.628943
00043159.jpg,0.76793414,0.8909608
00021690.jpg,0.7585466,0.8677158
00042874.jpg,0.9295505,0.8698142
00047267.jpg,0.74739885,0.674005
00051644.jpg,0.9082919,1.0
n04465501_2168.jpg,0.7804347,0.90625
00007708.jpg,0.7544373,0.873726
00010094.jpg,0.6503821,0.753016
00052487.jpg,0.77670884,0.6881702
n02118333_9986.jpg,0.78441036,0.82608694
00038687.jpg,0.7087928,0.7310536
00043213.jpg,0.7692443,0.7140556
00007893.jpg,0.7473494,0.6265244
00052116.jpg,0.77516186,0.8395512
sun_avlcoxhzgadlubqf.jpg,0.55093676,0.54545456
n07880968_190.jpg,0.798745,0.8352941
00026401.jpg,0.81603396,0.8322436
00013332.jpg,0.8199272,0.8232568
00042323.jpg,0.70199025,0.6039062
00008961.jpg,0.8020185,0.8764934
00009957.jpg,0.8156235,0.7466912
00044078.jpg,0.74277455,0.893965
00007355.jpg,0.65163064,0.7693876
00045265.jpg,0.66962516,0.692551
00034915.jpg,0.59565884,0.4916562
00030713.jpg,0.7966878,0.882759
00020845.jpg,0.7544962,0.591551
00003266.jpg,0.8649755,0.9189164
00014432.jpg,0.80462086,0.7362778
00043634.jpg,0.73224336,0.7025774
00055608.jpg,0.5465213,0.7176974
00046634.jpg,0.80184853,0.7104108
00031942.jpg,0.7814926,0.7930988
d1a2a4d8137a71e0.jpg,0.9427223,0.89361703
00014287.jpg,0.7987019,0.9164666
000000050756.jpg,0.66933304,0.5809524
n07717556_3102.jpg,0.8022894,0.81632656
00002626.jpg,0.76406026,0.8287354
00013100.jpg,0.76166826,0.7663576
00018057.jpg,0.66718096,0.7504868
00030173.jpg,0.76911885,0.8252844
00031024.jpg,0.8359487,0.9290626
n07933274_29270.jpg,0.8541737,0.83157897
00044676.jpg,0.68169814,0.6627588
00024814.jpg,0.6356368,0.6962316
00044617.jpg,0.7873873,0.838972
00047854.jpg,0.6581596,0.529178
00046099.jpg,0.7035439,0.7377744
n01811909_12189.jpg,0.7355412,0.8979592
00027920.jpg,0.7211195,0.7410294
n07863374_18176.jpg,0.82426137,0.8
00021612.jpg,0.8751707,0.9041732
00014011.jpg,0.6637691,0.633586
00007781.jpg,0.77835107,0.7619446
00035719.jpg,0.76909316,0.827358
00049653.jpg,0.8763305,0.878141
00055619.jpg,0.86427927,0.8329884
n07849336_22458.jpg,0.8401647,0.9157895
00001962.jpg,0.86965984,0.8131028
00006800.jpg,0.93437076,0.9249228
00004624.jpg,0.653888,0.6594454
00017581.jpg,0.7691273,0.719101
00029007.jpg,0.73771614,0.6720272
00056575.jpg,0.8540627,0.863662
00047771.jpg,0.7271634,0.7087708
n02396427_14405.jpg,0.774181,0.7529412
00023891.jpg,0.8185409,0.7559622
00030643.jpg,0.7192229,0.7080088
00032929.jpg,0.74898094,0.7944626
n07690273_21275.jpg,0.87234074,0.9
00001875.jpg,0.74738127,0.8059992
00049292.jpg,0.7584184,0.858031
00030351.jpg,0.7859824,0.8984536
00018871.jpg,0.71368384,0.6892948
00035734.jpg,0.6678722,0.6663004
00041709.jpg,0.72477573,0.6109728
00040652.jpg,0.7618321,0.824654
00044967.jpg,0.7658194,0.6757992
00042251.jpg,0.76056993,0.691287
00001407.jpg,0.83917034,0.72664
00047416.jpg,0.80784,0.7277768
n04166281_14544.jpg,0.7951999,0.77678573
00049428.jpg,0.8105563,0.808303
00029758.jpg,0.8604007,0.9583492
00007642.jpg,0.7623871,0.6399528
00049342.jpg,0.81007767,0.8317726
00002826.jpg,0.69981635,0.5931558
00014924.jpg,0.7463155,0.8315416
00022694.jpg,0.6630784,0.641291
00041562.jpg,0.82800055,0.8669772
00024444.jpg,0.5957055,0.507836
00041355.jpg,0.7017113,0.695751
00034479.jpg,0.7348001,0.7264166
000000135244.jpg,0.7582421,0.7570093
n07720875_3313.jpg,0.9051508,0.8453608
00030983.jpg,0.7183189,0.6954858
00030580.jpg,0.73198175,0.7987416
00040758.jpg,0.8009331,0.7755312
00000426.jpg,0.790197,0.8745042
00038661.jpg,0.6292445,0.4472404
00040377.jpg,0.85132223,0.817232
00056525.jpg,0.84531933,0.8976368
00047038.jpg,0.65587246,0.6280538
000000112820.jpg,0.7671932,0.6857143
00004500.jpg,0.6386055,0.697802
00009221.jpg,0.7822888,0.741583
00012183.jpg,0.5726499,0.5929452
n07893642_12150.jpg,0.80418086,0.7765958
00053043.jpg,0.8144407,0.8443072
000000447152.jpg,0.73776317,0.9186047
00050684.jpg,0.516755,0.488929
000000028069.jpg,0.73973626,0.9263158
00006182.jpg,0.67957026,0.6067116
00051907.jpg,0.8302016,0.8278014
00021179.jpg,0.7302251,0.7728478
00005040.jpg,0.8202231,0.8813448
n07717556_4185.jpg,0.90827024,0.96666664
00042740.jpg,0.7585274,0.7847344
00050671.jpg,0.6432931,0.805513
00042412.jpg,0.7219348,0.7016898
00010912.jpg,0.7642666,0.604983
00026945.jpg,0.75829333,0.854265
00031214.jpg,0.8286753,0.874589
00014953.jpg,0.72066206,0.5860608
00018940.jpg,0.85457706,0.9507468
n07716358_10251.jpg,0.76306856,0.7078652
00056482.jpg,0.74303097,0.6485712
00032697.jpg,0.75754964,0.7747986
00020671.jpg,0.7140447,0.5928388
00001526.jpg,0.76740724,0.6196442
00009312.jpg,0.8303424,0.83582
00051779.jpg,0.8490882,0.8833298
059001702b9b91e5.jpg,0.8492866,0.8235294
00047748.jpg,0.6937503,0.6169278
00058256.jpg,0.82062864,0.8119056
n02129165_10594.jpg,0.82482696,0.90178573
00005564.jpg,0.7982507,0.8100984
00046833.jpg,0.72266597,0.6411006
00004549.jpg,0.6640241,0.7514102
000000091482.jpg,0.76299405,0.7765958
00017774.jpg,0.8804939,0.8832768
000000155995.jpg,0.73702705,0.754717
00010060.jpg,0.6497979,0.6931934
00057114.jpg,0.82859665,0.9435252
2e8af3c96d099203.jpg,0.6109766,0.5268817
n09468604_52089.jpg,0.5970385,0.50574714
000000533171.jpg,0.77695984,0.67021275
00057699.jpg,0.8390094,0.964996
00015052.jpg,0.75333834,0.8257928
00055425.jpg,0.9274126,0.895397
00039384.jpg,0.82487345,0.7281244
00036637.jpg,0.62134606,0.6868146
00040083.jpg,0.68336093,0.7985616
00019112.jpg,0.727288,0.7064114
00024916.jpg,0.8340856,0.7139158
000000072905.jpg,0.62748265,0.7222222
00005409.jpg,0.799042,0.780752
00030440.jpg,0.8389562,0.7653354
00000774.jpg,0.5749264,0.5818552
00043180.jpg,0.61900246,0.6406826
00037813.jpg,0.5932814,0.4639722
00039914.jpg,0.6834063,0.7301104
00034380.jpg,0.6059438,0.4179866
00054384.jpg,0.9115445,0.8472094
00026746.jpg,0.6595538,0.6124568
00053926.jpg,0.80972683,0.7704996
00019685.jpg,0.84519184,0.9311894
00020344.jpg,0.7025815,0.6838462
2cc511fa46b55b76.jpg,0.7790691,0.8396226
00049086.jpg,0.7327522,0.8029228
00008868.jpg,0.7847731,0.870894
00027438.jpg,0.8030598,0.8526478
00007264.jpg,0.9065158,0.8328832
n07717556_7129.jpg,0.91365325,0.8769231
000000305476.jpg,0.7808954,0.7916667
00018703.jpg,0.7086079,0.8755676
00035946.jpg,0.6784263,0.7693322
00013255.jpg,0.82873684,0.7748952
00034950.jpg,0.84036547,0.9327042
00046355.jpg,0.7295357,0.8160876
00040896.jpg,0.5960292,0.5497984
00034393.jpg,0.5837678,0.698797
00037458.jpg,0.73408604,0.7702316
00002089.jpg,0.54501796,0.510561
177b07564e5e03a9.jpg,0.7621385,0.58762884
00020943.jpg,0.72933865,0.7321052
439e21de21f1e611.jpg,0.78208876,0.84210527
00043452.jpg,0.8651448,0.8915384
00047130.jpg,0.7993946,0.8123212
00029460.jpg,0.8398563,0.7500032
00044001.jpg,0.8019143,0.8172878
00053107.jpg,0.76901877,0.697103
00016588.jpg,0.8220091,0.8960592
ef885f9585f0d1ba.jpg,0.7818673,0.7745098
00006987.jpg,0.6566384,0.6629292
00027321.jpg,0.7135702,0.5616926
00008529.jpg,0.8069875,0.6410258
n01846331_5551.jpg,0.85851747,0.8761905
n02396427_23155.jpg,0.85748404,0.84347826
00050939.jpg,0.7897209,0.8454564
00034781.jpg,0.7252813,0.7059676
00027027.jpg,0.6783554,0.7191404
00032767.jpg,0.7453101,0.868283
00026712.jpg,0.72493386,0.6540016
00025391.jpg,0.73824215,0.772823
n09270735_21232.jpg,0.73400587,0.7708333
00044440.jpg,0.64934516,0.737386
00036164.jpg,0.82501394,0.933835
00005575.jpg,0.6148745,0.645923
00032978.jpg,0.6578752,0.6663506
00025954.jpg,0.697217,0.6451078
00039810.jpg,0.75706863,0.8985018
00053942.jpg,0.8005267,0.8530956
00029569.jpg,0.76781666,0.7548756
00022361.jpg,0.6322733,0.7718566
00014795.jpg,0.7591247,0.7334432
00010355.jpg,0.86892766,0.8993704
00005406.jpg,0.5140822,0.3990218
00013946.jpg,0.8126933,0.8569222
00041526.jpg,0.7668742,0.6850488
00055850.jpg,0.80454624,0.6829516
00045965.jpg,0.72148585,0.6405934
00023255.jpg,0.7208674,0.7206552
00029707.jpg,0.64897937,0.6752814
00055826.jpg,0.7878509,0.7607994
00003328.jpg,0.6686766,0.678684
n07693725_9698.jpg,0.863483,0.872093
00008816.jpg,0.7596101,0.777563
e4b5ee5bc612257f.jpg,0.69365466,0.7047619
00045966.jpg,0.8462542,0.7467774
00019024.jpg,0.689286,0.7124284
00042330.jpg,0.7958029,0.7857528
00002139.jpg,0.72763443,0.7710438
00045535.jpg,0.7156923,0.7642418
00014334.jpg,0.7448158,0.7273038
00008632.jpg,0.8404369,0.9110892
00012416.jpg,0.741302,0.8316294
00004962.jpg,0.7030519,0.5986126
00038950.jpg,0.7497697,0.6682094
00023852.jpg,0.74516535,0.854499
00030891.jpg,0.7965965,0.8775674
00026822.jpg,0.8339088,0.8767316
00051094.jpg,0.69862396,0.7500626
00008064.jpg,0.6422166,0.5841558
00026756.jpg,0.69970405,0.7337428
00057844.jpg,0.6089393,0.6657766
00024484.jpg,0.6777559,0.5803396
n09421951_6821.jpg,0.6640136,0.6886792
00016900.jpg,0.7912768,0.867733
00028071.jpg,0.73502195,0.6474986
00016026.jpg,0.61751264,0.5894122
00018513.jpg,0.775211,0.8537012
000000470549.jpg,0.79213846,0.78651685
n07893642_10890.jpg,0.81927896,0.8811881
00040824.jpg,0.76013833,0.7189494
00014827.jpg,0.8302622,0.8150454
n03670208_4777.jpg,0.71014893,0.6989247
00035608.jpg,0.6237261,0.4685572
00000884.jpg,0.71297634,0.7552508
00035444.jpg,0.6226696,0.6010676
00037718.jpg,0.7055446,0.7504712
3d1b2e53cd24ce90.jpg,0.74663115,0.59770113
00051573.jpg,0.8446014,0.900677
00041234.jpg,0.7623574,0.6952806
00055265.jpg,0.846624,0.936253
00005275.jpg,0.74966574,0.8374708
00032523.jpg,0.62924236,0.7510976
00026105.jpg,0.775548,0.7437152
00022425.jpg,0.79311347,0.8095604
00056925.jpg,0.7343851,0.8235996
00044105.jpg,0.69930005,0.6185342
00049247.jpg,0.8850836,0.9101912
00024077.jpg,0.84452176,0.8379426
00047174.jpg,0.8050053,0.8662812
00003141.jpg,0.7698163,0.701415
00004386.jpg,0.64412874,0.58897
00050131.jpg,0.76034063,0.719049
00039853.jpg,0.7115486,0.5201684
00010039.jpg,0.8322436,0.8379332
00033596.jpg,0.8540793,0.889144
00006259.jpg,0.76514745,0.737596
00039918.jpg,0.60975754,0.4925928
00008557.jpg,0.77663124,0.7886086
00000618.jpg,0.8098345,0.8766676
00050752.jpg,0.76409304,0.6832636
00014519.jpg,0.7025205,0.9160466
00043442.jpg,0.5939295,0.5840858
00049325.jpg,0.87196064,0.9129768
00020098.jpg,0.62572515,0.7245938
1467a36d490d1750.jpg,0.7183145,0.8426966
00049929.jpg,0.8881316,0.912171
00025443.jpg,0.7548972,0.6724
00014250.jpg,0.771435,0.7275
00020785.jpg,0.73418915,0.8167218
00006390.jpg,0.83427763,0.8485688
00002406.jpg,0.67824566,0.7555786
000000195204.jpg,0.7427921,0.8214286
00035649.jpg,0.6653681,0.691514
00021022.jpg,0.70762336,0.8863098
00021667.jpg,0.5721215,0.6640194
00052531.jpg,0.8087046,0.890163
00040342.jpg,0.75397974,0.6730122
n04465501_802.jpg,0.7749139,0.75961536
00000939.jpg,0.812792,0.8250908
00043959.jpg,0.66581845,0.6059944
00047117.jpg,0.823023,0.8942106
00039767.jpg,0.7077808,0.7066722
00029749.jpg,0.7833371,0.6805154
00050816.jpg,0.60651565,0.562773
00005430.jpg,0.66381425,0.6492416
00010263.jpg,0.50830007,0.5314386
n02932891_6193.jpg,0.6424246,0.6372549
00010088.jpg,0.7647964,0.8238062
00004260.jpg,0.7277075,0.6757934
00015398.jpg,0.6697504,0.7364282
00035281.jpg,0.62169677,0.5143614
00027344.jpg,0.73208433,0.7720706
00027790.jpg,0.82135713,0.8615232
n09376198_10901.jpg,0.6485829,0.6513761
00047675.jpg,0.68517584,0.536944
00022496.jpg,0.75630975,0.8164852
00011615.jpg,0.88927066,0.9630484
00005759.jpg,0.64655006,0.5937406
00028991.jpg,0.92938423,0.7726698
00010085.jpg,0.7605431,0.8584474
00040651.jpg,0.65633,0.7685628
n07849336_20531.jpg,0.84849346,0.9047619
00047314.jpg,0.7767349,0.7859072
00045968.jpg,0.70777595,0.7088464
00037206.jpg,0.6784783,0.5372054
n02129165_11498.jpg,0.8427203,0.83495146
00020017.jpg,0.78182536,0.767835
00037543.jpg,0.5388229,0.5867682
00028476.jpg,0.8696434,0.8616588
00011586.jpg,0.70315385,0.4371922
n02932891_30845.jpg,0.707358,0.6814159
00044629.jpg,0.73713315,0.7511626
00008546.jpg,0.92085624,0.8865822
00052925.jpg,0.75905186,0.7134346
00031259.jpg,0.6635071,0.7600114
00050503.jpg,0.60247207,0.6428504
00048270.jpg,0.65261555,0.6702792
00038863.jpg,0.78344065,0.8543338
00038348.jpg,0.7845495,0.9251032
00051467.jpg,0.8050922,0.815594
00032078.jpg,0.6319854,0.5684652
00024461.jpg,0.60337996,0.65745
00041273.jpg,0.7855195,0.6910106
00017223.jpg,0.8206221,0.827398
00030065.jpg,0.7790307,0.8185714
00047765.jpg,0.7188686,0.7368266
00032288.jpg,0.92888296,0.8219932
00003397.jpg,0.81069285,0.8864894
00005498.jpg,0.7331854,0.8056274
n03670208_10000.jpg,0.84394026,0.7765958
00025134.jpg,0.7985448,0.7412654
00022663.jpg,0.7603562,0.7072612
00029063.jpg,0.77224284,0.826109
00024333.jpg,0.6650333,0.7582538
n07583197_4576.jpg,0.8285417,0.8229167
00053048.jpg,0.8070937,0.821179
00033982.jpg,0.687968,0.5740744
000000196212.jpg,0.7737537,0.6436782
00002007.jpg,0.7322018,0.7662742
00050311.jpg,0.878786,0.854365
00016299.jpg,0.69919527,0.6915778
00057138.jpg,0.8566889,0.9055024
00003112.jpg,0.56123513,0.5399032
00006405.jpg,0.7487601,0.7308876
00039120.jpg,0.6568507,0.6204056
bdbf922bf296ca72.jpg,0.8011466,0.7169811
00032857.jpg,0.8166301,0.8869164
00027106.jpg,0.5921198,0.4169904
00017356.jpg,0.8476894,0.7729188
00005858.jpg,0.7725589,0.6141652
00004492.jpg,0.5638348,0.5305226
00038922.jpg,0.610969,0.6473444
00012628.jpg,0.5995462,0.5679468
n07806221_24095.jpg,0.7692778,0.5841584
n09428293_16948.jpg,0.60729086,0.6
00056942.jpg,0.7940563,0.861476
00039368.jpg,0.73318756,0.7237916
00018107.jpg,0.7061012,0.6924282
00027019.jpg,0.64727277,0.5587382
00011542.jpg,0.9029092,0.9591376
00025196.jpg,0.73353803,0.756111
00052544.jpg,0.73146385,0.859633
00036276.jpg,0.6540364,0.6736668
00021086.jpg,0.8456446,0.871317
000000041908.jpg,0.79717183,0.82653064
00030129.jpg,0.6034014,0.6309544
00017525.jpg,0.7418251,0.818846
00010062.jpg,0.8631748,0.8662444
00041789.jpg,0.79626817,0.8110072
00010186.jpg,0.72803867,0.7081418
00003269.jpg,0.7914658,0.8002346
000000170208.jpg,0.72430307,0.6213592
a8cc262e267f3706.jpg,0.7294087,0.6818182
00030958.jpg,0.7065532,0.6989608
00031248.jpg,0.8231836,0.7587202
4d6e55bacc3ae59b.jpg,0.78457487,0.8558559
00012996.jpg,0.6080615,0.4984616
000000348107.jpg,0.8052808,0.68
00046633.jpg,0.82372695,0.9036294
n04461696_2559.jpg,0.7162868,0.7
00051934.jpg,0.6642722,0.5510704
00039348.jpg,0.7066154,0.9055082
00045957.jpg,0.63328207,0.5586712
00014154.jpg,0.85146594,0.7484072
sun_ammlmcnlqojiatxv.jpg,0.5416852,0.36585367
00006009.jpg,0.86998785,0.8167274
00035249.jpg,0.77002037,0.7541316
00036397.jpg,0.76359546,0.9015156
00045547.jpg,0.6263676,0.6163594
1204e923383e80a4.jpg,0.82740617,0.9142857
00026820.jpg,0.8528856,0.8554296
00021229.jpg,0.7022284,0.7541394
00046036.jpg,0.7115334,0.8285656
00050845.jpg,0.63962424,0.594466
00038555.jpg,0.71106374,0.7895802
00023406.jpg,0.8408247,0.811844
n02924116_38371.jpg,0.7510654,0.8541667
00053816.jpg,0.7344265,0.6324898
6cb54fd6e4b8ecbe.jpg,0.79215825,0.73626375
00026083.jpg,0.68018293,0.7668012
00047046.jpg,0.7409898,0.613063
00031387.jpg,0.7806014,0.803885
00037430.jpg,0.6196243,0.4781982
00058650.jpg,0.7899285,0.822785
00037485.jpg,0.7044603,0.6609208
00048410.jpg,0.6315689,0.6455606
000000576322.jpg,0.8162477,0.7051282
n09468604_23201.jpg,0.4977811,0.5
00011095.jpg,0.89041674,0.8743254
00015299.jpg,0.7500527,0.8334156
000000027798.jpg,0.6200882,0.5051546
00038793.jpg,0.6639378,0.5896618
00040408.jpg,0.69599086,0.7900554
00018855.jpg,0.8039099,0.814798
00038925.jpg,0.7796687,0.8301998
00046104.jpg,0.7466812,0.7675086
00040224.jpg,0.8294821,0.9030864
00052299.jpg,0.8566024,0.913275
00050773.jpg,0.5887248,0.6631704
00043901.jpg,0.7431475,0.5992636
00024524.jpg,0.77118456,0.7625172
00054343.jpg,0.83168626,0.774774
00048741.jpg,0.8192538,0.8366516
00021470.jpg,0.7425687,0.7842146
00042770.jpg,0.70293665,0.716409
00012549.jpg,0.60982823,0.4142784
00034049.jpg,0.63188136,0.6937906
00046496.jpg,0.5648314,0.6530736
00030048.jpg,0.67229325,0.7104038
00004499.jpg,0.53219384,0.3228574
00006386.jpg,0.8122247,0.8378946
00053353.jpg,0.7829872,0.7711796
000000576136.jpg,0.7742117,0.83168316
00020577.jpg,0.76952666,0.8774802
n02924116_37624.jpg,0.8159341,0.7941176
00005727.jpg,0.805689,0.7185418
00054569.jpg,0.9176321,0.9469338
00039131.jpg,0.64322615,0.6254536
00007950.jpg,0.77573586,0.686318
00041194.jpg,0.89551634,0.8397992
00049478.jpg,0.8646136,0.8684364
00030839.jpg,0.6141795,0.535552
00016756.jpg,0.6724714,0.784788
n03790512_14584.jpg,0.78257537,0.80898875
00002812.jpg,0.6720351,0.7400874
n02434954_1883.jpg,0.7394683,0.67777777
00043018.jpg,0.83896834,0.8319888
17f134afeb63a40f.jpg,0.6438467,0.5980392
00032746.jpg,0.6479803,0.6029204
00040311.jpg,0.78049856,0.8253138
00041430.jpg,0.8283083,0.942435
00002254.jpg,0.823471,0.82633
00038332.jpg,0.62551653,0.6284946
00020835.jpg,0.7324236,0.746738
00007108.jpg,0.7669784,0.8314284
00042372.jpg,0.61285913,0.7089734
00033960.jpg,0.75327504,0.6912264
1b33ecfef06460c5.jpg,0.7700191,0.8773585
00032502.jpg,0.8100411,0.7940458
00041699.jpg,0.7279827,0.7878682
00054034.jpg,0.6317343,0.8036006
00017550.jpg,0.5554775,0.4061428
00052498.jpg,0.78141075,0.7626908
00038611.jpg,0.7510163,0.853906
00007101.jpg,0.7005276,0.6556506
00022770.jpg,0.6201969,0.5891046
00040718.jpg,0.5451141,0.585195
n09472597_1402.jpg,0.6732055,0.6666667
00035321.jpg,0.77385885,0.9018188
00046630.jpg,0.71082425,0.6912566
00049518.jpg,0.5997307,0.4609236
00008793.jpg,0.71768945,0.748115
00024880.jpg,0.75757086,0.7489332
00058375.jpg,0.6357611,0.6848152
n12345899_10290.jpg,0.6599636,0.66346157
000000505592.jpg,0.8127588,0.853211
00057344.jpg,0.8093516,0.7226634
00047029.jpg,0.7150413,0.7632236
00029703.jpg,0.9027013,0.9588046
00026535.jpg,0.74530876,0.7652708
00019002.jpg,0.7599091,0.6592138
00009525.jpg,0.6939525,0.7113952
n07696625_1674.jpg,0.838878,0.74725276
00000417.jpg,0.5780185,0.538186
00002533.jpg,0.87770724,0.7914164
00023184.jpg,0.85317516,0.7993834
2a29b88a3087549c.jpg,0.7502464,0.75238097
00001094.jpg,0.75031203,0.802656
00030213.jpg,0.85486376,0.8835332
00036879.jpg,0.74458987,0.809048
00013373.jpg,0.7195442,0.6969052
00036581.jpg,0.725689,0.7942098
00011883.jpg,0.81093514,0.8605312
n03541923_3169.jpg,0.72524655,0.8773585
00053737.jpg,0.7904994,0.7540142
00027904.jpg,0.74956596,0.8509692
00028328.jpg,0.7598857,0.6954812
00026981.jpg,0.7764323,0.7144366
00005269.jpg,0.7047274,0.6713342
00012622.jpg,0.8686025,0.7717508
00015945.jpg,0.78892404,0.8452456
00002664.jpg,0.84027433,0.820449
00019771.jpg,0.58213544,0.532193
00014577.jpg,0.7488277,0.7468196
000000220948.jpg,0.7459281,0.76635516
00008989.jpg,0.79850376,0.785411
00020766.jpg,0.6978703,0.6821776
n02932891_40314.jpg,0.64057946,0.54651165
00023881.jpg,0.86644995,0.885403
00036760.jpg,0.70983624,0.5751084
00054860.jpg,0.7148547,0.7278248
00039553.jpg,0.7286382,0.6899546
00016084.jpg,0.8486397,0.8198168
00018675.jpg,0.60396665,0.6045576
n02834778_1985.jpg,0.824517,0.6826923
00011923.jpg,0.7628909,0.759501
00049345.jpg,0.77584153,0.6330004
00053423.jpg,0.83876824,0.919395
00034473.jpg,0.6423743,0.5707326
00006502.jpg,0.8243216,0.7838584
00017337.jpg,0.85396546,0.9354262
00006070.jpg,0.74728125,0.7009842
00058497.jpg,0.652982,0.6772214
n09393605_21966.jpg,0.5244622,0.3883495
00017511.jpg,0.7761539,0.7573922
00045397.jpg,0.72768915,0.7930808
00031862.jpg,0.7716283,0.8345864
00002604.jpg,0.75486803,0.7974936
000000106658.jpg,0.6727015,0.7222222
00012318.jpg,0.714489,0.7516564
00018432.jpg,0.6826162,0.82618
00049241.jpg,0.59624434,0.6073566
00033394.jpg,0.8536637,0.869083
00040746.jpg,0.7485628,0.8033736
00013886.jpg,0.7555593,0.6128978
00009785.jpg,0.7404053,0.6202542
00011682.jpg,0.7925589,0.8161686
00055662.jpg,0.857684,0.8971912
00012576.jpg,0.8266078,0.793425
00017833.jpg,0.79481065,0.69195
00044981.jpg,0.6994242,0.66423
00049923.jpg,0.7424679,0.6984682
00003613.jpg,0.5672851,0.6012206
00050966.jpg,0.86858374,0.9014746
00018755.jpg,0.64333946,0.570701
00040477.jpg,0.74533975,0.811484
00053682.jpg,0.70976555,0.6363466
00011088.jpg,0.6903745,0.639016
00046520.jpg,0.7265611,0.5346512
00042189.jpg,0.7828004,0.865579
00018581.jpg,0.7251722,0.766668
00043591.jpg,0.785899,0.8680462
00013982.jpg,0.8250939,0.7705696
n02793495_3970.jpg,0.6142739,0.61764705
00007161.jpg,0.62422764,0.4622946
00040002.jpg,0.76772255,0.7534342
000000089320.jpg,0.7819886,0.75789475
00033145.jpg,0.7700832,0.7538516
00027475.jpg,0.75607765,0.6508362
00022503.jpg,0.8172328,0.783818
00020345.jpg,0.88437563,0.8530724
000000514544.jpg,0.8504981,0.9126214
00033354.jpg,0.58774364,0.5814546
n02834778_10227.jpg,0.7672343,0.7977528
n09415671_4032.jpg,0.47048324,0.50961536
00040096.jpg,0.748383,0.7415938
00056164.jpg,0.6925699,0.7711072
00034481.jpg,0.69813436,0.8002498
00041979.jpg,0.84871674,0.8857352
00055263.jpg,0.7079011,0.735026
00025158.jpg,0.58788687,0.5781096
7c718f850fba4d2f.jpg,0.7295561,0.70666665
00046958.jpg,0.7413842,0.8299064
00044014.jpg,0.6736396,0.6420158
00038512.jpg,0.75997716,0.6719748
5ffeffc15eb1de28.jpg,0.71590966,0.7019231
00002668.jpg,0.7752164,0.7928158
00026325.jpg,0.5900648,0.6024518
00034386.jpg,0.5973785,0.6114104
000000039191.jpg,0.7277366,0.77272725
00014743.jpg,0.82402956,0.8547716
00052128.jpg,0.8051804,0.8284136
00034024.jpg,0.8191812,0.8968592
00055679.jpg,0.7784958,0.7564188
n09472597_14890.jpg,0.62263393,0.57894737
00034157.jpg,0.6203587,0.61758
00031933.jpg,0.7998819,0.8036076
00006128.jpg,0.73018277,0.6988744
00004558.jpg,0.6921882,0.7476968
00020649.jpg,0.6806477,0.408203
00025362.jpg,0.81417,0.8127516
n07929519_34792.jpg,0.8160441,0.9010989
00026204.jpg,0.64474845,0.7162388
00025976.jpg,0.7603413,0.7938008
00015741.jpg,0.7779049,0.8310158
00044852.jpg,0.58396184,0.4885262
00003038.jpg,0.81778276,0.814084
n04166281_21224.jpg,0.7832011,0.83035713
00054181.jpg,0.784216,0.7906284
00021748.jpg,0.73623765,0.7581772
n07690273_20605.jpg,0.8158528,0.9130435
00039655.jpg,0.8174473,0.7255224
00056659.jpg,0.86569965,0.8905984
00021604.jpg,0.83002955,0.8302714
00030818.jpg,0.8381398,0.8168574
00053357.jpg,0.6038791,0.8237288
00004648.jpg,0.7252067,0.7799086
00052695.jpg,0.7769734,0.8008904
00020045.jpg,0.7320386,0.7516822
00006878.jpg,0.83212733,0.8047414
00025026.jpg,0.7566856,0.7580234
00049442.jpg,0.88711333,0.8821934
n09270735_41870.jpg,0.6790986,0.6666667
00031909.jpg,0.6410078,0.7000966
n07911677_1207.jpg,0.8002991,0.85714287
00013725.jpg,0.7380469,0.6325576
00044965.jpg,0.76640695,0.7059814
n00464894_13306.jpg,0.78443456,0.7356322
00029940.jpg,0.66702867,0.6844524
00004296.jpg,0.7723892,0.8163732
00030346.jpg,0.8451389,0.8300952
00023361.jpg,0.6934697,0.7754374
000000532631.jpg,0.69624245,0.7368421
00004338.jpg,0.6338948,0.5885762
00034580.jpg,0.7127214,0.6176318
00056274.jpg,0.6366503,0.805358
00032397.jpg,0.6420955,0.5849972
00043038.jpg,0.8131478,0.8324586
n04166281_3944.jpg,0.7568281,0.7244898
00035984.jpg,0.71418834,0.8706888
00018989.jpg,0.7285997,0.6523468
00023083.jpg,0.8332621,0.8135394
00058446.jpg,0.82099795,0.7697216
00022121.jpg,0.86397237,0.861483
00032145.jpg,0.74231786,0.6598978
00029005.jpg,0.8372115,0.919765
n07838073_14364.jpg,0.8720645,0.86915886
00005120.jpg,0.74056053,0.8672926
00022116.jpg,0.85083854,0.828745
00050405.jpg,0.7834017,0.7455686
n02118333_10398.jpg,0.84753656,0.96385545
00007920.jpg,0.88893574,0.8924212
00025602.jpg,0.79817224,0.887703
00039996.jpg,0.6795804,0.8723602
00001137.jpg,0.8108231,0.706036
000000553162.jpg,0.76889914,0.75
00004059.jpg,0.60579437,0.5253054
00033393.jpg,0.7809114,0.730972
00051758.jpg,0.8701591,0.8783706
00005529.jpg,0.64652395,0.6984294
00013143.jpg,0.6413538,0.5107684
23b73886e375fa7e.jpg,0.79750603,0.8020833
00000878.jpg,0.7008829,0.6429708
00022222.jpg,0.8972609,0.9139072
00009713.jpg,0.8533158,0.7573064
sun_atmrwrneqsvfgvoh.jpg,0.63382494,0.65346533
00044354.jpg,0.73519653,0.893866
00007882.jpg,0.7120111,0.7245786
00055256.jpg,0.7966484,0.8951334
00025999.jpg,0.6744001,0.7144918
00053232.jpg,0.80616844,0.7162858
00006335.jpg,0.80453104,0.8510514
00007731.jpg,0.7723665,0.8353846
n02118333_6867.jpg,0.84901273,0.94495416
00011639.jpg,0.7909703,0.6877602
n07863374_18632.jpg,0.88004345,0.8867925
000000388011.jpg,0.71714365,0.84313726
n04465501_1257.jpg,0.794852,0.7570093
00016784.jpg,0.81644607,0.8624942
00048151.jpg,0.78996927,0.8593602
00021064.jpg,0.90965545,0.8261346
00005541.jpg,0.8078105,0.6911
n03512147_3122.jpg,0.77738,0.7888889
00043772.jpg,0.6765955,0.7400946
00021968.jpg,0.8099083,0.887236
00056717.jpg,0.61790335,0.6265406
058158a56c4e1048.jpg,0.78717613,0.872549
n00464894_13791.jpg,0.737267,0.8584906
00010562.jpg,0.77311385,0.7265982
00050096.jpg,0.72077763,0.655232
00041431.jpg,0.6585632,0.7095238
00031616.jpg,0.81493783,0.77342
00047848.jpg,0.680453,0.5850782
n02946348_18783.jpg,0.8051618,0.7747748
00024021.jpg,0.8382128,0.8372658
00045114.jpg,0.7546922,0.8627596
00021293.jpg,0.7942667,0.8081606
00015895.jpg,0.78941584,0.6882256
00014677.jpg,0.6462602,0.8020286
00004016.jpg,0.8427202,0.8948262
00040662.jpg,0.732381,0.8061112
00026405.jpg,0.814798,0.731351
n07863374_18322.jpg,0.7632696,0.70689654
00000072.jpg,0.6391318,0.6243272
00058309.jpg,0.81186736,0.8294202
00043824.jpg,0.8615682,0.7980862
00016366.jpg,0.5866806,0.4198648
00024664.jpg,0.81150085,0.9204536
00020171.jpg,0.76590073,0.9371346
00012507.jpg,0.63153887,0.61988
5583e593fa709d42.jpg,0.7535207,0.6372549
00037045.jpg,0.59903425,0.6645558
00007299.jpg,0.84956473,0.8360224
n02834778_7536.jpg,0.7057188,0.84158415
00014359.jpg,0.79851866,0.6727972
00000312.jpg,0.64234453,0.7434228
n02450034_9072.jpg,0.7367066,0.8021978
cb015f171d060a5f.jpg,0.81188834,0.8137255
00052763.jpg,0.8192232,0.8972978
00044237.jpg,0.7862157,0.6911976
171db4cdc543cf4d.jpg,0.8157912,0.8061224
00027214.jpg,0.82110006,0.812039
00058577.jpg,0.83300275,0.8082168
9e9704ca22736914.jpg,0.7216985,0.67676765
00057499.jpg,0.6702138,0.7550434
00016798.jpg,0.6229671,0.7414154
000000163715.jpg,0.80928004,0.77
00008967.jpg,0.6157861,0.644816
00028697.jpg,0.8362223,0.9216022
00017101.jpg,0.6779579,0.802508
00037946.jpg,0.7093944,0.7473262
00023797.jpg,0.7062202,0.7081776
00047446.jpg,0.6230985,0.6201624
00054065.jpg,0.8109032,0.8529004
00039564.jpg,0.6762629,0.64436
00015871.jpg,0.6227138,0.61558
d6686aeee94c1def.jpg,0.73462534,0.5809524
00032666.jpg,0.6816872,0.5971366
00009248.jpg,0.81619084,0.9092146
00046149.jpg,0.768867,0.7977632
00035125.jpg,0.80766565,0.8362424
n07717556_757.jpg,0.8033183,0.9032258
000000449872.jpg,0.5743022,0.47572815
00055738.jpg,0.70095414,0.7239662
00051764.jpg,0.8912122,0.8522372
00017925.jpg,0.78807247,0.8191766
00011246.jpg,0.7449967,0.6781346
00001311.jpg,0.7859719,0.755545
00054020.jpg,0.71524584,0.7823042
00034762.jpg,0.6195431,0.4883332
00012522.jpg,0.7342279,0.852112
00039489.jpg,0.6332569,0.6394536
n01846331_897.jpg,0.8159949,0.8888889
00030613.jpg,0.6345293,0.5499382
00029274.jpg,0.8588439,0.9662258
00036213.jpg,0.5874521,0.6186214
00050171.jpg,0.7394234,0.9099322
00005301.jpg,0.70277023,0.6249196
192c3e482444f853.jpg,0.8171736,0.73255813
00041819.jpg,0.6578983,0.694494
00013126.jpg,0.6845443,0.8102364
00020016.jpg,0.7521668,0.684891
00049814.jpg,0.84313303,0.7952236
00054413.jpg,0.73845136,0.7802596
00038277.jpg,0.7025368,0.7832214
00025829.jpg,0.8768497,0.8580852
00035496.jpg,0.6677992,0.7614712
00001995.jpg,0.8248701,0.8384392
00058647.jpg,0.8857381,0.965652
00008221.jpg,0.65167,0.6379188
00043681.jpg,0.581396,0.5782034
00004378.jpg,0.687981,0.7442592
00030443.jpg,0.8254018,0.889821
00032847.jpg,0.64530563,0.442757
00051645.jpg,0.8509749,0.9678054
00051429.jpg,0.7818917,0.9443112
00030793.jpg,0.8519739,0.7924012
00032105.jpg,0.84280646,0.9155278
00027768.jpg,0.66753733,0.519623
00038316.jpg,0.5855979,0.6503068
000000491793.jpg,0.7031626,0.7294118
00020836.jpg,0.7008077,0.7234642
00010756.jpg,0.6094648,0.6381232
00018068.jpg,0.84051406,0.8137182
00026825.jpg,0.8183702,0.7363654
00010494.jpg,0.7967812,0.9488782
n07838073_12426.jpg,0.77602786,0.78350514
81e422c0b2173f38.jpg,0.70361567,0.6969697
00017103.jpg,0.83757323,0.7698616
00047730.jpg,0.7251689,0.8695314
00042180.jpg,0.7331868,0.7184692
00047280.jpg,0.7635107,0.8075548
00044579.jpg,0.7232878,0.6160904
00010964.jpg,0.84957564,0.8874488
n07711569_773.jpg,0.8374772,0.78313255
00040213.jpg,0.6611302,0.6399422
00052410.jpg,0.64150864,0.8723936
00043565.jpg,0.66474134,0.8248294
00037502.jpg,0.7614529,0.712399
00022225.jpg,0.74329513,0.8662422
00017254.jpg,0.769207,0.8535774
n07929519_34383.jpg,0.827775,0.9381443
n09303008_30342.jpg,0.53535736,0.5744681
00041257.jpg,0.7497339,0.8807462
n07849336_33495.jpg,0.7951802,0.7802198
00012063.jpg,0.8865051,0.9518926
00015859.jpg,0.76540077,0.8663424
000000050159.jpg,0.7242998,0.7641509
00056786.jpg,0.81258774,0.8324444
n04467665_1891.jpg,0.71426976,0.7525773
00022919.jpg,0.6564257,0.714881
00056226.jpg,0.7852669,0.698919
00035855.jpg,0.6482749,0.6980816
00012547.jpg,0.75085485,0.8295562
00057920.jpg,0.62417656,0.7995248
00019815.jpg,0.63532937,0.6815154
00005709.jpg,0.8349077,0.5830612
000000296244.jpg,0.7898878,0.84210527
00020873.jpg,0.8651203,0.858979
00030847.jpg,0.8780993,0.8953234
00045090.jpg,0.6020057,0.718984
n07717556_2038.jpg,0.8678611,0.9479167
00008677.jpg,0.72489625,0.7002108
00018183.jpg,0.75179875,0.8244154
00011947.jpg,0.90341365,0.8297716
00043111.jpg,0.7935891,0.9000184
00008862.jpg,0.7717816,0.7993206
00043109.jpg,0.74282223,0.6886424
sun_amstctgduhgtglor.jpg,0.578308,0.76
00046878.jpg,0.6708152,0.6269164
00022855.jpg,0.80487096,0.8532676
n07863374_19495.jpg,0.81261915,0.85858583
00022483.jpg,0.80029833,0.8577002
00006253.jpg,0.71086925,0.8442258
00037278.jpg,0.7108765,0.5570562
00023097.jpg,0.6927952,0.6770386
00024935.jpg,0.7443863,0.6691646
00000529.jpg,0.857852,0.8961328
00016170.jpg,0.71007586,0.7691218
00009841.jpg,0.7156973,0.517806
bb59f95e39d5e545.jpg,0.7394225,0.8271605
00052830.jpg,0.80895245,0.7346504
00029115.jpg,0.8856816,0.9459344
00014897.jpg,0.8253919,0.8627246
00028412.jpg,0.6627444,0.6018352
00052420.jpg,0.69012064,0.8465374
n03541923_3649.jpg,0.80088836,0.7941176
00005228.jpg,0.8381237,0.8951948
00028802.jpg,0.819121,0.8173108
n07929519_32188.jpg,0.7918247,0.7157895
00034867.jpg,0.59113836,0.4928858
n09468604_18462.jpg,0.54123414,0.53636366
00015619.jpg,0.7237513,0.6479922
00051332.jpg,0.85958546,0.907903
00034232.jpg,0.8300659,0.840408
d459ce6c1872157e.jpg,0.6447876,0.8181818
00036497.jpg,0.6717469,0.6541142
00025183.jpg,0.7287664,0.6790674
00034174.jpg,0.51201034,0.5182674
00033335.jpg,0.75762105,0.8213934
00030400.jpg,0.81513244,0.933631
00015283.jpg,0.6562277,0.6168044
00024918.jpg,0.62960505,0.7981626
00041834.jpg,0.7340804,0.865939
00027988.jpg,0.7158796,0.5991908
00045358.jpg,0.74817085,0.711262
00002222.jpg,0.92892206,0.9278758
n01811909_10933.jpg,0.76046354,0.5603448
00057546.jpg,0.8479112,0.8212166
00052532.jpg,0.77152824,0.8613874
n04461696_6970.jpg,0.70616585,0.736
00049470.jpg,0.8036209,0.9319098
00041204.jpg,0.84430695,0.8274128
00043214.jpg,0.7367662,0.6174674
00036886.jpg,0.7768736,0.8159746
00026536.jpg,0.8271314,0.8346382
00000620.jpg,0.7906596,0.8426226
00003767.jpg,0.82323974,0.834431
n02946348_5142.jpg,0.78564197,0.80833334
00041157.jpg,0.6473881,0.716298
00011829.jpg,0.60758096,0.50991
00015258.jpg,0.67932594,0.66593
00014083.jpg,0.6594407,0.640108
c94be4a43769a5bb.jpg,0.574836,0.55172414
00054026.jpg,0.6037681,0.5533648
00004741.jpg,0.8676752,0.882681
00001930.jpg,0.84564865,0.7400274
00056768.jpg,0.6556339,0.8651378
00010727.jpg,0.6959511,0.6448216
00050007.jpg,0.8255312,0.8738922
00036239.jpg,0.65005136,0.621994
00056605.jpg,0.56850046,0.6286772
00010921.jpg,0.7203811,0.76111
00037750.jpg,0.56613183,0.5849838
00004970.jpg,0.8528082,0.77502
n00470966_19147.jpg,0.7179711,0.71
00033578.jpg,0.58815485,0.524948
n09359803_41403.jpg,0.5452219,0.49514562
00027063.jpg,0.6864954,0.749393
00007295.jpg,0.78903335,0.7338126
00042192.jpg,0.7617532,0.664071
00009742.jpg,0.795488,0.8000142
00045986.jpg,0.724103,0.732411
00042478.jpg,0.7047883,0.7554106
00005969.jpg,0.6585088,0.5526564
n03670208_37379.jpg,0.75791377,0.8076923
00000311.jpg,0.7398889,0.6352228
00050607.jpg,0.81336826,0.8646654
00016632.jpg,0.6173407,0.695703
00031367.jpg,0.65437263,0.6443036
00028336.jpg,0.5948017,0.6063174
00009654.jpg,0.7339946,0.6445508
00032839.jpg,0.7647021,0.8723992
n09288635_1109.jpg,0.70270026,0.67368424
00024001.jpg,0.85746586,0.756985
n09415671_6622.jpg,0.5678128,0.55172414
00007910.jpg,0.8593915,0.9601642
00014301.jpg,0.61083317,0.8015854
n07717556_1221.jpg,0.83819,0.8045977
00013622.jpg,0.69326925,0.822142
00047633.jpg,0.66530013,0.5793712
00001265.jpg,0.57636774,0.5069886
000000474543.jpg,0.6453531,0.55172414
00004545.jpg,0.82089484,0.859377
00043253.jpg,0.77572733,0.7704432
00015793.jpg,0.7357653,0.6403102
00028486.jpg,0.62236595,0.6134224
000000213669.jpg,0.69525987,0.6434783
00025195.jpg,0.6910523,0.7471312
00019569.jpg,0.81600237,0.9420778
00022927.jpg,0.84448296,0.7535576
00019843.jpg,0.66217804,0.6465788
00045504.jpg,0.7831085,0.8520868
00046696.jpg,0.66991585,0.777974
00053215.jpg,0.8641039,0.9763674
00009046.jpg,0.85730696,0.9059306
000000564289.jpg,0.693698,0.6938776
00032596.jpg,0.71595836,0.7633472
00019128.jpg,0.84357834,0.9135456
00037369.jpg,0.6679494,0.729088
n01791625_12948.jpg,0.7748371,0.9009009
00009360.jpg,0.7521851,0.795732
n02396427_10706.jpg,0.8128985,0.8372093
00057654.jpg,0.84896106,0.867871
00043629.jpg,0.8144903,0.8298536
00049232.jpg,0.76677203,0.7363296
00056893.jpg,0.74200225,0.729782
00030893.jpg,0.6922115,0.6086082
n04335435_10497.jpg,0.74088424,0.7752809
00041269.jpg,0.6868447,0.5328152
00045078.jpg,0.81199116,0.9237606
00058343.jpg,0.84498346,0.9231546
00056193.jpg,0.8330715,0.8325954
00049705.jpg,0.6864406,0.6055306
00057501.jpg,0.78627133,0.7028534
00007257.jpg,0.83824706,0.9472752
n07838073_20510.jpg,0.7425065,0.8064516
00028843.jpg,0.8177682,0.8597818
00006701.jpg,0.874179,0.8646528
00057409.jpg,0.9446707,0.8885466
00017940.jpg,0.5798307,0.5134886
00028064.jpg,0.9449427,0.8905776
00027479.jpg,0.60148185,0.7224564
00000267.jpg,0.71799827,0.7094692
00033718.jpg,0.815214,0.806021
00041299.jpg,0.78764117,0.6997958
00036990.jpg,0.6603799,0.7337052
00017051.jpg,0.7840996,0.799349
00032518.jpg,0.7666067,0.7846296
00027064.jpg,0.75950325,0.7767726
00012908.jpg,0.74505657,0.8095018
00030100.jpg,0.83482647,0.8152934
00019967.jpg,0.8382598,0.9311238
00047035.jpg,0.8462322,0.9052292
n07690273_20083.jpg,0.82979286,0.8684211
00043352.jpg,0.8033464,0.7635074
00025033.jpg,0.68945414,0.6247264
00012487.jpg,0.9606139,0.9453218
000000017460.jpg,0.72159153,0.7070707
00041025.jpg,0.74509954,0.7245378
00049473.jpg,0.73349416,0.809179
00054844.jpg,0.84286034,0.7952548
00019562.jpg,0.6337499,0.6728034
00005508.jpg,0.7643082,0.7593458
00012826.jpg,0.7633085,0.8879222
00024069.jpg,0.68537456,0.7822176
000000389041.jpg,0.69788814,0.6931818
00042385.jpg,0.73920894,0.6924438
00011839.jpg,0.81676,0.9862262
n02324045_30124.jpg,0.8499478,0.80582523
00037678.jpg,0.7048894,0.7444086
00044770.jpg,0.7302099,0.6939104
00048396.jpg,0.719222,0.6635322
00026236.jpg,0.81480765,0.8216266
n04335435_12024.jpg,0.76218444,0.8055556
00039704.jpg,0.6894796,0.708228
00016589.jpg,0.64031506,0.5568688
00050614.jpg,0.73925674,0.8216736
00036286.jpg,0.7235445,0.533218
00057148.jpg,0.6856428,0.743154
00021525.jpg,0.6511663,0.5304044
n07711569_2131.jpg,0.75604045,0.5543478
00035213.jpg,0.79290986,0.8560216
n07720875_1314.jpg,0.8594926,0.9032258
00000068.jpg,0.8199973,0.867281
00027693.jpg,0.7908299,0.7528282
8880c064ecd79e96.jpg,0.6243372,0.61764705
00011055.jpg,0.74126804,0.7890594
00005270.jpg,0.78743285,0.7664268
00003923.jpg,0.7991509,0.8140834
00006483.jpg,0.8347672,0.8171612
00036106.jpg,0.66730833,0.4082406
00054709.jpg,0.73263264,0.8171
00036642.jpg,0.6528428,0.4691042
00035532.jpg,0.7329469,0.8115388
00008190.jpg,0.8252131,0.7983042
00020779.jpg,0.87605107,0.8510882
n07806221_21827.jpg,0.722225,0.71276593
00024812.jpg,0.81151974,0.7492608
00018821.jpg,0.7164247,0.7396356
e98d463e02434aba.jpg,0.6911005,0.66346157
00045449.jpg,0.8010957,0.7723304
00038250.jpg,0.5750492,0.5740636
00058588.jpg,0.6986722,0.796668
00005559.jpg,0.7284441,0.6442588
00003729.jpg,0.76962733,0.7752038
00040523.jpg,0.7214737,0.8065656
00022649.jpg,0.6817391,0.685697
00036753.jpg,0.55974317,0.6437522
00048006.jpg,0.7924874,0.8667752
00011563.jpg,0.77225626,0.8395244
b040a3d19b807114.jpg,0.81714743,0.75961536
00016251.jpg,0.6696427,0.6130562
n09303008_23881.jpg,0.56838936,0.44329897
000000403197.jpg,0.7634036,0.8
00000702.jpg,0.6693423,0.6384666
00031697.jpg,0.6128506,0.6347954
00041590.jpg,0.755468,0.6333334
00035502.jpg,0.7332001,0.8042954
00003749.jpg,0.8216987,0.8196404
00005453.jpg,0.83390594,0.9282102
00004669.jpg,0.86873543,0.9514286
00030266.jpg,0.747968,0.8375076
00013679.jpg,0.81967616,0.9637172
00033117.jpg,0.7869494,0.8902354
00057223.jpg,0.6170677,0.7089832
00022068.jpg,0.7546809,0.8946582
00043297.jpg,0.82350004,0.7987912
00034858.jpg,0.7329243,0.7842542
00018182.jpg,0.86998415,0.833857
00039911.jpg,0.7835533,0.804453
00038905.jpg,0.7223332,0.7090858
00033053.jpg,0.8785158,0.9428256
000000388486.jpg,0.7329921,0.83157897
00051609.jpg,0.64412266,0.6373398
00047195.jpg,0.7454145,0.634331
00002278.jpg,0.7856749,0.8505942
00043548.jpg,0.8010201,0.7672428
00012336.jpg,0.74891007,0.7686722
00044657.jpg,0.68186474,0.6526664
00005833.jpg,0.7298794,0.7374528
00010748.jpg,0.7446434,0.7600966
00056081.jpg,0.85919285,0.9166324
00013919.jpg,0.7567569,0.8436754
n02129165_16656.jpg,0.7675334,0.7294118
00018557.jpg,0.9357743,0.894503
00029082.jpg,0.77286255,0.8363192
00023983.jpg,0.6476688,0.6508442
00035064.jpg,0.63841593,0.6611604
00031179.jpg,0.8581227,0.8824828
00056940.jpg,0.56803864,0.4141768
00028490.jpg,0.89499867,0.8647846
00028493.jpg,0.7529991,0.687497
00012368.jpg,0.6699023,0.5231316
00050386.jpg,0.6900277,0.8267562
n04349306_12251.jpg,0.8642803,0.9404762
000000230318.jpg,0.79316664,0.8181818
00007117.jpg,0.51549965,0.5629584
00017160.jpg,0.72116697,0.6957534
00040295.jpg,0.7832177,0.8733278
n01811909_7814.jpg,0.72791064,0.8064516
00007057.jpg,0.83252895,0.8966622
00010009.jpg,0.62644786,0.4901376
00019634.jpg,0.71148646,0.6858708
00016413.jpg,0.5597758,0.6012546
00058191.jpg,0.7999259,0.8772004
00001512.jpg,0.7476752,0.5399342
00038574.jpg,0.66371536,0.5457652
00012100.jpg,0.6269549,0.477738
sun_ajqdvsuevkfybgme.jpg,0.6151428,0.46875
00018345.jpg,0.8643743,0.9330406
00038992.jpg,0.877661,0.8725152
00019181.jpg,0.6175169,0.6597582
00003100.jpg,0.6625422,0.588487
00001468.jpg,0.9328662,0.9406354
00014425.jpg,0.6849675,0.8297108
000000073022.jpg,0.7110536,0.7154471
00028842.jpg,0.77306247,0.7574116
00037759.jpg,0.68493056,0.7051892
00055823.jpg,0.73107153,0.80449
00022646.jpg,0.8003119,0.8643356
00045196.jpg,0.7163602,0.6591744
00005542.jpg,0.6689735,0.7411484
00029547.jpg,0.5579827,0.5548516
00005574.jpg,0.7804476,0.7179506
00003478.jpg,0.75923824,0.8650938
00031461.jpg,0.8527193,0.8979808
00018108.jpg,0.77101004,0.738848
00035267.jpg,0.65334344,0.645058
000000321173.jpg,0.84682536,0.8446602
00019621.jpg,0.92497545,0.9529322
00004463.jpg,0.83400404,0.794564
00033376.jpg,0.708032,0.684393
00018343.jpg,0.79240537,0.8489668
00001501.jpg,0.91939545,0.927782
000000560020.jpg,0.7543834,0.85294116
00056420.jpg,0.67681897,0.5335214
sun_adkeovalbkluzeri.jpg,0.54604983,0.5869565
00011429.jpg,0.5773127,0.6382572
00044042.jpg,0.68516916,0.5928308
00010995.jpg,0.7803118,0.8363936
00041394.jpg,0.63478017,0.7441148
00042394.jpg,0.78736573,0.8367568
00043885.jpg,0.6625722,0.6366766
00001727.jpg,0.6434532,0.5478782
00018834.jpg,0.57280767,0.5989724
00037353.jpg,0.6629868,0.6577474
00004575.jpg,0.6909312,0.6999056
n01811909_2537.jpg,0.7621324,0.78125
n02118333_8191.jpg,0.74279785,0.78571427
00040329.jpg,0.5487479,0.5645238
00044195.jpg,0.69237065,0.5908394
00044928.jpg,0.75079,0.763935
00045227.jpg,0.7839961,0.6971194
00048931.jpg,0.80333596,0.7509612
n09472597_29182.jpg,0.5817203,0.62765956
00022894.jpg,0.8020363,0.8403032
n02450034_7834.jpg,0.8158094,0.7542373
00017007.jpg,0.72368133,0.8154234
00001203.jpg,0.67238355,0.7376286
00038223.jpg,0.6864333,0.61662
00056438.jpg,0.6816653,0.7299836
00035424.jpg,0.6714309,0.6156498
00025439.jpg,0.88792187,0.885915
00010138.jpg,0.5499616,0.4812684
00030151.jpg,0.62120306,0.4922974
000000497484.jpg,0.8967308,0.94
654d741e1d80fd43.jpg,0.7909622,0.71428573
00056352.jpg,0.65265775,0.7604352
00022940.jpg,0.80234146,0.7594498
00017540.jpg,0.7930079,0.8227458
n02355227_2155.jpg,0.78459406,0.8173077
00010794.jpg,0.6880235,0.811708
00008384.jpg,0.8696795,0.9288312
00033195.jpg,0.70754194,0.8067394
n07850329_18623.jpg,0.85008705,0.9322034
n04465501_2796.jpg,0.70501155,0.78899086
00057317.jpg,0.8788102,0.8802528
n03634034_7778.jpg,0.5770178,0.5619048
00014051.jpg,0.6703262,0.5297232
n09468604_53301.jpg,0.49424338,0.69148934
00013328.jpg,0.86283135,0.9326422
n02396427_10212.jpg,0.6694691,0.70408165
00017715.jpg,0.8060284,0.8396742
00006504.jpg,0.70540273,0.713274
00015028.jpg,0.73853177,0.7438798
00039898.jpg,0.6757667,0.5608976
00045250.jpg,0.6996583,0.6994616
00011052.jpg,0.8912276,0.8339884
n09308572_4245.jpg,0.75042677,0.83168316
00047831.jpg,0.6785896,0.5039288
00002674.jpg,0.8586087,0.9443478
n07711569_1823.jpg,0.82391965,0.8989899
00048712.jpg,0.67778194,0.8051848
00034921.jpg,0.60522825,0.5474176
00001554.jpg,0.63477826,0.6345248
00051190.jpg,0.85521114,0.914537
5c3d7e1e55326af8.jpg,0.90606904,0.76344085
00053183.jpg,0.6251211,0.641774
00001135.jpg,0.9141,0.857988
00012147.jpg,0.7902053,0.9150426
00058579.jpg,0.6152196,0.5602948
00045491.jpg,0.86303633,0.8527598
91e1985a66de4f36.jpg,0.6969029,0.8061224
n00468480_10557.jpg,0.7041832,0.5614035
00007434.jpg,0.6083566,0.5341878
00006342.jpg,0.6760756,0.577611
00038904.jpg,0.6862396,0.616188
00022742.jpg,0.8424045,0.8460488
00006793.jpg,0.8669127,0.866439
000000512537.jpg,0.6913619,0.78125
00012030.jpg,0.89371455,0.9007678
00036023.jpg,0.49327013,0.478627
00003427.jpg,0.81967807,0.8321008
00032903.jpg,0.7916813,0.8135378
00016011.jpg,0.7464205,0.8702996
00042331.jpg,0.7335098,0.695772
00050953.jpg,0.756946,0.7959716
00026314.jpg,0.6264341,0.6341876
00010865.jpg,0.8079724,0.8476334
e5657606eb11374b.jpg,0.5576277,0.6057692
00051191.jpg,0.76971585,0.6880644
b879a8057b244154.jpg,0.7644894,0.8495575
00034363.jpg,0.6104409,0.6412932
00038489.jpg,0.6391455,0.6958774
00035373.jpg,0.7643894,0.8063126
00002892.jpg,0.8541187,0.9342766
00008876.jpg,0.8525139,0.8981686
00058141.jpg,0.7084726,0.795261
00026186.jpg,0.7817928,0.7604606
00052613.jpg,0.77663493,0.8742792
n02332755_3073.jpg,0.8799541,0.9489796
00043231.jpg,0.7015705,0.773156
00056042.jpg,0.82660764,0.7643882
00036538.jpg,0.54232216,0.4585636
00034103.jpg,0.5440703,0.5325942
b58ab34a53532e2f.jpg,0.5890043,0.6185567
00054512.jpg,0.6781777,0.640921
00042167.jpg,0.81075144,0.7216046
00042387.jpg,0.7742781,0.753987
00017286.jpg,0.8718964,0.8048334
00047942.jpg,0.763427,0.5767982
00037429.jpg,0.6461338,0.5815426
00034237.jpg,0.64222395,0.5958746
00045399.jpg,0.7497911,0.7816058
00001990.jpg,0.9058542,0.873118
000000530999.jpg,0.7325939,0.6630435
00035005.jpg,0.8417715,0.9063186
00031333.jpg,0.75900733,0.8063324
00027411.jpg,0.8011718,0.8773904
000000515695.jpg,0.8081113,0.6636364
00028725.jpg,0.76866794,0.6828916
00048295.jpg,0.74044484,0.7535114
00017723.jpg,0.7980503,0.8657202
00005173.jpg,0.75337166,0.7758922
n07806221_25360.jpg,0.75524735,0.8352941
00056266.jpg,0.7664411,0.7241414
00028638.jpg,0.6868843,0.7767088
00017808.jpg,0.7588087,0.6789238
n09468604_22268.jpg,0.5213343,0.35789475
00043868.jpg,0.6249728,0.6373426
00056360.jpg,0.7806933,0.7976578
00016524.jpg,0.72805226,0.7609152
00027128.jpg,0.8243773,0.9553094
00015238.jpg,0.8781867,0.801888
00014835.jpg,0.84084123,0.8383496
000000335451.jpg,0.7381613,0.7614679
00052670.jpg,0.7813174,0.7346286
00034036.jpg,0.6515013,0.6511166
00015892.jpg,0.7992056,0.7968476
00011822.jpg,0.69349045,0.718878
00044067.jpg,0.64391613,0.7335898
00005379.jpg,0.9417701,0.9293654
00034485.jpg,0.7233833,0.761053
00009276.jpg,0.7540481,0.7703676
00020694.jpg,0.672701,0.7157224
00037721.jpg,0.61825764,0.6790862
00036020.jpg,0.73447406,0.7836186
00031593.jpg,0.7949323,0.7180588
00037385.jpg,0.68689334,0.756025
00047357.jpg,0.6550653,0.686877
00023355.jpg,0.6332139,0.661219
00011972.jpg,0.77941674,0.8013284
00019711.jpg,0.62524676,0.6889652
00032036.jpg,0.7958575,0.8381918
00041707.jpg,0.842243,0.8474828
00039543.jpg,0.7876473,0.6376462
n09421951_16577.jpg,0.6054523,0.8055556
00007594.jpg,0.9280735,0.8388394
00006106.jpg,0.75261307,0.741462
00005902.jpg,0.7628351,0.8262562
00050948.jpg,0.7975835,0.8237642
00038153.jpg,0.66058624,0.6494764
00002460.jpg,0.779063,0.786613
c5f449be9bb8a291.jpg,0.7552957,0.8333333
00022814.jpg,0.5231286,0.604859
00014511.jpg,0.72489977,0.6693162
00007869.jpg,0.84314877,0.752838
n09415671_4557.jpg,0.5592302,0.40860215
00046802.jpg,0.6071962,0.6996696
00033498.jpg,0.88448834,0.9227298
00054395.jpg,0.6863348,0.6965102
00003593.jpg,0.74715835,0.5422138
00019766.jpg,0.79907984,0.7566128
00041150.jpg,0.7014005,0.7163224
00014365.jpg,0.76306415,0.9294236
00045178.jpg,0.7573103,0.7053294
00055571.jpg,0.7433957,0.7437278
00011470.jpg,0.5817492,0.5212284
00047682.jpg,0.770154,0.870081
00045940.jpg,0.7210919,0.5395512
00047821.jpg,0.7816226,0.8545594
00044808.jpg,0.6796607,0.644188
00041283.jpg,0.6489153,0.6020562
n02834778_9101.jpg,0.7579937,0.8043478
00055906.jpg,0.68105876,0.7894248
00045023.jpg,0.68558747,0.8380206
n07680932_28998.jpg,0.87209606,0.86170214
00018594.jpg,0.71612984,0.8105484
00038427.jpg,0.6387032,0.7045862
00056833.jpg,0.820401,0.8160138
00016671.jpg,0.8312164,0.831841
n02389026_1198.jpg,0.8564155,0.7244898
00030361.jpg,0.74875325,0.7302476
00007149.jpg,0.8424306,0.8717306
00020231.jpg,0.72249615,0.7409138
00057532.jpg,0.5810498,0.637463
00045862.jpg,0.63950145,0.6535468
00039578.jpg,0.75071454,0.72319
00046176.jpg,0.81267667,0.8382706
00005561.jpg,0.8073123,0.865486
00025705.jpg,0.6658823,0.722774
00010150.jpg,0.6439184,0.6322192
00053793.jpg,0.73422074,0.6264882
00006705.jpg,0.7882525,0.8392318
sun_amplwdrwrticntps.jpg,0.67163634,0.65486723
00056107.jpg,0.70806986,0.5991408
00026952.jpg,0.83172154,0.9027324
00022389.jpg,0.8593602,0.8358596
00050083.jpg,0.8243634,0.9138462
00049718.jpg,0.6445116,0.5760002
00032797.jpg,0.80199224,0.7729764
00052591.jpg,0.77890193,0.7597742
00005291.jpg,0.5750403,0.6426794
00021868.jpg,0.71056056,0.6827812
00048963.jpg,0.71893054,0.8910108
00021150.jpg,0.8435475,0.825618
00042585.jpg,0.7645119,0.8340936
00056655.jpg,0.7275295,0.7232498
00010199.jpg,0.8829789,0.9021272
n04610013_5951.jpg,0.68890744,0.64044946
00017945.jpg,0.824807,0.8750954
00010206.jpg,0.738926,0.760579
00006571.jpg,0.74856067,0.7324176
00014387.jpg,0.7216945,0.686206
0ce0499b7f00cb0e.jpg,0.6351999,0.5119048
00004031.jpg,0.811191,0.899553
00016325.jpg,0.8264599,0.791005
000000196839.jpg,0.69178665,0.61403507
000000181481.jpg,0.6676301,0.37931034
00040849.jpg,0.61246073,0.5917226
00035242.jpg,0.7754563,0.6268168
00058441.jpg,0.8577986,0.8857082
00036319.jpg,0.68242943,0.7008424
00029556.jpg,0.6467613,0.64482
00050880.jpg,0.5909511,0.6214672
00018917.jpg,0.8271603,0.906885
00036010.jpg,0.7870008,0.854553
00040901.jpg,0.77271473,0.8223038
00047013.jpg,0.77853084,0.8789158
00017796.jpg,0.85966575,0.8844878
00054349.jpg,0.8704043,0.9636422
00020674.jpg,0.7172903,0.6667102
00016806.jpg,0.8491042,0.7570226
00009231.jpg,0.8232592,0.8527606
00029193.jpg,0.7930603,0.7921646
00018146.jpg,0.6172629,0.585068
00031629.jpg,0.86300516,0.940828
00049604.jpg,0.76290375,0.8270092
n02932891_20843.jpg,0.72274375,0.70434785
00052100.jpg,0.52603185,0.5052506
00037058.jpg,0.71385145,0.711587
00054071.jpg,0.7747447,0.783612
00001519.jpg,0.80389214,0.9477274
00045881.jpg,0.777442,0.790746
000000080096.jpg,0.7891741,0.8543689
00012396.jpg,0.7140856,0.8106558
00049052.jpg,0.69973737,0.7008646
00018734.jpg,0.7127472,0.7642348
000000094444.jpg,0.79082483,0.7714286
00029292.jpg,0.8170712,0.8100592
00054360.jpg,0.686305,0.7454418
000000243127.jpg,0.7841356,0.8924731
00013184.jpg,0.80395466,0.8435382
00050332.jpg,0.7387483,0.691246
000000250639.jpg,0.749391,0.83157897
00032411.jpg,0.689133,0.7572498
00057724.jpg,0.8876034,0.8653712
000000027482.jpg,0.8352777,0.83928573
00032153.jpg,0.73530865,0.7866366
00000588.jpg,0.61413956,0.5249352
00056363.jpg,0.9014876,0.8671622
n02132136_7468.jpg,0.84486854,0.84347826
00026386.jpg,0.7004976,0.8581684
00014027.jpg,0.6483352,0.646266
00041451.jpg,0.7801392,0.765217
n01793435_9649.jpg,0.79451704,0.74390244
n09468604_57462.jpg,0.55149055,0.5445545
00055110.jpg,0.6258917,0.5948882
00015010.jpg,0.69899166,0.7308276
00030122.jpg,0.80022526,0.7482886
000000395140.jpg,0.73424053,0.7326733
00001204.jpg,0.80138725,0.8440962
00042699.jpg,0.6792131,0.674797
00026624.jpg,0.7088559,0.6809288
00041657.jpg,0.82431316,0.8020284
00043768.jpg,0.72607356,0.7200554
00042302.jpg,0.79027593,0.8218106
n02355227_2615.jpg,0.76363975,0.86238533
n03790512_1777.jpg,0.7671571,0.8023256
n07574602_28789.jpg,0.76221,0.85046726
00049082.jpg,0.75130224,0.8640948
00052302.jpg,0.63890755,0.7997872
00006876.jpg,0.82146764,0.9116298
00054973.jpg,0.8349767,0.9286866
00017242.jpg,0.7261367,0.678268
00014230.jpg,0.7426808,0.8145424
c31e9f72ae2b7202.jpg,0.49433672,0.6185567
00019669.jpg,0.7259534,0.7726432
00009065.jpg,0.5838901,0.5833438
00011614.jpg,0.676243,0.647202
6c18b3182a012e30.jpg,0.78125024,0.79569894
00004071.jpg,0.7948788,0.7930228
sun_aqydmedkuzlsybwd.jpg,0.6284523,0.68686867
00027431.jpg,0.86130035,0.888139
n03384352_3472.jpg,0.627256,0.7826087
00034282.jpg,0.6723702,0.6093752
00006757.jpg,0.80530334,0.9492958
00026742.jpg,0.782573,0.850127
00030608.jpg,0.752622,0.7582774
00009181.jpg,0.67728734,0.8056816
00009172.jpg,0.7143378,0.572179
00007656.jpg,0.5971588,0.6437358
00038673.jpg,0.8350198,0.847026
00016333.jpg,0.85412335,0.9611598
00044481.jpg,0.7491195,0.8102196
00038665.jpg,0.6882817,0.6673744
00024127.jpg,0.68924,0.759572
00001946.jpg,0.8140853,0.8424154
00045530.jpg,0.69593775,0.7134182
00054010.jpg,0.7222001,0.783943
00022178.jpg,0.84515786,0.8302456
00058480.jpg,0.7668819,0.864614
00050584.jpg,0.9278147,0.953553
n01791625_3148.jpg,0.708628,0.622449
00014380.jpg,0.8421272,0.8693418
00016943.jpg,0.7925319,0.8581828
n04335435_13233.jpg,0.7485696,0.76744187
00028890.jpg,0.76296747,0.8395816
00041788.jpg,0.7967717,0.7431604
b473f6b302b8ece8.jpg,0.6232314,0.49484536
00055248.jpg,0.7164805,0.74053
00053129.jpg,0.8820219,0.8613638
000000331198.jpg,0.789676,0.9056604
00049348.jpg,0.7986771,0.9460998
00001097.jpg,0.8215393,0.7739848
00048393.jpg,0.788885,0.7540722
00041924.jpg,0.6952177,0.636465
00023964.jpg,0.8110341,0.8411836
00042136.jpg,0.74671304,0.6681462
00013763.jpg,0.8061348,0.8288492
00026917.jpg,0.5325666,0.4375994
00006101.jpg,0.8299568,0.8190346
00043808.jpg,0.7093151,0.6956344
00016617.jpg,0.71947736,0.8750726
00045330.jpg,0.7776066,0.5775954
00035154.jpg,0.6544909,0.4612378
00050365.jpg,0.7389212,0.6780704
00000769.jpg,0.7733246,0.7921158
00002538.jpg,0.8183746,0.8977374
00021060.jpg,0.8774457,0.8507672
00047380.jpg,0.75051165,0.9064902
00056985.jpg,0.7471065,0.7392126
n02946348_17390.jpg,0.6639379,0.6481481
00017836.jpg,0.55929077,0.692323
59346dfdc14f4b81.jpg,0.5640505,0.5670103
00030640.jpg,0.76011825,0.8741818
n07923748_25449.jpg,0.76383626,0.76666665
00027292.jpg,0.7791599,0.754534
n07680932_32177.jpg,0.8849901,0.9072165
00018898.jpg,0.6619113,0.7608344
00043756.jpg,0.8224707,0.8545642
00014258.jpg,0.8411498,0.9482796
00015860.jpg,0.89374965,0.8922638
00056900.jpg,0.82461107,0.8059982
00016356.jpg,0.70548856,0.6684336
n07697537_33979.jpg,0.8706596,0.90756303
00051817.jpg,0.77952254,0.7438472
00046219.jpg,0.81272066,0.6226816
00004926.jpg,0.718725,0.7684456
00017474.jpg,0.86056584,0.9172026
00045102.jpg,0.65998584,0.7235712
00019877.jpg,0.8479548,0.9016452
00027067.jpg,0.712754,0.5267048
00005488.jpg,0.59684294,0.5152628
00043446.jpg,0.79213154,0.6920666
00022804.jpg,0.6882754,0.7911214
00036915.jpg,0.6593293,0.7632476
00036626.jpg,0.65708643,0.5352998
00026811.jpg,0.8280792,0.8528526
00007254.jpg,0.8463845,0.9217222
00050144.jpg,0.7083564,0.876227
00047204.jpg,0.67435646,0.6146008
00000938.jpg,0.6676643,0.6452634
n07594066_4094.jpg,0.84484065,0.8962264
00010323.jpg,0.60240465,0.4690906
00007084.jpg,0.823197,0.8364872
n04610013_21208.jpg,0.6842498,0.75
00054406.jpg,0.6570649,0.7410526
00033284.jpg,0.75362563,0.8865742
00036102.jpg,0.57034415,0.4315762
00003938.jpg,0.60674965,0.483255
00050390.jpg,0.77653676,0.8577278
00029964.jpg,0.912838,0.8404756
00031171.jpg,0.7734674,0.7774218
00039604.jpg,0.5769856,0.5953458
00020177.jpg,0.77616405,0.8513796
00005993.jpg,0.8209712,0.808042
00009255.jpg,0.58377314,0.5027584
00025753.jpg,0.8645183,0.790295
00053550.jpg,0.8237047,0.7959222
00007180.jpg,0.5728589,0.462308
00022889.jpg,0.66701007,0.6700314
00026697.jpg,0.90483886,0.9331392
00040273.jpg,0.68878114,0.5700338
00035832.jpg,0.65238225,0.7888262
n00464894_13676.jpg,0.77408385,0.86
00039385.jpg,0.7403435,0.794675
00041446.jpg,0.7151519,0.7736554
00016229.jpg,0.71648216,0.7852194
00011270.jpg,0.8083922,0.9120092
00016305.jpg,0.80817366,0.5412598
00004636.jpg,0.5604741,0.5570578
n02129165_15462.jpg,0.80890214,0.8961039
00022090.jpg,0.7087451,0.7738152
00034351.jpg,0.62971926,0.5586848
00016545.jpg,0.7503836,0.6961926
00025903.jpg,0.8937548,0.9177878
00055675.jpg,0.84985954,0.9221612
00016514.jpg,0.8826771,0.9195666
00002094.jpg,0.7898565,0.904852
00027483.jpg,0.86916566,0.778306
00042672.jpg,0.735232,0.892835
42c36ba3ef87c91f.jpg,0.90700436,0.8596491
94cb6dc3b5293417.jpg,0.5693864,0.5049505
00032088.jpg,0.86386377,0.8261894
00056988.jpg,0.65800786,0.733887
bdeddf90d587c363.jpg,0.63286924,0.72727275
00011766.jpg,0.5472176,0.4956278
00023597.jpg,0.88223106,0.8047424
00040775.jpg,0.68784785,0.4910308
00055633.jpg,0.6559188,0.7719514
00021954.jpg,0.7292136,0.6870272
00024046.jpg,0.7742527,0.7069932
00029308.jpg,0.76223236,0.7873864
00013353.jpg,0.69958425,0.6655164
n03670208_25070.jpg,0.7721236,0.94186044
00054758.jpg,0.8070121,0.8154576
00009812.jpg,0.7835449,0.844923
00046167.jpg,0.65839183,0.6058588
000000244635.jpg,0.7566408,0.7407407
00014188.jpg,0.76043785,0.9047412
n02793495_7506.jpg,0.62623477,0.675
00038842.jpg,0.79014945,0.766112
00024438.jpg,0.7774147,0.8443294
000000176475.jpg,0.77998674,0.85858583
00019785.jpg,0.7886182,0.938149
00006752.jpg,0.6587116,0.7465634
00012633.jpg,0.7439647,0.652139
n02324045_7370.jpg,0.827086,0.7676768
00050709.jpg,0.8558918,0.8436866
00032769.jpg,0.696936,0.7800346
00014026.jpg,0.76701677,0.7229592
00052104.jpg,0.65929604,0.7182442
000000446094.jpg,0.75427675,0.7244898
00017815.jpg,0.8442445,0.9175356
00049696.jpg,0.89033043,0.8661996
00055528.jpg,0.85698617,0.7967576
00013856.jpg,0.7583997,0.8743236
00058376.jpg,0.71764904,0.725679
000000561014.jpg,0.7716685,0.79347825
00051856.jpg,0.7004509,0.784732
00035576.jpg,0.52562684,0.590489
n02924116_6042.jpg,0.8264663,0.815534
n07583197_13.jpg,0.84232855,0.8877551
00046555.jpg,0.698279,0.7059494
00039621.jpg,0.6972554,0.5281896
00028704.jpg,0.81458354,0.9443382
00039698.jpg,0.7310341,0.806549
00036464.jpg,0.6895875,0.725237
n07690273_21379.jpg,0.8430548,0.94495416
00009849.jpg,0.72779673,0.7006458
00004844.jpg,0.666809,0.6430102
00057224.jpg,0.81641966,0.7673094
n03670208_13910.jpg,0.8406949,0.8876405
00039116.jpg,0.7923655,0.9021932
00023308.jpg,0.68863976,0.6379658
00046094.jpg,0.7469418,0.7965762
00030807.jpg,0.9080116,0.8161848
00019629.jpg,0.9060319,0.9420392
00002675.jpg,0.7441135,0.7989162
00026689.jpg,0.73902214,0.816312
00032348.jpg,0.85873973,0.8893026
00035709.jpg,0.6932647,0.5889902
00050369.jpg,0.5315888,0.5925514
000000086210.jpg,0.64362955,0.6344086
00014650.jpg,0.89774734,0.8066064
00034417.jpg,0.6779218,0.6569482
00051220.jpg,0.8287989,0.7848062
00031783.jpg,0.73221964,0.768218
00036354.jpg,0.6686295,0.6927766
00051739.jpg,0.6213459,0.6789046
00040368.jpg,0.7661566,0.7698604
00039541.jpg,0.76716065,0.654947
00012775.jpg,0.7767642,0.845494
n02355227_11977.jpg,0.8878323,0.8952381
00017944.jpg,0.75474524,0.8545652
00014048.jpg,0.66856843,0.7178072
00002111.jpg,0.8483313,0.681854
00050141.jpg,0.7897086,0.7344612
00046360.jpg,0.6865258,0.661919
00050289.jpg,0.8470557,0.9131228
00031983.jpg,0.749998,0.785921
00046469.jpg,0.76615804,0.7241982
00041623.jpg,0.5963723,0.4955776
00020430.jpg,0.74788165,0.7576998
00025898.jpg,0.73952276,0.7083742
00045584.jpg,0.6101609,0.6090198
00055911.jpg,0.659662,0.6919126
00004324.jpg,0.6989718,0.767195
00051485.jpg,0.7560984,0.7461382
00008761.jpg,0.8034612,0.8985934
000000493209.jpg,0.7510699,0.8557692
00020957.jpg,0.77109236,0.841891
00041595.jpg,0.7526922,0.7054792
00052647.jpg,0.8182089,0.8985346
00057914.jpg,0.83272046,0.9160376
00039957.jpg,0.74514705,0.6621484
00002587.jpg,0.8016094,0.8225408
n09393605_45426.jpg,0.6426573,0.6226415
00011939.jpg,0.7977423,0.6744704
00022903.jpg,0.76042306,0.7559114
00046754.jpg,0.7628196,0.6766416
00017327.jpg,0.86373436,0.7511024
00053358.jpg,0.8192704,0.8665838
00003775.jpg,0.67811203,0.6457566
00014198.jpg,0.8597224,0.8001662
00011551.jpg,0.76459366,0.7449376
00007511.jpg,0.76069826,0.6827488
00048888.jpg,0.86442244,0.8629436
00020955.jpg,0.7309586,0.6898868
00057657.jpg,0.7104072,0.7601312
00015016.jpg,0.7026071,0.6657028
n07717556_1787.jpg,0.91889906,0.7876106
n07753592_2002.jpg,0.8815311,0.853211
00046403.jpg,0.6869883,0.7971582
00039657.jpg,0.7656548,0.8262122
00043222.jpg,0.7715585,0.7850904
00001008.jpg,0.91915077,0.9686178
n07717556_4175.jpg,0.9193585,0.8469388
00009062.jpg,0.83924294,0.8980202
00025422.jpg,0.7864281,0.8513508
00052960.jpg,0.61835945,0.5726276
00028581.jpg,0.79527843,0.9107178
n04461696_3523.jpg,0.7450765,0.7924528
00003901.jpg,0.6741873,0.7344664
00027885.jpg,0.89369595,0.709843
000000411669.jpg,0.7864835,0.8712871
n04166281_4975.jpg,0.7526268,0.875
000000451559.jpg,0.7317189,0.73493975
00022285.jpg,0.7530816,0.8389082
n07911677_15320.jpg,0.84755254,0.8240741
00021984.jpg,0.6636914,0.7544174
00015869.jpg,0.7407353,0.7051912
00014336.jpg,0.7249323,0.7605914
00033971.jpg,0.666973,0.6972932
00020676.jpg,0.82209605,0.7967284
n07806221_33514.jpg,0.73601496,0.73214287
00048943.jpg,0.5926541,0.4845234
00012383.jpg,0.6896051,0.7268376
00045465.jpg,0.73514277,0.7850378
00023198.jpg,0.7937693,0.7912166
00052750.jpg,0.60798347,0.5660534
00057789.jpg,0.80626965,0.8743344
00032958.jpg,0.7212974,0.718184
00007323.jpg,0.88528144,0.9406696
00055670.jpg,0.81843424,0.8413512
00010930.jpg,0.6850655,0.7578502
00034468.jpg,0.7861083,0.9247574
00002339.jpg,0.71727514,0.8591642
n01846331_7096.jpg,0.75640947,0.88
n09288635_13440.jpg,0.5682653,0.5566038
00036718.jpg,0.74195004,0.8302044
00029038.jpg,0.792516,0.645645
00049920.jpg,0.7776434,0.8837016
00019999.jpg,0.6405409,0.830282
00023687.jpg,0.66279,0.5428306
n00440941_9647.jpg,0.64728105,0.64044946
n02332755_698.jpg,0.84933203,0.83516484
00018663.jpg,0.7836212,0.7562722
00020645.jpg,0.5363641,0.5016152
00036700.jpg,0.6048186,0.503741
00012265.jpg,0.6425613,0.615762
00053779.jpg,0.8012568,0.831031
00000587.jpg,0.8368951,0.7969188
00021637.jpg,0.8496759,0.8452672
00049980.jpg,0.8890704,0.7964178
00019503.jpg,0.77458435,0.8205048
00043604.jpg,0.78418344,0.8133266
00029548.jpg,0.6474398,0.4606438
00022751.jpg,0.82986605,0.8553652
00043668.jpg,0.8358106,0.9051938
00050296.jpg,0.78640217,0.9016374
00026737.jpg,0.83660865,0.6967966
00024712.jpg,0.8091961,0.7479234
00022100.jpg,0.51248926,0.438372
00023966.jpg,0.79863703,0.7979916
00022534.jpg,0.6772089,0.770083
00011503.jpg,0.7722603,0.8012602
00039668.jpg,0.6447063,0.7075758
00035678.jpg,0.63551265,0.543732
00027711.jpg,0.826816,0.7610318
00013724.jpg,0.5789333,0.5950098
000000079423.jpg,0.78546774,0.8468468
00013889.jpg,0.7644745,0.843492
n01811909_6448.jpg,0.79591393,0.8425926
00013374.jpg,0.77037466,0.7834334
00032715.jpg,0.783735,0.6891012
00014170.jpg,0.7494341,0.7492106
00048071.jpg,0.6865629,0.5957084
00051568.jpg,0.7492372,0.7692578
00007780.jpg,0.81385696,0.7825262
00021176.jpg,0.7048046,0.7830596
00005285.jpg,0.69685566,0.6724376
6a71ffc629306ddb.jpg,0.6106522,0.34
00037484.jpg,0.69795316,0.6551084
00054316.jpg,0.57752115,0.636203
00058044.jpg,0.83652544,0.7891316
n00445351_12544.jpg,0.78923994,0.7411765
00008806.jpg,0.6870819,0.7720378
00042578.jpg,0.5882418,0.5796718
00030240.jpg,0.7264706,0.5777554
00006902.jpg,0.75487727,0.8221046
000000497042.jpg,0.8304661,0.85087717
00039349.jpg,0.6703705,0.722258
00015050.jpg,0.76940775,0.7418986
00051928.jpg,0.7881208,0.904617
00024155.jpg,0.8672898,0.807225
00025654.jpg,0.7799696,0.7008256
00049449.jpg,0.79770374,0.827234
00044405.jpg,0.7524515,0.7470116
00020621.jpg,0.7773689,0.680102
00042586.jpg,0.7463679,0.691128
00017034.jpg,0.88305247,0.9258894
00017873.jpg,0.7174971,0.700968
00052137.jpg,0.81028,0.8524532
00016538.jpg,0.7958001,0.8123214
00034879.jpg,0.66465634,0.5831186
00006028.jpg,0.81545746,0.7477296
00055568.jpg,0.72969806,0.7577576
n02129165_20804.jpg,0.86808145,0.92523366
00049907.jpg,0.93963015,0.9220116
00035408.jpg,0.65003836,0.5017398
00002745.jpg,0.8161689,0.801503
000000321964.jpg,0.7511792,0.7446808
00002091.jpg,0.62118995,0.5100638
00037210.jpg,0.69323206,0.5287058
00000533.jpg,0.8208102,0.8286256
00013235.jpg,0.6650363,0.5910134
00058190.jpg,0.81204766,0.8736656
00031947.jpg,0.8983899,0.900834
n01514668_22000.jpg,0.79030085,0.8018868
00049722.jpg,0.60746896,0.5571558
00039478.jpg,0.70053786,0.7080098
000000183893.jpg,0.8238488,0.8425926
00014329.jpg,0.8770821,0.9493034
00041384.jpg,0.8399033,0.8144754
00010545.jpg,0.6909075,0.8146714
00037223.jpg,0.7352859,0.7483698
00047015.jpg,0.69953966,0.5765238
00052912.jpg,0.74621147,0.732149
00000699.jpg,0.84812605,0.890849
00010265.jpg,0.749641,0.7340516
00003675.jpg,0.5321379,0.4316686
n07753592_3854.jpg,0.99019635,0.92156863
00040659.jpg,0.7770755,0.6413788
00011735.jpg,0.7098791,0.741455
00047611.jpg,0.75864226,0.649604
00002052.jpg,0.69249225,0.7447088
00016334.jpg,0.84742534,0.915444
00029690.jpg,0.74609846,0.8448022
00020601.jpg,0.8478074,0.8846748
00003892.jpg,0.6945405,0.776507
00055297.jpg,0.82712436,0.8817628
00048463.jpg,0.8409861,0.9258836
00008018.jpg,0.7394849,0.8135826
00016919.jpg,0.7435321,0.8901006
00008305.jpg,0.836846,0.8494562
00044531.jpg,0.7962433,0.9334292
n02129165_10052.jpg,0.8388158,0.82568806
00020615.jpg,0.66022855,0.6738314
n09288635_23444.jpg,0.63989764,0.6666667
00054330.jpg,0.91027963,0.9688314
n04467665_2.jpg,0.6884244,0.6666667
n07880968_1873.jpg,0.8124629,0.7692308
00009320.jpg,0.7580545,0.7612992
00012070.jpg,0.63717407,0.5498242
00029281.jpg,0.8137431,0.81298
00006225.jpg,0.7815228,0.7036584
00028087.jpg,0.55679595,0.4949668
00007062.jpg,0.7033254,0.5177778
00019058.jpg,0.661622,0.629601
00056849.jpg,0.8481992,0.8453276
00049539.jpg,0.7848871,0.7439368
00019578.jpg,0.72192436,0.8427588
00050048.jpg,0.7323588,0.758099
00057432.jpg,0.80386746,0.8290234
00010610.jpg,0.6132783,0.5596538
00027593.jpg,0.66646457,0.5953418
00010717.jpg,0.83812225,0.822607
n04335435_21307.jpg,0.70695305,0.75652176
00004450.jpg,0.82405,0.8895702
000000511239.jpg,0.7359623,0.90909094
00058208.jpg,0.797282,0.86079
00045511.jpg,0.63355935,0.5714718
00043457.jpg,0.6639524,0.679401
00009169.jpg,0.6476131,0.7425588
00041732.jpg,0.7316539,0.4852802
00027465.jpg,0.8058286,0.6944378
00008401.jpg,0.5699942,0.6011692
00006794.jpg,0.8174088,0.8376236
00010532.jpg,0.9141542,0.8042482
00021014.jpg,0.6503436,0.731022
00024264.jpg,0.8636682,0.9387058
00035459.jpg,0.61334556,0.4896256
n02396427_4851.jpg,0.8119193,0.86915886
000000195300.jpg,0.7470015,0.8137255
000000533396.jpg,0.8224613,0.8651685
00005137.jpg,0.76955754,0.7269174
n07801091_66147.jpg,0.656392,0.49137932
00040754.jpg,0.7754592,0.714401
00050188.jpg,0.7138604,0.662281
00012726.jpg,0.55000716,0.6701414
00016519.jpg,0.773201,0.77082
00023898.jpg,0.7677696,0.7628008
00036872.jpg,0.59166193,0.4735846
00058438.jpg,0.7380087,0.7540608
00004724.jpg,0.5903969,0.5512088
00031867.jpg,0.82805365,0.8944768
00035020.jpg,0.7684977,0.7860416
00049861.jpg,0.8255261,0.7487802
00025367.jpg,0.83623904,0.8708242
00017707.jpg,0.6550101,0.8485664
0cb561aef1e16beb.jpg,0.7798647,0.63095236
000000160337.jpg,0.67098916,0.73195875
00023932.jpg,0.6314444,0.7140936
00005937.jpg,0.9122787,0.9073908
00007530.jpg,0.6573222,0.4052604
00032259.jpg,0.77249783,0.8017568
00045087.jpg,0.7774627,0.813052
00011251.jpg,0.63320315,0.5938946
00040517.jpg,0.7092215,0.6149176
00029244.jpg,0.635622,0.7818778
00031922.jpg,0.83145607,0.7926154
00044760.jpg,0.7399403,0.661187
00026583.jpg,0.7490927,0.6724668
00035715.jpg,0.7301022,0.7646358
00003787.jpg,0.66260797,0.6783782
00013789.jpg,0.7669099,0.7776048
00028059.jpg,0.8618235,0.8917794
00003028.jpg,0.7624917,0.7144324
00018479.jpg,0.82220674,0.867718
00014460.jpg,0.67671835,0.8138772
0e4f3a769aa251f7.jpg,0.8607555,0.875
00003323.jpg,0.80998373,0.8575902
00019670.jpg,0.8451817,0.8152962
00032465.jpg,0.7108325,0.5886612
6d72936470a2df28.jpg,0.7609897,0.85
00000074.jpg,0.8065363,0.799547
00012122.jpg,0.87386554,0.9415836
00037890.jpg,0.6318071,0.6028046
00035456.jpg,0.6852953,0.5829526
00018303.jpg,0.8128216,0.8548944
n03512147_4982.jpg,0.8270985,0.6732673
00050293.jpg,0.78267837,0.8857614
00055320.jpg,0.84138274,0.872063
00024505.jpg,0.6982287,0.7242758
00034754.jpg,0.58797276,0.5680382
000000412666.jpg,0.7623189,0.7920792
00045536.jpg,0.7717701,0.8949358
00025745.jpg,0.7470921,0.777087
00050833.jpg,0.5647116,0.5263286
00053631.jpg,0.6439136,0.6437748
00033855.jpg,0.61840177,0.5865382
n04467665_52409.jpg,0.7181691,0.8181818
00021242.jpg,0.8153219,0.8275684
00039261.jpg,0.7455671,0.6664574
000000240275.jpg,0.76363266,0.84158415
00031111.jpg,0.7974386,0.7369522
00006159.jpg,0.84226096,0.9241034
00042944.jpg,0.70572484,0.7355746
00033713.jpg,0.6898757,0.7482942
00053539.jpg,0.73562866,0.760369
00053701.jpg,0.6330178,0.5354064
n02946348_24721.jpg,0.8333032,0.85227275
00047957.jpg,0.98748505,0.94335
00026428.jpg,0.68447876,0.5418416
00013433.jpg,0.7136172,0.8971722
00023126.jpg,0.73193485,0.6353952
00011478.jpg,0.85013175,0.787543
00041619.jpg,0.6434822,0.7284532
00026520.jpg,0.75181746,0.662531
00032086.jpg,0.8986938,0.9627656
00051315.jpg,0.67117095,0.6651768
00017315.jpg,0.8705046,0.8416066
00026381.jpg,0.8309332,0.8488394
00034654.jpg,0.6990529,0.777654
00052401.jpg,0.7121549,0.7094618
00006589.jpg,0.745631,0.7935022
n07838073_18115.jpg,0.8889563,0.8347826
00014985.jpg,0.6233455,0.6507884
00054285.jpg,0.7698371,0.8897588
00038337.jpg,0.7204828,0.6493956
00004622.jpg,0.77531797,0.789713
00030678.jpg,0.65347683,0.5882978
n00480993_11643.jpg,0.7771054,0.8584906
00035311.jpg,0.7421342,0.6919178
00006061.jpg,0.7949781,0.7739688
00054991.jpg,0.7488681,0.7733444
00030727.jpg,0.5785818,0.5117854
00055029.jpg,0.8930863,0.8722684
00021745.jpg,0.8589933,0.931801
00021248.jpg,0.75273174,0.8766966
00051642.jpg,0.62565273,0.7717532
00033368.jpg,0.813108,0.8371014
00014172.jpg,0.7682904,0.8362242
00001720.jpg,0.8216949,0.8078142
00042406.jpg,0.79168344,0.7277208
00054625.jpg,0.6691078,0.6836914
00056848.jpg,0.9159736,0.8900838
00011793.jpg,0.7439619,0.8018448
00049258.jpg,0.73056376,0.6881646
00054783.jpg,0.8199067,0.8348816
00046723.jpg,0.8131844,0.9104754
00030617.jpg,0.73810554,0.6863088
n07801091_50877.jpg,0.5975028,0.4789916
00047300.jpg,0.70749843,0.6541838
00037714.jpg,0.6070448,0.520293
00033218.jpg,0.50255525,0.4442592
000000215062.jpg,0.7595966,0.8425926
00035157.jpg,0.65826726,0.6888878
n07693725_529.jpg,0.88661766,0.8487395
n09359803_31154.jpg,0.5852512,0.57391304
00042216.jpg,0.83555543,0.89915
00014304.jpg,0.86634076,0.9425226
00050347.jpg,0.903961,0.922995
00032060.jpg,0.6064522,0.5524238
00009975.jpg,0.7274188,0.7365446
cf92e6a36023169e.jpg,0.73977834,0.75213677
00035631.jpg,0.68572307,0.8150572
00018860.jpg,0.56552935,0.4043386
000000108470.jpg,0.7054713,0.7816092
00038728.jpg,0.58537865,0.5635152
00048628.jpg,0.7683544,0.8245864
00032848.jpg,0.75287426,0.7835218
5fe2bb05a90424f4.jpg,0.67812216,0.79611653
00000755.jpg,0.8153377,0.7172684
00015733.jpg,0.78548515,0.8268862
00046151.jpg,0.7198832,0.7376312
00046647.jpg,0.7222778,0.7043326
00033807.jpg,0.5851185,0.4428516
00008590.jpg,0.8006382,0.7422048
00016511.jpg,0.68740994,0.7858544
00044722.jpg,0.8148185,0.7401876
00005914.jpg,0.74170077,0.7514766
00053759.jpg,0.783973,0.8023354
00005817.jpg,0.744027,0.8103306
00006085.jpg,0.76496303,0.7713144
00002877.jpg,0.8478759,0.8515258
00052689.jpg,0.85336226,0.8511316
00019481.jpg,0.70643884,0.713344
00006039.jpg,0.6700964,0.7024426
00029202.jpg,0.7760261,0.7877324
00032005.jpg,0.6908763,0.6553558
00011736.jpg,0.61181515,0.7105612
sun_avswlmagvlcsnzrk.jpg,0.6053622,0.63529414
00003078.jpg,0.7948277,0.8251352
000000057185.jpg,0.7976039,0.7815126
00046993.jpg,0.70413125,0.7539914
00053801.jpg,0.789296,0.7814536
000000271689.jpg,0.745978,0.74
n07720875_5440.jpg,0.8678626,0.9117647
00025027.jpg,0.78428906,0.8053032
00012169.jpg,0.73766303,0.6551088
00052305.jpg,0.8082692,0.9594434
00023767.jpg,0.7419238,0.7564062
00057710.jpg,0.8025863,0.9108376
00004149.jpg,0.7523291,0.7919874
00048206.jpg,0.75094485,0.5709738
00050426.jpg,0.8260527,0.7117752
00028902.jpg,0.7968213,0.7475292
00024795.jpg,0.75357026,0.7700914
00018481.jpg,0.67466867,0.6217598
00055164.jpg,0.68570286,0.775415
00029447.jpg,0.8146495,0.865916
00058549.jpg,0.63491046,0.5859588
00051328.jpg,0.8628464,0.8971164
00007884.jpg,0.8776332,0.908949
n07696625_3225.jpg,0.80681807,0.84070796
00032954.jpg,0.7349044,0.6982978
00030732.jpg,0.76162857,0.7030022
00016582.jpg,0.592489,0.5207722
00014395.jpg,0.6860759,0.7007068
00042171.jpg,0.7783656,0.6582768
00038425.jpg,0.52576184,0.5286602
00029968.jpg,0.73434573,0.7541362
00040795.jpg,0.7175517,0.7547286
00044054.jpg,0.81803143,0.8761194
00023921.jpg,0.8438209,0.7983086
00046989.jpg,0.707903,0.7256486
00013072.jpg,0.9063494,0.918432
00052459.jpg,0.8212958,0.7926668
00020412.jpg,0.70834756,0.8128754
00057878.jpg,0.84517,0.886502
00043451.jpg,0.70555174,0.6591278
n02878222_8228.jpg,0.6477742,0.60240966
00025619.jpg,0.9422431,0.9372664
00042032.jpg,0.7076936,0.6310668
n07863374_16789.jpg,0.8251115,0.9117647
00027717.jpg,0.61542714,0.5284122
00017889.jpg,0.79317826,0.7133924
00035474.jpg,0.6356657,0.475238
00013088.jpg,0.89245963,0.9604658
00002210.jpg,0.733123,0.8267256
00004308.jpg,0.65203977,0.5848408
0d3119fe1227332d.jpg,0.79060495,0.8333333
00045169.jpg,0.7579466,0.5616946
f860bbcd7ad6bf8f.jpg,0.797626,0.8039216
00025449.jpg,0.5979022,0.6124664
00045180.jpg,0.669376,0.712294
00038718.jpg,0.563359,0.4677864
00016445.jpg,0.5650149,0.4936902
00054448.jpg,0.7694202,0.7868274
00041511.jpg,0.80581445,0.808179
00001723.jpg,0.7658372,0.605999
00011723.jpg,0.7446321,0.7926076
00015827.jpg,0.69018745,0.7555154
00000857.jpg,0.7639233,0.7860132
00036527.jpg,0.775657,0.774687
00047733.jpg,0.6608113,0.7407566
00012285.jpg,0.5000528,0.4164636
00015808.jpg,0.81295073,0.685455
000000396400.jpg,0.7226125,0.8039216
00055350.jpg,0.7987013,0.706266
00055818.jpg,0.8593732,0.865884
00020578.jpg,0.71192,0.8320572
00035382.jpg,0.649362,0.7587532
00002075.jpg,0.82329917,0.7428506
00049006.jpg,0.79126424,0.7479566
00001878.jpg,0.69189954,0.7846746
00017083.jpg,0.7396374,0.6528992
n04252077_762.jpg,0.61436415,0.5609756
00039784.jpg,0.7089602,0.8828198
00021496.jpg,0.80042994,0.6676864
1f92541b4f439e51.jpg,0.8366147,0.9375
00030229.jpg,0.7202288,0.8037312
00023067.jpg,0.688668,0.661909
00001186.jpg,0.7602416,0.7480552
00057819.jpg,0.8176048,0.8715576
n03790512_6472.jpg,0.7969121,0.7777778
00020973.jpg,0.78361404,0.7207952
00050750.jpg,0.7812341,0.7048592
00000209.jpg,0.83273435,0.8805214
00021297.jpg,0.7454704,0.7779944
00000482.jpg,0.8118222,0.923943
00054179.jpg,0.77136564,0.8284672
n02834778_6750.jpg,0.7910056,0.8240741
00026320.jpg,0.7635139,0.7434056
sun_btpaxygvjiqfrsvs.jpg,0.5783116,0.3611111
00025191.jpg,0.8384335,0.8250776
000000549182.jpg,0.7969536,0.86419755
00047196.jpg,0.77017695,0.7317302
00057951.jpg,0.7302082,0.6355864
000000278665.jpg,0.761115,0.6956522
n07801091_36388.jpg,0.55324227,0.559633
n09288635_1959.jpg,0.6464426,0.6666667
000000304833.jpg,0.7015945,0.74489796
00021750.jpg,0.6288932,0.6176734
00026767.jpg,0.69060075,0.6118304
00047242.jpg,0.813949,0.8681648
00012806.jpg,0.5279734,0.5655288
00029992.jpg,0.8122952,0.9701726
00007750.jpg,0.76812965,0.859574
00006118.jpg,0.78383064,0.8465558
00016578.jpg,0.7003145,0.673453
n07574602_26972.jpg,0.8296728,0.8736842
00022958.jpg,0.7028724,0.6555724
00050536.jpg,0.79389226,0.8489172
00001905.jpg,0.7722125,0.8603062
00047076.jpg,0.78467053,0.8783578
00039905.jpg,0.7987511,0.607845
00051895.jpg,0.8471685,0.8346646
00016063.jpg,0.818044,0.7863984
n09288635_9839.jpg,0.73744065,0.7196262
00016304.jpg,0.8494115,0.7523298
n03384352_6548.jpg,0.66822076,0.79569894
00014683.jpg,0.5666934,0.5849752
00048555.jpg,0.79855067,0.751445
00005189.jpg,0.62970185,0.5787006
00056763.jpg,0.74570096,0.7119314
00014098.jpg,0.5329045,0.6629886
00051419.jpg,0.8232543,0.8913106
00029245.jpg,0.8106516,0.881211
00001927.jpg,0.7175204,0.6781508
00047773.jpg,0.7089198,0.7329078
00043989.jpg,0.612284,0.5992782
000000067823.jpg,0.8286841,0.6818182
00013246.jpg,0.64483345,0.7302684
00033541.jpg,0.8148938,0.8313244
00048564.jpg,0.7724797,0.825024
00018286.jpg,0.6387005,0.552135
00041191.jpg,0.82914096,0.9102046
00028206.jpg,0.67507994,0.7983492
00021187.jpg,0.7014022,0.7247076
00019270.jpg,0.62149525,0.6200174
00047655.jpg,0.7164395,0.750504
00003272.jpg,0.7971616,0.7796002
00006372.jpg,0.8087517,0.7923064
n07753592_1917.jpg,0.9377204,0.9489796
00018930.jpg,0.7186082,0.8417384
00031431.jpg,0.6509817,0.6290946
00047720.jpg,0.7204963,0.6793574
00041422.jpg,0.66220355,0.7579636
00038536.jpg,0.7474625,0.8863538
00034083.jpg,0.6934155,0.7145876
00034081.jpg,0.69273746,0.733738
00014647.jpg,0.65754044,0.5978958
00000579.jpg,0.6658515,0.6516368
00018115.jpg,0.82336116,0.8287028
00025038.jpg,0.75569415,0.8907372
00036021.jpg,0.610536,0.6357692
36963c8e1dee2486.jpg,0.77266514,0.83157897
00054722.jpg,0.8334099,0.8963014
00006038.jpg,0.7557299,0.8379204
00026065.jpg,0.7513375,0.7248326
000000034372.jpg,0.7373937,0.65217394
00020755.jpg,0.52692217,0.5530446
00000571.jpg,0.7922635,0.7463662
00039893.jpg,0.7225145,0.7412758
n09288635_13593.jpg,0.68070126,0.70873785
000000211116.jpg,0.69055,0.70642203
00009804.jpg,0.64124733,0.5089034
00051620.jpg,0.6249783,0.7104368
00025765.jpg,0.69429374,0.7593888
00010133.jpg,0.86899185,0.9545906
n07583197_16204.jpg,0.81717795,0.7522124
00005714.jpg,0.853112,0.7800192
00040230.jpg,0.7684615,0.7741918
00052037.jpg,0.7305101,0.6539946
00005615.jpg,0.8441655,0.8827134
00056257.jpg,0.76071405,0.775372
00034422.jpg,0.65153205,0.519481
00027732.jpg,0.8364817,0.6851844
00039940.jpg,0.755019,0.8238962
00001795.jpg,0.75292027,0.7296896
00041281.jpg,0.68061894,0.6738604
00028386.jpg,0.79384995,0.8656738
00007758.jpg,0.6909243,0.6165564
00034721.jpg,0.5026815,0.4876098
00011767.jpg,0.6559421,0.6856768
5c10d610aac84184.jpg,0.6893722,0.57281554
00038470.jpg,0.53939986,0.560644
00015635.jpg,0.6368372,0.6380188
00006918.jpg,0.75043654,0.7566006
00033241.jpg,0.7062385,0.774519
00029804.jpg,0.8882201,0.8262318
00049746.jpg,0.83593476,0.8705112
00016889.jpg,0.77373827,0.8002794
n02450034_14659.jpg,0.7672163,0.8019802
00050944.jpg,0.85384786,0.841404
00040229.jpg,0.76061946,0.7147498
00055544.jpg,0.69716954,0.6573276
00020494.jpg,0.75627357,0.8282848
00011401.jpg,0.7643885,0.8114198
00025124.jpg,0.82488286,0.8977732
00051110.jpg,0.69684255,0.7549606
00005918.jpg,0.839352,0.78268
00009857.jpg,0.81717676,0.8203688
00036214.jpg,0.6529665,0.850712
00022130.jpg,0.768178,0.7199108
00044085.jpg,0.7089453,0.6292446
00040439.jpg,0.6189562,0.6776676
00036690.jpg,0.6686652,0.5773826
00043259.jpg,0.6816952,0.7930718
sun_acfbqplfoqfohnbj.jpg,0.54455364,0.5436893
n07753592_11789.jpg,0.9225714,0.9489796
000000302964.jpg,0.68025106,0.5652174
00047802.jpg,0.689427,0.6637854
00009756.jpg,0.8384073,0.8768
00017793.jpg,0.6245825,0.7118178
00021483.jpg,0.7611537,0.7752116
00041000.jpg,0.7607951,0.8170298
00026628.jpg,0.8027439,0.7776252
00054658.jpg,0.78683174,0.7541388
00008804.jpg,0.9081664,0.8167124
00026533.jpg,0.7577189,0.7123964
3621d630ce4d726b.jpg,0.74991566,0.74725276
00034456.jpg,0.66351104,0.6798416
00057689.jpg,0.75554895,0.7979
00019540.jpg,0.57941616,0.5314608
00027423.jpg,0.78894377,0.8607472
00058622.jpg,0.66871816,0.722762
00055986.jpg,0.6512457,0.5420546
75aeedaabc305bdd.jpg,0.7945006,0.85714287
00002542.jpg,0.7774867,0.8823178
7c2a6958d5f04db7.jpg,0.5702357,0.45794392
00021897.jpg,0.75307745,0.8685496
00002467.jpg,0.82423645,0.8722292
00039947.jpg,0.67435646,0.6500148
00040189.jpg,0.5899098,0.661009
00056382.jpg,0.7970144,0.8763116
00055879.jpg,0.76883507,0.8064054
00045260.jpg,0.74366844,0.7785294
00024718.jpg,0.6090494,0.5700894
00019611.jpg,0.7001451,0.7794646
00038344.jpg,0.66850436,0.6841268
00040451.jpg,0.6715781,0.7119518
58d3cc60b1415406.jpg,0.7365664,0.6213592
n07911677_374.jpg,0.84654653,0.9
00045115.jpg,0.8750451,0.9148856
00038783.jpg,0.63360494,0.7392688
00009424.jpg,0.89318323,0.8807508
00048921.jpg,0.7325154,0.6235278
n07933274_30326.jpg,0.7846678,0.77272725
00056273.jpg,0.79977363,0.7249068
00042756.jpg,0.67721623,0.666409
00019115.jpg,0.69095874,0.7760388
00058181.jpg,0.9563094,0.876899
00021785.jpg,0.8503059,0.8688256
00010145.jpg,0.8163259,0.698941
00030109.jpg,0.76411825,0.8376792
00042437.jpg,0.67959535,0.6012736
00035290.jpg,0.6190853,0.6640212
00048273.jpg,0.7642473,0.7959696
00057206.jpg,0.6443716,0.6937596
00000210.jpg,0.745775,0.8219246
00037798.jpg,0.6333635,0.6309542
00028985.jpg,0.7975857,0.7700708
00026521.jpg,0.74419636,0.7992838
00057773.jpg,0.7355108,0.8004178
00029617.jpg,0.83699393,0.8655394
00011681.jpg,0.87405086,0.8534776
00009089.jpg,0.7830921,0.7983474
00001485.jpg,0.8346907,0.909972
n04467665_6365.jpg,0.7093872,0.75961536
00036624.jpg,0.596149,0.6701716
00038919.jpg,0.6978916,0.5831748
00052210.jpg,0.8344908,0.7905422
00001249.jpg,0.8700542,0.8987144
00021222.jpg,0.9099006,0.7773556
00001107.jpg,0.60218704,0.573611
00038994.jpg,0.8238579,0.8319882
00028015.jpg,0.7534672,0.8226568
00056215.jpg,0.7197417,0.7595988
00029457.jpg,0.7892788,0.8391302
n02129165_10937.jpg,0.8642236,0.82474226
00031627.jpg,0.7624333,0.8863188
00022324.jpg,0.83319235,0.8452528
00022469.jpg,0.76725364,0.6699048
000000555922.jpg,0.7531997,0.8214286
00017407.jpg,0.8038527,0.8470788
00025826.jpg,0.8306774,0.952529
935acb1cbbe1c4cc.jpg,0.7308062,0.78
00034618.jpg,0.7088342,0.611927
00055118.jpg,0.65890807,0.6233334
00016486.jpg,0.71925175,0.8417542
00051587.jpg,0.7650156,0.7386232
00053303.jpg,0.8157562,0.6912798
00021017.jpg,0.6786933,0.6083904
00025729.jpg,0.79499364,0.7534704
00014363.jpg,0.84266174,0.944597
00039165.jpg,0.7901251,0.8133904
00038275.jpg,0.7565756,0.8107438
sun_aqxqzdeqnlrkfuhn.jpg,0.47962347,0.54545456
00015747.jpg,0.79748046,0.8621428
00033182.jpg,0.68366927,0.6184866
00027761.jpg,0.70842993,0.518802
00008101.jpg,0.89038074,0.9552974
00041181.jpg,0.7444609,0.608097
00044801.jpg,0.7561046,0.8289368
00026832.jpg,0.75061786,0.7919956
00007408.jpg,0.7981329,0.7350942
00049592.jpg,0.64454657,0.6805324
00021448.jpg,0.6336626,0.6282116
00039235.jpg,0.6934838,0.6802046
00018711.jpg,0.72334063,0.7937542
00033113.jpg,0.8502464,0.9043192
00030927.jpg,0.75730056,0.7907192
n07583197_1429.jpg,0.8176456,0.8598131
00030858.jpg,0.7938635,0.7098042
n02450034_11358.jpg,0.79113936,0.84
00008911.jpg,0.72781014,0.7465188
00048468.jpg,0.69854325,0.660358
00016543.jpg,0.78785414,0.751717
00024794.jpg,0.6470116,0.6199628
00043536.jpg,0.72324514,0.8684994
00050802.jpg,0.7785678,0.8300872
00020658.jpg,0.7321518,0.7699112
00049691.jpg,0.62356055,0.6774252
00053722.jpg,0.88896394,0.933149
00009917.jpg,0.8990797,0.8702192
00011753.jpg,0.7216804,0.719186
84e3ccf7d57f3b99.jpg,0.75741994,0.68292683
00050878.jpg,0.8241731,0.8371578
00025938.jpg,0.8179211,0.837388
00012448.jpg,0.8277983,0.974043
3e5f7dc48d210ad0.jpg,0.7491529,0.9255319
00032254.jpg,0.7569383,0.754081
00012935.jpg,0.79394734,0.7815502
00055452.jpg,0.92840874,0.9888112
00000158.jpg,0.8592402,0.9190804
00020047.jpg,0.8066436,0.9378572
00007831.jpg,0.8589332,0.9234878
00006330.jpg,0.7213526,0.7310338
00033324.jpg,0.8795864,0.8420378
00013559.jpg,0.9670151,0.9849022
00039734.jpg,0.8068669,0.9080546
00011472.jpg,0.86811924,0.9324522
00040836.jpg,0.74074745,0.7463946
00018715.jpg,0.8875387,0.8462382
00015085.jpg,0.8785733,0.8847982
n01811909_13339.jpg,0.7554883,0.712963
00058704.jpg,0.76777333,0.783238
00047650.jpg,0.602454,0.6500882
00054765.jpg,0.7540632,0.800511
00042115.jpg,0.7122083,0.7935238
00027130.jpg,0.77842516,0.6441164
00030244.jpg,0.79184425,0.9468302
00033953.jpg,0.55845046,0.4645376
00005407.jpg,0.6773401,0.5963632
00041905.jpg,0.7576932,0.8470076
00045222.jpg,0.8132066,0.8737232
00017541.jpg,0.6207659,0.468772
00022551.jpg,0.6929057,0.8815666
00033653.jpg,0.6880477,0.6238128
sun_aypbpudtxzlyicjr.jpg,0.5777041,0.5777778
n09288635_13284.jpg,0.6549472,0.85882354
00009987.jpg,0.60404366,0.514455
00033539.jpg,0.8078297,0.6797186
00032560.jpg,0.768658,0.757551
00029849.jpg,0.7883884,0.8100922
00053673.jpg,0.72223425,0.7053662
n02129165_16644.jpg,0.80626756,0.76229507
00041925.jpg,0.7146687,0.7812868
00037258.jpg,0.63958836,0.6756494
000000240608.jpg,0.75222194,0.8877551
000000424572.jpg,0.84325635,0.7920792
00004507.jpg,0.7998797,0.789687
00041294.jpg,0.61489576,0.7765166
n03541923_2669.jpg,0.8416158,0.8613861
00048778.jpg,0.7516781,0.5369978
00055718.jpg,0.8671634,0.8487722
00042281.jpg,0.81191534,0.841414
0625a4ba200992e6.jpg,0.53055763,0.4574468
00011722.jpg,0.714678,0.643374
00041737.jpg,0.65122646,0.7505356
00002242.jpg,0.83417594,0.8544006
00039324.jpg,0.7219075,0.8167416
00016152.jpg,0.7553072,0.8160802
00046492.jpg,0.6990684,0.7089082
00028619.jpg,0.8394391,0.8795814
n07583197_17428.jpg,0.78811955,0.83146065
n04349306_1863.jpg,0.8051418,0.9263158
00020692.jpg,0.6979918,0.6644942
00028630.jpg,0.7792531,0.8523282
00049363.jpg,0.6858123,0.6606862
00027434.jpg,0.6476457,0.5349208
00046614.jpg,0.70021343,0.7480062
836d708f040594e8.jpg,0.70635974,0.8095238
00007454.jpg,0.72509843,0.8192856
00032293.jpg,0.6726594,0.6760536
00014001.jpg,0.83580583,0.8463862
00001157.jpg,0.63492113,0.6888292
00030577.jpg,0.7276027,0.844329
n01846331_14535.jpg,0.82796514,0.87777776
sun_anovysxiyidubdgs.jpg,0.68405324,0.5625
00033293.jpg,0.6636798,0.5918132
00045068.jpg,0.7228307,0.6670886
00020155.jpg,0.86592364,0.9015864
00006518.jpg,0.739764,0.743695
00041248.jpg,0.6747302,0.6582084
00049118.jpg,0.81736666,0.8640016
00009417.jpg,0.7755578,0.8373602
00021349.jpg,0.7881458,0.7847456
000000574747.jpg,0.8145657,0.7878788
00001959.jpg,0.7431373,0.7821176
00026532.jpg,0.766645,0.7323636
00034376.jpg,0.60226214,0.5346864
00034138.jpg,0.6553995,0.6384124
00056072.jpg,0.75091696,0.831716
00029241.jpg,0.66367626,0.5592542
00003529.jpg,0.8312605,0.8311936
00053661.jpg,0.73087955,0.7132106
00052576.jpg,0.62837917,0.7900862
00038695.jpg,0.6595902,0.7001068
00052853.jpg,0.8425336,0.9093248
00054734.jpg,0.80027807,0.840767
00054054.jpg,0.8270273,0.9681918
00023575.jpg,0.75289226,0.4860328
00045452.jpg,0.8365798,0.8516112
00010092.jpg,0.77679074,0.8487884
sun_awcujmqkhwsgmrma.jpg,0.6325346,0.5555556
00054662.jpg,0.86755896,0.862925
39b69baeb6d748b8.jpg,0.8101187,0.84090906
00046620.jpg,0.7790691,0.7732848
00006035.jpg,0.79962087,0.8534512
00035993.jpg,0.73507625,0.8812826
00004893.jpg,0.78769076,0.7596058
8bd2659c2ac5b9d5.jpg,0.6308826,0.65656567
00053142.jpg,0.7638062,0.755567
00051747.jpg,0.91448367,0.912548
00037456.jpg,0.6709151,0.4879472
00046399.jpg,0.68043274,0.5835174
00027429.jpg,0.7869095,0.6410278
00026210.jpg,0.6913855,0.7450786
00036260.jpg,0.7119138,0.663924
00054407.jpg,0.5210355,0.5465226
00047676.jpg,0.827982,0.9270342
00037658.jpg,0.63894665,0.5260094
00053020.jpg,0.80882585,0.889254
00020626.jpg,0.8651396,0.8666092
00058021.jpg,0.83496714,0.8046504
00030168.jpg,0.71839833,0.876341
00024973.jpg,0.6708255,0.5714234
00003781.jpg,0.85681224,0.8270106
00023479.jpg,0.7901691,0.8231562
00004044.jpg,0.8699301,0.8206148
00014592.jpg,0.59376097,0.662605
00035468.jpg,0.76926136,0.7805612
n04610013_19830.jpg,0.7176264,0.6451613
00041140.jpg,0.83897376,0.8742834
00033115.jpg,0.767583,0.7522416
00030423.jpg,0.8335319,0.7498244
00024864.jpg,0.80338836,0.8444886
00020514.jpg,0.8319332,0.8171184
00021558.jpg,0.5970909,0.4843734
00000103.jpg,0.9589484,0.9483948
00030840.jpg,0.6370107,0.6414748
00051475.jpg,0.7793213,0.8655218
00052174.jpg,0.9482044,0.9239182
00022431.jpg,0.80111736,0.8230522
00008288.jpg,0.7495775,0.6200594
00044828.jpg,0.78831244,0.8749984
00054083.jpg,0.8600733,0.903432
00016357.jpg,0.83643866,0.8278996
00025979.jpg,0.7198228,0.651695
00048783.jpg,0.6272481,0.6435958
00016416.jpg,0.78824747,0.8001768
00052696.jpg,0.8001556,0.7132106
n02430045_3429.jpg,0.76738745,0.6818182
00022083.jpg,0.715514,0.8161466
00002606.jpg,0.7036091,0.5265026
00020747.jpg,0.82044196,0.8478858
00021322.jpg,0.816777,0.8033398
000000418091.jpg,0.66459566,0.7037037
00034088.jpg,0.6204925,0.5282652
00003815.jpg,0.7566487,0.7950264
00002192.jpg,0.7007819,0.772409
00033929.jpg,0.7214013,0.825885
00031114.jpg,0.8493674,0.761973
00055307.jpg,0.78239197,0.7182326
n09308572_3638.jpg,0.69933087,0.6744186
00003037.jpg,0.7453863,0.7530628
000000236385.jpg,0.7384615,0.8125
00015047.jpg,0.85682017,0.82117
00018136.jpg,0.6845287,0.7286034
00019852.jpg,0.7069353,0.7091664
000000150181.jpg,0.6831654,0.592233
00053152.jpg,0.78502315,0.8496808
00051235.jpg,0.9088633,0.8453952
000000136542.jpg,0.8030641,0.75
00040582.jpg,0.7455139,0.738972
00014672.jpg,0.8251099,0.893681
000000288639.jpg,0.81820214,0.9285714
00052416.jpg,0.7700079,0.9491642
d30cf90f4d40cfcd.jpg,0.75614184,0.7478261
00057932.jpg,0.767961,0.7537376
00046484.jpg,0.7821549,0.8456842
n02793495_8093.jpg,0.68999517,0.7904762
00020948.jpg,0.7479965,0.8253732
00019609.jpg,0.8715448,0.9333604
2b6eb863d44d4527.jpg,0.65920866,0.5825243
n04461696_6319.jpg,0.70070934,0.7356322
n02878222_8171.jpg,0.7180327,0.76842105
00057618.jpg,0.61032945,0.6260428
000000064283.jpg,0.72489154,0.77678573
00021321.jpg,0.71138996,0.6734548
00007608.jpg,0.81149364,0.8283244
n07697537_4956.jpg,0.8673108,0.96
000000224874.jpg,0.72781634,0.7765958
00000310.jpg,0.7473676,0.7855804
00028000.jpg,0.8439295,0.9217578
00046109.jpg,0.710958,0.715955
00033862.jpg,0.738533,0.6956604
00032021.jpg,0.795517,0.7466666
00048550.jpg,0.713403,0.7531516
00034489.jpg,0.7080569,0.8288098
00004607.jpg,0.9054663,0.8983234
00057994.jpg,0.70735526,0.6231402
00050245.jpg,0.71195114,0.7792542
00003763.jpg,0.59099823,0.6062948
sun_ayyysrlyzcgxgato.jpg,0.70523727,0.3548387
00004632.jpg,0.68134725,0.748813
00040519.jpg,0.6327483,0.6601516
00012144.jpg,0.61463815,0.4668414
00027466.jpg,0.67025673,0.7955478
00032028.jpg,0.78459024,0.8037262
00050764.jpg,0.7560942,0.8175974
n00440941_4542.jpg,0.70373297,0.7816092
00003978.jpg,0.73352224,0.6532122
00052342.jpg,0.7907748,0.8088424
00035494.jpg,0.69228816,0.7874952
00038520.jpg,0.65015036,0.7021296
00042501.jpg,0.66397655,0.8629906
00026530.jpg,0.7570861,0.71964
00014352.jpg,0.77543414,0.8085398
00014859.jpg,0.6362322,0.5169278
00041082.jpg,0.7124956,0.6362414
00002219.jpg,0.6281105,0.638879
00016595.jpg,0.7030612,0.6933264
00002371.jpg,0.7258115,0.8377232
00049175.jpg,0.8141643,0.7440214
00009842.jpg,0.8409914,0.896516
00023867.jpg,0.743039,0.7136228
00023759.jpg,0.7844741,0.8585952
00055579.jpg,0.63233876,0.6284472
00044660.jpg,0.7406476,0.7307002
00038615.jpg,0.72058094,0.7818142
00014455.jpg,0.68564284,0.6355058
00030752.jpg,0.88104415,0.9645618
n04461696_544.jpg,0.81616014,0.8333333
00041432.jpg,0.71188045,0.587124
00034222.jpg,0.57628167,0.5796276
00028798.jpg,0.97988707,0.9229064
00056374.jpg,0.70215744,0.6027876
00050544.jpg,0.68772984,0.7586678
00058561.jpg,0.7696624,0.7707642
00010294.jpg,0.5617924,0.5728792
00036232.jpg,0.82174575,0.8950686
00042149.jpg,0.69459623,0.6655286
00034329.jpg,0.66969615,0.6826336
n04335435_2388.jpg,0.8321735,0.91358024
00050724.jpg,0.74124134,0.7666906
00051627.jpg,0.61368364,0.5912424
00024565.jpg,0.744148,0.525491
00022013.jpg,0.70517725,0.7786466
00010885.jpg,0.7604791,0.727668
00026383.jpg,0.87788194,0.8591994
00048271.jpg,0.69305265,0.5193946
n07893642_28638.jpg,0.813119,0.8811881
a8895e69efa2a435.jpg,0.8194497,0.61764705
00043031.jpg,0.6988827,0.7340002
00053100.jpg,0.6376012,0.7616858
00046763.jpg,0.74765503,0.6976142
00047941.jpg,0.685259,0.7201624
00019269.jpg,0.72868407,0.7618524
00035789.jpg,0.8040354,0.6871448
00006313.jpg,0.6316822,0.4756886
00002780.jpg,0.6098549,0.8076602
00023227.jpg,0.5734765,0.5668244
00036791.jpg,0.75368774,0.8488266
n00464894_9642.jpg,0.7564257,0.76744187
00040716.jpg,0.6791766,0.616263
00021804.jpg,0.8354269,0.8908148
00004898.jpg,0.7094743,0.6326164
00047147.jpg,0.8970206,0.8085168
00035912.jpg,0.59008896,0.5954346
00027772.jpg,0.76507664,0.8364218
00052957.jpg,0.5825959,0.6299568
00052465.jpg,0.6876115,0.5012196
00023547.jpg,0.8090763,0.8541666
000000474246.jpg,0.76701987,0.6875
00006212.jpg,0.694885,0.8194102
00030537.jpg,0.70505166,0.7830164
00044109.jpg,0.7790581,0.6706264
00056322.jpg,0.8215375,0.850247
000000207913.jpg,0.741653,0.85858583
00046371.jpg,0.7523328,0.7430736
00009226.jpg,0.721644,0.7786944
00026948.jpg,0.6059505,0.7364728
00051330.jpg,0.7267885,0.7740382
00020328.jpg,0.8965549,0.930943
00043120.jpg,0.7241661,0.7786796
00030439.jpg,0.55398965,0.6264428
00036183.jpg,0.6986203,0.688823
n02324045_5931.jpg,0.8399296,0.90697676
00007692.jpg,0.8144692,0.835349
00035430.jpg,0.6180813,0.6245056
00019623.jpg,0.7418348,0.8560098
sun_aruigsdszusgsffm.jpg,0.56043196,0.53409094
00028058.jpg,0.8991164,0.9348354
000000208825.jpg,0.8327502,0.79569894
n07929519_33136.jpg,0.797028,0.6938776
00056452.jpg,0.71843183,0.6991106
15268687891e8808.jpg,0.63134074,0.68085104
00019627.jpg,0.76113826,0.7883926
00051286.jpg,0.81036615,0.9405934
d5d2bfbf1d397b5b.jpg,0.6959469,0.7407407
00020267.jpg,0.7202116,0.80125
00048297.jpg,0.831315,0.9435888
00038000.jpg,0.597535,0.4847622
00039720.jpg,0.71188617,0.737736
00031005.jpg,0.85822445,0.8234436
00038681.jpg,0.7205094,0.766335
00019064.jpg,0.70504713,0.8264162
n07806221_24525.jpg,0.79453135,0.8119658
00047463.jpg,0.710693,0.670496
00019593.jpg,0.7632226,0.8720818
00018027.jpg,0.9843277,0.9520916
00039143.jpg,0.77031165,0.797975
6142922d5809e5de.jpg,0.7073624,0.7105263
sun_akihhfvylreuhukq.jpg,0.6248138,0.5252525
00009618.jpg,0.8099357,0.7373586
00019742.jpg,0.78206366,0.71607
n01846331_17740.jpg,0.7654285,0.73
n07863374_18396.jpg,0.78691804,0.8125
n03512147_853.jpg,0.7423522,0.8272727
00044246.jpg,0.7701782,0.888326
00000513.jpg,0.76758194,0.6866718
00045450.jpg,0.83382523,0.8992744
00013261.jpg,0.752971,0.713508
00042333.jpg,0.76164806,0.715828
00048313.jpg,0.8563304,0.7831902
00049312.jpg,0.657869,0.6686576
00019662.jpg,0.72388875,0.7043736
00020496.jpg,0.84496546,0.9522442
00033040.jpg,0.82703996,0.77778
n07583197_6997.jpg,0.84196657,0.76842105
00021364.jpg,0.63609076,0.603461
000000061502.jpg,0.8110386,0.9183673
00004473.jpg,0.8287113,0.8579236
00035698.jpg,0.6590026,0.730991
00035918.jpg,0.65735686,0.6158184
000000359857.jpg,0.6678018,0.622449
00041703.jpg,0.6974369,0.6891626
00038742.jpg,0.7134838,0.7838142
00053601.jpg,0.7407938,0.6346038
00023135.jpg,0.6749706,0.7824558
00001916.jpg,0.7849225,0.837674
000000046038.jpg,0.7518264,0.7708333
00014999.jpg,0.8235817,0.7814606
00044285.jpg,0.7698401,0.879771
00014722.jpg,0.6987879,0.7712144
00045955.jpg,0.7886596,0.7631362
00048198.jpg,0.7226918,0.593446
00009044.jpg,0.6483886,0.6676008
00005590.jpg,0.7337372,0.7822668
00026586.jpg,0.8506255,0.9130316
00025220.jpg,0.79752195,0.8079098
00008456.jpg,0.89671,0.8825806
00041729.jpg,0.82817006,0.7266128
00046748.jpg,0.67224616,0.8444412
00037205.jpg,0.70359814,0.4889418
00050534.jpg,0.620106,0.6140374
00021467.jpg,0.7324351,0.7677164
00042690.jpg,0.8640716,0.885788
n07654148_13111.jpg,0.7781125,0.75308645
00043688.jpg,0.86062264,0.8052978
00056579.jpg,0.89742374,0.867323
00050719.jpg,0.7663085,0.7226896
00052713.jpg,0.7992593,0.8006678
000000493911.jpg,0.8059138,0.8739496
00051112.jpg,0.632692,0.59711
00005698.jpg,0.73403955,0.6056108
00023176.jpg,0.7257679,0.7470058
00033504.jpg,0.8167598,0.812556
00001068.jpg,0.7859144,0.8749962
00023749.jpg,0.74493706,0.5859574
00057284.jpg,0.8094002,0.8081678
00055921.jpg,0.7465585,0.8785534
00051493.jpg,0.63750947,0.8140324
00001593.jpg,0.84369344,0.9266346
00000177.jpg,0.68362784,0.5797944
00019946.jpg,0.62790275,0.6770176
n09468604_47515.jpg,0.575752,0.5568182
n04461696_1691.jpg,0.6756548,0.60194176
000000477673.jpg,0.81790376,0.9010989
n00470966_1279.jpg,0.78800493,0.8988764
00009559.jpg,0.74533045,0.7561108
00033945.jpg,0.674392,0.6053154
00057124.jpg,0.90082026,0.9712838
00012659.jpg,0.75606346,0.769753
00048397.jpg,0.7383054,0.7255638
00003160.jpg,0.71592194,0.7543298
00045247.jpg,0.7443161,0.7025484
00037843.jpg,0.6151008,0.5370906
n00464894_13058.jpg,0.76531845,0.85714287
00032186.jpg,0.74186265,0.8441456
00031028.jpg,0.8134032,0.7502892
00015458.jpg,0.8108448,0.8064502
00005682.jpg,0.7509217,0.7810102
00013693.jpg,0.82094157,0.8198408
00048975.jpg,0.7725552,0.7538148
aca62414dbfc6952.jpg,0.6548568,0.6632653
00041443.jpg,0.72018373,0.754224
00020803.jpg,0.75477576,0.6463632
00031997.jpg,0.6939522,0.5933126
00006268.jpg,0.7924344,0.8509942
00017770.jpg,0.6268303,0.8146538
00037378.jpg,0.70771635,0.717508
00057201.jpg,0.80071104,0.8043016
00009854.jpg,0.8087588,0.8484716
00000279.jpg,0.7587508,0.8420084
00030753.jpg,0.60120744,0.637765
00012664.jpg,0.83259284,0.9070814
00001050.jpg,0.70576334,0.8513112
00054408.jpg,0.75554955,0.7619926
00041102.jpg,0.80577374,0.8324448
00029713.jpg,0.8242557,0.9073808
26478d643e707a68.jpg,0.8033584,0.83928573
00052759.jpg,0.6824093,0.6404556
00011230.jpg,0.7858781,0.8595612
00017277.jpg,0.76530147,0.8647564
00041521.jpg,0.71756184,0.7516454
00010692.jpg,0.83682215,0.9299158
00019779.jpg,0.7856804,0.9039638
00002549.jpg,0.84183264,0.96094
00048844.jpg,0.82612526,0.8604772
00047548.jpg,0.7536674,0.6580938
00045608.jpg,0.71380943,0.596595
n04610013_3486.jpg,0.711521,0.6415094
00039288.jpg,0.74449515,0.747485
00012332.jpg,0.71466035,0.859507
00043678.jpg,0.7391508,0.8613126
00015057.jpg,0.7294384,0.8266228
00031647.jpg,0.60293,0.5659946
00021666.jpg,0.8019843,0.8348442
00016243.jpg,0.66663307,0.7084406
000000135483.jpg,0.77422607,0.7912088
00038415.jpg,0.6816337,0.6533682
00039484.jpg,0.8048481,0.8565312
00044165.jpg,0.67644674,0.6847108
00050619.jpg,0.7640816,0.7352816
00027603.jpg,0.55290556,0.6069204
00053676.jpg,0.84524584,0.8213508
00055322.jpg,0.78278893,0.765514
00001151.jpg,0.8323404,0.8894678
00052826.jpg,0.8344085,0.9175552
00004348.jpg,0.7937137,0.9379644
00013998.jpg,0.7534626,0.7482112
000000345835.jpg,0.7543674,0.60227275
00049096.jpg,0.75933874,0.7885674
00023860.jpg,0.7482043,0.9572508
000000470300.jpg,0.81194824,0.79347825
00033851.jpg,0.5951619,0.4447992
00050551.jpg,0.7936623,0.7325172
00042475.jpg,0.7333689,0.7446032
00027109.jpg,0.70200694,0.5201824
00057028.jpg,0.82270634,0.7191308
00053912.jpg,0.75057745,0.8494484
n03670208_37080.jpg,0.78350794,0.84821427
00037848.jpg,0.6431765,0.6685934
00006678.jpg,0.7767844,0.7804466
00054590.jpg,0.83069843,0.9211342
00004910.jpg,0.77505034,0.7379936
n02132580_5128.jpg,0.7312728,0.75555557
00038263.jpg,0.66612077,0.7112472
00037231.jpg,0.49512956,0.626902
00052556.jpg,0.7767178,0.7721892
00057329.jpg,0.7696254,0.7761404
00022421.jpg,0.6844969,0.6209478
00051657.jpg,1.0111866,0.9854546
00012578.jpg,0.7404677,0.8465214
n02342885_13036.jpg,0.8740624,0.7837838
00014029.jpg,0.7564227,0.8307782
000000150080.jpg,0.8060931,0.8684211
00013557.jpg,0.852524,0.90864
00042909.jpg,0.64249116,0.570892
00023448.jpg,0.8257864,0.8404264
00009126.jpg,0.6488772,0.6601762
cee06f136258d4eb.jpg,0.74303263,0.8035714
00020764.jpg,0.5657588,0.7035556
n02342885_1956.jpg,0.7992207,0.73636365
00049848.jpg,0.744786,0.7699548
00034151.jpg,0.673919,0.538644
n09376198_11171.jpg,0.62294143,0.37777779
00045542.jpg,0.79533786,0.871586
000000019528.jpg,0.7590335,0.91566265
00040057.jpg,0.6706574,0.7127108
00021412.jpg,0.72836375,0.7598196
00010550.jpg,0.62025017,0.5911738
00034073.jpg,0.8016551,0.8479528
n07693725_11246.jpg,0.87841356,0.90425533
00010502.jpg,0.6648717,0.7821214
00048441.jpg,0.7190912,0.7099892
00023226.jpg,0.7522739,0.7027888
00010183.jpg,0.7547715,0.8058778
00049754.jpg,0.84499073,0.8964856
00057368.jpg,0.6532942,0.7201956
00034630.jpg,0.7102714,0.5985498
00012823.jpg,0.81407756,0.739876
00023061.jpg,0.5601018,0.737504
00027787.jpg,0.8146609,0.727257
00013872.jpg,0.8389715,0.7027644
00005700.jpg,0.6047518,0.6771508
00050962.jpg,0.7746882,0.8980364
4012db4437e6a0e8.jpg,0.7588879,0.6875
00021377.jpg,0.8811784,0.8934056
00019123.jpg,0.7815421,0.7687108
000000479957.jpg,0.8033533,0.8494624
00047292.jpg,0.6320188,0.6313324
00010527.jpg,0.88081455,0.8736512
00046451.jpg,0.79865324,0.85473
00014983.jpg,0.9008198,0.9396042
00039566.jpg,0.8261892,0.7166542
00002249.jpg,0.72798264,0.720035
n04465501_2353.jpg,0.8213148,0.83653843
00023882.jpg,0.8821898,0.9655182
00025372.jpg,0.772478,0.6877286
00020325.jpg,0.93231666,0.8544186
00032809.jpg,0.98208416,0.9623526
00044731.jpg,0.78928286,0.8019706
00001629.jpg,0.72259474,0.712675
00006487.jpg,0.8966515,0.7051906
00025862.jpg,0.66141486,0.6557042
00000568.jpg,0.7251276,0.636182
00032924.jpg,0.68077916,0.5956932
00051344.jpg,0.7878511,0.763313
00034262.jpg,0.6445837,0.6326386
00007069.jpg,0.764098,0.6639486
00031386.jpg,0.8004142,0.7769206
00013583.jpg,0.8719001,0.8473642
00014803.jpg,0.8180841,0.7885522
00011212.jpg,0.8207862,0.9221078
00020522.jpg,0.898135,0.9159214
00025931.jpg,0.704867,0.6542606
00050678.jpg,0.9188585,0.9115812
00009166.jpg,0.69698024,0.6750484
00032192.jpg,0.80241346,0.8450008
n07863374_16510.jpg,0.8368355,0.86
00036468.jpg,0.57829964,0.611038
00040264.jpg,0.72418183,0.6226728
00038900.jpg,0.6470533,0.765349
00019625.jpg,0.825525,0.7975514
00007947.jpg,0.8460733,0.842121
00048816.jpg,0.7801965,0.7986768
00006075.jpg,0.6421009,0.5711268
00009578.jpg,0.70565903,0.6813376
00028079.jpg,0.69643503,0.72689
3b4ef0835ccf0024.jpg,0.7488192,0.8039216
00024123.jpg,0.84446174,0.8772106
00047163.jpg,0.8292823,0.878329
00010372.jpg,0.87007093,0.8550144
00018773.jpg,0.77180314,0.834895
00006151.jpg,0.85765225,0.833092
00000187.jpg,0.5634818,0.5738004
00055958.jpg,0.68448687,0.5936572
00030390.jpg,0.64980304,0.548647
00053522.jpg,0.78088206,0.8986432
00011365.jpg,0.7581749,0.7063882
00018700.jpg,0.661906,0.5884888
00045607.jpg,0.8398987,0.79587
00051038.jpg,0.7273594,0.7153676
n02342885_9777.jpg,0.8424115,0.83653843
00054142.jpg,0.8452151,0.881965
00004894.jpg,0.6363026,0.6267882
00042382.jpg,0.6622412,0.7227428
00037244.jpg,0.56608224,0.6440478
00004857.jpg,0.7229324,0.7905692
00046594.jpg,0.62463087,0.5581332
00003635.jpg,0.76613426,0.6854378
00034522.jpg,0.6382786,0.519887
00041339.jpg,0.8038462,0.760808
00042397.jpg,0.76168007,0.6388732
00042370.jpg,0.7844226,0.794045
00008424.jpg,0.8313861,0.9259712
00047284.jpg,0.86016625,0.8248104
00040029.jpg,0.7446768,0.7572262
00027266.jpg,0.652444,0.6637542
00025206.jpg,0.62206554,0.5042942
00056317.jpg,0.7310463,0.8354144
00027501.jpg,0.7533141,0.835952
00040531.jpg,0.68060297,0.7005908
00005981.jpg,0.6894214,0.655048
00005697.jpg,0.7964952,0.8033934
00042538.jpg,0.7547834,0.6785432
n07893642_3799.jpg,0.86572003,0.7604167
00027267.jpg,0.7714456,0.7874492
00037986.jpg,0.7029709,0.7988724
00035992.jpg,0.6403619,0.5989482
n02342885_4843.jpg,0.89387167,0.9369369
00006468.jpg,0.8421439,0.793979
00010447.jpg,0.8388481,0.8204966
n07720875_5729.jpg,0.8747127,0.92783505
00009872.jpg,0.78931063,0.832138
00009787.jpg,0.6041999,0.414327
00058014.jpg,0.8626903,0.8860298
37b8d81b66a9892a.jpg,0.84292316,0.73
00057987.jpg,0.6989743,0.7292282
00057969.jpg,0.7599185,0.7406278
00058091.jpg,0.7930763,0.8933374
00054876.jpg,0.6197306,0.726499
00007239.jpg,0.74082935,0.8224742
00012513.jpg,0.58520234,0.6035784
00020657.jpg,0.8049305,0.8527848
00049900.jpg,0.8058193,0.7274748
00052239.jpg,0.5728526,0.6147284
00049274.jpg,0.885952,0.9361416
00044460.jpg,0.7038834,0.7168086
00015229.jpg,0.8480499,0.9414064
00017754.jpg,0.74745643,0.7007768
00032211.jpg,0.80012625,0.8685908
000000351683.jpg,0.7379025,0.827957
00016023.jpg,0.78242993,0.764638
00011023.jpg,0.73587024,0.7159706
00032041.jpg,0.848681,0.7254818
00032252.jpg,0.69344765,0.8063118
00032684.jpg,0.8110934,0.840767
00004234.jpg,0.7370815,0.7090744
00009386.jpg,0.66466624,0.6024076
00036956.jpg,0.67593586,0.621627
00018064.jpg,0.65236807,0.756544
00021308.jpg,0.7166907,0.7949234
00035653.jpg,0.63307005,0.7396826
00053466.jpg,0.7691003,0.7989014
00034698.jpg,0.7658773,0.8173414
00020146.jpg,0.8483381,0.9571434
00013942.jpg,0.79038525,0.7794444
n07806221_22898.jpg,0.8210036,0.78571427
n03791053_12453.jpg,0.81496143,0.902439
00022639.jpg,0.8837209,0.9421264
00002999.jpg,0.6728276,0.7376872
00041349.jpg,0.8367016,0.8717198
00003980.jpg,0.8098347,0.7315008
00040796.jpg,0.82964885,0.828811
n01811909_17.jpg,0.68916714,0.67826086
00019786.jpg,0.82113385,0.8554354
00054417.jpg,0.68372905,0.6419122
3df553d663038934.jpg,0.84529567,0.80582523
00031655.jpg,0.77944297,0.8225646
00010365.jpg,0.85868657,0.8724822
00020913.jpg,0.84246874,0.8836968
00007371.jpg,0.71013486,0.659775
00017797.jpg,0.71718925,0.609765
00057280.jpg,0.86879945,0.9051706
00011569.jpg,0.8783334,0.8959064
00008216.jpg,0.9264028,0.879555
00032101.jpg,0.8066102,0.8448158
00054726.jpg,0.7438855,0.734136
n02946348_4726.jpg,0.7507977,0.76842105
00010214.jpg,0.64129263,0.6585734
00001944.jpg,0.7807951,0.7021892
00019710.jpg,0.6162659,0.5311084
00048124.jpg,0.7476336,0.8088996
00021632.jpg,0.6908021,0.7439992
00026226.jpg,0.83089274,0.81987
75a33eb7832e35bf.jpg,0.6354364,0.5315315
00023627.jpg,0.78951126,0.8197398
00037792.jpg,0.72214353,0.7916236
00011221.jpg,0.8370795,0.9140806
00041683.jpg,0.65251887,0.5334988
00029124.jpg,0.7808827,0.834591
00042777.jpg,0.7784294,0.6966266
00014323.jpg,0.5934106,0.743328
00027522.jpg,0.7627256,0.6868778
00010981.jpg,0.730595,0.8265874
00040964.jpg,0.70139736,0.7150868
00019516.jpg,0.7463027,0.895648
00003692.jpg,0.7583607,0.8229274
00034882.jpg,0.6368362,0.5265416
00001523.jpg,0.7873319,0.758672
00010887.jpg,0.7745024,0.7564434
00022036.jpg,0.7395359,0.6930268
00048657.jpg,0.68389165,0.7318202
00026885.jpg,0.7432027,0.8498392
00013399.jpg,0.7919136,0.8736974
00048641.jpg,0.698236,0.7604166
00012373.jpg,0.79298854,0.744663
00028009.jpg,0.83056116,0.7551564
n03351262_7679.jpg,0.6792915,0.6796116
00045794.jpg,0.7531435,0.5776706
n09468604_8336.jpg,0.508813,0.63461536
00033239.jpg,0.67605484,0.6684968
00001911.jpg,0.83041203,0.7779312
00030790.jpg,0.7708428,0.7393736
00028915.jpg,0.7239194,0.7497604
00040272.jpg,0.8330507,0.8114894
00051960.jpg,0.87769485,0.8186342
00019810.jpg,0.720286,0.8028208
00042220.jpg,0.71470255,0.624652
00039708.jpg,0.6322406,0.6339052
00031056.jpg,0.5753391,0.464375
00027811.jpg,0.7649889,0.8461664
00027386.jpg,0.77074146,0.6846944
00019933.jpg,0.78658116,0.8734016
000000065465.jpg,0.8122523,0.8888889
00041504.jpg,0.658142,0.6299716
00025413.jpg,0.65747815,0.6921754
00002051.jpg,0.8044736,0.7772348
00050860.jpg,0.82976323,0.8316948
00036874.jpg,0.6039845,0.4583956
00042584.jpg,0.7380885,0.7665328
00001571.jpg,0.59678257,0.600484
00018172.jpg,0.69238013,0.7058594
00054064.jpg,0.7479017,0.7210152
00045383.jpg,0.6624518,0.6781928
00004668.jpg,0.86440724,0.9168356
00051924.jpg,0.7845471,0.8203234
00045766.jpg,0.808949,0.9659558
n07711569_1302.jpg,0.79803467,0.8043478
00010310.jpg,0.80631465,0.8781444
00005659.jpg,0.60754675,0.4865424
00005686.jpg,0.6319651,0.51974
00052697.jpg,0.65732884,0.552076
00052140.jpg,0.89366317,0.822482
000000558822.jpg,0.72886133,0.80582523
00006693.jpg,0.6537158,0.6277242
00028772.jpg,0.6876744,0.6894468
00053465.jpg,0.733253,0.7856598
000000564580.jpg,0.68885744,0.59821427
00047649.jpg,0.69287026,0.7586444
00033594.jpg,0.8281505,0.8478466
00011815.jpg,0.85056114,0.8024272
00044322.jpg,0.7024542,0.6132682
00011001.jpg,0.6950619,0.7324174
00040936.jpg,0.7197744,0.699493
00044404.jpg,0.7534894,0.7355114
00005178.jpg,0.7413869,0.7115204
00037732.jpg,0.69033897,0.7212846
00010403.jpg,0.8833258,0.9447136
00038290.jpg,0.8097241,0.923324
00008044.jpg,0.7667955,0.8870192
00019237.jpg,0.80769664,0.9001704
00004119.jpg,0.77731895,0.8010676
0110e8ec47d60bda.jpg,0.8075403,0.69072163
sun_areyvdkepydnktvx.jpg,0.5861559,0.6041667
00046644.jpg,0.72173035,0.5756724
00049582.jpg,0.7121086,0.6964338
00032270.jpg,0.78868294,0.7843058
00015172.jpg,0.7018174,0.7538444
n07929519_38689.jpg,0.83156085,0.86904764
n02332755_687.jpg,0.79683363,0.8737864
00049193.jpg,0.59766644,0.754533
00003242.jpg,0.60542524,0.523697
00023389.jpg,0.79320276,0.8238766
00038581.jpg,0.5769638,0.5896992
00002033.jpg,0.7853664,0.8566352
00031516.jpg,0.7649703,0.8411396
00016816.jpg,0.72387034,0.7449082
n03670208_15057.jpg,0.75398546,0.8255814
00014562.jpg,0.80143046,0.8865616
00031745.jpg,0.72909814,0.8239658
00045652.jpg,0.840102,0.868659
n02355227_13927.jpg,0.8306709,0.83505154
00033108.jpg,0.76240706,0.6324924
00035845.jpg,0.698817,0.6245482
00006570.jpg,0.7677576,0.7492626
00000582.jpg,0.78059554,0.6603476
000000098808.jpg,0.6533779,0.6952381
00016327.jpg,0.8252263,0.9481084
00046545.jpg,0.6636565,0.5846354
00050931.jpg,0.73900616,0.693887
00018961.jpg,0.8288828,0.8938456
00020746.jpg,0.7594334,0.822804
00011784.jpg,0.5598084,0.4868076
000000428266.jpg,0.8704871,0.9270833
n03790512_31607.jpg,0.81335866,0.82568806
00006849.jpg,0.8401371,0.73567
00029173.jpg,0.67669094,0.6233048
00018123.jpg,0.6919917,0.7867284
00023491.jpg,0.762826,0.9062094
n02355227_12764.jpg,0.8014162,0.9120879
00004385.jpg,0.6956538,0.7072182
00046562.jpg,0.8082808,0.8406448
00028750.jpg,0.8071636,0.9356864
00053581.jpg,0.79685974,0.7689586
sun_acpxaistqyimycdc.jpg,0.57690704,0.31868133
00019396.jpg,0.7423168,0.7361454
00050732.jpg,0.86459315,0.8925554
00045177.jpg,0.6471889,0.5513188
00036681.jpg,0.6186038,0.4410176
00030274.jpg,0.7535924,0.7199866
00023183.jpg,0.82463855,0.8400706
n03790512_5927.jpg,0.73201424,0.79347825
00023133.jpg,0.7270201,0.7471512
00033889.jpg,0.5866527,0.614842
00009974.jpg,0.7999717,0.8863606
00008452.jpg,0.79727805,0.8136738
00026001.jpg,0.8013394,0.8303916
00042759.jpg,0.7352036,0.7768978
00010242.jpg,0.7855654,0.7950816
00032655.jpg,0.9379209,0.8440918
00022886.jpg,0.8466718,0.8639588
00017172.jpg,0.82152736,0.8656698
00044635.jpg,0.64814377,0.5743898
00027350.jpg,0.7859038,0.8479096
00004253.jpg,0.7683584,0.7976538
00031256.jpg,0.69302285,0.7524634
00034204.jpg,0.6543279,0.6095844
000000254882.jpg,0.9100057,0.9047619
00022756.jpg,0.8151914,0.7928288
00042791.jpg,0.77880067,0.7361264
00030676.jpg,0.7786285,0.869885
000000213023.jpg,0.78432333,0.7816092
00010257.jpg,0.7807798,0.8065806
00004439.jpg,0.5820806,0.5023534
00043597.jpg,0.72027147,0.662778
00055507.jpg,0.6742325,0.786451
00045564.jpg,0.89621645,0.8544318
00052669.jpg,0.5344105,0.5986196
00028039.jpg,0.8179066,0.872779
00007945.jpg,0.8068523,0.7677278
n03541923_748.jpg,0.7598016,0.8598131
000000338289.jpg,0.74783015,0.87628865
00034793.jpg,0.67903274,0.8068192
00040989.jpg,0.8002452,0.8774676
00016710.jpg,0.6208575,0.729085
00017798.jpg,0.6947243,0.6510442
00048831.jpg,0.70141906,0.8945806
00055331.jpg,0.7979938,0.8103384
n07933274_29739.jpg,0.8085373,0.8703704
00005699.jpg,0.68097866,0.7776974
00004055.jpg,0.71682566,0.7790354
00017338.jpg,0.79974365,0.7591446
00046849.jpg,0.6668267,0.6928718
00026365.jpg,0.64770466,0.4691926
00032615.jpg,0.5899818,0.395467
00057095.jpg,0.8282857,0.807625
00013566.jpg,0.7686426,0.7366218
00012179.jpg,0.70700026,0.745502
n00480993_16864.jpg,0.73863804,0.85555553
n07583197_8138.jpg,0.8421619,0.75438595
00023275.jpg,0.7634711,0.8960318
00040529.jpg,0.74682015,0.75813
000000306047.jpg,0.8285035,0.9550562
00032124.jpg,0.67027456,0.6025496
00043334.jpg,0.6279017,0.6593244
00054331.jpg,0.8098844,0.6709876
00008998.jpg,0.8035238,0.7523222
sun_azrlsucrzwyfscww.jpg,0.56408334,0.42696628
a996146a2cccb57c.jpg,0.7998263,0.85858583
n09472597_4921.jpg,0.7040572,0.8207547
00050853.jpg,0.78524804,0.8009764
00025573.jpg,0.7558234,0.8109952
00046971.jpg,0.78986824,0.8257786
00038820.jpg,0.6425558,0.641929
00011899.jpg,0.685608,0.6986302
00002829.jpg,0.68068236,0.7104668
00013599.jpg,0.57916576,0.6825626
00058428.jpg,0.7956818,0.8810886
00000232.jpg,0.7567933,0.8693806
00047750.jpg,0.73983574,0.7778204
000000055806.jpg,0.79850197,0.82758623
00017482.jpg,0.80871284,0.865314
00030801.jpg,0.58323777,0.5271864
00026863.jpg,0.6688877,0.5783556
00004352.jpg,0.87023246,0.8452494
00042305.jpg,0.78792024,0.754554
00041772.jpg,0.8870299,0.8909378
00035384.jpg,0.587668,0.5848884
00001625.jpg,0.77073234,0.7871182
00000313.jpg,0.7929919,0.8174252
00019020.jpg,0.7778763,0.8156012
00033763.jpg,0.6698095,0.6477582
00002971.jpg,0.77739716,0.8363138
000000455302.jpg,0.72077906,0.8278689
n09217230_4030.jpg,0.5581827,0.5090909
000000122097.jpg,0.7907548,0.86
00055788.jpg,0.6955552,0.6299454
00024676.jpg,0.89212734,0.9281164
00010207.jpg,0.7833216,0.789597
00033080.jpg,0.79882586,0.7992854
00043456.jpg,0.8994996,0.9280138
00036765.jpg,0.5675938,0.4821954
00000881.jpg,0.80663824,0.7840602
00009707.jpg,0.819459,0.8901068
00032584.jpg,0.63252175,0.6204176
00039871.jpg,0.71442556,0.8567154
00034203.jpg,0.79156685,0.8485458
00054683.jpg,0.78244567,0.799215
00023218.jpg,0.69910204,0.6903808
00035176.jpg,0.6566986,0.5405336
00004603.jpg,0.7609564,0.668193
00044262.jpg,0.6706227,0.681634
00029928.jpg,0.80134636,0.832805
00032015.jpg,0.63032025,0.5523454
00017905.jpg,0.8094365,0.8058384
00010788.jpg,0.5771334,0.571827
00000437.jpg,0.6191381,0.615925
00032581.jpg,0.793307,0.8624256
n09393605_41164.jpg,0.55814576,0.46938777
00052256.jpg,0.69826806,0.7974182
00036355.jpg,0.74001503,0.6825354
00037511.jpg,0.7294356,0.7739356
00043144.jpg,0.7939211,0.8483456
00041604.jpg,0.8103461,0.8188246
00015136.jpg,0.66753864,0.7515218
00057629.jpg,0.8253255,0.8673658
00010036.jpg,0.7084741,0.6991832
00005889.jpg,0.64605224,0.606808
00056557.jpg,0.7953718,0.8192014
00027734.jpg,0.7582458,0.8316558
00017178.jpg,0.7565964,0.8736234
00009542.jpg,0.7501631,0.8442592
00017035.jpg,0.5833954,0.4651906
00002036.jpg,0.7939608,0.767437
00022859.jpg,0.7603078,0.7554018
00029714.jpg,0.76791495,0.8720314
00047162.jpg,0.74008125,0.5774382
00044524.jpg,0.72903323,0.6649336
00015236.jpg,0.6704478,0.7295952
00013593.jpg,0.72598034,0.800995
00011981.jpg,0.83878,0.8297854
00048858.jpg,0.6430421,0.7271074
00037971.jpg,0.7525913,0.8306892
00044562.jpg,0.81411576,0.7405328
00006500.jpg,0.79463285,0.8371364
ecb104cafb930b5e.jpg,0.76937807,0.7592593
00007045.jpg,0.6860329,0.6640518
00028351.jpg,0.6976623,0.7127946
00037756.jpg,0.67983097,0.5657096
00012936.jpg,0.7833033,0.7033078
00040545.jpg,0.67396224,0.5974662
00057200.jpg,0.69319135,0.7744776
00056836.jpg,0.6874411,0.7894122
00024183.jpg,0.8949896,0.945142
00038639.jpg,0.68683255,0.7432526
00052171.jpg,0.84297776,0.8600478
00043146.jpg,0.7833004,0.9174822
00054780.jpg,0.8282106,0.8719712
00047947.jpg,0.7698656,0.7554836
00038501.jpg,0.7146239,0.657651
00037919.jpg,0.6309891,0.5718666
00010402.jpg,0.67447644,0.6502772
00049897.jpg,0.56850845,0.6843466
00035818.jpg,0.6658144,0.6240906
00035591.jpg,0.6697083,0.6305694
00037623.jpg,0.63478744,0.5465532
00037532.jpg,0.78318465,0.827723
00048708.jpg,0.74488455,0.8507592
00052247.jpg,0.8067758,0.753268
00000269.jpg,0.65236044,0.4926262
00046880.jpg,0.7319592,0.8444702
00051162.jpg,0.84928393,0.9581308
00026806.jpg,0.7173725,0.6994384
00004264.jpg,0.5407169,0.447606
00055191.jpg,0.9183401,0.8109782
00034343.jpg,0.6263038,0.5359598
000000167092.jpg,0.75778294,0.83157897
00039062.jpg,0.75694644,0.821706
00046966.jpg,0.71222436,0.6208396
00042891.jpg,0.71835256,0.8528134
0b5311919a2c6354.jpg,0.7484764,0.5913978
n04166281_1911.jpg,0.773597,0.7008547
00040518.jpg,0.7402651,0.828547
00004091.jpg,0.80481285,0.7657108
00006781.jpg,0.7875756,0.7927642
00042131.jpg,0.65440774,0.732617
00011668.jpg,0.66192997,0.540025
00031675.jpg,0.71389824,0.8194266
00052192.jpg,0.8844236,0.8340564
00010264.jpg,0.70437354,0.8806234
00003103.jpg,0.8043799,0.9597524
00055975.jpg,0.7751539,0.8495838
00015832.jpg,0.5970597,0.5564042
00023523.jpg,0.8637205,0.8596932
00056136.jpg,0.66406924,0.674925
00019470.jpg,0.7146439,0.7866922
00053029.jpg,0.6835545,0.5826264
00030599.jpg,0.78157806,0.8419918
00019208.jpg,0.80952,0.9239972
00049791.jpg,0.61885107,0.6510278
00011205.jpg,0.8265295,0.8886894
n07717556_5459.jpg,0.8299813,0.7619048
00012387.jpg,0.81018364,0.829605
00019290.jpg,0.8140956,0.7699122
00035348.jpg,0.70463437,0.7509222
00057854.jpg,0.6691198,0.5048396
00024927.jpg,0.7736521,0.5691494
00033831.jpg,0.6339078,0.6708112
00036111.jpg,0.6823353,0.7289176
n02793495_11186.jpg,0.59498614,0.5084746
00048549.jpg,0.7485321,0.6504862
00056653.jpg,0.7928608,0.812381
00036259.jpg,0.6711476,0.6204762
00011349.jpg,0.82722145,0.83
n03384352_149.jpg,0.5729737,0.5480769
00039395.jpg,0.83529073,0.779142
00032546.jpg,0.8857765,0.9670386
00018885.jpg,0.71305186,0.6958
000000184030.jpg,0.7244203,0.8131868
00050985.jpg,0.86298347,0.7799532
00002018.jpg,0.55106235,0.4222342
00044748.jpg,0.70103717,0.6781688
00011654.jpg,0.66798264,0.7035456
00046037.jpg,0.65824807,0.7239052
00016853.jpg,0.81422234,0.7932662
00022533.jpg,0.5591094,0.6498204
00014918.jpg,0.5897149,0.4982912
00015443.jpg,0.77319837,0.9100082
00002716.jpg,0.77837396,0.7815602
00040986.jpg,0.67385674,0.6721554
00050135.jpg,0.79910576,0.7676188
00034131.jpg,0.74319816,0.6973078
00017340.jpg,0.7399119,0.8485384
00002602.jpg,0.72815275,0.831692
00020317.jpg,0.7392498,0.733834
00040515.jpg,0.7902286,0.8288018
00019811.jpg,0.73189867,0.8139904
245ccf6cf1d92449.jpg,0.5982219,0.63106793
00000794.jpg,0.82017213,0.7737862
n02396427_4425.jpg,0.8574822,0.84375
00009465.jpg,0.7952345,0.7919448
n01792955_16450.jpg,0.78610057,0.84158415
n07720875_1782.jpg,0.84236795,0.95535713
00027609.jpg,0.80090016,0.8076566
00053084.jpg,0.8509339,0.81231
sun_aoyxvextaeonmyll.jpg,0.6014433,0.38235295
00025637.jpg,0.668414,0.5793114
00050072.jpg,0.8512014,0.8523386
00002247.jpg,0.74918926,0.8156346
00011098.jpg,0.6157492,0.5956216
00014321.jpg,0.7022927,0.6552274
00050696.jpg,0.64679253,0.6973096
00033689.jpg,0.78353035,0.822965
00012056.jpg,0.8304914,0.8611608
00048336.jpg,0.74814576,0.6552254
00051158.jpg,0.84681547,0.8926432
00054204.jpg,0.67349666,0.5927284
00000542.jpg,0.7327977,0.6619658
00031186.jpg,0.7345789,0.6725386
00007159.jpg,0.79248,0.8492792
00003719.jpg,0.6026097,0.5385446
00000025.jpg,0.6842667,0.694894
00011619.jpg,0.8135738,0.7950166
n07583197_3629.jpg,0.85664344,0.94174755
00047250.jpg,0.8510684,0.8182488
00012390.jpg,0.8570366,0.8974072
n00468480_7838.jpg,0.8036023,0.7378641
n02129165_9834.jpg,0.850999,0.83505154
00019775.jpg,0.8677133,0.8672762
00006195.jpg,0.6644758,0.5454376
000000134238.jpg,0.79268146,0.8947368
00052163.jpg,0.78630275,0.729075
00036402.jpg,0.65226835,0.828248
00049385.jpg,0.7473265,0.7992002
00035507.jpg,0.67314386,0.5972648
n02691156_6870.jpg,0.7426159,0.7019231
00024528.jpg,0.7295004,0.7556632
00038049.jpg,0.7362882,0.7466038
00000642.jpg,0.7745009,0.8056372
00011750.jpg,0.73900974,0.8204642
n04349306_2756.jpg,0.8012709,0.8543689
00006618.jpg,0.80643886,0.7798966
00057756.jpg,0.7577087,0.8554744
7f04e60fa0ab31cb.jpg,0.71024954,0.71568626
00046694.jpg,0.7426549,0.6765362
00005212.jpg,0.82742083,0.792028
n07680932_55396.jpg,0.88442564,0.94736844
00007914.jpg,0.8096278,0.8174516
00037478.jpg,0.50883126,0.5335748
00046137.jpg,0.7058476,0.7442688
000000559776.jpg,0.81515414,0.9047619
00035757.jpg,0.6787314,0.6695022
eb54616eb4614fce.jpg,0.60464656,0.6168224
n07717556_1645.jpg,0.83332956,0.8061224
00046502.jpg,0.6593914,0.6798244
00027504.jpg,0.804349,0.8406204
00044832.jpg,0.78312624,0.8125406
00055302.jpg,0.81385547,0.811515
00020163.jpg,0.72001964,0.6851254
00026377.jpg,0.810542,0.8746316
00057232.jpg,0.6822751,0.7156154
00026036.jpg,0.7933961,0.8552462
00007488.jpg,0.82571083,0.7874604
00030306.jpg,0.63964283,0.6182852
00008978.jpg,0.69595057,0.7745318
00000855.jpg,0.7578674,0.821952
00043585.jpg,0.7949176,0.857752
n03791053_7319.jpg,0.80148363,0.81707317
00035913.jpg,0.6503744,0.8267958
00005883.jpg,0.7278741,0.76808
00015548.jpg,0.75558925,0.733803
00025669.jpg,0.65583616,0.6316528
00008277.jpg,0.76836705,0.6217534
00016473.jpg,0.77387774,0.8115404
00018946.jpg,0.6830528,0.6116388
00058167.jpg,0.73855615,0.8078536
00013827.jpg,0.85407054,0.9221544
00054211.jpg,0.7467716,0.8866546
00001841.jpg,0.88071513,0.889756
00056205.jpg,0.7894044,0.805257
00023680.jpg,0.6519393,0.561065
00001608.jpg,0.57282984,0.5460378
00013042.jpg,0.6768633,0.6863118
00012969.jpg,0.6900847,0.6896274
n07838073_7168.jpg,0.8140791,0.8255814
00003199.jpg,0.92001307,0.8931528
00053520.jpg,0.6756838,0.6527382
000000362737.jpg,0.8101787,0.82474226
00049290.jpg,0.83375525,0.918547
00010135.jpg,0.770653,0.7352594
n00480993_2019.jpg,0.7479079,0.71428573
00006512.jpg,0.79623926,0.9663766
00032593.jpg,0.67938495,0.6766528
00038403.jpg,0.82112056,0.8062968
00024025.jpg,0.6340484,0.6233398
00024953.jpg,0.85535496,0.8384432
00002795.jpg,0.87522686,0.8757596
00010757.jpg,0.80311716,0.8033854
00004758.jpg,0.7635472,0.7148898
00047433.jpg,0.73790824,0.7692976
00004891.jpg,0.73012936,0.7425226
00024205.jpg,0.5718884,0.5773146
00011132.jpg,0.82452303,0.6855554
00027656.jpg,0.72096133,0.7596004
00028972.jpg,0.679331,0.5318574
00007032.jpg,0.6784931,0.7839372
00050733.jpg,0.73099744,0.69477
00048986.jpg,0.7808014,0.7918468
00029364.jpg,0.6683397,0.812789
22ac236b8a16cf5b.jpg,0.78999066,0.7407407
00038210.jpg,0.6593381,0.72331
00058115.jpg,0.8335766,0.748516
00043962.jpg,0.7470758,0.757828
00032708.jpg,0.77920306,0.6925766
00037260.jpg,0.59496707,0.6987658
00005281.jpg,0.629232,0.5607942
00049382.jpg,0.7817342,0.7649872
00026220.jpg,0.6963492,0.5686742
00048035.jpg,0.6744514,0.641644
00051594.jpg,0.8592914,0.7213238
00026479.jpg,0.78747237,0.8910266
00008475.jpg,0.67093253,0.6875604
00008489.jpg,0.80559534,0.7785426
00030063.jpg,0.76248395,0.7706174
00015707.jpg,0.873559,0.8727706
00015040.jpg,0.71111673,0.6192332
00038792.jpg,0.71435016,0.7277752
00014836.jpg,0.697264,0.7356654
00032034.jpg,0.8510088,0.8090176
00043569.jpg,0.77386075,0.8328468
00030865.jpg,0.67754364,0.6095818
00025467.jpg,0.56879044,0.596182
00041780.jpg,0.7162532,0.7698032
00042764.jpg,0.7172257,0.698011
00001006.jpg,0.8688909,0.886852
n03594945_29753.jpg,0.7775463,0.79347825
00017114.jpg,0.5860981,0.7330492
n07933274_34279.jpg,0.82327086,0.71428573
00044516.jpg,0.790743,0.8620354
00028013.jpg,0.7393495,0.8288758
00009711.jpg,0.71676075,0.8079906
00013060.jpg,0.7642442,0.7849836
00042148.jpg,0.7080233,0.8419106
00005503.jpg,0.9282601,0.9556948
00036848.jpg,0.61932445,0.5772962
00053593.jpg,0.8795094,0.8037852
00021820.jpg,0.59715986,0.511318
00056966.jpg,0.7505257,0.7457392
00018181.jpg,0.84417593,0.7824382
n07880968_3235.jpg,0.8144561,0.9411765
00048682.jpg,0.7578604,0.6949046
00013511.jpg,0.87758994,0.872259
00002695.jpg,0.7844302,0.9141288
00039650.jpg,0.8025842,0.8999188
00053246.jpg,0.83254933,0.8064918
00033782.jpg,0.6383768,0.6568156
n02355227_13453.jpg,0.8543644,0.9
00027622.jpg,0.86120546,0.9477692
00037626.jpg,0.7635769,0.8429672
00011465.jpg,0.71732926,0.802442
00005205.jpg,0.8064097,0.7581926
00051321.jpg,0.64501184,0.642265
n09421951_11154.jpg,0.5882194,0.6454545
00044380.jpg,0.791466,0.9231334
00058726.jpg,0.8525459,0.8305238
n02324045_7200.jpg,0.7882526,0.78
00051971.jpg,0.7901701,0.7912452
00045071.jpg,0.7476827,0.6689222
00039377.jpg,0.7215276,0.741725
00031914.jpg,0.80462337,0.6997048
00037455.jpg,0.60530126,0.5991252
000000538368.jpg,0.8005166,0.84042555
00017424.jpg,0.87420464,0.9398688
00015096.jpg,0.55835676,0.6932018
00036951.jpg,0.66069794,0.6408704
00017683.jpg,0.8647053,0.8503848
00053338.jpg,0.81527245,0.9348458
00056732.jpg,0.7720485,0.7977236
00020523.jpg,0.8161867,0.8205032
00021540.jpg,0.8287296,0.7577058
00000366.jpg,0.7199811,0.7317304
n07711569_1815.jpg,0.8078972,0.78431374
00048150.jpg,0.6814865,0.618461
00044826.jpg,0.7983901,0.7731882
00035950.jpg,0.66340965,0.620998
n04349306_5052.jpg,0.78966063,0.7757009
00004222.jpg,0.69102025,0.5755374
00029019.jpg,0.85245466,0.8026662
00006287.jpg,0.7736298,0.7439206
00044192.jpg,0.70057607,0.7268198
00054356.jpg,0.80576766,0.8531636
00014768.jpg,0.78992057,0.8047192
00022527.jpg,0.81926453,0.748814
00017641.jpg,0.61101174,0.8065068
n07574602_25450.jpg,0.8312469,0.7346939
000000554978.jpg,0.6373925,0.61702126
00001000.jpg,0.6932361,0.8028374
00040400.jpg,0.7385324,0.7300748
00054760.jpg,0.75567913,0.7946904
00037790.jpg,0.672004,0.6766192
00049779.jpg,0.87578595,0.8366978
00031597.jpg,0.6462829,0.6766916
n01514859_12292.jpg,0.7795863,0.7592593
00000315.jpg,0.84636015,0.8944152
00049457.jpg,0.79068726,0.7535586
00038852.jpg,0.7567675,0.8313066
00011963.jpg,0.76396126,0.780786
00006352.jpg,0.5785495,0.530799
00037228.jpg,0.65606534,0.5917156
00004534.jpg,0.7050583,0.6723774
00016540.jpg,0.82449996,0.875229
00052950.jpg,0.779318,0.794349
00000832.jpg,0.82483375,0.8508904
00048245.jpg,0.70014095,0.6174954
000000419780.jpg,0.7257168,0.8224299
00037005.jpg,0.5908665,0.5654978
00024165.jpg,0.7531745,0.8333816
00049173.jpg,0.6174745,0.665427
00036031.jpg,0.56821835,0.6037328
00054681.jpg,0.8080071,0.8147728
00051569.jpg,0.6400573,0.6160316
00026722.jpg,0.78837633,0.868335
00039525.jpg,0.8326596,0.938884
00036766.jpg,0.6550607,0.6758206
00017605.jpg,0.836089,0.9062076
n09472597_31092.jpg,0.6770971,0.7790698
00040376.jpg,0.75702834,0.824937
00049568.jpg,0.7358798,0.7844362
00005570.jpg,0.8465337,0.6945632
00025812.jpg,0.77057713,0.8531236
00039482.jpg,0.72025573,0.662742
00008491.jpg,0.8343101,0.7939128
