image_path,pred_score,true_score
00019967.jpg,0.8355224,0.9311238
00048323.jpg,0.8020659,0.8267992
00018938.jpg,0.77601904,0.7336002
00003759.jpg,0.76588535,0.710292
n09376198_2958.jpg,0.6697864,0.6
00000769.jpg,0.7418017,0.7921158
00041732.jpg,0.7245987,0.4852802
00027203.jpg,0.78519285,0.8307118
00054547.jpg,0.6902174,0.6002414
00003392.jpg,0.75014263,0.7525364
00029155.jpg,0.7850135,0.8620232
00044701.jpg,0.7019887,0.7609066
00055057.jpg,0.77745235,0.8770198
00003486.jpg,0.7727275,0.8585622
00010029.jpg,0.6259091,0.6265572
00030149.jpg,0.8585309,0.9257748
00043052.jpg,0.8006165,0.7121754
00017711.jpg,0.89769864,1.0
00046826.jpg,0.6896236,0.75842
00018355.jpg,0.8553847,0.8472704
00031868.jpg,0.69571984,0.8136596
00011155.jpg,0.8935639,0.8822662
00038443.jpg,0.627427,0.6556006
00045849.jpg,0.65349996,0.6258344
n07801508_7575.jpg,0.87320936,0.9268293
00032291.jpg,0.68754506,0.584306
00042248.jpg,0.6753531,0.7492772
00044024.jpg,0.5997597,0.4753012
00034599.jpg,0.549338,0.515
00047110.jpg,0.7715347,0.6799902
00036811.jpg,0.58387583,0.5979538
00047013.jpg,0.7497532,0.8789158
00047827.jpg,0.6942594,0.8137216
000000474255.jpg,0.77066433,0.8113208
00002278.jpg,0.7963577,0.8505942
00034762.jpg,0.62574875,0.4883332
00037529.jpg,0.61814016,0.735713
00032972.jpg,0.8077492,0.9079436
00040422.jpg,0.6995082,0.7093136
00021464.jpg,0.855929,0.948799
00057720.jpg,0.7539975,0.7717554
83ab987502a09a6b.jpg,0.7075362,0.8269231
00035172.jpg,0.7273449,0.705154
00034515.jpg,0.6662898,0.6831314
00040170.jpg,0.75155604,0.7010644
00000881.jpg,0.8018081,0.7840602
00024971.jpg,0.8111661,0.7542006
00053023.jpg,0.80829394,0.905965
00034863.jpg,0.63235444,0.5515556
n02793495_14786.jpg,0.6366171,0.73333335
00016946.jpg,0.8130733,0.82246
00048337.jpg,0.78680027,0.8094752
00002757.jpg,0.87941015,0.8939262
00040796.jpg,0.83366764,0.828811
00037264.jpg,0.7554178,0.850922
00029027.jpg,0.8221437,0.8385632
00024350.jpg,0.8783754,0.874427
00041876.jpg,0.73181057,0.6011616
00008293.jpg,0.8095217,0.81931
000000335451.jpg,0.725874,0.7614679
n07933274_33948.jpg,0.7912835,0.90625
00004676.jpg,0.61857903,0.576227
00006344.jpg,0.77782726,0.8088278
00002028.jpg,0.83857226,0.9082028
00015490.jpg,0.8020284,0.9654778
n07717556_6983.jpg,0.9009503,0.9591837
00019441.jpg,0.7724924,0.8841594
00003833.jpg,0.61358327,0.5885494
00022819.jpg,0.8594881,0.9533734
00035471.jpg,0.72472864,0.769259
n03670208_40294.jpg,0.8699036,0.9186047
00034623.jpg,0.66155255,0.8085944
00034109.jpg,0.68451464,0.8119142
n02324045_24416.jpg,0.78485423,0.84615386
00020641.jpg,0.8472278,0.8839722
00044807.jpg,0.7219582,0.7565202
00056725.jpg,0.7457529,0.718299
00046813.jpg,0.755916,0.7197302
00001831.jpg,0.7742262,0.8737868
00052930.jpg,0.7883166,0.8378966
n02355227_12118.jpg,0.82235986,0.74
00025421.jpg,0.62177515,0.6482556
00051962.jpg,0.69781923,0.6923034
00026991.jpg,0.77288663,0.8349962
00016342.jpg,0.7477071,0.7452712
sun_apfxmcvujzcxypuq.jpg,0.6399883,0.58928573
00012141.jpg,0.764361,0.9279488
00023689.jpg,0.81779563,0.9266966
00010081.jpg,0.79608685,0.8239868
00000253.jpg,0.69804615,0.6393992
00012347.jpg,0.71330816,0.8373752
00012559.jpg,0.76415616,0.8239456
00045307.jpg,0.72337395,0.7051246
00037732.jpg,0.7008865,0.7212846
00047864.jpg,0.7577568,0.6704118
00054725.jpg,0.7386941,0.763119
00043990.jpg,0.77877814,0.6828464
00021088.jpg,0.766796,0.7912576
00001151.jpg,0.81654483,0.8894678
00035110.jpg,0.70154655,0.6967022
00022132.jpg,0.85314107,0.8590546
00013162.jpg,0.9046344,0.864453
00034386.jpg,0.59106135,0.6114104
626a3711b885a310.jpg,0.8270593,0.78899086
00053300.jpg,0.75333416,0.6917946
00042145.jpg,0.7739794,0.9110724
00012774.jpg,0.7112185,0.7206658
n04166281_6507.jpg,0.8262831,0.76086956
000000115379.jpg,0.79487085,0.74698794
00056293.jpg,0.7080421,0.806452
00012498.jpg,0.6756698,0.6364284
00039876.jpg,0.716125,0.6316332
00032592.jpg,0.7313691,0.8123902
00033012.jpg,0.78915024,0.6954
00016493.jpg,0.8069769,0.8918414
00017568.jpg,0.7408063,0.8425884
00003450.jpg,0.76056194,0.881441
00014094.jpg,0.68526596,0.8426206
00046369.jpg,0.80542123,0.8104374
00038860.jpg,0.8422726,0.8260082
00045331.jpg,0.7457541,0.701786
00017164.jpg,0.71344376,0.7550356
00054920.jpg,0.814196,0.7731904
00004374.jpg,0.7001978,0.7683198
00011455.jpg,0.73151207,0.8516648
00006938.jpg,0.75641453,0.6980166
00041900.jpg,0.6487433,0.768825
00055808.jpg,0.84797597,0.8338868
00008964.jpg,0.7470505,0.7333264
00003694.jpg,0.87292135,0.8686862
00018907.jpg,0.7928184,0.7347822
00019126.jpg,0.6892427,0.763778
00054114.jpg,0.6491649,0.7045882
00049151.jpg,0.8019915,0.786296
00040613.jpg,0.73218143,0.755091
00004846.jpg,0.7574115,0.7492406
00046887.jpg,0.7834022,0.8849214
00032882.jpg,0.87966573,0.9040164
00023179.jpg,0.8697822,0.9416438
00011839.jpg,0.83561164,0.9862262
00048766.jpg,0.703755,0.7958876
00015537.jpg,0.71333176,0.7084432
00056009.jpg,0.78175485,0.7527988
00036472.jpg,0.74415827,0.8550776
00023769.jpg,0.8340832,0.836163
00002905.jpg,0.8380411,0.873798
00049605.jpg,0.6238679,0.6839528
00039179.jpg,0.70200014,0.680489
00054994.jpg,0.836012,0.8402488
00005604.jpg,0.69839436,0.6961032
00040267.jpg,0.7382623,0.6164856
000000369295.jpg,0.7104204,0.75
00003952.jpg,0.80207163,0.810102
00055431.jpg,0.9095479,0.8980824
00045539.jpg,0.64665437,0.6948166
00031209.jpg,0.71336246,0.809773
00039348.jpg,0.6956477,0.9055082
00012892.jpg,0.8995253,0.8539738
00038946.jpg,0.84997696,0.850885
00058071.jpg,0.8344756,0.8457448
00031819.jpg,0.6871648,0.742621
00043445.jpg,0.73412645,0.7420154
00054101.jpg,0.6801456,0.640238
00015351.jpg,0.6498021,0.8050084
n04335435_13810.jpg,0.7549743,0.84782606
00053534.jpg,0.7022704,0.8495688
00026732.jpg,0.6669061,0.6722448
00058147.jpg,0.70245564,0.778075
00039530.jpg,0.7775895,0.691813
00045387.jpg,0.69948834,0.703193
542429bec668190a.jpg,0.5617907,0.4787234
00019042.jpg,0.706732,0.6800386
00047024.jpg,0.77129626,0.8119686
00028455.jpg,0.82902724,0.7371034
0cb561aef1e16beb.jpg,0.75866926,0.63095236
n02934451_21207.jpg,0.66473085,0.8041237
00045624.jpg,0.6893465,0.6926474
00045935.jpg,0.7513815,0.8085984
00041634.jpg,0.7753587,0.646356
00023105.jpg,0.70263916,0.7433418
00008587.jpg,0.7667723,0.7586406
00019638.jpg,0.85614663,0.9131988
000000102190.jpg,0.64892524,0.6752137
00031293.jpg,0.8178073,0.8053344
00021251.jpg,0.7083265,0.8238684
00008741.jpg,0.77689815,0.8478454
00012808.jpg,0.7745218,0.909038
00024728.jpg,0.7322774,0.7303066
00046942.jpg,0.75905806,0.7791574
00001248.jpg,0.7442583,0.8080406
00040118.jpg,0.76165235,0.7027804
00005725.jpg,0.9100934,0.822217
00036772.jpg,0.85862505,0.9208878
00008027.jpg,0.79112417,0.7239662
00052818.jpg,0.8551047,0.7782206
00026074.jpg,0.7763366,0.6972406
00050292.jpg,0.6355452,0.6982174
00028157.jpg,0.7721441,0.8678064
00005700.jpg,0.5910474,0.6771508
00051612.jpg,0.74650383,0.8259442
00019762.jpg,0.71467596,0.7823286
00051772.jpg,0.80644226,0.6273048
00022730.jpg,0.668689,0.7554952
00036859.jpg,0.57853484,0.6427122
00001559.jpg,0.666126,0.467168
00011728.jpg,0.66157836,0.7265314
sun_arusttoegilizoqz.jpg,0.6332593,0.6106195
00042983.jpg,0.67824715,0.5520854
000000051831.jpg,0.7788648,0.8695652
00026747.jpg,0.8120767,0.8311608
00036767.jpg,0.7353653,0.7574602
00005166.jpg,0.70094544,0.5722734
00040134.jpg,0.7333482,0.5650368
00020584.jpg,0.8051588,0.7484256
00045211.jpg,0.86830676,0.7345174
00023934.jpg,0.7707952,0.7505962
00002147.jpg,0.73860824,0.7452142
00050739.jpg,0.88856936,0.9339552
00044652.jpg,0.69800454,0.75482
00040545.jpg,0.65236735,0.5974662
00024681.jpg,0.661992,0.7351488
00011663.jpg,0.77266484,0.8423616
n03384352_4313.jpg,0.8111112,0.8125
00008484.jpg,0.7688332,0.7463438
00026754.jpg,0.7935283,0.8633812
00025871.jpg,0.75955796,0.8871948
00035084.jpg,0.68411964,0.8025096
00030259.jpg,0.7158356,0.6771618
00037717.jpg,0.62431306,0.6671252
n02342885_1960.jpg,0.8353753,0.85882354
00052852.jpg,0.8166904,0.852757
00006284.jpg,0.7506019,0.8116316
00027862.jpg,0.74160486,0.8204442
00034249.jpg,0.64383876,0.8040734
00056612.jpg,0.89107877,0.9168548
00009121.jpg,0.8281986,0.761031
00032817.jpg,0.6906376,0.6951844
00036700.jpg,0.5858363,0.503741
00046600.jpg,0.6675936,0.6364646
00009196.jpg,0.72338146,0.7135416
00017153.jpg,0.61214334,0.5594218
00032543.jpg,0.8355211,0.7965992
00034268.jpg,0.78396595,0.6532136
00021507.jpg,0.7650033,0.8933848
00050605.jpg,0.6779247,0.8235762
00045507.jpg,0.7242497,0.8221224
00003920.jpg,0.6354085,0.6664782
000000431376.jpg,0.7983367,0.79787236
00039335.jpg,0.7051356,0.6961356
00027838.jpg,0.67488456,0.7133872
00020250.jpg,0.6917653,0.8548298
00039871.jpg,0.70461464,0.8567154
00025876.jpg,0.805714,0.9172192
00007050.jpg,0.5781501,0.70971
00029967.jpg,0.68252003,0.6375932
00000394.jpg,0.7719464,0.7700706
n09428293_17140.jpg,0.55336076,0.46938777
00026375.jpg,0.78274775,0.9131228
00022293.jpg,0.64863193,0.7077284
00017949.jpg,0.72336245,0.6340234
n02133161_1066.jpg,0.6685873,0.6111111
00005915.jpg,0.90531695,0.958308
00040539.jpg,0.6494656,0.7285814
00031324.jpg,0.734123,0.7026456
00011677.jpg,0.88276994,0.9731578
00022725.jpg,0.83618045,0.8562972
00054812.jpg,0.73937064,0.8430596
00037091.jpg,0.7827529,0.9432788
00010713.jpg,0.7474824,0.7959338
00024478.jpg,0.5664768,0.586514
00000406.jpg,0.83892125,0.8482666
00041347.jpg,0.8005363,0.7531368
00036458.jpg,0.6736537,0.730212
n01811909_3873.jpg,0.8145224,0.8118812
00044698.jpg,0.83313084,0.9036124
n09309168_2076.jpg,0.70013404,0.6976744
00014536.jpg,0.8188059,0.863575
00054051.jpg,0.86034715,0.8630966
00019228.jpg,0.83161694,0.8205232
00034854.jpg,0.7412286,0.7934022
00037601.jpg,0.76370364,0.8376488
00020535.jpg,0.8192667,0.8720032
n07716358_18492.jpg,0.9220375,0.972973
00019588.jpg,0.8412924,0.9064452
00054264.jpg,0.8315196,0.8503564
076078740387b572.jpg,0.78755015,0.8333333
sun_akriyetrhoopjsdy.jpg,0.5290792,0.60714287
00029294.jpg,0.66951513,0.5876172
00004907.jpg,0.5707139,0.4890304
00033209.jpg,0.6924059,0.7398744
00036622.jpg,0.6411644,0.7172656
00016364.jpg,0.8091097,0.8285628
00001792.jpg,0.763433,0.8606504
00044583.jpg,0.7849578,0.7049378
00005647.jpg,0.6928266,0.8057154
00053030.jpg,0.78554046,0.9012316
00002281.jpg,0.7977628,0.8134304
00055441.jpg,0.6874494,0.78799
00033949.jpg,0.62146384,0.5908378
00006974.jpg,0.64194316,0.3993564
00003530.jpg,0.7591914,0.8694924
00029322.jpg,0.71214324,0.658746
00024388.jpg,0.72088784,0.79677
00012278.jpg,0.74077034,0.7661784
00008473.jpg,0.8418877,0.9071932
e04b7724f7319907.jpg,0.8543165,0.9207921
00015139.jpg,0.7232208,0.8126272
00046776.jpg,0.7580492,0.8084328
00018885.jpg,0.6950357,0.6958
00039471.jpg,0.7232834,0.6824584
00016684.jpg,0.868867,0.9735042
00014401.jpg,0.84793574,0.9195864
00024192.jpg,0.816636,0.7785476
00033138.jpg,0.51547885,0.4293128
566b48d18b5d1ffc.jpg,0.51841074,0.5754717
00035454.jpg,0.6111412,0.7107476
00055225.jpg,0.8018329,0.8100238
00011486.jpg,0.80049086,0.8445978
00020309.jpg,0.7823045,0.8333456
00010888.jpg,0.65829116,0.6662072
00002086.jpg,0.65581524,0.5506322
00021042.jpg,0.7833997,0.8403634
00052981.jpg,0.67544544,0.6898696
00028512.jpg,0.86037874,0.7860644
00033235.jpg,0.61846447,0.7416274
00021565.jpg,0.6063069,0.6469684
00006514.jpg,0.58136123,0.4597802
00056375.jpg,0.808825,0.850143
00034764.jpg,0.6844547,0.508669
00016788.jpg,0.6349375,0.6140864
00051681.jpg,0.69400346,0.7011194
00032225.jpg,0.8765013,0.8602674
00055996.jpg,0.6606826,0.691778
00020719.jpg,0.72455925,0.7899842
00026739.jpg,0.82644475,0.873589
00010208.jpg,0.80627763,0.920828
00057694.jpg,0.5804961,0.7883298
00006308.jpg,0.77728045,0.7851716
00047505.jpg,0.6289714,0.7069386
00034527.jpg,0.7320938,0.691525
00023845.jpg,0.6268188,0.6611066
00038175.jpg,0.66727316,0.5524912
00041075.jpg,0.7723093,0.7211712
00002793.jpg,0.90060097,0.9373306
00028666.jpg,0.7790472,0.9013474
00056730.jpg,0.80685556,0.8156488
00000499.jpg,0.7269589,0.7203282
00000857.jpg,0.7717396,0.7860132
00041270.jpg,0.6103296,0.6361038
00024947.jpg,0.8273419,0.8601272
00024481.jpg,0.72999895,0.7408296
00021256.jpg,0.7430786,0.7621364
00024572.jpg,0.70390964,0.6445456
00013593.jpg,0.7140733,0.800995
00004836.jpg,0.8811039,0.9177758
n04610013_17134.jpg,0.69968295,0.82222223
00023855.jpg,0.8509635,0.8338278
00008764.jpg,0.85876715,0.8615194
00026335.jpg,0.8309479,0.8529722
000000129722.jpg,0.78325653,0.9029126
00021403.jpg,0.7387881,0.646672
00040886.jpg,0.6381844,0.666818
00017591.jpg,0.712503,0.827238
5c5e8f097fa56b06.jpg,0.6217495,0.4528302
00057358.jpg,0.8909967,0.9598938
00012863.jpg,0.9073507,0.8078186
00015923.jpg,0.7339513,0.7416678
00050083.jpg,0.8242552,0.9138462
00005018.jpg,0.75767225,0.755709
00036125.jpg,0.6749603,0.7247674
00022857.jpg,0.5433569,0.659327
00042159.jpg,0.8339982,0.9601166
n01846331_5309.jpg,0.7618494,0.72289157
00008745.jpg,0.7588365,0.8081236
00012533.jpg,0.7065337,0.7475862
n07720875_8835.jpg,0.7958473,0.9310345
00014141.jpg,0.7823378,0.8151956
00008639.jpg,0.87694913,0.919968
00037433.jpg,0.7699996,0.905295
00021821.jpg,0.8189438,0.9746612
00035841.jpg,0.8211377,0.894329
00025846.jpg,0.6721202,0.8261154
00056030.jpg,0.9741354,0.9436648
00000602.jpg,0.8580422,0.8766984
00011548.jpg,0.7050525,0.8156922
00052710.jpg,0.81295764,0.881665
00017876.jpg,0.75255615,0.8325882
00000462.jpg,0.7685546,0.9043446
00032077.jpg,0.80313724,0.7876536
00012123.jpg,0.6431083,0.5998566
00056263.jpg,0.7159905,0.7473108
000000282583.jpg,0.89056826,0.9230769
00029144.jpg,0.7167766,0.7327522
00012912.jpg,0.7697501,0.9122184
00027300.jpg,0.70995873,0.7067184
00017680.jpg,0.8402313,0.883012
n09308572_152.jpg,0.6742035,0.7943925
00037463.jpg,0.7505152,0.751744
00010419.jpg,0.6244407,0.6775352
00003057.jpg,0.70806456,0.5133722
00034809.jpg,0.58726156,0.6008082
00011216.jpg,0.7662453,0.7795652
00040079.jpg,0.72835404,0.6960788
00048624.jpg,0.84316564,0.812919
00032404.jpg,0.8177743,0.845906
ed4ccd8a49df17f4.jpg,0.58103293,0.5652174
00053579.jpg,0.8714649,0.8880026
00038211.jpg,0.66850436,0.6254368
00049463.jpg,0.8016849,0.764702
00014828.jpg,0.8583175,0.8804566
00003162.jpg,0.7029204,0.7390406
n02878222_49287.jpg,0.6814841,0.5963303
00031622.jpg,0.6128211,0.622552
000000250498.jpg,0.89350593,0.9431818
00002969.jpg,0.92464113,0.9681528
00021312.jpg,0.8248334,0.9139314
00015799.jpg,0.76250434,0.7427882
00026906.jpg,0.8265178,0.8638792
00044723.jpg,0.8043445,0.8445074
00000569.jpg,0.6022048,0.5780588
00006578.jpg,0.77905774,0.705345
00058440.jpg,0.55240995,0.480728
00004200.jpg,0.7163503,0.5761254
00007187.jpg,0.7850368,0.6838468
00029125.jpg,0.7464377,0.4121522
00003310.jpg,0.6492741,0.6781612
00005013.jpg,0.7378739,0.7626942
00031788.jpg,0.5933458,0.5814214
sun_aazwxarwchtbkpuq.jpg,0.6216448,0.72115386
00044115.jpg,0.7089098,0.698887
00055432.jpg,0.5287635,0.8194218
00020698.jpg,0.71764225,0.7287278
00047237.jpg,0.7969034,0.8526366
000000505128.jpg,0.6981405,0.73636365
00002135.jpg,0.8905393,0.8219254
00014540.jpg,0.68228376,0.7299928
00035670.jpg,0.5661032,0.6501042
00056241.jpg,0.76673526,0.8078678
00044874.jpg,0.7897755,0.8185964
00050151.jpg,0.7222314,0.6182372
00043613.jpg,0.7426567,0.6716656
00025859.jpg,0.6306056,0.637258
00034485.jpg,0.7288784,0.761053
00031364.jpg,0.73346305,0.8740476
n02332755_687.jpg,0.78226566,0.8737864
5c10d610aac84184.jpg,0.6928493,0.57281554
n02129165_10931.jpg,0.86468047,0.8695652
00031436.jpg,0.79108787,0.852621
00028030.jpg,0.5884414,0.6510506
00022309.jpg,0.7405768,0.8085346
00007193.jpg,0.9115229,0.9061114
00014830.jpg,0.65424794,0.6702632
000000506710.jpg,0.6955172,0.8981481
00013444.jpg,0.6836215,0.6814932
00002718.jpg,0.77889276,0.7321842
00018935.jpg,0.7508936,0.4710656
00040581.jpg,0.7560217,0.787084
00040126.jpg,0.6340109,0.4954054
00024933.jpg,0.55082554,0.5258158
00050789.jpg,0.793024,0.8599322
00035222.jpg,0.62069833,0.5632112
00018398.jpg,0.7387262,0.8247328
00004569.jpg,0.88810855,0.9854762
00030211.jpg,0.70902395,0.8288748
00011400.jpg,0.78660625,0.8968202
b88c3f8a5433bd1d.jpg,0.7901985,0.9263158
00018673.jpg,0.65166235,0.6839298
00005722.jpg,0.8787616,0.7484154
00047350.jpg,0.7835315,0.7672582
00030789.jpg,0.565155,0.5394532
00040277.jpg,0.7186521,0.5312684
00048247.jpg,0.7971043,0.7411144
n09359803_40945.jpg,0.5641878,0.6179775
00000251.jpg,0.661926,0.5743586
n00464894_17474.jpg,0.78286874,0.6814159
00019566.jpg,0.7946701,0.8825222
n04166281_21224.jpg,0.7862494,0.83035713
00029832.jpg,0.7035251,0.520464
00003303.jpg,0.71626526,0.7110638
00053172.jpg,0.7558761,0.8884216
00056163.jpg,0.67193294,0.7182074
00036735.jpg,0.6951529,0.6542026
00030570.jpg,0.80939376,0.9544078
00026138.jpg,0.74295104,0.8926068
00023464.jpg,0.8014949,0.7447566
00010129.jpg,0.6992594,0.7428558
00034095.jpg,0.62990487,0.5243888
00026550.jpg,0.6934912,0.8130414
00029490.jpg,0.77142817,0.804315
00015060.jpg,0.7609751,0.9080634
00033972.jpg,0.73210764,0.6144384
00007667.jpg,0.71032345,0.7253688
00027808.jpg,0.89814705,0.9160902
00019735.jpg,0.5693139,0.622866
00023932.jpg,0.63317716,0.7140936
n07801508_7358.jpg,0.83951294,0.8736842
00010362.jpg,0.72586054,0.709872
00013244.jpg,0.7883428,0.7620472
00043727.jpg,0.7112411,0.6708174
00017295.jpg,0.8696849,0.9031808
00043663.jpg,0.59275156,0.5182438
00031587.jpg,0.6841478,0.7817988
00023778.jpg,0.8694612,0.801565
00017651.jpg,0.8167059,0.904669
00041816.jpg,0.6578162,0.6476638
00050041.jpg,0.83291423,0.8949506
00058603.jpg,0.7243756,0.7273982
00047844.jpg,0.6586423,0.7838088
00046927.jpg,0.81024474,0.825607
00001424.jpg,0.7797103,0.7590716
00042697.jpg,0.8183672,0.7490118
00019702.jpg,0.6911583,0.6932596
00011945.jpg,0.6259412,0.570607
n02834778_4359.jpg,0.7007736,0.4117647
00038826.jpg,0.89339405,0.7589794
00025497.jpg,0.7238487,0.6538888
00050718.jpg,0.80679846,0.9668642
00042549.jpg,0.8346878,0.9948718
00011373.jpg,0.66632414,0.6313894
00025207.jpg,0.6044438,0.6193064
00049184.jpg,0.575461,0.6984178
00042430.jpg,0.7869507,0.7679678
00016283.jpg,0.6366854,0.5480348
00005593.jpg,0.64582324,0.5176578
00034615.jpg,0.62282753,0.660673
00057433.jpg,0.64467704,0.7062608
00036228.jpg,0.6543187,0.654304
n00439826_6113.jpg,0.77060914,0.7155963
00005599.jpg,0.79183555,0.8335662
00057374.jpg,0.77839255,0.687168
00001312.jpg,0.74782324,0.7540792
00022031.jpg,0.8281143,0.865828
00016826.jpg,0.70054954,0.7795406
00050911.jpg,0.693841,0.6915042
00037256.jpg,0.7183823,0.7522638
00029757.jpg,0.80041796,0.7364614
00055684.jpg,0.827753,0.8398156
00020633.jpg,0.7199978,0.665329
00053127.jpg,0.7632952,0.893994
00054770.jpg,0.79377794,0.7593086
00001642.jpg,0.83711314,0.9705444
00021142.jpg,0.8079434,0.9167
00040945.jpg,0.695317,0.7618136
00020620.jpg,0.7967157,0.878275
00028272.jpg,0.85897315,0.8094724
00011894.jpg,0.642385,0.600797
087dbe6470966500.jpg,0.620005,0.7669903
00021916.jpg,0.84839284,0.8957088
00042511.jpg,0.69664794,0.8072978
00034510.jpg,0.6246759,0.544043
00045215.jpg,0.6830224,0.7617186
00049377.jpg,0.81288993,0.7811864
00011883.jpg,0.7979562,0.8605312
00026663.jpg,0.8119403,0.9113704
00045619.jpg,0.8245754,0.8538638
00045120.jpg,0.66476613,0.6962422
00058674.jpg,0.75860703,0.890644
00037812.jpg,0.643643,0.6381532
00050252.jpg,0.76874626,0.765499
00010107.jpg,0.62421143,0.64086
00014269.jpg,0.65474576,0.5667846
00009144.jpg,0.7933406,0.7516644
00044315.jpg,0.7427905,0.7984356
n02389261_12063.jpg,0.8199401,0.6630435
00058494.jpg,0.6571069,0.7790608
00036018.jpg,0.57345855,0.538721
00047475.jpg,0.7071246,0.701972
n03512147_23450.jpg,0.72530735,0.752809
00008302.jpg,0.78364146,0.8777178
00055803.jpg,0.7776897,0.7737664
00005846.jpg,0.6878322,0.6149498
00054840.jpg,0.6352973,0.6900082
00044442.jpg,0.7013923,0.621844
00047018.jpg,0.8330685,0.8947986
00026145.jpg,0.7060418,0.8194056
00032265.jpg,0.8000287,0.8315204
00007139.jpg,0.5548803,0.7049978
00044927.jpg,0.7728371,0.6871322
00043571.jpg,0.65125537,0.7138176
sun_axdytypgqeudktof.jpg,0.5649246,0.46226415
00056404.jpg,0.7821573,0.7287546
00044579.jpg,0.71289945,0.6160904
00040486.jpg,0.66417456,0.7050618
140ad20c487e1a55.jpg,0.74473554,0.5980392
00023303.jpg,0.6081156,0.5569568
00002733.jpg,0.8160161,0.8494004
000000489186.jpg,0.7186538,0.59183675
00039716.jpg,0.8177397,0.7881588
00011413.jpg,0.74431694,0.7731864
00030359.jpg,0.7694761,0.8578392
00001929.jpg,0.74051857,0.7494378
00010668.jpg,0.83508945,0.8642588
00026656.jpg,0.8053117,0.755468
00026806.jpg,0.7072436,0.6994384
00055988.jpg,0.57087946,0.600533
00025595.jpg,0.7945591,0.8422382
00027386.jpg,0.76226676,0.6846944
00008154.jpg,0.78085697,0.8338912
00015075.jpg,0.5195489,0.5499898
00002901.jpg,0.6643207,0.7264082
00012686.jpg,0.7386162,0.6808274
00005312.jpg,0.80514693,0.5502764
00019436.jpg,0.7328868,0.8534894
00053670.jpg,0.78708357,0.8691384
00018827.jpg,0.66354007,0.7031402
00055506.jpg,0.6598888,0.7976304
00052560.jpg,0.7756284,0.8201946
00012640.jpg,0.63056815,0.7240536
00010874.jpg,0.66581666,0.510283
00053143.jpg,0.86921185,0.9379298
00053817.jpg,0.57159185,0.4951516
00032235.jpg,0.7433493,0.79863
00006254.jpg,0.59583896,0.6058362
00018840.jpg,0.63184875,0.5742236
00002913.jpg,0.7683475,0.8626936
00024993.jpg,0.82044196,0.8577972
00047910.jpg,0.749123,0.8350992
000000253890.jpg,0.8331628,0.9117647
00007809.jpg,0.64972246,0.5396426
00025459.jpg,0.67622036,0.620694
00058525.jpg,0.6881257,0.654635
00031251.jpg,0.7148402,0.7392586
00019173.jpg,0.7167694,0.724895
00045773.jpg,0.8142484,0.779442
00011855.jpg,0.6978054,0.5880026
000000296876.jpg,0.64371,0.6213592
n07753592_11999.jpg,0.86943215,0.8125
00056661.jpg,0.92752194,0.9047436
00021842.jpg,0.8009541,0.8497516
00000878.jpg,0.70494866,0.6429708
00052494.jpg,0.7180358,0.7990908
80f83da8bdc0ae70.jpg,0.8790473,0.8595041
n02118333_9751.jpg,0.852071,0.8490566
00024450.jpg,0.6928256,0.7611834
00058694.jpg,0.7599429,0.8214446
00006493.jpg,0.7949897,0.944744
00016508.jpg,0.58778954,0.5590306
00051156.jpg,0.6163235,0.6489742
00018972.jpg,0.68249166,0.8009802
00050061.jpg,0.90152806,0.9503856
00041067.jpg,0.67027974,0.7017388
00008165.jpg,0.60847604,0.594248
00006926.jpg,0.7228023,0.8971118
00046647.jpg,0.7270977,0.7043326
00013216.jpg,0.77375734,0.8220954
00012872.jpg,0.74864435,0.783723
00019286.jpg,0.6374988,0.7991256
00034438.jpg,0.66168433,0.6562614
00009061.jpg,0.8275472,0.8278416
00000308.jpg,0.7446974,0.7194378
00028355.jpg,0.8637718,0.7249674
00029221.jpg,0.804867,0.6713858
00011684.jpg,0.8089621,0.9019994
00031460.jpg,0.8198957,0.8109486
00037447.jpg,0.80474997,0.8892042
00015245.jpg,0.84711415,0.8892376
00028854.jpg,0.6210407,0.6082978
00005171.jpg,0.7269126,0.74223
00006013.jpg,0.7407563,0.8252678
00002904.jpg,0.89403236,0.8820494
00031482.jpg,0.6660628,0.6939048
00008282.jpg,0.6976192,0.6997524
00010406.jpg,0.73468137,0.6871608
00028873.jpg,0.82245535,0.8459624
n07696625_306.jpg,0.79662585,0.7920792
00026232.jpg,0.6857523,0.643277
00007529.jpg,0.86693364,0.8443978
00014048.jpg,0.6598845,0.7178072
00042416.jpg,0.72977257,0.7521032
00011545.jpg,0.8436326,0.8578038
00009649.jpg,0.6710943,0.698488
00043025.jpg,0.69540554,0.6987392
sun_acpeqjxleuzrimeg.jpg,0.49978197,0.625
00049069.jpg,0.8718584,0.9024216
00016855.jpg,0.7810173,0.6580482
00055659.jpg,0.634286,0.6057576
00035925.jpg,0.6237374,0.8070678
00055733.jpg,0.8078551,0.7885666
00006140.jpg,0.64575386,0.7391898
00030979.jpg,0.77646637,0.8658152
n09288635_59.jpg,0.68585676,0.6956522
00021400.jpg,0.8489304,0.8695094
00028968.jpg,0.7646935,0.7578942
00022586.jpg,0.81155735,0.885455
eb54616eb4614fce.jpg,0.5931782,0.6168224
00002338.jpg,0.63871753,0.680349
00029606.jpg,0.7916572,0.9030806
00015184.jpg,0.7935039,0.970189
00012324.jpg,0.7986431,0.7902466
00043435.jpg,0.68670225,0.6196176
n01846331_613.jpg,0.7291436,0.8210526
00023117.jpg,0.8227946,0.889064
00001271.jpg,0.7131066,0.7316658
00057132.jpg,0.7969054,0.867851
00015128.jpg,0.833192,0.8051026
39281457d47792e2.jpg,0.8342916,0.9074074
00045721.jpg,0.67179173,0.6667734
00041897.jpg,0.63147485,0.6655086
00017263.jpg,0.6837927,0.7059666
00006237.jpg,0.77651894,0.7340172
n02342885_10583.jpg,0.8436564,0.9259259
00035735.jpg,0.6240443,0.7358104
00048848.jpg,0.6935575,0.6038154
00006291.jpg,0.7256616,0.794368
00006518.jpg,0.73063713,0.743695
00025167.jpg,0.6590705,0.8807586
00045338.jpg,0.74248767,0.7571234
00010994.jpg,0.6018194,0.4939016
00002335.jpg,0.7449935,0.694186
00021554.jpg,0.86017287,0.8600166
00000502.jpg,0.78903145,0.7724334
000000207509.jpg,0.82213664,0.9484536
00040615.jpg,0.7949225,0.8031616
00054130.jpg,0.576929,0.6053184
00034793.jpg,0.6960621,0.8068192
00028827.jpg,0.79265356,0.7279896
n02389261_7723.jpg,0.80419654,0.74747473
00053999.jpg,0.7880981,0.7144162
00056692.jpg,0.77711976,0.7977534
00012050.jpg,0.75592107,0.8148326
00004551.jpg,0.78313166,0.899497
00022881.jpg,0.88203204,0.8345302
000000535369.jpg,0.80374783,0.875
000000097778.jpg,0.75355095,0.7078652
00026363.jpg,0.8100977,0.8352524
00015026.jpg,0.5876837,0.5936482
00018489.jpg,0.8324503,0.8039196
00033862.jpg,0.75018686,0.6956604
00054224.jpg,0.6883384,0.804055
00036137.jpg,0.72361445,0.7468474
00019271.jpg,0.7633549,0.732829
n00439826_6812.jpg,0.7817291,0.8426966
00053001.jpg,0.8049797,0.873634
000000492102.jpg,0.80228406,0.8130841
00040236.jpg,0.64372516,0.6236294
00005123.jpg,0.594846,0.4788206
00002417.jpg,0.8003116,0.8024814
00005257.jpg,0.8514033,0.8474014
af398033fcc3c41d.jpg,0.551801,0.3939394
00043530.jpg,0.6759318,0.6362288
00022670.jpg,0.7735492,0.732737
00018707.jpg,0.5873157,0.5166738
00023528.jpg,0.9293408,0.8768144
00042033.jpg,0.7434759,0.6862896
00015853.jpg,0.7758878,0.7942424
n07849336_22329.jpg,0.83298934,0.89166665
00020093.jpg,0.77620554,0.6651598
00004492.jpg,0.5735454,0.5305226
00026292.jpg,0.74684894,0.894208
n07574602_22829.jpg,0.8015328,0.7894737
00009403.jpg,0.7665948,0.675228
00056567.jpg,0.6894233,0.788285
00048205.jpg,0.63498056,0.5975624
00047366.jpg,0.78483963,0.8102922
00002880.jpg,0.79466295,0.9067874
00039138.jpg,0.63953936,0.7900902
n09270735_8900.jpg,0.5673394,0.44761905
00006298.jpg,0.80677116,0.8610374
00053800.jpg,0.82782555,0.832996
00003430.jpg,0.5977177,0.5062938
00013136.jpg,0.723421,0.8325306
00026388.jpg,0.7019383,0.7196252
000000135244.jpg,0.75895166,0.7570093
00044817.jpg,0.7567761,0.776504
sun_ayulsueazkzcibcx.jpg,0.50860536,0.4883721
00036150.jpg,0.6954498,0.7824254
00018760.jpg,0.6965812,0.8540492
000000126319.jpg,0.7382911,0.7307692
00043188.jpg,0.67129815,0.5623074
n07801091_66147.jpg,0.6611705,0.49137932
00046542.jpg,0.69539344,0.7483606
00043428.jpg,0.65355015,0.7489018
00035954.jpg,0.5780791,0.6538894
00050635.jpg,0.6346347,0.7496514
00052939.jpg,0.8322886,0.8151118
00022108.jpg,0.80007017,0.7493456
00024735.jpg,0.65104616,0.5934168
00035132.jpg,0.7400381,0.58983
9dab048bfbdd7bbb.jpg,0.5495,0.5913978
00037545.jpg,0.66770214,0.8411882
00010544.jpg,0.7397867,0.6791682
n07716358_24443.jpg,0.94788337,0.9222222
00009349.jpg,0.8360903,0.890347
00054562.jpg,0.8849044,0.8892858
00035703.jpg,0.6086674,0.5653448
00019905.jpg,0.64411676,0.5442272
00003696.jpg,0.6895529,0.6032426
00049960.jpg,0.76228285,0.907486
00021931.jpg,0.6198162,0.7483284
68e14a4429132391.jpg,0.71068895,0.7425743
00018280.jpg,0.62171996,0.7321984
00000578.jpg,0.84723246,0.8912064
00031881.jpg,0.7622096,0.7387194
00021481.jpg,0.6341324,0.5463578
00053984.jpg,0.6001981,0.5502326
n07880968_75.jpg,0.80827177,0.7816092
00034378.jpg,0.74922705,0.751667
00034565.jpg,0.7276478,0.795188
00040516.jpg,0.77822024,0.8636192
00007436.jpg,0.5945585,0.5268234
000000068063.jpg,0.7518193,0.8557692
00038058.jpg,0.7048422,0.7447706
00055212.jpg,0.82375085,0.8334024
00050859.jpg,0.7549424,0.6787208
00041117.jpg,0.71666795,0.8019532
00040679.jpg,0.77488285,0.820897
000000172211.jpg,0.7322339,0.7358491
00015234.jpg,0.6199606,0.609798
00035026.jpg,0.80320823,0.8162054
00049453.jpg,0.7210228,0.6635742
00030089.jpg,0.6288705,0.5867478
00003959.jpg,0.8601686,0.8439842
00053426.jpg,0.82060385,0.8222926
00012798.jpg,0.721735,0.6107522
00005792.jpg,0.8542075,0.8646444
n02118333_14515.jpg,0.8728043,0.9493671
00009248.jpg,0.83449686,0.9092146
00011271.jpg,0.8508103,0.9450904
00036650.jpg,0.64559734,0.7476096
00001278.jpg,0.7546667,0.7636476
00045424.jpg,0.75821316,0.7151362
00052950.jpg,0.78380454,0.794349
000000573632.jpg,0.8170274,0.93333334
00009507.jpg,0.50597966,0.4815968
00019766.jpg,0.7775624,0.7566128
00003926.jpg,0.8085858,0.8574532
00004762.jpg,0.82335573,0.8515434
00030639.jpg,0.81611204,0.8337502
00040188.jpg,0.719393,0.6742648
000000581557.jpg,0.8729267,0.8796296
00040864.jpg,0.69353586,0.80283
00023028.jpg,0.83397883,0.8495672
00027637.jpg,0.850566,0.7740034
00000275.jpg,0.8071331,0.7526568
00036325.jpg,0.6028169,0.5897514
00044473.jpg,0.7070708,0.7421488
00045245.jpg,0.5835656,0.546181
00042457.jpg,0.6008134,0.660641
00009304.jpg,0.5577499,0.614673
00021128.jpg,0.6968643,0.722738
00012300.jpg,0.79268897,0.9042616
00008016.jpg,0.65203905,0.7755048
00054098.jpg,0.8729203,0.8698326
00033307.jpg,0.8081176,0.7489988
00036262.jpg,0.595468,0.49349
00002547.jpg,0.75995684,0.7211982
00046797.jpg,0.7901124,0.8018108
00038442.jpg,0.7069991,0.7788574
00046400.jpg,0.8191562,0.9369564
00048388.jpg,0.72712326,0.7700062
00041232.jpg,0.7457193,0.7942726
00039766.jpg,0.65911525,0.8346756
00018256.jpg,0.68359977,0.7051772
00043594.jpg,0.57028925,0.6883756
00052275.jpg,0.9003372,0.9036198
00039122.jpg,0.70325595,0.7012264
00020828.jpg,0.7837332,0.8458116
n09376198_7849.jpg,0.5388691,0.3263158
n04349306_1353.jpg,0.7790237,0.8111111
00039031.jpg,0.65132755,0.7958408
00051420.jpg,0.8511654,0.8276722
00021619.jpg,0.86575156,0.8334396
00029341.jpg,0.81708455,0.6977958
00007964.jpg,0.76079947,0.8043032
00050649.jpg,0.7108617,0.7699178
00050881.jpg,0.778149,0.8405134
n07574602_25450.jpg,0.83512306,0.7346939
00050899.jpg,0.71619594,0.7329166
00015895.jpg,0.77090174,0.6882256
n00470966_18989.jpg,0.79521143,0.8131868
00009919.jpg,0.7371158,0.6915194
00048412.jpg,0.7334557,0.797753
00014792.jpg,0.83317757,0.8658832
00045416.jpg,0.74347913,0.7722876
00031660.jpg,0.74970305,0.7192734
00051136.jpg,0.82844406,0.9051684
00047772.jpg,0.6578766,0.6910464
00028978.jpg,0.7555902,0.7427246
00023240.jpg,0.646399,0.8316534
n07929519_34091.jpg,0.89382,0.9574468
00044588.jpg,0.6777889,0.6316236
00022620.jpg,0.59232074,0.5512392
00000719.jpg,0.73450804,0.7273066
00008733.jpg,0.81356394,0.848887
00000649.jpg,0.84670544,0.9155486
00053115.jpg,0.72484815,0.6201506
00012970.jpg,0.8536929,0.8313338
00043896.jpg,0.70708966,0.5996626
00052170.jpg,0.8583299,0.9078982
00023667.jpg,0.73379153,0.6945492
00031912.jpg,0.7665527,0.8337744
00040720.jpg,0.7380949,0.824449
00041980.jpg,0.7829681,0.84455
00032139.jpg,0.8514807,0.8568498
00056868.jpg,0.7445358,0.6663986
00032151.jpg,0.84359,0.788242
00016566.jpg,0.6745688,0.7623594
000000054082.jpg,0.77811724,0.75490195
00025702.jpg,0.79504025,0.8502436
n02946348_17589.jpg,0.6938865,0.8518519
00009913.jpg,0.8258418,0.8097626
n12345899_16261.jpg,0.7423685,0.8842105
00008104.jpg,0.6859762,0.545299
00029546.jpg,0.7713685,0.801777
00024283.jpg,0.65929115,0.7931636
00029698.jpg,0.7349856,0.889756
00025350.jpg,0.8759086,0.752075
00024036.jpg,0.8107635,0.8939362
00012039.jpg,0.8437058,0.705812
00054544.jpg,0.68033606,0.7503174
00016368.jpg,0.61120534,0.589796
000000394550.jpg,0.8351176,0.9174312
00052993.jpg,0.6887421,0.7909308
00007381.jpg,0.88711154,0.8071454
00055978.jpg,0.7886556,0.678679
00041473.jpg,0.7205231,0.813684
00022179.jpg,0.7106101,0.7707104
00013182.jpg,0.6482383,0.6260168
00016747.jpg,0.70412356,0.6336022
00028477.jpg,0.6176052,0.5812122
00044280.jpg,0.7596351,0.7184928
00048850.jpg,0.8234555,0.7895498
00053357.jpg,0.58959395,0.8237288
00037424.jpg,0.6780962,0.6965338
00032763.jpg,0.81519276,0.7954432
00017891.jpg,0.52187437,0.5597368
n07806221_23800.jpg,0.78030694,0.78125
00018295.jpg,0.7351965,0.670002
n04587559_11131.jpg,0.78868556,0.625
00012660.jpg,0.7163568,0.818115
00016802.jpg,0.6722509,0.5637416
00012427.jpg,0.77397454,0.8761368
00042092.jpg,0.8269874,0.9109602
00021216.jpg,0.79210335,0.8263678
00033161.jpg,0.7604281,0.7747606
00019542.jpg,0.83857083,0.7016234
00057693.jpg,0.832631,0.9329556
00016421.jpg,0.68578005,0.3691062
00046910.jpg,0.74449486,0.6740788
8041d5c6a1f2ea69.jpg,0.60180885,0.5660377
a6cff7d33b841d2f.jpg,0.72811335,0.8235294
00016765.jpg,0.7875474,0.9384908
00050593.jpg,0.8364929,0.9127492
00036232.jpg,0.8066431,0.8950686
00020006.jpg,0.79994315,0.90589
00006203.jpg,0.8593701,0.8537704
00009986.jpg,0.8328061,0.7951134
00007896.jpg,0.84951735,0.8632406
00046502.jpg,0.6415409,0.6798244
00058460.jpg,0.78939945,0.759177
00041855.jpg,0.7869439,0.874209
00037904.jpg,0.6790099,0.635466
00056517.jpg,0.7297606,0.7865812
00049963.jpg,0.6375401,0.6207232
00003295.jpg,0.69035697,0.7300244
00002519.jpg,0.7072036,0.7625078
00026968.jpg,0.7045816,0.7054558
00033063.jpg,0.76678383,0.9184862
00012042.jpg,0.7841084,0.9112914
00017015.jpg,0.7843329,0.7660998
00057703.jpg,0.7210285,0.7413672
00017207.jpg,0.79597783,0.7652788
00040955.jpg,0.63938296,0.4786202
00005250.jpg,0.8522795,0.7219072
00005782.jpg,0.79827774,0.7071968
00000114.jpg,0.8997196,0.8538936
00025464.jpg,0.5539652,0.5507878
00000261.jpg,0.926816,0.9510874
00056864.jpg,0.9100982,0.9296902
00047511.jpg,0.62822455,0.7629584
00058369.jpg,0.71341425,0.7079554
00043743.jpg,0.73392344,0.7763222
00040085.jpg,0.6569235,0.7441562
00048476.jpg,0.6553525,0.4602382
00006787.jpg,0.58491254,0.7281436
00054305.jpg,0.66688496,0.6778926
00031664.jpg,0.85793495,0.9379124
00000190.jpg,0.5617031,0.6515644
00042013.jpg,0.7914612,0.8779816
00031566.jpg,0.7312554,0.841661
00046928.jpg,0.6967151,0.6304934
00035363.jpg,0.5405224,0.5999248
00003655.jpg,0.81615955,0.8064546
00043968.jpg,0.7403255,0.8004886
00000357.jpg,0.846626,0.9089068
00045510.jpg,0.62678593,0.678775
00039261.jpg,0.7485057,0.6664574
00021242.jpg,0.81718767,0.8275684
00052510.jpg,0.7826638,0.7442774
n07594066_4726.jpg,0.819516,0.89361703
00048103.jpg,0.82280636,0.8815644
00034296.jpg,0.64385235,0.5831134
00018716.jpg,0.88754904,0.8643794
00055937.jpg,0.7803718,0.7649038
00054881.jpg,0.8737894,0.9239316
00016274.jpg,0.8306867,0.892738
00032590.jpg,0.7492088,0.8323834
00015227.jpg,0.77142894,0.7722212
00007483.jpg,0.70517117,0.8142172
00041076.jpg,0.8122099,0.8061482
00055700.jpg,0.81303215,0.8219728
n07594066_11707.jpg,0.8254349,0.7962963
00006794.jpg,0.8216979,0.8376236
00003083.jpg,0.8086785,0.7891114
00031016.jpg,0.7987926,0.8140582
00005822.jpg,0.790415,0.761262
00007568.jpg,0.63950074,0.726995
00015257.jpg,0.74811727,0.597567
00049145.jpg,0.8712441,0.9567558
00020254.jpg,0.7775893,0.9204542
00000268.jpg,0.78892684,0.7483732
00039945.jpg,0.80300945,0.744732
00045943.jpg,0.81725156,0.8433128
n04467665_28176.jpg,0.6892732,0.6969697
00013224.jpg,0.6614914,0.7408202
00056372.jpg,0.73254097,0.837353
00004726.jpg,0.806709,0.8770462
00014610.jpg,0.7211513,0.7679602
00026236.jpg,0.8034501,0.8216266
000000452908.jpg,0.707046,0.7787611
n02932891_9585.jpg,0.6396315,0.7113402
00025941.jpg,0.7412778,0.72743
00052416.jpg,0.76101935,0.9491642
00024948.jpg,0.80068266,0.8361472
00011429.jpg,0.56273854,0.6382572
0e9d7928364dce7e.jpg,0.78261644,0.76106197
n07720875_3464.jpg,0.8180963,0.90425533
n02324045_32254.jpg,0.792404,0.86315787
00055610.jpg,0.794234,0.698037
n09468604_88070.jpg,0.61604357,0.6796116
00051449.jpg,0.5576632,0.7645886
n07693725_3602.jpg,0.8777869,0.9292929
00040271.jpg,0.7127179,0.809228
00040527.jpg,0.66917753,0.6028074
00044968.jpg,0.71867675,0.7937452
00025535.jpg,0.8263237,0.7854124
00029241.jpg,0.6668401,0.5592542
00008144.jpg,0.61433715,0.4739488
n04166281_69.jpg,0.7816134,0.7522936
00037116.jpg,0.7503716,0.6455624
ed77196681372fcd.jpg,0.7511862,0.7
00012781.jpg,0.85275894,0.950665
00035729.jpg,0.67181873,0.4663876
00034280.jpg,0.5901836,0.546765
00026213.jpg,0.7807667,0.8122212
00044004.jpg,0.7119837,0.68528
00050290.jpg,0.5915741,0.7567216
00003737.jpg,0.7674815,0.8220266
00017958.jpg,0.60383314,0.6519874
00038246.jpg,0.7462122,0.7030086
00039645.jpg,0.7004118,0.673182
00040230.jpg,0.76260054,0.7741918
00026896.jpg,0.83182573,0.844903
00035089.jpg,0.6440639,0.7071638
n03594945_3171.jpg,0.7777256,0.8148148
00034340.jpg,0.68630445,0.6124164
n02793495_12207.jpg,0.71346873,0.82
00039682.jpg,0.7750982,0.6975924
000000359592.jpg,0.7744129,0.8981481
00015224.jpg,0.69324785,0.5455634
00031774.jpg,0.7530736,0.6420352
00020196.jpg,0.5827551,0.5473266
00007605.jpg,0.72239035,0.7169334
00027736.jpg,0.81284475,0.7570064
00017682.jpg,0.7662225,0.810081
00002345.jpg,0.64383674,0.5970648
00038146.jpg,0.6836683,0.7323512
00008065.jpg,0.6742463,0.6397362
00023261.jpg,0.742698,0.8548502
00006116.jpg,0.64050317,0.77713
00045920.jpg,0.6416551,0.6161042
00025858.jpg,0.6325168,0.6438742
00006202.jpg,0.72570187,0.6616628
00012035.jpg,0.8276108,0.8849566
n04465501_1033.jpg,0.77675694,0.8090909
00020324.jpg,0.59029466,0.5437868
n02324045_13525.jpg,0.7785868,0.8252427
00007796.jpg,0.87796605,0.9086454
00041170.jpg,0.7818149,0.796389
e470100eed3c6c1e.jpg,0.81745124,0.8586956
000000201698.jpg,0.7113919,0.7692308
00030983.jpg,0.7058004,0.6954858
00010799.jpg,0.88337857,0.903821
n07849336_21235.jpg,0.8128973,0.68041235
00004750.jpg,0.85444164,0.9240924
00038655.jpg,0.6852073,0.6466344
n09289331_7724.jpg,0.56480396,0.45918366
00007434.jpg,0.5964378,0.5341878
00044626.jpg,0.7775294,0.7600014
00027360.jpg,0.6246306,0.5054054
00010402.jpg,0.6603608,0.6502772
00048086.jpg,0.6560194,0.8287384
00004437.jpg,0.8817792,0.8676982
00044604.jpg,0.73603916,0.8253876
00053873.jpg,0.8331822,0.6957668
00026205.jpg,0.790798,0.7956542
00042220.jpg,0.69362724,0.624652
00010804.jpg,0.7963323,0.8031232
00001756.jpg,0.7210007,0.6290964
00005537.jpg,0.7210784,0.5892156
00023686.jpg,0.8861674,0.8416418
sun_ajwkskkzoxfeqyqi.jpg,0.54020154,0.50549453
00028985.jpg,0.78573096,0.7700708
00004700.jpg,0.8127096,0.787819
00054771.jpg,0.703186,0.7666476
00045901.jpg,0.7004682,0.7669312
00011434.jpg,0.87394726,0.7782004
00049347.jpg,0.79293025,0.8023728
00018876.jpg,0.7650143,0.6252004
00039586.jpg,0.83406395,0.8810372
00052400.jpg,0.8444067,0.861937
00047721.jpg,0.66848886,0.855774
n01791625_12948.jpg,0.7676066,0.9009009
00021871.jpg,0.83138466,0.8520768
00015587.jpg,0.7344175,0.8308822
00012165.jpg,0.70017385,0.811592
00000843.jpg,0.75079954,0.8385626
00015668.jpg,0.7285389,0.6916042
00056929.jpg,0.73869795,0.7349302
00028682.jpg,0.88218176,0.9418428
n02355227_12909.jpg,0.7745774,0.8061224
00054151.jpg,0.7483622,0.8004316
00024859.jpg,0.81883705,0.9213402
00011122.jpg,0.84226966,0.9157342
00048581.jpg,0.6577091,0.5814824
000000039971.jpg,0.74714327,0.77272725
00055904.jpg,0.71595156,0.4715566
00004835.jpg,0.9442625,0.9299662
00046707.jpg,0.6940539,0.5798868
00007647.jpg,0.6612321,0.5977474
00021068.jpg,0.7969775,0.8479478
00051512.jpg,0.8933535,0.8337814
00027379.jpg,0.78501743,0.8461614
00000586.jpg,0.838139,0.8158034
n02878222_12402.jpg,0.6630089,0.6535433
00020956.jpg,0.7078029,0.776001
00044919.jpg,0.6665928,0.756434
00034356.jpg,0.6891302,0.779367
00054539.jpg,0.6655979,0.7791392
00030030.jpg,0.6445602,0.714494
00000164.jpg,0.819833,0.7883348
00037587.jpg,0.7716812,0.6123948
00051631.jpg,0.8546821,0.8724118
00027287.jpg,0.6666025,0.5566274
00023537.jpg,0.78755385,0.8241632
n04461696_11028.jpg,0.75450516,0.7821782
00031230.jpg,0.6967291,0.4910466
00002891.jpg,0.8334105,0.8196582
00055346.jpg,0.5958878,0.5296318
00003144.jpg,0.6509952,0.7275032
n02793495_2868.jpg,0.58849967,0.62
00053110.jpg,0.67730427,0.6961146
00022269.jpg,0.783756,0.8185562
00035790.jpg,0.5988414,0.6030906
00027752.jpg,0.6177244,0.7669032
00028661.jpg,0.88204515,0.8744158
00033383.jpg,0.8135395,0.852072
00034121.jpg,0.6456399,0.548803
00027087.jpg,0.81164396,0.867018
n07720875_5177.jpg,0.9085067,0.96363634
00044446.jpg,0.77325493,0.7750524
00019308.jpg,0.6374365,0.6365352
00030664.jpg,0.6467053,0.7498116
00053742.jpg,0.78149986,0.7444622
00037295.jpg,0.68196535,0.6567148
00015570.jpg,0.75858426,0.8750008
00023135.jpg,0.66692406,0.7824558
00011848.jpg,0.8048736,0.7746772
00057614.jpg,0.70897937,0.7466182
00001842.jpg,0.72327566,0.7133458
00010620.jpg,0.7505784,0.7270984
00006612.jpg,0.7915549,0.874186
00006654.jpg,0.5650455,0.5213926
00028679.jpg,0.82797724,0.662319
00045020.jpg,0.7338546,0.7504544
n02793495_6295.jpg,0.5901427,0.46938777
00013561.jpg,0.8533485,0.8723484
00056429.jpg,0.6535008,0.6763542
00009282.jpg,0.8076663,0.8900018
00050447.jpg,0.87292594,0.9622474
00004771.jpg,0.72661704,0.6020096
00000037.jpg,0.8222987,0.769889
00043286.jpg,0.7517725,0.582633
00017922.jpg,0.7227864,0.6804116
00041030.jpg,0.66801584,0.5467302
00001080.jpg,0.7387333,0.7672274
00018960.jpg,0.739037,0.7643928
00012442.jpg,0.8218709,0.7393704
00009797.jpg,0.8135275,0.869998
00022978.jpg,0.8658507,0.8897298
00036254.jpg,0.68820345,0.634295
00020278.jpg,0.8667654,0.892149
00022392.jpg,0.58262414,0.4677936
00015394.jpg,0.70756555,0.8193436
n01846331_6555.jpg,0.79293555,0.73394495
00004721.jpg,0.7126477,0.4994216
00018552.jpg,0.754776,0.6678196
00036004.jpg,0.60935336,0.5265494
00005720.jpg,0.61729693,0.467143
00014992.jpg,0.61539674,0.5817772
00047690.jpg,0.76232475,0.8586232
00057410.jpg,0.90015084,0.8769024
n04335435_4637.jpg,0.70920867,0.7659575
00038692.jpg,0.5412539,0.4486706
00010970.jpg,0.75210005,0.7884754
00036549.jpg,0.63376284,0.5369668
00050357.jpg,0.7411151,0.7403624
00010491.jpg,0.5800963,0.6157294
00023786.jpg,0.7560181,0.7595174
00024853.jpg,0.7548069,0.718528
00018812.jpg,0.8253374,0.8768802
00025835.jpg,0.7855458,0.8608268
00052437.jpg,0.80862725,0.882744
03e15185cfaf3edf.jpg,0.84541136,0.91463417
00025663.jpg,0.5253999,0.5412876
00044811.jpg,0.72089463,0.6719726
n02332755_4207.jpg,0.83138657,0.88235295
00018874.jpg,0.74454105,0.673444
00018723.jpg,0.7413006,0.6593944
00049899.jpg,0.6854976,0.7938026
00008546.jpg,0.9172083,0.8865822
00050032.jpg,0.64759105,0.7697974
00051824.jpg,0.5588193,0.5453746
n07863374_16986.jpg,0.7929052,0.78
sun_aevfxnytbogyuawg.jpg,0.55306864,0.51428574
00020337.jpg,0.7809479,0.8853314
00001994.jpg,0.74296767,0.666349
00012222.jpg,0.7938429,0.8985976
00009246.jpg,0.7743851,0.8259908
00050594.jpg,0.6355798,0.8720618
00042187.jpg,0.6887636,0.7235
n01811909_4860.jpg,0.80865115,0.8
00016124.jpg,0.7368771,0.732271
00056182.jpg,0.66173613,0.7472628
00009689.jpg,0.867985,0.9500394
00012339.jpg,0.79681885,0.8246844
sun_aukiwgmfpeqonurb.jpg,0.5012131,0.38
00013345.jpg,0.8057539,0.9199842
00009044.jpg,0.6622263,0.6676008
00018211.jpg,0.6768004,0.6935814
00042191.jpg,0.6400136,0.6744994
00028094.jpg,0.7902576,0.7897318
00001610.jpg,0.7046377,0.8225976
00023484.jpg,0.87673384,0.9122864
00034966.jpg,0.7559215,0.8022388
00058044.jpg,0.83518934,0.7891316
00013564.jpg,0.72984016,0.7545276
00018460.jpg,0.85075927,0.9191786
00030897.jpg,0.61746985,0.5751862
00017224.jpg,0.7868879,0.6767626
n07693725_7439.jpg,0.8523068,0.93333334
00002273.jpg,0.72606176,0.843515
00054670.jpg,0.8692211,0.9616618
00050360.jpg,0.84186614,0.9005888
00030378.jpg,0.72836965,0.770932
00000312.jpg,0.6387466,0.7434228
00006195.jpg,0.6469032,0.5454376
00025848.jpg,0.7514717,0.876221
00035488.jpg,0.6151513,0.7440562
00002244.jpg,0.9183963,0.8714388
00000217.jpg,0.82805175,0.7298694
00004635.jpg,0.8070232,0.7771036
00008997.jpg,0.91019094,0.919089
00015168.jpg,0.8142395,0.832971
00039447.jpg,0.6691054,0.6564552
00000454.jpg,0.58574575,0.5023578
00004997.jpg,0.7418449,0.7143248
00021681.jpg,0.7060976,0.7339382
00011174.jpg,0.80605054,0.8298782
sun_bxjeqetmyxsetmyi.jpg,0.6967822,0.7473684
00014504.jpg,0.7403639,0.8460822
00021899.jpg,0.7398193,0.8834568
00020360.jpg,0.64987165,0.7242538
00051160.jpg,0.8735129,0.8222276
000000350051.jpg,0.77568746,0.9126214
00029510.jpg,0.6409754,0.538674
00042979.jpg,0.80765736,0.8009934
00022893.jpg,0.8177198,0.9018992
00054697.jpg,0.7790085,0.8888064
00042216.jpg,0.8176221,0.89915
00055952.jpg,0.64244705,0.5958356
00003821.jpg,0.6159363,0.4457256
00053491.jpg,0.76792824,0.8244768
00026343.jpg,0.7479976,0.751458
00052125.jpg,0.8533097,0.7966786
00041945.jpg,0.7081251,0.6989734
00016920.jpg,0.659251,0.7486156
00057061.jpg,0.8153362,0.8252212
00005862.jpg,0.73463595,0.9031424
00031358.jpg,0.63245845,0.7719646
00008705.jpg,0.80654407,0.7798034
00018879.jpg,0.6677872,0.5553448
n02793495_8429.jpg,0.59254044,0.6111111
00019010.jpg,0.7027567,0.8560768
00031227.jpg,0.72478974,0.7192202
00034144.jpg,0.7441483,0.7461864
00021827.jpg,0.5276222,0.6602456
18a997d97b0f209d.jpg,0.75015986,0.73333335
00044049.jpg,0.71845263,0.598831
00019205.jpg,0.79353654,0.7945516
00000056.jpg,0.59268683,0.5119272
00036677.jpg,0.7981999,0.843589
00033436.jpg,0.7831165,0.8109876
00050907.jpg,0.8463831,0.9421034
sun_aiidyuygypngghyf.jpg,0.55130666,0.559633
00047592.jpg,0.83932704,0.8584708
00057255.jpg,0.63029325,0.6226836
00012602.jpg,0.8456481,0.8112564
00014833.jpg,0.628374,0.6368386
00007077.jpg,0.7350384,0.8219116
00026535.jpg,0.7660035,0.7652708
n09428293_29070.jpg,0.6106546,0.656
00018609.jpg,0.6858315,0.7935118
00043600.jpg,0.7239152,0.8023726
00012879.jpg,0.7726126,0.6754408
00052086.jpg,0.84025776,0.845868
00022429.jpg,0.7803005,0.7823802
00052556.jpg,0.78054106,0.7721892
00016426.jpg,0.73778427,0.7396748
00036505.jpg,0.68422234,0.6792772
n07838073_15408.jpg,0.7916336,0.8913044
00044799.jpg,0.747097,0.712726
00048052.jpg,0.7731277,0.6444542
00007210.jpg,0.81986207,0.7329386
00013524.jpg,0.8380428,0.8240646
00049013.jpg,0.8437282,0.8422352
00050562.jpg,0.7330541,0.7758886
00037578.jpg,0.6134411,0.594519
00051469.jpg,0.8306092,0.8965132
n02355227_14140.jpg,0.7983602,0.8645833
00003139.jpg,0.7813952,0.8553876
00005360.jpg,0.8184107,0.869848
00053621.jpg,0.7844819,0.751129
00045729.jpg,0.72593683,0.7969516
00033192.jpg,0.83736724,0.9367422
00018389.jpg,0.6531018,0.6862482
00011808.jpg,0.63195,0.782415
00046367.jpg,0.6764363,0.660314
00053812.jpg,0.6983458,0.6709564
00030111.jpg,0.7121326,0.693328
00053645.jpg,0.81339914,0.8070366
00022265.jpg,0.8332017,0.8282224
00038356.jpg,0.62485844,0.5184414
00020268.jpg,0.8577308,0.9186924
00042570.jpg,0.7015683,0.7365922
00055091.jpg,0.69314784,0.7107234
00004442.jpg,0.86814237,0.7743592
00022761.jpg,0.727665,0.6156636
00012248.jpg,0.84667706,0.9107736
00011487.jpg,0.64937425,0.5542736
n00464894_13320.jpg,0.7296857,0.7326733
00001485.jpg,0.833524,0.909972
00002059.jpg,0.64638364,0.8579916
n03791053_11625.jpg,0.7612184,0.8839286
00003947.jpg,0.7737905,0.8315274
00004466.jpg,0.7706315,0.7713428
00017751.jpg,0.88373125,0.8142424
00043168.jpg,0.72826505,0.6091614
n02396427_22054.jpg,0.78959596,0.8043478
00035490.jpg,0.580903,0.5501916
n07850329_29719.jpg,0.85139257,0.95
00047540.jpg,0.71293116,0.7610376
00032526.jpg,0.63306624,0.5589698
00031520.jpg,0.88788605,0.8487974
00047049.jpg,0.64444333,0.6645758
00048011.jpg,0.75795263,0.777109
00052216.jpg,0.84854054,0.9279696
00007425.jpg,0.6911726,0.7240758
00012941.jpg,0.87173426,0.8098832
n02878222_26794.jpg,0.6494312,0.6458333
00052386.jpg,0.60265666,0.547644
00014121.jpg,0.8082136,0.7973514
n07849336_25557.jpg,0.8441348,0.8584906
00012486.jpg,0.7215486,0.7191878
00034226.jpg,0.5740472,0.5638464
00053883.jpg,0.8324749,0.899791
00032740.jpg,0.6283632,0.5318078
00058372.jpg,0.7661355,0.8632898
00012170.jpg,0.78234565,0.7205476
00046323.jpg,0.73570496,0.601481
00056058.jpg,0.68609303,0.6433552
00057137.jpg,0.7461955,0.6700166
00054188.jpg,0.75699216,0.8053118
n02324045_8324.jpg,0.8726665,0.8111111
sun_arygwafmipcfsweh.jpg,0.5870967,0.42553192
00052194.jpg,0.6200774,0.5848412
00030082.jpg,0.74925035,0.7877584
00005685.jpg,0.8078826,0.8853582
00029230.jpg,0.69601715,0.810316
n04349306_5697.jpg,0.82697624,0.8
00015527.jpg,0.85705024,0.905275
00030549.jpg,0.800213,0.8400478
00037073.jpg,0.5445755,0.6676026
00028325.jpg,0.8578587,0.86196
00053062.jpg,0.57682174,0.5041452
00053420.jpg,0.87265325,0.8256312
00038028.jpg,0.61845696,0.6289262
00034802.jpg,0.76663727,0.8519768
n03791053_7806.jpg,0.77728033,0.8224299
00004874.jpg,0.8175087,0.8797428
00052298.jpg,0.83445376,0.8539296
00018339.jpg,0.6977533,0.674038
00026199.jpg,0.8551392,0.842873
00022721.jpg,0.84582084,0.8649388
00005643.jpg,0.7593591,0.7789366
00036688.jpg,0.65129465,0.7482112
00055971.jpg,0.7100069,0.7932588
00012026.jpg,0.7858115,0.850738
00038301.jpg,0.63661945,0.5355902
00041517.jpg,0.76858115,0.7785232
00043970.jpg,0.7027648,0.7440194
00046334.jpg,0.68237156,0.6585518
e72a78a65ebb88fd.jpg,0.82334226,0.9099099
00055369.jpg,0.61017716,0.7180924
00020049.jpg,0.6302407,0.5869062
00009945.jpg,0.6596881,0.6305088
00027419.jpg,0.67079645,0.770678
00058005.jpg,0.8240656,0.8802028
00021702.jpg,0.6832082,0.653369
a89da698610fa26e.jpg,0.7605063,0.8113208
00051154.jpg,0.7598965,0.8224886
00017147.jpg,0.8376949,0.8968532
00031377.jpg,0.86871976,0.7822848
00014915.jpg,0.71143,0.5684588
00049221.jpg,0.696893,0.7815436
00050156.jpg,0.7177196,0.575497
000000273106.jpg,0.79589355,0.78651685
00007271.jpg,0.6954774,0.6577894
00053257.jpg,0.78715837,0.8006128
00052077.jpg,0.7040178,0.694036
n07806221_22415.jpg,0.75180477,0.74390244
00005908.jpg,0.90925896,0.853827
00015665.jpg,0.79495865,0.8422552
00038138.jpg,0.69960904,0.7450956
00055191.jpg,0.910087,0.8109782
00020931.jpg,0.8668024,0.7838528
00055917.jpg,0.78261197,0.5293174
00029238.jpg,0.8750839,0.9854484
00043374.jpg,0.6663327,0.6426862
00038501.jpg,0.7173108,0.657651
00053633.jpg,0.73253214,0.8521558
00050579.jpg,0.7634489,0.7152982
00026955.jpg,0.74674076,0.7208528
n02129165_16675.jpg,0.8205819,0.83157897
00057752.jpg,0.7509592,0.8160702
00041212.jpg,0.66768324,0.7267318
00037881.jpg,0.62630737,0.6490634
00026409.jpg,0.78215945,0.896835
00021266.jpg,0.5731994,0.6463454
000000282328.jpg,0.76959497,0.7941176
00048348.jpg,0.65337086,0.610494
00009584.jpg,0.6689705,0.6092836
00031748.jpg,0.58723134,0.5665004
n09393605_23116.jpg,0.5608407,0.56435645
00016682.jpg,0.8474162,0.848527
00008707.jpg,0.57053125,0.6403694
00034903.jpg,0.65517724,0.658974
00038019.jpg,0.6225614,0.7565432
00027146.jpg,0.81157804,0.6563732
00057296.jpg,0.7227544,0.6070226
00053719.jpg,0.6907664,0.8230516
00006990.jpg,0.7609994,0.8280494
n03791053_11306.jpg,0.79412574,0.8064516
000000083619.jpg,0.7251816,0.7070707
00014481.jpg,0.63675886,0.6208078
00021363.jpg,0.780064,0.716555
n09288635_10064.jpg,0.6805949,0.8
00033554.jpg,0.7600526,0.7764402
00048317.jpg,0.656188,0.6099504
n09308572_6426.jpg,0.6977391,0.77319586
000000557137.jpg,0.9336389,0.94382024
n07801091_63223.jpg,0.62331843,0.5483871
00017058.jpg,0.7633305,0.895575
00050672.jpg,0.8372284,0.9230036
00022808.jpg,0.76120293,0.7363324
00010356.jpg,0.7561394,0.8511064
00044865.jpg,0.59164345,0.7510436
00045446.jpg,0.7401919,0.8179538
00007395.jpg,0.78100836,0.8094424
00031766.jpg,0.61904824,0.553423
00009842.jpg,0.81615555,0.896516
00001982.jpg,0.8133774,0.8681702
00024355.jpg,0.8065158,0.8069098
00044851.jpg,0.64283335,0.602269
00028461.jpg,0.8698499,0.87409
bde032dcf7d9ef26.jpg,0.6638799,0.6666667
00018700.jpg,0.6571163,0.5884888
00048811.jpg,0.7722099,0.8228672
00025209.jpg,0.74768054,0.8560802
00048963.jpg,0.73542076,0.8910108
00043117.jpg,0.71941143,0.7735802
00013638.jpg,0.95526844,0.986071
00056349.jpg,0.7776558,0.750978
00000997.jpg,0.7993672,0.8505536
n09415671_5306.jpg,0.57505816,0.40425533
00007155.jpg,0.74276394,0.7482596
000000314755.jpg,0.81650054,0.8888889
00053917.jpg,0.86399555,0.770437
00033380.jpg,0.6815109,0.6056318
00051925.jpg,0.8902075,0.9395556
00013156.jpg,0.82053924,0.8979246
00027584.jpg,0.80439925,0.8624046
00007598.jpg,0.74230707,0.6853586
00021260.jpg,0.78552675,0.8052176
00017381.jpg,0.8744153,0.7546564
00038177.jpg,0.6422203,0.5474402
00058544.jpg,0.773631,0.8181002
00021401.jpg,0.662824,0.841196
ac3390421ba8e3dc.jpg,0.66880435,0.7553192
00000532.jpg,0.7959252,0.761294
00013748.jpg,0.8228339,0.857393
00006293.jpg,0.87860376,0.9116644
00021629.jpg,0.76952744,0.7971194
00000038.jpg,0.7731936,0.7676954
n02332755_10100.jpg,0.7925677,0.84761906
00004796.jpg,0.72678596,0.6417268
00048255.jpg,0.75198764,0.7146392
00010077.jpg,0.63757944,0.6258854
00055979.jpg,0.8249918,0.8865616
00021224.jpg,0.8152482,0.8485918
00002406.jpg,0.67072725,0.7555786
00043436.jpg,0.62763184,0.5886132
00036805.jpg,0.6478378,0.6074144
00034189.jpg,0.69309103,0.7562366
00054095.jpg,0.78783315,0.8135442
00014225.jpg,0.8537059,0.8064844
00011765.jpg,0.7043587,0.6825658
00051893.jpg,0.9482204,0.9599552
00044296.jpg,0.6795607,0.6452914
00045900.jpg,0.71175647,0.6604972
00024334.jpg,0.6404071,0.7769118
00000863.jpg,0.7552677,0.805916
00005297.jpg,0.66038215,0.6119102
00026125.jpg,0.51263195,0.6403846
00057345.jpg,0.7321279,0.9454694
000000010478.jpg,0.80187136,0.8118812
00030744.jpg,0.7783923,0.7896716
00044593.jpg,0.7431383,0.7531448
00001088.jpg,0.77506936,0.8315972
00012162.jpg,0.77359843,0.7177298
00039508.jpg,0.71822274,0.6995986
00034381.jpg,0.78902626,0.6504392
00054546.jpg,0.7137572,0.877744
n07801091_36388.jpg,0.5619426,0.559633
n07654148_18446.jpg,0.7653432,0.91588783
00025648.jpg,0.85574114,0.9123834
db91a2ed543c33a7.jpg,0.5657882,0.48453608
00002431.jpg,0.7105974,0.8167422
b72dffd33c2f2bbc.jpg,0.6000649,0.7294118
00058371.jpg,0.72169036,0.7821716
00049194.jpg,0.63121074,0.5627992
00010028.jpg,0.55349946,0.6579016
00017480.jpg,0.6119872,0.5967104
n01811909_10676.jpg,0.7727345,0.8333333
00031648.jpg,0.7991309,0.8910354
00035277.jpg,0.6473446,0.4483514
n09472597_8510.jpg,0.71777683,0.66071427
00013199.jpg,0.7256882,0.6761128
00056159.jpg,0.82466406,0.9529992
00048800.jpg,0.77450716,0.8103998
00036816.jpg,0.71394324,0.6393242
00014273.jpg,0.6351773,0.4717844
00051773.jpg,0.7816172,0.6623358
00030579.jpg,0.816322,0.6898246
00050445.jpg,0.7088033,0.7824708
00029201.jpg,0.74777406,0.6291338
00038791.jpg,0.7472701,0.6488302
00002429.jpg,0.773206,0.7510024
00023590.jpg,0.6341026,0.5933334
00038853.jpg,0.71962243,0.7652322
00023762.jpg,0.9015526,0.8663136
00040274.jpg,0.78809845,0.6485046
00052667.jpg,0.80062425,0.8084142
00005386.jpg,0.6172833,0.6254968
00020020.jpg,0.69975823,0.6440088
00040234.jpg,0.7008418,0.7577052
00021154.jpg,0.8515507,0.7168444
00049668.jpg,0.7826642,0.8287842
00039779.jpg,0.7780829,0.8310618
00044374.jpg,0.8352088,0.8727536
00022158.jpg,0.76811427,0.7881932
00019046.jpg,0.63371265,0.7139324
00050678.jpg,0.9137124,0.9115812
00038488.jpg,0.74207735,0.7870406
00054559.jpg,0.88076115,0.881499
00019519.jpg,0.7157188,0.7125694
00047376.jpg,0.7352662,0.8626604
00031821.jpg,0.6140205,0.565019
00039610.jpg,0.61115086,0.6978682
00007873.jpg,0.8552209,0.9022764
00058333.jpg,0.84499604,0.8245682
00040467.jpg,0.6328212,0.6639188
00042291.jpg,0.75063676,0.7307678
n07933274_33517.jpg,0.87131155,0.84615386
n03791053_4466.jpg,0.84186876,0.8679245
00056392.jpg,0.66807324,0.6964898
00033019.jpg,0.7837138,0.862111
n07574602_26819.jpg,0.77800226,0.8659794
00057085.jpg,0.8831676,0.8847016
00021167.jpg,0.87550765,0.93864
00039468.jpg,0.7941209,0.9359416
00016693.jpg,0.7392104,0.6913846
00003100.jpg,0.64780563,0.588487
00056762.jpg,0.6226666,0.6095446
00030409.jpg,0.631989,0.627462
00016484.jpg,0.82755464,0.8483566
n03512147_2036.jpg,0.6341262,0.78350514
n02946348_30616.jpg,0.7874296,0.6930693
00045158.jpg,0.7062976,0.7659384
00049568.jpg,0.7342727,0.7844362
00057678.jpg,0.90805376,0.9525692
00034006.jpg,0.6422384,0.6499166
00015407.jpg,0.81403416,0.8821502
00057070.jpg,0.7714888,0.812935
00024765.jpg,0.80687463,0.5999274
sun_amfhfmwkktwcrstd.jpg,0.5462615,0.54545456
00028224.jpg,0.7790741,0.7384588
00035494.jpg,0.69550633,0.7874952
00056693.jpg,0.7770026,0.7215734
00051764.jpg,0.8930673,0.8522372
00047023.jpg,0.6911398,0.5988196
00057806.jpg,0.67758626,0.7812762
00047372.jpg,0.7480352,0.7158154
000000358088.jpg,0.6403667,0.6666667
00021907.jpg,0.714794,0.685135
n02433729_8491.jpg,0.7828025,0.814433
00034850.jpg,0.52738756,0.5093294
00027018.jpg,0.76254857,0.8227438
f00029c079347a21.jpg,0.7170397,0.64102566
00056237.jpg,0.7955239,0.902784
00046758.jpg,0.8728874,0.848683
00033850.jpg,0.6968061,0.7088232
00052264.jpg,0.6342647,0.77051
00002922.jpg,0.83253,0.9249136
00029357.jpg,0.80621034,0.878534
00033229.jpg,0.82934505,0.8749968
00017470.jpg,0.778169,0.7459004
000000489799.jpg,0.7255637,0.81609195
00011863.jpg,0.79707223,0.8750104
00014184.jpg,0.7343971,0.6784822
00030544.jpg,0.6494857,0.7091408
00036314.jpg,0.75787497,0.7784154
00043385.jpg,0.70618,0.6062526
00025402.jpg,0.6775839,0.6627262
000000203076.jpg,0.73591095,0.8173077
00003532.jpg,0.6420275,0.6773292
n02324045_8806.jpg,0.8200289,0.82417583
00045296.jpg,0.6314371,0.5856416
00055345.jpg,0.76988184,0.911031
00001850.jpg,0.744799,0.7889792
00012238.jpg,0.8099864,0.8356504
00026097.jpg,0.7230472,0.594754
e05959944abb7053.jpg,0.6803685,0.7912088
00003980.jpg,0.8069383,0.7315008
00024622.jpg,0.80525565,0.8762974
00043847.jpg,0.7317246,0.7698538
00020401.jpg,0.6822347,0.6945634
00009962.jpg,0.7383851,0.6495972
00056997.jpg,0.8071171,0.8162864
00043080.jpg,0.69349295,0.6749536
00052306.jpg,0.80799615,0.8110648
00057936.jpg,0.94553936,0.9451712
00007336.jpg,0.7808323,0.8192256
00009288.jpg,0.78722286,0.7990126
00055648.jpg,0.7400413,0.8199304
00000148.jpg,0.69102466,0.6848026
00001030.jpg,0.82902706,0.8451476
00043204.jpg,0.7181331,0.7185878
n01811909_2049.jpg,0.7728865,0.79545456
00048673.jpg,0.7590025,0.7894308
00038975.jpg,0.64387757,0.8339852
00055445.jpg,0.72829497,0.7313326
00006425.jpg,0.849722,0.8692034
00009744.jpg,0.6426158,0.73415
00023036.jpg,0.790316,0.8537356
00036454.jpg,0.7322525,0.8038006
00053076.jpg,0.8130011,0.7986376
00054218.jpg,0.6916288,0.6422436
00017537.jpg,0.5579701,0.4096868
00056401.jpg,0.61344546,0.62776
00025599.jpg,0.7923549,0.7633448
000000199131.jpg,0.80284274,0.81395346
00011828.jpg,0.6260668,0.6218244
00046147.jpg,0.8254282,0.7988068
00045736.jpg,0.76024693,0.6963266
00029229.jpg,0.86423707,0.870106
00021277.jpg,0.7291504,0.6859208
n02878222_1152.jpg,0.72810745,0.7303371
00018757.jpg,0.6289953,0.7407382
00023818.jpg,0.739463,0.8116664
00004690.jpg,0.6997165,0.52796
00051646.jpg,0.765213,0.7304664
00033715.jpg,0.8053705,0.9510348
n09303008_20522.jpg,0.5138847,0.6216216
00043323.jpg,0.72970515,0.7770548
00027038.jpg,0.74895084,0.8890414
00024736.jpg,0.8346596,0.863498
00041752.jpg,0.72944945,0.8285928
00036586.jpg,0.6980773,0.752787
n07923748_23325.jpg,0.7862283,0.8454546
00042642.jpg,0.740762,0.7019134
00047421.jpg,0.72176266,0.7564414
00043870.jpg,0.73439324,0.867835
00003586.jpg,0.7113283,0.870368
000000486005.jpg,0.7040691,0.67346936
00006769.jpg,0.7714288,0.827102
00044562.jpg,0.8251889,0.7405328
00053865.jpg,0.7331551,0.9155734
00019598.jpg,0.86821485,0.9241108
00056792.jpg,0.8173559,0.7652554
00056683.jpg,0.7915909,0.9020174
00056046.jpg,0.7163944,0.684025
00057480.jpg,0.7087516,0.7362166
n09468604_58896.jpg,0.5619373,0.42156863
00011481.jpg,0.85729015,0.9608038
00025660.jpg,0.7412286,0.8546338
00044970.jpg,0.5982856,0.5748026
00030814.jpg,0.88210523,0.8825388
n07893642_3799.jpg,0.84604335,0.7604167
00056752.jpg,0.7701489,0.9087084
00047182.jpg,0.7481084,0.5986182
00007926.jpg,0.82626325,0.9155616
00003822.jpg,0.8234168,0.8257056
n01846331_11431.jpg,0.7837935,0.8181818
00013857.jpg,0.64523065,0.6953472
00007151.jpg,0.82180274,0.8107598
00040323.jpg,0.78037816,0.783781
00026567.jpg,0.83557916,0.892754
00019097.jpg,0.79581404,0.7378542
n07880968_2835.jpg,0.81691146,0.9368421
00012287.jpg,0.7961143,0.8521464
00000372.jpg,0.6598091,0.5486888
00029978.jpg,0.66257507,0.7174184
00050947.jpg,0.7594155,0.805487
00055103.jpg,0.869267,0.8932688
000000563195.jpg,0.6744959,0.7019231
00044535.jpg,0.63185704,0.6165846
00032563.jpg,0.7940578,0.8392234
00012025.jpg,0.7506318,0.8212616
00020602.jpg,0.67156506,0.7055254
00017249.jpg,0.78438693,0.860604
00028476.jpg,0.8527224,0.8616588
00008467.jpg,0.74759793,0.740491
00011255.jpg,0.84440815,0.792517
00018498.jpg,0.6390713,0.787392
000000196912.jpg,0.7494379,0.82828283
00053321.jpg,0.7710973,0.6943822
00010030.jpg,0.78909266,0.8538504
00004962.jpg,0.6984929,0.5986126
00046780.jpg,0.71656215,0.7606234
00010153.jpg,0.6577145,0.6945336
00045458.jpg,0.72297513,0.6581342
00050652.jpg,0.7646233,0.7916574
00023846.jpg,0.8011946,0.7042584
00008182.jpg,0.786221,0.7054256
00010552.jpg,0.7390189,0.7702516
00030266.jpg,0.7091498,0.8375076
00029094.jpg,0.82272667,0.8827966
n00480993_21017.jpg,0.8257666,0.77011496
00043706.jpg,0.74882334,0.67535
00026521.jpg,0.74795353,0.7992838
n07806221_29779.jpg,0.7725761,0.84821427
00034791.jpg,0.6503427,0.6913362
00002190.jpg,0.7718284,0.8572204
00058051.jpg,0.80300367,0.9127276
00054905.jpg,0.800731,0.872636
00002680.jpg,0.8512125,0.883967
00012148.jpg,0.62002146,0.4454938
00042354.jpg,0.74039483,0.7793574
00040865.jpg,0.71992606,0.8055694
00052660.jpg,0.8010127,0.8890888
00026319.jpg,0.75486565,0.7482614
00024455.jpg,0.6846792,0.5853896
00036482.jpg,0.55395734,0.5846302
n03670208_5802.jpg,0.80136317,0.92156863
00020259.jpg,0.6796058,0.6153934
00044553.jpg,0.87167025,0.9340668
000000531796.jpg,0.72945356,0.73626375
00034779.jpg,0.67091995,0.5984858
00001584.jpg,0.8506193,0.8188362
00005408.jpg,0.6911088,0.6067262
00011790.jpg,0.79081565,0.8249656
n03791053_2585.jpg,0.83986306,0.83
00004831.jpg,0.808761,0.8064166
sun_arkltvatcgcorxwq.jpg,0.64372456,0.4893617
00020292.jpg,0.772998,0.8130754
00009550.jpg,0.7185631,0.6674182
000000329014.jpg,0.79697764,0.87
00003485.jpg,0.74647844,0.7166692
00037473.jpg,0.691258,0.692356
00037826.jpg,0.72491145,0.7377144
n07863374_15708.jpg,0.8167444,0.9322034
00000655.jpg,0.8284645,0.8645226
00022655.jpg,0.8374261,0.8411856
00005546.jpg,0.60456914,0.6450326
n00440941_9822.jpg,0.7687427,0.815534
n02355227_14799.jpg,0.8171062,0.8613861
000000444087.jpg,0.80662954,0.9159664
00020671.jpg,0.70360136,0.5928388
00049179.jpg,0.8425994,0.8888188
00019342.jpg,0.9198408,0.8537512
sun_awcujmqkhwsgmrma.jpg,0.6374739,0.5555556
000000216301.jpg,0.6801206,0.6597938
607f72b560affe61.jpg,0.583795,0.38938054
dd6f1f06f3025b28.jpg,0.8926817,0.8103448
n09468604_23201.jpg,0.51089746,0.5
00004091.jpg,0.7880874,0.7657108
00043009.jpg,0.70466566,0.64952
00036208.jpg,0.67913115,0.6991536
00011802.jpg,0.59410447,0.5893934
00000085.jpg,0.8175811,0.936515
00044848.jpg,0.80060756,0.9239558
00047325.jpg,0.7170335,0.8321582
n09270735_10417.jpg,0.69756454,0.7075472
00028103.jpg,0.77317476,0.8483502
00007884.jpg,0.88010573,0.908949
00011360.jpg,0.6617707,0.6729632
n04467665_28965.jpg,0.7892226,0.67741936
00008728.jpg,0.76181036,0.7581346
00024759.jpg,0.7743925,0.8517074
00003662.jpg,0.7654301,0.6901942
00000321.jpg,0.62586653,0.6428574
00005589.jpg,0.9131727,0.8529052
00022121.jpg,0.8774771,0.861483
00014486.jpg,0.7086016,0.7135174
00016425.jpg,0.71022683,0.7577688
00009783.jpg,0.6798407,0.797854
00027228.jpg,0.790784,0.7734572
00008819.jpg,0.7350264,0.7062594
00020510.jpg,0.724975,0.785328
n07806221_24479.jpg,0.69037104,0.63
00033841.jpg,0.58019686,0.6573866
n07711569_417.jpg,0.76484585,0.64285713
00016090.jpg,0.7990581,0.8872244
00044756.jpg,0.70564526,0.748521
00027332.jpg,0.91367364,0.9403322
00014797.jpg,0.8025774,0.8625956
00022756.jpg,0.80221254,0.7928288
00038444.jpg,0.7208152,0.674761
00056930.jpg,0.76276064,0.7335318
00004188.jpg,0.6271099,0.6882834
00007373.jpg,0.77307737,0.802152
00051854.jpg,0.629941,0.6181518
00014933.jpg,0.8493724,0.894399
00011983.jpg,0.77703446,0.6817592
00003640.jpg,0.8081777,0.7429546
000000468193.jpg,0.68533134,0.69148934
00012089.jpg,0.9152179,0.8890642
00044673.jpg,0.69178784,0.7415182
00041235.jpg,0.6730611,0.6349992
00048378.jpg,0.61875033,0.6519138
00032270.jpg,0.8042368,0.7843058
00004011.jpg,0.7028596,0.6755366
00038099.jpg,0.64834034,0.6000064
00014342.jpg,0.76504165,0.7953386
00006244.jpg,0.819841,0.941347
00045584.jpg,0.60152715,0.6090198
00053229.jpg,0.8342363,0.7797986
00032476.jpg,0.87308943,0.8204434
00018337.jpg,0.8646138,0.8367788
bc5273bef280b939.jpg,0.8167095,0.76785713
00030141.jpg,0.75974727,0.8598426
00046281.jpg,0.6850603,0.7011382
00015074.jpg,0.75405186,0.7569882
00034458.jpg,0.6145419,0.695895
00002510.jpg,0.7266638,0.8008076
00022642.jpg,0.7508569,0.8028914
00053084.jpg,0.8421016,0.81231
sun_auxrumamawazfvvs.jpg,0.63304245,0.5882353
000000024239.jpg,0.74263203,0.8313253
00017539.jpg,0.7528899,0.7201978
00026054.jpg,0.5915959,0.5551372
00030911.jpg,0.552174,0.6270478
00017467.jpg,0.78839755,0.6724098
00056271.jpg,0.84895635,0.91926
00005196.jpg,0.8315718,0.8377084
00031777.jpg,0.8390835,0.8516102
00025927.jpg,0.74780834,0.6592928
00021438.jpg,0.78048384,0.7611668
000000003375.jpg,0.7386631,0.6666667
00012530.jpg,0.7455089,0.7009688
00001049.jpg,0.88922715,0.9312656
00029236.jpg,0.5822896,0.6275586
00009011.jpg,0.8664373,0.8646332
00029089.jpg,0.7605753,0.8553114
00005512.jpg,0.60824525,0.7899628
00019375.jpg,0.76418436,0.705125
00037931.jpg,0.65146554,0.625976
00011447.jpg,0.5904582,0.6158912
00014745.jpg,0.79304504,0.7223876
n02450034_7834.jpg,0.80859685,0.7542373
00038521.jpg,0.61778164,0.6219014
00034059.jpg,0.62758744,0.7528062
00024593.jpg,0.5784262,0.6599596
00056242.jpg,0.78331494,0.5923824
00024818.jpg,0.8410858,0.8788372
00028146.jpg,0.8813877,0.898599
00020084.jpg,0.7704408,0.7584086
sun_aqjctcdzynstdphs.jpg,0.5952262,0.53846157
00036990.jpg,0.63873124,0.7337052
00019574.jpg,0.49403694,0.5390602
00015092.jpg,0.784039,0.7620658
00032695.jpg,0.7744298,0.8585714
00053649.jpg,0.783847,0.7890564
000000085455.jpg,0.7281869,0.70873785
00025277.jpg,0.699958,0.6432204
00001604.jpg,0.8625856,0.8861264
00005995.jpg,0.8714197,0.6932386
sun_alheovotlhwqzvmo.jpg,0.67879736,0.6581197
n03634034_2188.jpg,0.66980636,0.70526314
00000386.jpg,0.79717225,0.7632628
00054146.jpg,0.85852754,0.8449634
000000003832.jpg,0.66126776,0.7875
00048048.jpg,0.6052753,0.5784598
00008246.jpg,0.71485084,0.7802714
aca62414dbfc6952.jpg,0.63946855,0.6632653
00018718.jpg,0.8413434,0.9007298
00027867.jpg,0.76646125,0.8476718
00042612.jpg,0.79973114,0.8512518
2f535abd45f435ff.jpg,0.7164048,0.7373737
00015341.jpg,0.7537749,0.7600548
00038206.jpg,0.79173446,0.713585
00024654.jpg,0.7531632,0.9303082
00039708.jpg,0.6187169,0.6339052
00047857.jpg,0.7176828,0.6717052
n02381004_7100.jpg,0.77908075,0.7368421
00030619.jpg,0.89106554,0.9869092
00008220.jpg,0.8509506,0.8611396
00024155.jpg,0.8498842,0.807225
00019394.jpg,0.75539196,0.7832594
00007547.jpg,0.88991886,0.8947842
00003508.jpg,0.7540951,0.6719916
00058533.jpg,0.80089164,0.7659722
00038048.jpg,0.6507418,0.5950166
00041209.jpg,0.75447446,0.7580596
00038669.jpg,0.6161016,0.6649722
00015979.jpg,0.7346438,0.8207702
00018658.jpg,0.8811281,0.9134114
sun_aualbeefqekxpoue.jpg,0.54683805,0.42105263
00011012.jpg,0.82512534,0.8043198
00018065.jpg,0.75255895,0.6793552
00037058.jpg,0.7174679,0.711587
00005712.jpg,0.72962296,0.7130378
00034945.jpg,0.5742342,0.5498482
00052418.jpg,0.7105138,0.8017408
00056173.jpg,0.68002605,0.7787802
00047008.jpg,0.6499475,0.6810322
00028993.jpg,0.75256026,0.8131952
00029370.jpg,0.6286932,0.6700286
00041119.jpg,0.7170919,0.7288016
00053092.jpg,0.7679034,0.7573016
00027790.jpg,0.82184494,0.8615232
00015429.jpg,0.7936425,0.7578704
n07583197_1236.jpg,0.75190127,0.7093023
00043568.jpg,0.7442447,0.6523734
00045048.jpg,0.71383154,0.7628136
00019983.jpg,0.8119298,0.7990548
00050423.jpg,0.55518854,0.587501
00006803.jpg,0.6699586,0.7337766
00044590.jpg,0.8068986,0.823282
n02793495_6822.jpg,0.6644694,0.6875
00023542.jpg,0.77770966,0.8386806
00017753.jpg,0.65042,0.6126522
00006948.jpg,0.7985382,0.8057358
00054004.jpg,0.8187133,0.7120878
00014927.jpg,0.7248266,0.785195
00023218.jpg,0.7124569,0.6903808
n07806221_25185.jpg,0.80244726,0.8660714
00010136.jpg,0.7505179,0.5810786
00033682.jpg,0.8382039,0.715903
00038460.jpg,0.6345873,0.6537464
00004717.jpg,0.68143344,0.694208
00052918.jpg,0.8262149,0.8785454
00043777.jpg,0.6981325,0.7258724
00010697.jpg,0.7567312,0.8417796
00007912.jpg,0.84848905,0.9514784
00056800.jpg,0.7559056,0.8542226
00031775.jpg,0.58559835,0.6312132
00013921.jpg,0.53570044,0.5876334
00012518.jpg,0.80470705,0.7972806
00022659.jpg,0.9310295,0.9234044
00029779.jpg,0.79090095,0.8744398
00046289.jpg,0.7741059,0.8891214
00045253.jpg,0.76556873,0.753843
00015386.jpg,0.80076075,0.7837602
00035603.jpg,0.60104597,0.6566954
00017990.jpg,0.7563082,0.7836086
00038941.jpg,0.7315607,0.7023808
00000629.jpg,0.8954962,0.9210154
6733d7a815809a84.jpg,0.72302043,0.7888889
00034200.jpg,0.6418145,0.7300248
000000019413.jpg,0.8245433,0.7979798
00040258.jpg,0.6962597,0.5495648
00028415.jpg,0.7070354,0.6748306
00028307.jpg,0.81260353,0.8028396
00038646.jpg,0.57260144,0.6658572
00015012.jpg,0.6521926,0.790593
00044283.jpg,0.7783327,0.8458806
00036734.jpg,0.62169385,0.7003524
00021930.jpg,0.78618443,0.8858872
00016084.jpg,0.8409422,0.8198168
00049367.jpg,0.74092925,0.761665
00004945.jpg,0.9105071,0.8636896
00052780.jpg,0.8261712,0.955178
00036784.jpg,0.6462003,0.6295576
00042239.jpg,0.68279946,0.5378652
00004406.jpg,0.8009884,0.860987
00033015.jpg,0.74320906,0.7833
n02132136_4685.jpg,0.76803124,0.8045977
00048827.jpg,0.8393111,0.8645872
00042942.jpg,0.619724,0.6347772
00007904.jpg,0.8522434,0.8489088
2d0e3d74e9d9c96d.jpg,0.7991549,0.7027027
00018104.jpg,0.69791174,0.5806872
00002085.jpg,0.896849,0.8908852
00031504.jpg,0.6666157,0.7251202
00052075.jpg,0.81552804,0.8516362
000000448205.jpg,0.7670543,0.77319586
00030376.jpg,0.81354004,0.8870734
00037464.jpg,0.6214275,0.6725512
00036181.jpg,0.7174661,0.7247126
00015329.jpg,0.8754065,0.8569
00009651.jpg,0.7143082,0.7079818
n09428293_22601.jpg,0.58995193,0.5714286
00039114.jpg,0.7282692,0.7013854
00000017.jpg,0.7473115,0.8047992
00051998.jpg,0.7024566,0.74052
00034224.jpg,0.7133595,0.7949156
00027377.jpg,0.66318345,0.708305
00006436.jpg,0.78484464,0.7771152
00039847.jpg,0.6405169,0.8400744
00052581.jpg,0.75349706,0.7975182
00011867.jpg,0.7160185,0.71655
a320dc567b875ec9.jpg,0.507346,0.5145631
n00470966_19837.jpg,0.7398605,0.8367347
00019363.jpg,0.86723423,0.8613432
00020634.jpg,0.7972573,0.8604436
8176d18af6992dd8.jpg,0.889856,0.91525424
00033206.jpg,0.8781934,0.9167584
00012337.jpg,0.6971201,0.8926672
00037446.jpg,0.65233576,0.6701016
00001988.jpg,0.7753469,0.8803182
00042826.jpg,0.7584203,0.7997488
00034569.jpg,0.64823955,0.6165814
00043748.jpg,0.7716186,0.845567
00007034.jpg,0.9046538,0.8469714
00042320.jpg,0.60514355,0.6782198
00027145.jpg,0.7355191,0.7620214
00053240.jpg,0.81377566,0.8952756
00035269.jpg,0.5794965,0.390776
00000702.jpg,0.66935885,0.6384666
00000319.jpg,0.66365445,0.7280642
00057538.jpg,0.7325309,0.75962
00045823.jpg,0.6334701,0.6691502
n02878222_903.jpg,0.71507096,0.63414633
00035402.jpg,0.6272826,0.6157742
n00440941_8621.jpg,0.7690184,0.85365856
00009240.jpg,0.7326018,0.6882306
00036386.jpg,0.7313399,0.7756362
00014667.jpg,0.7495022,0.7912068
00008736.jpg,0.78662264,0.7413516
00015680.jpg,0.81088364,0.8518462
00036986.jpg,0.6998233,0.8825444
00006757.jpg,0.8157366,0.9492958
00008531.jpg,0.7618621,0.8813648
00001001.jpg,0.83332014,0.9633978
00032589.jpg,0.7409023,0.8668512
00002764.jpg,0.68976116,0.8286416
00033763.jpg,0.65889347,0.6477582
00045046.jpg,0.64533687,0.7070152
00001640.jpg,0.74862045,0.824161
00017945.jpg,0.81482804,0.8750954
00055108.jpg,0.83827806,0.8834466
00020118.jpg,0.8076482,0.9055776
00036766.jpg,0.65707445,0.6758206
n02793495_7506.jpg,0.6212358,0.675
00023486.jpg,0.64109457,0.5176946
00023695.jpg,0.61776495,0.782177
00012928.jpg,0.7912349,0.8946014
00017605.jpg,0.83020985,0.9062076
00012024.jpg,0.73921454,0.7160874
00005337.jpg,0.8058918,0.81314
00025872.jpg,0.8984103,0.9331854
00021521.jpg,0.6108185,0.5117976
00050203.jpg,0.60346425,0.7183248
00047939.jpg,0.6692425,0.6830754
00041267.jpg,0.65690297,0.7239544
00002509.jpg,0.6249452,0.706989
n07880968_2104.jpg,0.754592,0.77
00006825.jpg,0.68773663,0.8562342
00032861.jpg,0.77709985,0.7816312
00049008.jpg,0.76816666,0.8473996
00056287.jpg,0.8937137,0.8606204
000000362824.jpg,0.8199215,0.8
00019516.jpg,0.7398882,0.895648
00055209.jpg,0.7151433,0.813776
00034962.jpg,0.6115481,0.5570546
000000181224.jpg,0.7774749,0.79
00035501.jpg,0.7183237,0.8477528
00044770.jpg,0.73707676,0.6939104
00015710.jpg,0.90831965,0.9233812
00047694.jpg,0.8129657,0.7819702
00006331.jpg,0.6332377,0.5677936
00034456.jpg,0.655856,0.6798416
00033616.jpg,0.85002595,0.8856448
00035006.jpg,0.67354727,0.4867066
00020623.jpg,0.82364714,0.8188302
00042565.jpg,0.8166683,0.8705708
00025947.jpg,0.7457038,0.7053658
n02129165_6087.jpg,0.85331434,0.85714287
00044876.jpg,0.734239,0.7336708
00002055.jpg,0.78630614,0.7570066
00002770.jpg,0.8524854,0.8243414
00035200.jpg,0.6779852,0.616154
00029595.jpg,0.7040277,0.8079744
00051559.jpg,0.66984797,0.665333
00011697.jpg,0.81487083,0.8737148
00024492.jpg,0.7520125,0.7370436
00049647.jpg,0.75371766,0.8570248
00032973.jpg,0.7643919,0.7592236
00049670.jpg,0.86837584,0.8897728
000000420544.jpg,0.75260925,0.80898875
00000119.jpg,0.7527503,0.8498278
00028019.jpg,0.762239,0.846108
00050498.jpg,0.7976914,0.8802864
00056849.jpg,0.8382838,0.8453276
00029895.jpg,0.73566693,0.8501464
00010913.jpg,0.7565011,0.7521318
00003600.jpg,0.8537111,0.8604658
00046383.jpg,0.6789946,0.6012234
00012112.jpg,0.82745457,0.879763
n07801508_3335.jpg,0.8770678,0.9245283
00058613.jpg,0.67941236,0.5698336
00010868.jpg,0.66002285,0.7339122
00038531.jpg,0.6521287,0.7126358
n00464894_10042.jpg,0.709916,0.7916667
00034044.jpg,0.7105681,0.5197164
00025814.jpg,0.76459754,0.714346
00030676.jpg,0.76926726,0.869885
00014963.jpg,0.8547083,0.8876048
00014822.jpg,0.81771445,0.853854
00057004.jpg,0.7467345,0.8136658
00037823.jpg,0.65815,0.6501062
00038725.jpg,0.7587742,0.8083448
00030852.jpg,0.6410345,0.5534974
00057270.jpg,0.62092197,0.6901064
00044085.jpg,0.69636863,0.6292446
00054663.jpg,0.6833129,0.7550306
00021394.jpg,0.7959293,0.7848046
n09217230_4382.jpg,0.65047693,0.8521739
00035102.jpg,0.7240616,0.7220828
00004018.jpg,0.779089,0.7429576
00014373.jpg,0.805915,0.820974
00040254.jpg,0.739943,0.7479216
00024836.jpg,0.8590376,0.8305248
00053125.jpg,0.7356716,0.7395476
00018672.jpg,0.76862437,0.888649
n07693725_855.jpg,0.9699906,0.9489796
00007632.jpg,0.6690437,0.7549314
00037821.jpg,0.8220937,0.7213658
00031117.jpg,0.7632232,0.7941946
690fd08f9b5af89c.jpg,0.767303,0.8863636
n01811909_1285.jpg,0.8100852,0.82222223
00014904.jpg,0.65260816,0.5405286
00046679.jpg,0.6299592,0.7833422
00037584.jpg,0.50743026,0.4777756
00041602.jpg,0.7262257,0.6498366
00019331.jpg,0.52405006,0.6170174
00028773.jpg,0.8161717,0.6648004
00044522.jpg,0.69860715,0.665572
00031902.jpg,0.55410105,0.6058836
00022749.jpg,0.9056016,0.9131726
00050673.jpg,0.882398,0.8500766
00022037.jpg,0.80755943,0.8273144
00040368.jpg,0.75474304,0.7698604
00002827.jpg,0.564863,0.4832706
00018269.jpg,0.8283927,0.8604696
000000477172.jpg,0.6997179,0.8969072
n09472597_22636.jpg,0.62036043,0.6020408
n07929519_32498.jpg,0.84758174,0.954023
00054609.jpg,0.8347086,0.7943588
00026331.jpg,0.6026192,0.5094648
00010556.jpg,0.8336611,0.8393502
00015247.jpg,0.7565179,0.9213854
00051684.jpg,0.8282385,0.9116354
00047146.jpg,0.75848943,0.6548664
00013387.jpg,0.7301252,0.7100998
00048437.jpg,0.7131455,0.703136
000000069777.jpg,0.7519888,0.7029703
00045311.jpg,0.70129967,0.647486
00057171.jpg,0.825379,0.871621
00028178.jpg,0.9143318,0.9667736
00025662.jpg,0.6854864,0.7129502
00044956.jpg,0.7716411,0.9228936
00015892.jpg,0.7954909,0.7968476
00023152.jpg,0.7722523,0.7302318
00042606.jpg,0.7612313,0.8116972
00016366.jpg,0.5615112,0.4198648
00024914.jpg,0.80957866,0.8416088
00025160.jpg,0.83557963,0.9013172
00036826.jpg,0.6338051,0.7754748
00039669.jpg,0.733949,0.7016094
n02834778_6942.jpg,0.6496324,0.8210526
00040809.jpg,0.7391012,0.725789
000000025559.jpg,0.75866455,0.7222222
00034672.jpg,0.7089206,0.7736662
00046405.jpg,0.7944478,0.8253626
00044445.jpg,0.6730328,0.7589582
n07849336_27581.jpg,0.7791359,0.7924528
00003880.jpg,0.5933919,0.5758232
n07806221_23608.jpg,0.79158306,0.85714287
00016982.jpg,0.7895367,0.8364244
00002609.jpg,0.7690971,0.779458
n12345899_6053.jpg,0.6569258,0.69473684
00058741.jpg,0.7775208,0.7588934
00025128.jpg,0.7449971,0.5577866
00007259.jpg,0.76243144,0.8005914
000000565077.jpg,0.720969,0.7924528
00030681.jpg,0.6071386,0.6508786
00014361.jpg,0.7025528,0.8602236
n07753592_16831.jpg,0.8296198,0.82978725
00053949.jpg,0.81100225,0.7769096
00014866.jpg,0.84534764,0.847457
00045072.jpg,0.77325404,0.7261904
00022518.jpg,0.80663145,0.7980822
ee41bf599204012c.jpg,0.79164267,0.86315787
00007212.jpg,0.71878767,0.7136622
00024454.jpg,0.8164638,0.774309
00051412.jpg,0.72128564,0.8823478
n09472597_29254.jpg,0.53659517,0.5588235
00039328.jpg,0.64805776,0.8416808
00039017.jpg,0.7750439,0.7633074
00026058.jpg,0.7512659,0.7424572
00020365.jpg,0.807249,0.7340804
n04349306_4823.jpg,0.79634005,0.877193
00004480.jpg,0.74334383,0.8103554
00025352.jpg,0.7238733,0.7076498
00046380.jpg,0.742281,0.8521754
00053185.jpg,0.7075496,0.784341
00051595.jpg,0.85978657,0.947619
00015845.jpg,0.9077946,0.9600294
00021551.jpg,0.92248404,0.8924008
00006265.jpg,0.62473786,0.5016802
n12142085_905.jpg,0.6763303,0.5714286
000000485139.jpg,0.8593559,0.8666667
00001920.jpg,0.7630086,0.7308056
n09288635_13284.jpg,0.6576425,0.85882354
00004398.jpg,0.7169204,0.7543484
00056635.jpg,0.80842215,0.8349384
00011874.jpg,0.697161,0.7143516
00025280.jpg,0.8140577,0.8677758
00040458.jpg,0.7676401,0.872238
00007538.jpg,0.73891866,0.7615978
00044845.jpg,0.8643557,0.899606
00009169.jpg,0.6557905,0.7425588
00013786.jpg,0.92365724,0.9410906
00032107.jpg,0.8048099,0.7877808
00034324.jpg,0.6909925,0.5914756
00007649.jpg,0.691542,0.5985542
00035791.jpg,0.737031,0.7810258
00049548.jpg,0.7723738,0.8287496
n04467665_13614.jpg,0.6770002,0.57272726
00035071.jpg,0.7759677,0.793394
00030023.jpg,0.8296764,0.7796338
00025238.jpg,0.6498008,0.7817858
00024227.jpg,0.8534423,0.9363596
n07717556_4197.jpg,0.82696784,0.7613636
00009878.jpg,0.8095865,0.8863456
00044571.jpg,0.6925496,0.6721796
00050294.jpg,0.6215385,0.6638948
00009620.jpg,0.71979916,0.7377144
00001165.jpg,0.6964058,0.8121338
00007075.jpg,0.77588725,0.7411134
00000710.jpg,0.67683923,0.6066354
00045535.jpg,0.7215382,0.7642418
00031502.jpg,0.68127877,0.681144
00047101.jpg,0.78011465,0.7809898
n04349306_5350.jpg,0.76803386,0.875
00009866.jpg,0.68576854,0.74508
3393435e5f644a55.jpg,0.8162247,0.95555556
00009012.jpg,0.8528394,0.9008478
00044422.jpg,0.61965865,0.4382778
00035532.jpg,0.7244105,0.8115388
00012008.jpg,0.84680104,0.9370288
00044559.jpg,0.7616707,0.802547
00008559.jpg,0.78216076,0.6810312
00019237.jpg,0.81537294,0.9001704
00032655.jpg,0.9294995,0.8440918
00011137.jpg,0.5568932,0.673839
00009221.jpg,0.7694168,0.741583
000000536589.jpg,0.77609044,0.74038464
n02946348_3065.jpg,0.7646314,0.8773585
00027129.jpg,0.7055607,0.7937044
00034653.jpg,0.64056176,0.7909642
00002440.jpg,0.7468393,0.8582264
c09434ff30d798b1.jpg,0.758734,0.5555556
00027054.jpg,0.95453095,0.8975822
n04467665_28301.jpg,0.7488948,0.7011494
00045268.jpg,0.69545805,0.620532
00040310.jpg,0.6826635,0.7180952
00043185.jpg,0.7683688,0.7652522
00036691.jpg,0.66947496,0.5413132
00054512.jpg,0.68747246,0.640921
000000016573.jpg,0.742234,0.8981481
00007082.jpg,0.7149948,0.6372866
00054266.jpg,0.7188667,0.7196376
00036283.jpg,0.6696349,0.6766226
00043056.jpg,0.6686565,0.7494118
n03670208_36693.jpg,0.72199243,0.6909091
00008946.jpg,0.8502147,0.9022558
n03541923_2049.jpg,0.83880156,0.9310345
00022341.jpg,0.7805201,0.7578614
00051774.jpg,0.8821923,0.9540442
00008837.jpg,0.6463519,0.5593956
00025607.jpg,0.7256973,0.6496744
00053555.jpg,0.84993625,0.7978898
00032032.jpg,0.69265056,0.7362356
00021330.jpg,0.8951375,0.9603356
00029929.jpg,0.54411936,0.5364358
00013043.jpg,0.70689404,0.7698172
00021354.jpg,0.6919988,0.7083578
00004684.jpg,0.5978669,0.6256568
00023118.jpg,0.6841277,0.6090624
00011851.jpg,0.6899712,0.7294244
00013932.jpg,0.6064503,0.6393164
00024354.jpg,0.8050127,0.8387534
00052351.jpg,0.79586345,0.7992564
00023844.jpg,0.7597058,0.7062294
00049312.jpg,0.65050024,0.6686576
00006657.jpg,0.6947269,0.6407206
000000112707.jpg,0.6926897,0.8352941
00008696.jpg,0.780182,0.8544452
00020784.jpg,0.8320171,0.9202944
00041297.jpg,0.7088173,0.6518456
n04461696_1704.jpg,0.7319781,0.7244898
00047716.jpg,0.7346875,0.7314404
00022895.jpg,0.69421,0.6601944
00021356.jpg,0.58897114,0.4602376
00022865.jpg,0.8628642,0.7513026
00047888.jpg,0.7220457,0.7274288
00042425.jpg,0.7682383,0.7067046
00000469.jpg,0.82843304,0.750382
00037090.jpg,0.5207383,0.5891228
00035930.jpg,0.6565759,0.577806
00038964.jpg,0.6372437,0.4481498
00007141.jpg,0.75448585,0.9172648
00040251.jpg,0.6948663,0.7837814
00012120.jpg,0.77833664,0.8484656
00030282.jpg,0.80308104,0.798138
00042478.jpg,0.6692562,0.7554106
00016951.jpg,0.8520285,0.760688
n02355227_13655.jpg,0.8460586,0.9270833
00054421.jpg,0.76990813,0.8529626
00025081.jpg,0.8213899,0.865331
00047214.jpg,0.6599703,0.7049722
00012527.jpg,0.83419037,0.7545508
00015265.jpg,0.8908355,0.630171
00014203.jpg,0.73104763,0.8505494
00040493.jpg,0.745924,0.8211012
00039830.jpg,0.65725374,0.7935512
00005477.jpg,0.82337004,0.8225566
sun_adcctdabyxmhioeg.jpg,0.65143144,0.7386364
00046478.jpg,0.709021,0.7255612
00038518.jpg,0.7315779,0.6841678
00045848.jpg,0.7237929,0.6833614
00040213.jpg,0.65504575,0.6399422
00049485.jpg,0.7693294,0.9210074
00011892.jpg,0.6518454,0.5835598
00023150.jpg,0.7242918,0.6930752
00000143.jpg,0.79643846,0.8053226
00031423.jpg,0.8644389,0.8632506
00013665.jpg,0.8693189,0.911294
00011751.jpg,0.6653992,0.8174196
00055873.jpg,0.618276,0.7123226
00005036.jpg,0.6967511,0.8502124
00025738.jpg,0.7006474,0.6126492
00026305.jpg,0.79149485,0.8336406
00004891.jpg,0.7174388,0.7425226
000000228166.jpg,0.7072177,0.58474576
00044728.jpg,0.6077262,0.5315114
00043959.jpg,0.661198,0.6059944
n07880968_3235.jpg,0.79695624,0.9411765
00044006.jpg,0.72655284,0.7586858
00026481.jpg,0.7729809,0.8329758
n00480993_11616.jpg,0.7472734,0.8090909
00050960.jpg,0.7947279,0.9101922
00047793.jpg,0.8483864,0.9131758
00058482.jpg,0.7899834,0.8279138
00010938.jpg,0.7424115,0.718833
00035681.jpg,0.6775533,0.5844262
00026497.jpg,0.78596693,0.8661656
000000207573.jpg,0.8445772,0.86170214
00058387.jpg,0.6230345,0.6082996
00032910.jpg,0.66749763,0.8349604
000000328121.jpg,0.73098254,0.8989899
00035117.jpg,0.57738626,0.617405
00004550.jpg,0.9425484,0.9708838
00010316.jpg,0.8572135,0.9729404
00041454.jpg,0.8258563,0.8967818
00014196.jpg,0.5387318,0.5746252
00042623.jpg,0.7450046,0.7702114
00009560.jpg,0.5742587,0.5750158
00056367.jpg,0.5854911,0.6448116
00012457.jpg,0.67575705,0.7225056
00034640.jpg,0.63007504,0.7382106
00044718.jpg,0.6879798,0.7663356
00058450.jpg,0.54912937,0.6332548
00056553.jpg,0.7602756,0.7202604
00033418.jpg,0.76398635,0.7427088
00005933.jpg,0.583498,0.5399866
00023235.jpg,0.7726202,0.8239948
00043556.jpg,0.6985044,0.7153634
00040669.jpg,0.6977837,0.6991452
00005794.jpg,0.79870087,0.829869
00010625.jpg,0.8332852,0.8630484
n09376198_15467.jpg,0.60803616,0.7425743
00013380.jpg,0.85766053,0.8337374
00056625.jpg,0.5492069,0.535541
n07801091_37014.jpg,0.55151874,0.39805827
00039922.jpg,0.7608539,0.7788224
00013384.jpg,0.7691536,0.6817098
00032536.jpg,0.7062612,0.7310022
n07679356_24275.jpg,0.8668902,0.8369565
00029279.jpg,0.8196252,0.835068
00001950.jpg,0.8668846,0.908086
00025217.jpg,0.5136642,0.5348008
00006224.jpg,0.69792277,0.6314994
n07574602_22776.jpg,0.7570678,0.82954544
00030499.jpg,0.7569622,0.6969084
00022206.jpg,0.6784382,0.8657386
00040926.jpg,0.81845,0.8081652
00021844.jpg,0.6568921,0.760819
00038931.jpg,0.8425474,0.8673232
6b8aaacf3a46ccc7.jpg,0.62121373,0.6339286
00056853.jpg,0.8731737,0.881997
00056366.jpg,0.84373504,0.8052886
00016840.jpg,0.65954965,0.7378538
00040266.jpg,0.72719646,0.7725636
00051150.jpg,0.7353832,0.715255
00037523.jpg,0.6916516,0.7224214
00009824.jpg,0.73294294,0.6928798
00000084.jpg,0.82367444,0.9445564
00042423.jpg,0.7037042,0.7584378
00022194.jpg,0.70033306,0.719578
00004830.jpg,0.7918519,0.7660102
00032648.jpg,0.7210883,0.7942956
00024563.jpg,0.82611716,0.7901648
00058700.jpg,0.8785903,0.910084
00037054.jpg,0.6264711,0.585421
00018544.jpg,0.8154353,0.8277958
00038895.jpg,0.6293287,0.6627994
00045765.jpg,0.74413717,0.7009958
00030691.jpg,0.8102553,0.8088706
00042573.jpg,0.6796485,0.779727
00047167.jpg,0.7656428,0.6832758
00054904.jpg,0.8090396,0.6876258
00009758.jpg,0.7677592,0.8202254
n03790512_4715.jpg,0.79372394,0.7692308
00032110.jpg,0.78755534,0.7285592
00043007.jpg,0.6967623,0.7335076
00003553.jpg,0.5651016,0.5511538
00037853.jpg,0.7191052,0.7146674
00003971.jpg,0.692878,0.7936478
00014590.jpg,0.7102961,0.6519428
00053680.jpg,0.69174725,0.7015436
000000083773.jpg,0.8295282,0.875
00021813.jpg,0.7389094,0.7952322
00044974.jpg,0.6087911,0.6716442
00054508.jpg,0.7772454,0.7943198
00015540.jpg,0.7021626,0.7418862
00039517.jpg,0.73439735,0.7747388
00042307.jpg,0.64732647,0.7031936
00026522.jpg,0.5471375,0.4760588
00038568.jpg,0.5896778,0.54004
00031419.jpg,0.6243533,0.7969352
00031139.jpg,0.7665695,0.8167958
00027575.jpg,0.7178209,0.6742802
00007048.jpg,0.8578968,0.918616
00017934.jpg,0.82767487,0.8904938
00019987.jpg,0.80664027,0.8039746
00039171.jpg,0.71150255,0.7029264
00038497.jpg,0.77658397,0.8133642
00055497.jpg,0.8621901,0.9285716
000000349868.jpg,0.7060013,0.63461536
00018350.jpg,0.8772189,0.7731872
00004770.jpg,0.8825569,0.8822908
00026130.jpg,0.893541,0.894862
00022658.jpg,0.8449585,0.759303
00044028.jpg,0.75135636,0.7137454
00046984.jpg,0.7487372,0.592827
00043986.jpg,0.7558147,0.8440664
00037320.jpg,0.7111365,0.7893776
31ce868de373d467.jpg,0.67523086,0.75961536
00033962.jpg,0.6534341,0.68648
00046268.jpg,0.7450547,0.7755542
00028062.jpg,0.71017355,0.7709178
00034758.jpg,0.6858845,0.654538
00015091.jpg,0.56529874,0.4910634
00049566.jpg,0.7570659,0.76288
00052428.jpg,0.7765844,0.7341828
00045226.jpg,0.74422234,0.750674
00044650.jpg,0.76937056,0.780475
00023487.jpg,0.6959387,0.6825134
00049060.jpg,0.7857764,0.8151824
00035906.jpg,0.765509,0.7326504
00036218.jpg,0.6577262,0.7738306
00049134.jpg,0.76602066,0.6535246
00000482.jpg,0.8121387,0.923943
00055165.jpg,0.80957675,0.7312538
00052733.jpg,0.75642157,0.7800436
00047491.jpg,0.7809173,0.8611378
00027798.jpg,0.7586021,0.7445422
00023413.jpg,0.81203616,0.6355118
00036883.jpg,0.69292164,0.5505762
00048193.jpg,0.77206886,0.6321858
00000906.jpg,0.7240776,0.6864156
00027681.jpg,0.7033731,0.7654888
00003527.jpg,0.8423027,0.8767776
00007335.jpg,0.7387389,0.7688246
00012859.jpg,0.6903377,0.7086006
00043064.jpg,0.79727626,0.839638
00037200.jpg,0.7245801,0.71914
00039856.jpg,0.76529264,0.656001
00035426.jpg,0.669638,0.7764884
00055611.jpg,0.8824198,0.8798942
00030504.jpg,0.7674853,0.784281
b9629dfcee0b9b3c.jpg,0.74774593,0.70238096
n07863374_17242.jpg,0.8186665,0.8811881
n04461696_5500.jpg,0.74826074,0.77884614
00022679.jpg,0.7365201,0.9015464
00042691.jpg,0.704162,0.617426
00030224.jpg,0.8312943,0.8191756
00008204.jpg,0.836589,0.8977388
00029960.jpg,0.84202814,0.9475282
00044471.jpg,0.657009,0.7844772
00010145.jpg,0.7931077,0.698941
00033874.jpg,0.62778974,0.7464466
b57ae3664e85e046.jpg,0.8158325,0.8108108
00054555.jpg,0.8421459,0.7689808
00023213.jpg,0.73781085,0.8610488
n07711569_1564.jpg,0.76595414,0.73626375
00051488.jpg,0.7685772,0.8644634
00021307.jpg,0.83587503,0.85339
00048561.jpg,0.7693782,0.7640524
00035617.jpg,0.63625336,0.6843096
00032425.jpg,0.7751256,0.778528
00011957.jpg,0.7450718,0.6935506
00043690.jpg,0.7359414,0.6684104
00011715.jpg,0.581214,0.507618
00043900.jpg,0.70818496,0.9109272
n02691156_10578.jpg,0.6136075,0.5714286
00008691.jpg,0.78170824,0.7501084
00038341.jpg,0.75941044,0.7361638
n02396427_8595.jpg,0.8412974,0.8468468
n02396427_4.jpg,0.8586731,0.9255319
00020732.jpg,0.7438083,0.8156956
00058124.jpg,0.8473036,0.7948238
00032487.jpg,0.743253,0.5731456
00032828.jpg,0.7404696,0.773168
00010496.jpg,0.85556835,0.843063
00009880.jpg,0.7922199,0.781394
00009839.jpg,0.9364718,0.944811
00043167.jpg,0.7294963,0.8623252
00028163.jpg,0.73722297,0.7647024
n07933274_33706.jpg,0.8892107,0.82474226
00056028.jpg,0.5701506,0.7428966
00054773.jpg,0.86190134,0.9024982
00018688.jpg,0.5800124,0.6349216
n01811909_4464.jpg,0.785686,0.7386364
sun_ahxzmmzdtjzohvyj.jpg,0.71565807,0.7787611
00011203.jpg,0.77609664,0.7735712
00011665.jpg,0.8137897,0.949845
n00480993_22829.jpg,0.8048173,0.8181818
00055195.jpg,0.81716883,0.6770868
00010220.jpg,0.7415818,0.8459158
000000359081.jpg,0.74962926,0.8111111
00007120.jpg,0.8401864,0.9382608
781ab453ae76a695.jpg,0.6494481,0.7625
00048361.jpg,0.727869,0.7951334
00025773.jpg,0.82865185,0.9166206
00028244.jpg,0.73712903,0.8345846
00040294.jpg,0.6542066,0.4834792
00007827.jpg,0.6951518,0.8591164
00038355.jpg,0.7081605,0.7873246
00044223.jpg,0.645631,0.6332766
00047674.jpg,0.707313,0.6633334
00058151.jpg,0.6036044,0.7157696
00023634.jpg,0.8825166,0.7476104
00034601.jpg,0.8363215,0.6544496
00045743.jpg,0.7041775,0.7674364
00016298.jpg,0.8369583,0.8667458
00005734.jpg,0.7084174,0.8212358
00037847.jpg,0.73630184,0.833981
n07838073_17336.jpg,0.7697972,0.8453608
n09288635_488.jpg,0.61078966,0.6666667
00044622.jpg,0.84073204,0.7896514
00024846.jpg,0.62964725,0.7201256
00030831.jpg,0.7732518,0.7635422
n09270735_19361.jpg,0.61302555,0.6732673
00034034.jpg,0.59679824,0.6758888
00049161.jpg,0.8200301,0.7291724
00049886.jpg,0.7847065,0.8799682
00030791.jpg,0.8904772,0.8903972
00047392.jpg,0.57205147,0.6328206
00040089.jpg,0.7640259,0.656885
cefeffaa35e5554b.jpg,0.7992872,0.7787611
201c457d6e94dea8.jpg,0.7217159,0.79
00015204.jpg,0.71954274,0.7472454
00034408.jpg,0.6594002,0.814272
00049893.jpg,0.79718804,0.8308412
00039049.jpg,0.670736,0.7173214
00027481.jpg,0.6975932,0.7026366
00035343.jpg,0.6664873,0.7349504
sun_agdbqrwoyiuhkrcq.jpg,0.5763998,0.44329897
00001408.jpg,0.6574949,0.7146096
00039240.jpg,0.7622769,0.664276
00055067.jpg,0.7375779,0.8355112
00018446.jpg,0.78189754,0.816659
00040160.jpg,0.62591434,0.6368466
aa0f989e606f5ee2.jpg,0.7743005,0.8367347
00011580.jpg,0.6725937,0.6168766
00014488.jpg,0.7767579,0.7508668
00006842.jpg,0.81055784,0.7081924
00025755.jpg,0.8004155,0.766349
00036752.jpg,0.7178065,0.6242326
00002734.jpg,0.79601586,0.8731636
n04467665_5510.jpg,0.75823915,0.7340425
n07583197_1716.jpg,0.808301,0.8095238
00030747.jpg,0.713907,0.671279
00001094.jpg,0.73651695,0.802656
57325acb63287b6e.jpg,0.6896951,0.7676768
00009519.jpg,0.62793195,0.6909452
00027840.jpg,0.85681677,0.8380752
n02342885_7912.jpg,0.8460801,0.94949496
00043879.jpg,0.70684016,0.6644824
00014380.jpg,0.80564237,0.8693418
00045415.jpg,0.76651776,0.6668616
00044810.jpg,0.6388787,0.7553426
00049256.jpg,0.7247463,0.6135082
00022757.jpg,0.72888714,0.7779456
00001592.jpg,0.78766817,0.7788492
00038467.jpg,0.6918159,0.8084298
000000557586.jpg,0.7249159,0.74285716
00057021.jpg,0.63674915,0.6840244
00004262.jpg,0.77276134,0.9190388
00035782.jpg,0.58490086,0.6671266
00030836.jpg,0.78678966,0.761497
00006488.jpg,0.61987853,0.7938094
00048436.jpg,0.84684384,0.906019
sun_bbvrdmjbnzoaqrmp.jpg,0.70764977,0.6630435
00002392.jpg,0.85083985,0.8125804
00034236.jpg,0.58733666,0.7040056
00031264.jpg,0.7561685,0.7503868
00025825.jpg,0.8393199,0.8025016
00035275.jpg,0.7407769,0.713002
00015506.jpg,0.8698272,0.8024596
00022339.jpg,0.61599386,0.6260094
00053770.jpg,0.877532,0.7940728
00058060.jpg,0.73012686,0.8213834
00005165.jpg,0.78276116,0.6839254
00037700.jpg,0.5962993,0.7238608
1a763572bc101798.jpg,0.708897,0.8
00015722.jpg,0.9065788,0.9417106
00045487.jpg,0.75277686,0.7464388
00016202.jpg,0.71321464,0.7626982
000000303034.jpg,0.6753801,0.74336284
00043375.jpg,0.76030624,0.7668262
97aaac154962a793.jpg,0.74895984,0.82051283
00054937.jpg,0.65284073,0.7077916
00000614.jpg,0.6371521,0.683938
00038132.jpg,0.7653469,0.813627
00041731.jpg,0.61765814,0.6074638
00030098.jpg,0.6830194,0.796146
00007128.jpg,0.64321774,0.7328576
00015739.jpg,0.864902,0.8713922
00057598.jpg,0.72719234,0.6860938
00015954.jpg,0.70743716,0.6918384
00055449.jpg,0.7841302,0.8992792
00031123.jpg,0.8969488,0.878726
00025987.jpg,0.5891047,0.6730602
00052452.jpg,0.8195592,0.6741476
00007682.jpg,0.77771246,0.6663252
00049200.jpg,0.6997618,0.6951986
00041508.jpg,0.78249955,0.7783474
00052179.jpg,0.8028316,0.7094902
00015691.jpg,0.810689,0.7818486
00015088.jpg,0.73915976,0.7774386
00057151.jpg,0.634724,0.7467434
00010782.jpg,0.6958797,0.822577
000000335624.jpg,0.70770633,0.56842107
00035394.jpg,0.6353038,0.5571918
c658026260b5ba62.jpg,0.7492833,0.682243
00045583.jpg,0.7043168,0.6570236
00013525.jpg,0.8954481,0.8711254
00018072.jpg,0.6904194,0.7546688
00002414.jpg,0.7753783,0.7137784
00030151.jpg,0.608495,0.4922974
n04465501_3214.jpg,0.753579,0.86868685
00022562.jpg,0.7797879,0.8362348
00016269.jpg,0.78897136,0.8254744
eacf12733f79d8e5.jpg,0.74619377,0.77678573
n01811909_471.jpg,0.8346863,0.81632656
00051356.jpg,0.87754095,0.9279394
000000516249.jpg,0.72371703,0.8240741
00044408.jpg,0.87591344,0.950289
f75ccf0bf9d264bf.jpg,0.52815163,0.5904762
00003344.jpg,0.86551976,0.9250868
00000435.jpg,0.64654744,0.7082516
c792c04f4ba33ad1.jpg,0.7156801,0.79611653
00041680.jpg,0.712108,0.8397058
00025719.jpg,0.7281927,0.692297
00020481.jpg,0.57207733,0.48766
000000200959.jpg,0.68483174,0.74489796
n02396427_21929.jpg,0.85564137,0.8791209
00011750.jpg,0.7366909,0.8204642
00036333.jpg,0.69720316,0.757742
00052988.jpg,0.78126013,0.785732
00025075.jpg,0.6796844,0.7317866
n02793495_435.jpg,0.6871054,0.65486723
00018701.jpg,0.79713607,0.8483704
00000763.jpg,0.7570158,0.8597224
n07680932_1211.jpg,0.84347093,0.9035088
00047087.jpg,0.6509571,0.5140944
00004327.jpg,0.79860985,0.8362832
00001430.jpg,0.69235325,0.7459124
000000288076.jpg,0.71124804,0.75490195
00024240.jpg,0.6464463,0.71556
00039318.jpg,0.71507955,0.610592
00044585.jpg,0.7719412,0.7536856
00006001.jpg,0.62706316,0.5359882
00052123.jpg,0.8012664,0.885084
00050436.jpg,0.80097836,0.838626
00006374.jpg,0.8962422,0.8783044
00040296.jpg,0.79730237,0.8156518
00008439.jpg,0.85708547,0.7975528
00037467.jpg,0.7371383,0.7336426
n02342885_78.jpg,0.8705689,0.81914896
00023070.jpg,0.9051054,0.8864128
00040599.jpg,0.71435374,0.6953566
00047036.jpg,0.74837005,0.761825
00020616.jpg,0.81589454,0.738023
00042575.jpg,0.67902756,0.7123292
00020073.jpg,0.83834386,0.721606
00053748.jpg,0.64529264,0.7451482
00015180.jpg,0.81809765,0.858299
00012351.jpg,0.6110153,0.4798648
00010035.jpg,0.5323757,0.498382
00052337.jpg,0.6493236,0.6488104
00042596.jpg,0.69872135,0.7165948
00031563.jpg,0.7999134,0.883045
00006283.jpg,0.88614666,0.890751
00027215.jpg,0.8419537,0.9007866
00023647.jpg,0.7691754,0.6956792
00021519.jpg,0.76352644,0.8515828
00020045.jpg,0.7195287,0.7516822
00030661.jpg,0.7942358,0.8305958
00033224.jpg,0.6553388,0.796418
00039781.jpg,0.58101153,0.5470292
00055208.jpg,0.68942463,0.6447438
00000153.jpg,0.8339845,0.827873
00015276.jpg,0.8210809,0.6708106
00043802.jpg,0.78051364,0.742871
00011109.jpg,0.84513986,0.8494924
00011180.jpg,0.962761,0.980488
00001116.jpg,0.73137057,0.7992208
00036561.jpg,0.61888844,0.5789358
00002758.jpg,0.6893451,0.6718292
00000608.jpg,0.800567,0.826193
00038631.jpg,0.6987001,0.6513634
00032118.jpg,0.8229178,0.863294
00011956.jpg,0.8178854,0.8676218
00025855.jpg,0.5712007,0.4957408
n09359803_43846.jpg,0.54255265,0.5566038
000000262552.jpg,0.8054926,0.8543689
00038484.jpg,0.6039022,0.7303166
00010314.jpg,0.7132695,0.6703982
00022435.jpg,0.84354997,0.8509694
00018798.jpg,0.8299326,0.8584318
00034457.jpg,0.7326852,0.826192
00055644.jpg,0.77671957,0.6790086
00051161.jpg,0.7629973,0.8151354
00013619.jpg,0.7044238,0.6728888
00055291.jpg,0.7289322,0.8285096
00052570.jpg,0.7107671,0.7508936
00008314.jpg,0.76132405,0.8350444
00006594.jpg,0.7525929,0.7333356
00051076.jpg,0.77249616,0.8041476
00026120.jpg,0.78031987,0.8667826
00007585.jpg,0.7988828,0.8344262
00013804.jpg,0.8291434,0.8782644
00031201.jpg,0.8390206,0.9086256
00055492.jpg,0.7865354,0.8378724
00037715.jpg,0.7228985,0.7589584
00014337.jpg,0.8257863,0.833425
n03670208_16904.jpg,0.8541831,0.88659793
n01846331_13568.jpg,0.688337,0.5714286
00053877.jpg,0.87227046,0.9516998
00016998.jpg,0.74633265,0.7878142
00040901.jpg,0.7568286,0.8223038
f4b9c8c25d189852.jpg,0.71401143,0.82568806
00055013.jpg,0.8437394,0.7745726
n07929519_35662.jpg,0.81858367,0.72
000000141893.jpg,0.77109575,0.8086957
00054975.jpg,0.8064728,0.8975384
00016153.jpg,0.79646456,0.7175494
00039877.jpg,0.6722356,0.8278712
000000389041.jpg,0.7282513,0.6931818
00005334.jpg,0.73673797,0.7592838
00016309.jpg,0.753826,0.7860882
00026404.jpg,0.8870306,0.8633898
00022370.jpg,0.81397283,0.7990106
000000419037.jpg,0.7817941,0.7582418
00048495.jpg,0.6974421,0.7013916
00034725.jpg,0.6169739,0.7426166
00037120.jpg,0.65144885,0.5547952
00017618.jpg,0.743876,0.6954276
00050064.jpg,0.83804584,0.8724998
00054103.jpg,0.766141,0.7298428
00034870.jpg,0.69043785,0.7578164
00047568.jpg,0.64455736,0.7327682
000000050786.jpg,0.7626296,0.7083333
00049971.jpg,0.7652763,0.8063252
00033291.jpg,0.67213833,0.5293958
00046355.jpg,0.7019286,0.8160876
00021673.jpg,0.7860541,0.7516618
00011594.jpg,0.78905016,0.7349266
00003426.jpg,0.72712916,0.7374176
00053703.jpg,0.69518733,0.8505504
00055156.jpg,0.8866744,0.8031014
00005272.jpg,0.6469421,0.5831216
70314a9f079fc940.jpg,0.62451965,0.5826087
00027959.jpg,0.82894796,0.7912286
00009422.jpg,0.68630195,0.556264
a31b4795bd65b914.jpg,0.77796036,0.85148513
00005049.jpg,0.7097435,0.6980332
00015264.jpg,0.7984035,0.9078696
00015450.jpg,0.7050771,0.6568004
00020556.jpg,0.8809748,0.9438076
00027855.jpg,0.7211034,0.7054708
00026281.jpg,0.7921305,0.908351
00043268.jpg,0.6647917,0.7298894
00054474.jpg,0.6466469,0.6472856
00034693.jpg,0.6399678,0.5738892
00018913.jpg,0.8555709,0.8317272
n07838073_15555.jpg,0.7786896,0.75961536
00014098.jpg,0.5456166,0.6629886
00035134.jpg,0.7666823,0.8061252
00030707.jpg,0.59455633,0.5724812
00019665.jpg,0.84825194,0.866823
00015964.jpg,0.8390001,0.7846252
00051719.jpg,0.7144004,0.675216
00005739.jpg,0.6550206,0.456376
00024814.jpg,0.6486113,0.6962316
00003461.jpg,0.8069252,0.9219032
00057841.jpg,0.7839781,0.758672
00056607.jpg,0.8355491,0.8472764
00009363.jpg,0.7023622,0.6045732
00041397.jpg,0.6789907,0.6154896
00051810.jpg,0.92618525,0.853811
00057056.jpg,0.8026612,0.8268076
00015713.jpg,0.7102128,0.7505234
n07583197_400.jpg,0.8424367,0.86538464
00026114.jpg,0.9319423,0.9307658
00047726.jpg,0.6940651,0.6732464
00030229.jpg,0.69054747,0.8037312
00019944.jpg,0.63469356,0.6535618
00055970.jpg,0.7520311,0.690155
00019768.jpg,0.6295368,0.5308944
00037825.jpg,0.6737933,0.6233846
n02430045_6047.jpg,0.8087058,0.7777778
00057036.jpg,0.8065129,0.848015
00026533.jpg,0.73651385,0.7123964
00002256.jpg,0.6973883,0.6639944
00002602.jpg,0.7119714,0.831692
000000155995.jpg,0.7427454,0.754717
00003268.jpg,0.84556246,0.91058
00000899.jpg,0.797766,0.6580588
00032735.jpg,0.81180567,0.8806204
00050727.jpg,0.6440836,0.7066752
00016611.jpg,0.6354329,0.5892486
00024397.jpg,0.8830089,0.8765422
00053581.jpg,0.7966953,0.7689586
00006791.jpg,0.8185114,0.8141588
00050181.jpg,0.8645004,0.9120428
00049821.jpg,0.87087655,0.8901774
00020281.jpg,0.7751483,0.8777594
00019827.jpg,0.7409773,0.8572822
00055438.jpg,0.83805954,1.0
00040364.jpg,0.7767911,0.7908554
00051369.jpg,0.82055223,0.8451114
00044438.jpg,0.66048026,0.6794714
00045155.jpg,0.70441926,0.6679956
00024813.jpg,0.8194158,0.8048594
00024414.jpg,0.5752684,0.5043606
sun_amyfrjfsypqohzav.jpg,0.55059683,0.6605505
cc16b9ccba01f7ff.jpg,0.7100667,0.8039216
00006573.jpg,0.79688025,0.7278568
00046894.jpg,0.7045207,0.714393
00049341.jpg,0.89298993,0.960734
n02878222_5468.jpg,0.6894717,0.6632653
00040171.jpg,0.83196855,0.8364382
00040176.jpg,0.7765142,0.9083394
00015286.jpg,0.7769967,0.7167576
00034409.jpg,0.79805076,0.714397
00024394.jpg,0.7416159,0.8033258
00055562.jpg,0.7340113,0.7414542
00049067.jpg,0.566802,0.5187458
00010235.jpg,0.6110754,0.4961964
00004375.jpg,0.7419764,0.8185428
00031163.jpg,0.58017623,0.5666104
n07690273_20233.jpg,0.78569263,0.84615386
00033882.jpg,0.6428366,0.7599972
00055696.jpg,0.71186876,0.6449124
00003283.jpg,0.6932355,0.700695
00051174.jpg,0.8031428,0.8011312
00028107.jpg,0.83950794,0.872677
00018638.jpg,0.65402645,0.4725858
00051014.jpg,0.62041944,0.7397338
00003558.jpg,0.8171746,0.8257196
00029165.jpg,0.56831264,0.6276016
n07679356_31997.jpg,0.9034015,0.8761905
000000156500.jpg,0.8153978,0.85714287
452c5f23e6452a36.jpg,0.5259875,0.6145833
00053260.jpg,0.87646127,0.8785702
00012736.jpg,0.6655185,0.738306
00030962.jpg,0.6888795,0.5843902
00038999.jpg,0.83175945,0.815304
00003653.jpg,0.5826111,0.6105564
00003529.jpg,0.8351089,0.8311936
00008794.jpg,0.6704671,0.5938316
00043257.jpg,0.83992267,0.9240096
00025272.jpg,0.87190574,0.9505988
00012100.jpg,0.6113391,0.477738
00031396.jpg,0.71568686,0.6649778
00040405.jpg,0.7645217,0.8873524
00029634.jpg,0.8187772,0.9201002
00039243.jpg,0.6310245,0.7075248
00030120.jpg,0.8567728,0.8274332
00014208.jpg,0.7647233,0.7826928
00007459.jpg,0.73426104,0.6907796
00041373.jpg,0.61993873,0.6712678
00046445.jpg,0.6653693,0.7543474
00051307.jpg,0.7448362,0.8266728
00010934.jpg,0.7145159,0.651764
00011325.jpg,0.79465663,0.8044542
00025712.jpg,0.68209696,0.7216534
00020718.jpg,0.7264541,0.607663
n02342885_4543.jpg,0.7999679,0.8888889
00050386.jpg,0.6938082,0.8267562
00030898.jpg,0.64094037,0.6575378
00010114.jpg,0.70962906,0.7992834
00038374.jpg,0.6296963,0.667845
00049751.jpg,0.61646163,0.6031912
00031199.jpg,0.66843987,0.7327476
00028047.jpg,0.73659337,0.8854074
00041056.jpg,0.7222183,0.6484062
00039149.jpg,0.65364987,0.6820208
00004973.jpg,0.7817868,0.7593676
00039475.jpg,0.69099975,0.690809
00043128.jpg,0.6683204,0.5815394
00023652.jpg,0.7927797,0.8118168
00058459.jpg,0.8170161,0.8129054
00028314.jpg,0.64726174,0.74155
00011319.jpg,0.7211953,0.7010176
n02129165_22072.jpg,0.83231777,0.8534483
00014124.jpg,0.6931106,0.683398
n03670208_5831.jpg,0.81545997,0.91818184
00035783.jpg,0.6589395,0.6193264
00006314.jpg,0.6324917,0.5859922
00029801.jpg,0.72546077,0.8437066
70b5c729686aa098.jpg,0.8031442,0.7407407
00002863.jpg,0.74933803,0.724099
00004953.jpg,0.9170325,0.8891518
00036248.jpg,0.60811114,0.678879
00004519.jpg,0.8139173,0.8084264
00058729.jpg,0.8576299,0.8526308
00039548.jpg,0.7173886,0.726241
00054470.jpg,0.77972925,0.7670268
00048842.jpg,0.7987664,0.8745626
00029778.jpg,0.84539604,0.9081666
00001963.jpg,0.7580642,0.7326726
sun_augbwsnxnnytbbef.jpg,0.5992748,0.41284403
000000208927.jpg,0.77322316,0.78409094
00002661.jpg,0.81561124,0.8696204
00013346.jpg,0.8220434,0.7577224
00014740.jpg,0.6359238,0.6587202
00041581.jpg,0.77196956,0.6066146
00010971.jpg,0.67599845,0.6015292
00050637.jpg,0.87094235,0.9595022
00035058.jpg,0.70902365,0.586777
00054403.jpg,0.7712072,0.8806872
00009765.jpg,0.62025553,0.5953136
00027889.jpg,0.74165356,0.7969898
00014772.jpg,0.8056048,0.858638
00054488.jpg,0.82925034,0.866964
00018528.jpg,0.7709072,0.736366
00021458.jpg,0.670606,0.7716442
00007172.jpg,0.71352065,0.6540762
00008644.jpg,0.9022953,0.8987172
00003044.jpg,0.680354,0.6576452
00027630.jpg,0.77281463,0.7414396
00027487.jpg,0.82577527,0.8651842
00016835.jpg,0.7632315,0.7760326
00011034.jpg,0.78362596,0.8392498
00051930.jpg,0.76069564,0.632886
00002025.jpg,0.8408493,0.876057
00034180.jpg,0.63126934,0.6497762
sun_aacbgqunsjqeatcv.jpg,0.5935641,0.4347826
00017474.jpg,0.8690764,0.9172026
n07911677_3876.jpg,0.81428707,0.8055556
00054287.jpg,0.5813103,0.6666386
00041724.jpg,0.6315607,0.5795536
00031760.jpg,0.76936173,0.8129408
00031335.jpg,0.6476305,0.7138596
00017473.jpg,0.62360567,0.6403832
00036327.jpg,0.6581968,0.7617716
00055151.jpg,0.6969892,0.678409
00048157.jpg,0.7530799,0.8528176
00054518.jpg,0.7306792,0.7865208
00035324.jpg,0.61478335,0.6048718
00009098.jpg,0.85399294,0.941165
00002528.jpg,0.8209609,0.932104
00014534.jpg,0.84361196,0.9044334
00029130.jpg,0.8161662,0.8488728
00040537.jpg,0.81663805,0.79425
00024666.jpg,0.65722,0.6634012
00025630.jpg,0.8160527,0.8213262
00000014.jpg,0.833124,0.814627
00036697.jpg,0.5122195,0.6020782
00019412.jpg,0.7656971,0.7140684
00000246.jpg,0.88966316,0.7718988
00011579.jpg,0.80155325,0.7598166
00009937.jpg,0.7722337,0.7340388
00020703.jpg,0.58962023,0.603126
n04465501_2523.jpg,0.72740823,0.67045456
00039024.jpg,0.768658,0.644387
5789304f5ccd057d.jpg,0.8273108,0.8039216
00014449.jpg,0.88653404,0.9348746
00037078.jpg,0.56483465,0.5425926
00007852.jpg,0.699622,0.7430464
00037347.jpg,0.75223726,0.7462078
00042906.jpg,0.6387377,0.5163952
00045297.jpg,0.7502443,0.8248082
00043545.jpg,0.69870657,0.6924716
00015105.jpg,0.70451057,0.7629712
00003512.jpg,0.8589682,0.8072088
00052295.jpg,0.7151699,0.7243842
00018180.jpg,0.6278115,0.7323604
00033708.jpg,0.6274138,0.5955642
00026943.jpg,0.8967743,0.8616914
00043673.jpg,0.7111571,0.7761452
00010648.jpg,0.71769327,0.7843774
00044591.jpg,0.6953915,0.761241
n02118333_8657.jpg,0.84539455,0.9074074
00002332.jpg,0.7926624,0.7700014
000000383857.jpg,0.7172544,0.745283
00024664.jpg,0.78365654,0.9204536
00006420.jpg,0.8263365,0.9062812
00053556.jpg,0.81877756,0.7271764
00045999.jpg,0.83226544,0.8957142
00027672.jpg,0.8683342,0.9413572
00040093.jpg,0.6942509,0.6922748
00036993.jpg,0.64918786,0.6093816
00025206.jpg,0.623808,0.5042942
00001960.jpg,0.6979884,0.7792446
00031872.jpg,0.8557917,0.8684746
00027996.jpg,0.81324685,0.8793442
00052199.jpg,0.7451297,0.759981
00039211.jpg,0.73282576,0.798978
00011130.jpg,0.67015254,0.7378356
00027132.jpg,0.76435065,0.7428346
00046288.jpg,0.77548814,0.8731128
00025230.jpg,0.9077915,0.9399082
00042278.jpg,0.69080746,0.6015736
000000139075.jpg,0.78800887,0.83157897
00016728.jpg,0.82732165,0.7936756
00043022.jpg,0.63915884,0.5786096
000000061566.jpg,0.7383504,0.7826087
00028977.jpg,0.7977258,0.9121696
00030503.jpg,0.6259533,0.4604416
00002262.jpg,0.7776019,0.8611744
n04349306_9923.jpg,0.8062039,0.8021978
00024069.jpg,0.6901238,0.7822176
n02834778_1175.jpg,0.775365,0.89908254
00018770.jpg,0.91160905,0.9583528
00047396.jpg,0.7528714,0.7423208
00045167.jpg,0.76489115,0.8251518
00022171.jpg,0.7534069,0.626487
00053972.jpg,0.56377625,0.3724902
00022650.jpg,0.6691462,0.6351514
00022568.jpg,0.692811,0.7931652
00007562.jpg,0.7732808,0.7752208
00057146.jpg,0.86738324,0.9202524
000000412922.jpg,0.74089116,0.6888889
00041202.jpg,0.6671616,0.766888
00025071.jpg,0.7034912,0.7902498
000000252198.jpg,0.64928806,0.5221239
00018114.jpg,0.79997027,0.842865
00042227.jpg,0.59517694,0.648992
00005746.jpg,0.76534235,0.8451898
n09472597_39958.jpg,0.5487623,0.42105263
00053250.jpg,0.6562244,0.8057638
00027363.jpg,0.791262,0.8101922
00025939.jpg,0.9199025,0.8767074
00010577.jpg,0.6939515,0.6886442
00004814.jpg,0.7552119,0.7821626
00024910.jpg,0.7800275,0.8655444
00036178.jpg,0.696828,0.84404
00036907.jpg,0.646349,0.568152
00045627.jpg,0.78306854,0.7226112
00038656.jpg,0.62107396,0.6020142
n04349306_8199.jpg,0.77073497,0.8518519
00017993.jpg,0.82282615,0.8966754
00054383.jpg,0.80231714,0.8141098
00027683.jpg,0.9317554,0.8974392
n02118333_13528.jpg,0.8267811,0.8152174
00038169.jpg,0.7105924,0.7662014
00012896.jpg,0.77101004,0.7976292
00030322.jpg,0.6308863,0.805165
n07929519_35665.jpg,0.76765215,0.8214286
00056168.jpg,0.704666,0.6393994
00023604.jpg,0.6565082,0.692661
00047126.jpg,0.73840225,0.666186
00014262.jpg,0.73035544,0.56166
00045579.jpg,0.7767101,0.8517056
00003188.jpg,0.8242611,0.7626212
00056810.jpg,0.8378768,0.8704056
a5238772baf25f1c.jpg,0.61086303,0.57894737
00009943.jpg,0.8261283,0.892711
00023775.jpg,0.6071689,0.514227
00003081.jpg,0.84235406,0.942001
00056916.jpg,0.8664465,0.9343802
00019204.jpg,0.8113954,0.8220252
00024000.jpg,0.5916187,0.8281514
00029739.jpg,0.7261369,0.6541598
00040340.jpg,0.7577376,0.5303158
00020258.jpg,0.7671759,0.76604
00035895.jpg,0.65669966,0.6713596
00005245.jpg,0.7100574,0.7507432
n00439826_6705.jpg,0.83597213,0.79545456
00025763.jpg,0.75374913,0.8447
00051979.jpg,0.7584145,0.737764
00021010.jpg,0.8120049,0.8239212
000000063299.jpg,0.71661943,0.52884614
00031565.jpg,0.7481435,0.7530108
00004967.jpg,0.75645024,0.7579706
00039443.jpg,0.75352347,0.8762056
00022353.jpg,0.72805655,0.7273146
00023193.jpg,0.86696434,0.9203686
00055244.jpg,0.7748097,0.8519716
00052442.jpg,0.7911643,0.7986542
000000385795.jpg,0.812865,0.8651685
00053793.jpg,0.7144456,0.6264882
00049665.jpg,0.79753137,0.8588462
1a2ecf83645336ce.jpg,0.7644694,0.85
00005197.jpg,0.6360958,0.7249014
00051253.jpg,0.84425116,0.830215
00053134.jpg,0.6078641,0.8276122
00027380.jpg,0.6426052,0.6175308
00049065.jpg,0.70127225,0.7271112
00042130.jpg,0.7675846,0.8993434
00025234.jpg,0.7532357,0.75686
000000565220.jpg,0.8647052,0.9266055
n04349306_4862.jpg,0.7457502,0.7281553
00012825.jpg,0.69648707,0.7245022
00010892.jpg,0.80402297,0.8307782
00016704.jpg,0.7935591,0.8684666
00039193.jpg,0.736501,0.7426318
00049989.jpg,0.8249807,0.877995
00012255.jpg,0.68329674,0.6698736
00026156.jpg,0.81852067,0.754439
00014907.jpg,0.68866575,0.6626524
00038549.jpg,0.8044669,0.721269
00041762.jpg,0.88539577,0.9167596
00014276.jpg,0.8667017,0.9317494
00041856.jpg,0.7286663,0.7268422
00043498.jpg,0.71046877,0.7982922
00029734.jpg,0.5892006,0.6673512
n02324045_23562.jpg,0.8073634,0.8425926
00000332.jpg,0.7650627,0.70775
1c2bd5f49631cbbd.jpg,0.7514578,0.74336284
n01811909_4089.jpg,0.84271055,0.89
n03541923_477.jpg,0.7936206,0.77272725
00014608.jpg,0.5277901,0.6325784
00039881.jpg,0.63505685,0.7270452
ffcc5ba8d6eb7f2c.jpg,0.77299356,0.74712646
00000016.jpg,0.80250955,0.6287624
00007311.jpg,0.73580134,0.7759194
n09472597_22784.jpg,0.6141535,0.43333334
00022123.jpg,0.90275466,0.8895444
00045264.jpg,0.7396437,0.716768
00025011.jpg,0.825008,0.888005
00042671.jpg,0.83936775,0.8816102
00000543.jpg,0.7081408,0.5657872
00018605.jpg,0.78229594,0.7013092
00041931.jpg,0.72495604,0.663157
00014379.jpg,0.7348398,0.7151786
00019532.jpg,0.8117707,0.8481734
da1e5993c1e4aaab.jpg,0.7791492,0.8440367
00058543.jpg,0.8007426,0.8590702
000000491330.jpg,0.77436763,0.92783505
00014764.jpg,0.7755872,0.7299184
00010567.jpg,0.8486099,0.8596802
00024598.jpg,0.8208518,0.8850472
00053626.jpg,0.6605014,0.799085
00007659.jpg,0.70795393,0.7567794
00005815.jpg,0.65547264,0.65138
n02355227_13315.jpg,0.78847784,0.7909091
00046541.jpg,0.6028913,0.5158758
00019878.jpg,0.67401475,0.8655734
n02878222_19277.jpg,0.6919881,0.66346157
00021508.jpg,0.67616,0.7676154
00047506.jpg,0.68967474,0.6498876
00038012.jpg,0.706949,0.6632326
00033237.jpg,0.8356341,0.930955
00057139.jpg,0.7579639,0.820027
00038033.jpg,0.56445485,0.4466802
00023465.jpg,0.7276408,0.760039
00031354.jpg,0.85485935,0.7752986
f8de6c925b0dc353.jpg,0.79756737,0.875
n02834778_4730.jpg,0.8144938,0.80733943
n04465501_4896.jpg,0.79161274,0.8396226
f70e2da87e3a08e5.jpg,0.8392454,0.80172414
00010386.jpg,0.66783655,0.6631834
00013616.jpg,0.74460053,0.7639056
00042641.jpg,0.6802223,0.6103808
00032628.jpg,0.6948426,0.8744822
00019753.jpg,0.74810064,0.8307914
00043942.jpg,0.77630305,0.7986182
00038645.jpg,0.6511601,0.6738952
00055065.jpg,0.64856124,0.679984
00039394.jpg,0.7066992,0.8244034
00038839.jpg,0.75104636,0.7754174
00035522.jpg,0.65250945,0.5305698
00005270.jpg,0.8001631,0.7664268
00041940.jpg,0.72071123,0.8050626
00019012.jpg,0.8517301,0.8964636
00049702.jpg,0.6493964,0.6170376
00027188.jpg,0.7161151,0.7294652
00030477.jpg,0.62396914,0.560671
00025046.jpg,0.89430046,0.9254724
00055773.jpg,0.8549484,0.8424406
n02793495_16056.jpg,0.655245,0.74
502c9577bb2b7201.jpg,0.5506232,0.537037
00025992.jpg,0.8405789,0.788191
00025584.jpg,0.8130318,0.9098046
00056547.jpg,0.8547512,0.863758
00026810.jpg,0.8180957,0.8533626
00011528.jpg,0.6988983,0.7657708
00019083.jpg,0.6613375,0.6134238
00016056.jpg,0.77332544,0.8169024
00028160.jpg,0.6615763,0.7411906
00017662.jpg,0.7435597,0.8713232
00011949.jpg,0.7914506,0.847885
00054076.jpg,0.80801797,0.7502652
00021424.jpg,0.7761812,0.810577
00014900.jpg,0.53946024,0.5114288
00046144.jpg,0.7413579,0.7998884
00018218.jpg,0.6833195,0.617975
00004553.jpg,0.703242,0.6610238
00006173.jpg,0.50267917,0.5831384
00026678.jpg,0.7461931,0.759755
00018568.jpg,0.78700596,0.8527536
n01846331_15233.jpg,0.7111208,0.70652175
00036969.jpg,0.499745,0.5337804
00058120.jpg,0.90615296,0.9057812
000000402406.jpg,0.7216177,0.72727275
00047001.jpg,0.64682543,0.7785108
00016811.jpg,0.7355826,0.6470762
00050174.jpg,0.8583863,0.7936448
00054860.jpg,0.7140364,0.7278248
n01791625_9841.jpg,0.8056488,0.9099099
00025788.jpg,0.7788278,0.692619
00051563.jpg,0.8876686,0.8560866
n07893642_8452.jpg,0.8362042,0.872549
00005134.jpg,0.8515303,0.899594
00013274.jpg,0.66844755,0.5914912
00020548.jpg,0.8209928,0.86269
00031232.jpg,0.8396388,0.9013342
00035055.jpg,0.5560682,0.6182682
00023571.jpg,0.69406253,0.765032
00033834.jpg,0.70226556,0.7558504
00028803.jpg,0.7237583,0.5719872
00008834.jpg,0.5845281,0.4577368
00051017.jpg,0.67053634,0.7027888
00011248.jpg,0.80282223,0.8461634
00049956.jpg,0.8440582,0.792211
00003452.jpg,0.80298495,0.8832772
00003897.jpg,0.74450254,0.63463
00026884.jpg,0.7251922,0.6820794
00043366.jpg,0.56407833,0.4993672
00025799.jpg,0.7590713,0.8033968
00058052.jpg,0.72688353,0.7588708
000000379272.jpg,0.75627327,0.9111111
00054027.jpg,0.78985476,0.8938046
c6c86a2edd04f726.jpg,0.81024164,0.8080808
00016705.jpg,0.72311836,0.7989796
00058035.jpg,0.6859792,0.8456572
00046791.jpg,0.73531747,0.6809158
00001900.jpg,0.7949167,0.7403296
b82c24637663e8fe.jpg,0.701798,0.74038464
00053145.jpg,0.7833294,0.9024916
00010312.jpg,0.50909364,0.706936
00054467.jpg,0.81314135,0.7410306
00028905.jpg,0.8503457,0.8799208
00003954.jpg,0.6929965,0.6577504
00046146.jpg,0.77935666,0.6260402
00039659.jpg,0.72202504,0.7012866
00027030.jpg,0.67192525,0.6860966
00025441.jpg,0.66385853,0.6948358
00047719.jpg,0.7498137,0.6084368
00038395.jpg,0.6238344,0.717189
00028412.jpg,0.6564391,0.6018352
00010685.jpg,0.86303467,0.8775486
n02450034_11460.jpg,0.84002686,0.7765958
00055159.jpg,0.7734637,0.7495414
00052880.jpg,0.87524015,0.8250152
00013377.jpg,0.85698056,0.9241796
00036649.jpg,0.6954569,0.5843134
00054869.jpg,0.50431013,0.4884102
00029134.jpg,0.7908534,0.8336944
00020219.jpg,0.71613514,0.7906452
00035330.jpg,0.72294766,0.7738084
00005985.jpg,0.75917685,0.8656456
00016205.jpg,0.74530846,0.8267938
00022928.jpg,0.8109728,0.7680952
00017838.jpg,0.8353471,0.8113506
00032666.jpg,0.6843002,0.5971366
00020733.jpg,0.68032277,0.6644906
000000208671.jpg,0.6930356,0.85714287
00021805.jpg,0.8221383,0.8273238
00029624.jpg,0.8280654,0.844926
00038715.jpg,0.6534973,0.6466166
00034812.jpg,0.6606841,0.7572206
00036825.jpg,0.6179311,0.634906
00001016.jpg,0.8376795,0.884904
00018495.jpg,0.8334934,0.7826656
00035963.jpg,0.6569357,0.6084038
00015287.jpg,0.681934,0.7054066
00016678.jpg,0.87701106,0.883172
00055010.jpg,0.7300567,0.8777952
00016614.jpg,0.92178786,0.909358
00025953.jpg,0.8834211,0.9109228
00051039.jpg,0.8246813,0.9416296
00028838.jpg,0.7439639,0.7431082
00012996.jpg,0.59461474,0.4984616
00006922.jpg,0.65183204,0.5052844
00004037.jpg,0.9148419,0.9181754
00025182.jpg,0.81324303,0.8483332
00013390.jpg,0.82601035,0.8226284
00054698.jpg,0.7802152,0.8605704
00048870.jpg,0.88612735,0.9264758
000000126595.jpg,0.8053374,0.7352941
00011520.jpg,0.5908082,0.5798278
00020843.jpg,0.6154358,0.6847276
ef885f9585f0d1ba.jpg,0.75879955,0.7745098
00039159.jpg,0.83324414,0.8778718
00015772.jpg,0.8978161,0.8594074
n09288635_4043.jpg,0.71746016,0.58426964
00032120.jpg,0.7245207,0.6714684
00020041.jpg,0.5973905,0.6642636
00009286.jpg,0.666013,0.6319048
00001342.jpg,0.6827916,0.558535
00037242.jpg,0.73980314,0.8547522
00038254.jpg,0.6549554,0.688262
00009352.jpg,0.7376107,0.751223
00033944.jpg,0.7037667,0.6503386
00000972.jpg,0.82868385,0.8727522
00014724.jpg,0.79916644,0.712564
00014722.jpg,0.69226396,0.7712144
00038197.jpg,0.5925301,0.6907272
00033318.jpg,0.7628757,0.7562824
00017066.jpg,0.647966,0.6626264
00006747.jpg,0.7678449,0.8519914
00022798.jpg,0.6496202,0.6604426
00004681.jpg,0.81142366,0.8179016
00029003.jpg,0.7007866,0.6732926
00015201.jpg,0.80101544,0.7701244
00013891.jpg,0.68535614,0.7466548
00015625.jpg,0.75998676,0.7577242
00026055.jpg,0.6990731,0.74472
00038504.jpg,0.6391997,0.527439
00010143.jpg,0.81331104,0.8137958
44fbc46a57311ee9.jpg,0.79333496,0.83516484
n07693725_5217.jpg,0.8412225,0.90677965
00008553.jpg,0.6378012,0.72576
00027540.jpg,0.8725287,0.9120756
ef14626d95f156e5.jpg,0.8088025,0.8411215
00055039.jpg,0.7062798,0.6926328
00019007.jpg,0.81106323,0.8545692
00003093.jpg,0.74026954,0.7017944
00040554.jpg,0.7949371,0.7707604
00045022.jpg,0.64670026,0.8222096
00002546.jpg,0.67419565,0.7014026
00011951.jpg,0.7490706,0.8918998
00001832.jpg,0.8638315,0.89015
00028668.jpg,0.8721853,0.8853572
00015756.jpg,0.77957505,0.8522914
00013483.jpg,0.8318416,0.8524936
00019920.jpg,0.8523892,0.9040946
00037260.jpg,0.57481873,0.6987658
00048768.jpg,0.8062805,0.8920608
00042556.jpg,0.7325212,0.6368436
00011499.jpg,0.77036977,0.7816892
00022133.jpg,0.80996317,0.7962562
00022233.jpg,0.6608685,0.8113338
00052263.jpg,0.64935523,0.6741064
00014143.jpg,0.8151718,0.8612846
00032336.jpg,0.81599045,0.8110232
00016992.jpg,0.6918994,0.7655592
00020358.jpg,0.62045383,0.4525288
00024824.jpg,0.7988545,0.832508
00056509.jpg,0.72161865,0.7741456
n07693725_8807.jpg,0.82165766,0.9230769
00006608.jpg,0.76989424,0.766466
00018262.jpg,0.93289006,0.9798076
n09359803_28999.jpg,0.48510543,0.48598132
00020023.jpg,0.64304024,0.7919248
4d38e47c9c74abb5.jpg,0.6791867,0.627907
00007745.jpg,0.7837911,0.7728322
00000901.jpg,0.86811906,0.907371
n03512147_6299.jpg,0.7484425,0.75247526
00043155.jpg,0.7907695,0.7880256
00038182.jpg,0.8024831,0.791597
00014041.jpg,0.9462601,0.9665296
n00480993_26774.jpg,0.7318391,0.74038464
00032474.jpg,0.7489685,0.8670772
00047921.jpg,0.69897425,0.67109
00053749.jpg,0.6926633,0.6892732
00018535.jpg,0.74309266,0.7791678
00016929.jpg,0.7636111,0.784843
a6fe554f214c9f6d.jpg,0.59136176,0.65909094
00043999.jpg,0.6844191,0.721083
00034295.jpg,0.6973742,0.6798176
00000318.jpg,0.80287063,0.8619474
n00464894_14750.jpg,0.7091141,0.73394495
00004445.jpg,0.7819206,0.8125774
00012139.jpg,0.476031,0.3724776
000000404602.jpg,0.729748,0.92156863
00040219.jpg,0.8379021,0.8704692
00038726.jpg,0.6635416,0.7120098
00007621.jpg,0.8385309,0.7626358
00011570.jpg,0.85630405,0.7171842
00046549.jpg,0.74443537,0.843732
00056533.jpg,0.6463512,0.6777178
00048058.jpg,0.75476587,0.8155514
00008444.jpg,0.72565925,0.7368364
00048982.jpg,0.8057522,0.794164
00039492.jpg,0.71004033,0.7136956
n00464894_13791.jpg,0.7339894,0.8584906
n07720875_1697.jpg,0.86541295,0.96842104
n02924116_73346.jpg,0.7604742,0.8076923
00044933.jpg,0.73086464,0.7867198
00034390.jpg,0.6672041,0.649535
00011372.jpg,0.82057196,0.7141352
00022616.jpg,0.7818847,0.779604
00057034.jpg,0.7733979,0.811325
00044325.jpg,0.73624814,0.7848774
00036217.jpg,0.5470655,0.5807456
00054113.jpg,0.62346077,0.774836
n00439826_6427.jpg,0.8645036,0.94382024
00056726.jpg,0.557668,0.7417602
00002846.jpg,0.867486,0.9159446
00039310.jpg,0.693118,0.73877
00041431.jpg,0.65354264,0.7095238
00000491.jpg,0.91055095,0.9073298
00013267.jpg,0.7061455,0.6880598
00054850.jpg,0.65211916,0.6534142
00007418.jpg,0.8256547,0.9052494
00019581.jpg,0.6741102,0.742657
00014578.jpg,0.80733764,0.7331586
00057074.jpg,0.8787388,0.9415108
00020993.jpg,0.68832743,0.8154616
00012799.jpg,0.8018504,0.8145014
00001209.jpg,0.66569686,0.6603446
00032434.jpg,0.60304534,0.6966244
00035171.jpg,0.68458724,0.5141604
00022423.jpg,0.76955,0.7323516
00027192.jpg,0.7411109,0.786523
00021690.jpg,0.75448513,0.8677158
n04610013_5561.jpg,0.74165046,0.6403509
00017796.jpg,0.88831925,0.8844878
00010446.jpg,0.6907188,0.7636004
00048627.jpg,0.7256447,0.7253656
00055218.jpg,0.7516887,0.6379622
n09376198_3096.jpg,0.5391218,0.3764706
00058401.jpg,0.8305669,0.8304792
00024144.jpg,0.7592966,0.9239292
00013030.jpg,0.7168224,0.8491634
n04467665_6365.jpg,0.6962764,0.75961536
sun_bzbsfohnoxeimmzi.jpg,0.5737481,0.54545456
00024802.jpg,0.755123,0.7693234
00008384.jpg,0.86652994,0.9288312
00004381.jpg,0.71351737,0.7932114
00021453.jpg,0.6999659,0.712279
00002066.jpg,0.76226497,0.7176768
00016710.jpg,0.62313104,0.729085
00042175.jpg,0.79203427,0.851396
00041476.jpg,0.72374475,0.7691492
00033079.jpg,0.7421661,0.7913958
00030607.jpg,0.8554592,0.99375
00012659.jpg,0.75781035,0.769753
00020179.jpg,0.8009523,0.7559056
00014568.jpg,0.79050565,0.7993732
00055986.jpg,0.6262841,0.5420546
00008030.jpg,0.7855895,0.8762808
00055804.jpg,0.6125382,0.6026568
00002171.jpg,0.7649925,0.7820934
00044501.jpg,0.8614497,0.9087576
00018800.jpg,0.7060026,0.7065156
00037806.jpg,0.693087,0.8522956
00012441.jpg,0.7686988,0.776885
n09421951_12490.jpg,0.5599856,0.4516129
00038799.jpg,0.82566303,0.8788936
00048274.jpg,0.78457844,0.871614
00020650.jpg,0.6723211,0.5210206
00017624.jpg,0.8424872,0.9052616
00048869.jpg,0.6497837,0.69019
00014779.jpg,0.83522874,0.7973548
000000043758.jpg,0.7215284,0.62650603
00006682.jpg,0.7843665,0.868197
00038321.jpg,0.58316034,0.7245316
00055255.jpg,0.58792543,0.7165386
00000651.jpg,0.8620065,0.919804
00049010.jpg,0.90280306,0.899685
00008877.jpg,0.76896155,0.8535744
00057275.jpg,0.6273217,0.6709404
00040686.jpg,0.76867944,0.7110686
00022000.jpg,0.8096584,0.8973126
00035115.jpg,0.6164094,0.6304012
00009467.jpg,0.8282464,0.8224
00046428.jpg,0.80796945,0.8259704
00005657.jpg,0.6655805,0.645716
00005440.jpg,0.6867587,0.758442
00008213.jpg,0.5335951,0.4951786
00005912.jpg,0.8258488,0.833134
00046972.jpg,0.6949959,0.7647906
00032059.jpg,0.549979,0.6192102
00025974.jpg,0.65851855,0.7707804
n09289331_1551.jpg,0.7714069,0.85046726
00004190.jpg,0.7836436,0.8169306
00025400.jpg,0.73654914,0.8728124
00011299.jpg,0.8706174,0.8420882
00023306.jpg,0.7569387,0.792241
00039035.jpg,0.6888779,0.7750686
00007644.jpg,0.87432814,0.860218
00039910.jpg,0.7226275,0.7999142
00039993.jpg,0.8086636,0.8238556
00021459.jpg,0.5922655,0.5378202
00047194.jpg,0.7196295,0.7457922
n09472597_14703.jpg,0.66997737,0.5
00012757.jpg,0.8286817,0.869265
00034141.jpg,0.53884226,0.5886764
00044233.jpg,0.70264906,0.8118484
00010504.jpg,0.705265,0.6335652
00039004.jpg,0.68547165,0.8515474
00032843.jpg,0.81347454,0.8574358
000000409126.jpg,0.6221552,0.48192772
00019330.jpg,0.814515,0.8494414
00012508.jpg,0.8508372,0.864816
f14eeb74dab7f8c1.jpg,0.6075857,0.59375
000000381641.jpg,0.74679774,0.65384614
00049000.jpg,0.83253074,0.8677996
00035245.jpg,0.60925186,0.7584982
00029509.jpg,0.88575125,0.9899938
00031610.jpg,0.7815604,0.8493772
00049155.jpg,0.87837255,0.8150774
n09428293_36611.jpg,0.6071923,0.675
00002972.jpg,0.79151803,0.791057
00032002.jpg,0.82298505,0.9442548
00024264.jpg,0.8282912,0.9387058
00023200.jpg,0.8853614,0.866489
00045459.jpg,0.77819544,0.7485304
00032304.jpg,0.5449776,0.6116306
00012318.jpg,0.70730615,0.7516564
00034586.jpg,0.6156855,0.6318818
00026118.jpg,0.8033844,0.7530936
00021933.jpg,0.82672,0.797316
00026773.jpg,0.6282398,0.629867
00014051.jpg,0.672033,0.5297232
00024741.jpg,0.87074363,0.918629
00024173.jpg,0.84704405,0.8885496
00004975.jpg,0.76243925,0.6552878
00050626.jpg,0.7623,0.7503162
00030092.jpg,0.63827175,0.4050746
00015448.jpg,0.9149091,0.8246118
00022289.jpg,0.79402536,0.8055668
00015129.jpg,0.69283545,0.5883002
n07849336_26281.jpg,0.8375655,0.9574468
00040165.jpg,0.72571045,0.8213864
n07863374_17226.jpg,0.8402808,0.9626168
00041214.jpg,0.81933653,0.886692
000000484384.jpg,0.75303245,0.72477067
00054589.jpg,0.84531367,0.8945506
00003460.jpg,0.8592993,0.9020494
00043638.jpg,0.7459637,0.766586
00031801.jpg,0.8639033,0.8009756
00049276.jpg,0.6465712,0.7079854
00045531.jpg,0.7515662,0.7067674
00054118.jpg,0.73034066,0.8619612
00024281.jpg,0.84994894,0.889898
00048739.jpg,0.7704258,0.8132332
00026105.jpg,0.78970087,0.7437152
00056056.jpg,0.77450705,0.7749242
00040505.jpg,0.6615995,0.7499706
00016578.jpg,0.73174024,0.673453
n09303008_20171.jpg,0.51499194,0.47058824
00005355.jpg,0.7262426,0.6449338
00015683.jpg,0.8429928,0.8736232
00032619.jpg,0.7901894,0.830816
00056117.jpg,0.79991543,0.8832108
00055116.jpg,0.8429846,0.8352444
00016125.jpg,0.8268996,0.924671
000000554597.jpg,0.6993762,0.65217394
00052772.jpg,0.8592007,0.9168188
00031337.jpg,0.7149136,0.721203
00047675.jpg,0.6851322,0.536944
00053637.jpg,0.76148707,0.853381
00029455.jpg,0.6759552,0.5343646
00022699.jpg,0.8104704,0.8442646
00032858.jpg,0.79693913,0.7953986
00035333.jpg,0.6423809,0.5444668
00005938.jpg,0.79182184,0.765895
00031654.jpg,0.6768681,0.79173
00035579.jpg,0.64627445,0.600737
00029124.jpg,0.78825027,0.834591
00035450.jpg,0.5625172,0.5045144
f0067eb8a3e46420.jpg,0.7304776,0.87777776
00037208.jpg,0.7165065,0.5672892
00032684.jpg,0.82378495,0.840767
00055708.jpg,0.7785026,0.8581754
00043643.jpg,0.7642155,0.7652978
n02396427_2484.jpg,0.83445656,0.81609195
00050519.jpg,0.762524,0.7621898
00042753.jpg,0.76918066,0.7315586
00051530.jpg,0.79400694,0.691792
00027883.jpg,0.74535906,0.438907
00040616.jpg,0.7441629,0.812012
00010949.jpg,0.8382596,0.9164546
00040725.jpg,0.51224977,0.6746964
00009670.jpg,0.740854,0.6924454
00011866.jpg,0.72801954,0.5285276
00055272.jpg,0.8583317,0.894115
00033920.jpg,0.6784749,0.7258372
00049080.jpg,0.7205976,0.7496814
00022137.jpg,0.78432035,0.722146
00005715.jpg,0.6874679,0.731956
00007988.jpg,0.86897224,0.8299214
000000047907.jpg,0.8632629,0.90909094
00031975.jpg,0.8368026,0.871406
00014244.jpg,0.7386877,0.7835622
00017214.jpg,0.7737241,0.6821754
00010484.jpg,0.66793424,0.6144278
00038070.jpg,0.7241027,0.775955
000000096702.jpg,0.6534529,0.7669903
00009772.jpg,0.8596579,0.8642496
00051012.jpg,0.65331936,0.7752592
00050936.jpg,0.6073262,0.7021774
00002174.jpg,0.8376925,0.7556384
00054181.jpg,0.7837182,0.7906284
00049812.jpg,0.5436151,0.5623416
00015440.jpg,0.68426526,0.7485724
00004499.jpg,0.51686937,0.3228574
00033060.jpg,0.7522186,0.867413
00035095.jpg,0.7009355,0.6651414
00044747.jpg,0.5921057,0.5871538
00013342.jpg,0.7322149,0.7738138
00047443.jpg,0.68302506,0.5267812
00043271.jpg,0.7223699,0.6618578
00047696.jpg,0.62110454,0.6328506
n02355227_14582.jpg,0.8900038,0.9195402
00053863.jpg,0.6919038,0.6292852
00053829.jpg,0.6446892,0.7839214
00004284.jpg,0.8009416,0.8041054
00013637.jpg,0.7671397,0.7924032
00045699.jpg,0.72624415,0.70424
00055124.jpg,0.8378124,0.9265766
00011532.jpg,0.6844234,0.8067004
00054767.jpg,0.85412276,0.8536368
00027877.jpg,0.72093594,0.7554016
n01811909_6839.jpg,0.8012228,0.86868685
00053121.jpg,0.778046,0.8495056
00006462.jpg,0.81702185,0.823217
00031310.jpg,0.7790787,0.7122272
00042501.jpg,0.64902204,0.8629906
00031367.jpg,0.6704982,0.6443036
00017255.jpg,0.76252806,0.768192
00048178.jpg,0.79120386,0.84709
00005680.jpg,0.8305087,0.8432288
00001002.jpg,0.70832735,0.7593486
n03384352_9766.jpg,0.7431947,0.7706422
00013957.jpg,0.85835433,0.8094116
00026030.jpg,0.7490094,0.7091298
00045812.jpg,0.7185166,0.7524642
00002367.jpg,0.8945886,0.9184012
00030055.jpg,0.88978285,0.8942932
00004871.jpg,0.7984699,0.812162
000000237735.jpg,0.76165307,0.7280702
00024877.jpg,0.80965936,0.8295194
00057721.jpg,0.7747648,0.8331866
00027830.jpg,0.66849947,0.739374
00051207.jpg,0.6572664,0.804388
00050932.jpg,0.85614306,0.817294
00035945.jpg,0.6921539,0.6687556
00008422.jpg,0.7530311,0.8539562
00046807.jpg,0.7019415,0.8284992
00049311.jpg,0.76463187,0.8016866
00024605.jpg,0.7112928,0.6363614
00027478.jpg,0.9034504,0.9437218
00044903.jpg,0.7172545,0.541973
000000013428.jpg,0.81675804,0.9074074
00051403.jpg,0.8801771,0.8664512
n02932891_17874.jpg,0.589049,0.66019416
00041648.jpg,0.7718606,0.871328
00005484.jpg,0.905867,0.9736332
00033643.jpg,0.9392611,0.9336164
00037384.jpg,0.6312799,0.697874
00002725.jpg,0.7466831,0.80317
00055633.jpg,0.6523875,0.7719514
00020489.jpg,0.5297599,0.4892808
00028466.jpg,0.6500227,0.599065
00015077.jpg,0.66155183,0.7474924
00043781.jpg,0.7631401,0.7142826
00003809.jpg,0.6859687,0.7319322
n09359803_26838.jpg,0.51653266,0.6037736
00047003.jpg,0.6097496,0.6585496
00019855.jpg,0.752743,0.7835114
00017397.jpg,0.74387026,0.9265654
00045972.jpg,0.89267206,0.8727334
00052431.jpg,0.77207947,0.8466376
n02450034_7460.jpg,0.7417724,0.72115386
00041176.jpg,0.7171283,0.7570742
00042367.jpg,0.71011245,0.7372814
00037528.jpg,0.6008655,0.4798742
n00480993_19839.jpg,0.7334099,0.7378641
n02118333_13714.jpg,0.8033556,0.8235294
00017831.jpg,0.61056346,0.508252
00031986.jpg,0.6691837,0.7380036
00044149.jpg,0.62910044,0.57061
00017553.jpg,0.6456258,0.7055578
00046319.jpg,0.79463804,0.624935
00019112.jpg,0.7391668,0.7064114
00028737.jpg,0.8978049,0.860992
00024916.jpg,0.8353778,0.7139158
00024416.jpg,0.8498788,0.795266
00014693.jpg,0.78904307,0.7768742
00024369.jpg,0.56807995,0.4538728
00019812.jpg,0.9084271,0.7991826
00017428.jpg,0.754943,0.7977264
00053867.jpg,0.77084196,0.8939078
00039226.jpg,0.7205529,0.7236112
00013412.jpg,0.82579064,0.8931858
00021314.jpg,0.8351425,0.9019632
00055034.jpg,0.7938977,0.7906016
00038742.jpg,0.71562064,0.7838142
00049634.jpg,0.7489508,0.71989
00030022.jpg,0.6399674,0.6486118
00050109.jpg,0.5729952,0.6474714
n07574602_25330.jpg,0.7798145,0.7938144
ed40d14e0f39eb7e.jpg,0.8692215,0.82222223
00031029.jpg,0.6112666,0.6571806
00047516.jpg,0.7876915,0.6660482
00035063.jpg,0.6220089,0.5323174
00027004.jpg,0.81540656,0.7971536
00028507.jpg,0.6706029,0.8162286
00030804.jpg,0.86007833,0.8582652
00049779.jpg,0.86864334,0.8366978
00007097.jpg,0.8204683,0.8795536
00043835.jpg,0.82859755,0.8341354
00024633.jpg,0.7564821,0.7150708
00039363.jpg,0.77930504,0.7159208
00013463.jpg,0.7518694,0.89495
00043068.jpg,0.8034017,0.7981596
00011993.jpg,0.771063,0.8141896
00011568.jpg,0.80365956,0.8760166
03f1ef1359dbf0c1.jpg,0.82805556,0.8811881
00057890.jpg,0.79162884,0.7556636
00026651.jpg,0.8586279,0.754203
n04461696_5312.jpg,0.7165885,0.7009346
00006294.jpg,0.71171606,0.7136834
00048414.jpg,0.78300035,0.837374
00057663.jpg,0.71891296,0.5857284
sun_beyqkdhbapysbwbv.jpg,0.5346299,0.40860215
00018233.jpg,0.7110084,0.7893672
00031816.jpg,0.8794491,0.9542536
00024499.jpg,0.8414031,0.8997918
00054374.jpg,0.66928136,0.6407534
00054259.jpg,0.5972382,0.7603632
000000395169.jpg,0.8348181,0.8811881
n03384352_3683.jpg,0.6948388,0.7281553
n07801508_9312.jpg,0.79057956,0.9
00008577.jpg,0.7352973,0.7673254
00019866.jpg,0.5563661,0.3583196
n03790512_11888.jpg,0.7720712,0.7383177
00009373.jpg,0.7059946,0.5258212
00050831.jpg,0.81045973,0.8266304
00023111.jpg,0.6796605,0.7783458
00011004.jpg,0.8096902,0.8159402
00047007.jpg,0.7122766,0.7539754
00050068.jpg,0.84134436,0.962985
n03541923_4063.jpg,0.7499935,0.85714287
00037924.jpg,0.65940815,0.5912216
n07680932_803.jpg,0.88070714,0.82978725
00009344.jpg,0.80263126,0.7814534
00005603.jpg,0.8191237,0.6921214
00032376.jpg,0.789693,0.7778714
00017996.jpg,0.7221928,0.8307148
00030977.jpg,0.8152914,0.869006
39b69baeb6d748b8.jpg,0.8069099,0.84090906
00017141.jpg,0.78070754,0.8841434
00006906.jpg,0.80420643,0.896881
00006988.jpg,0.5471919,0.475257
00019998.jpg,0.74331164,0.7855144
00037420.jpg,0.65088534,0.7143446
00046200.jpg,0.7625581,0.8091936
00040183.jpg,0.75247955,0.6594826
00000316.jpg,0.83706224,0.9054528
n07693725_9127.jpg,0.83449316,0.8333333
00014609.jpg,0.7137131,0.7938318
00056247.jpg,0.83367646,0.8464076
00042142.jpg,0.8131221,0.71706
00014612.jpg,0.6229411,0.5118924
00009718.jpg,0.65010524,0.7258018
00007450.jpg,0.84380764,0.9158096
00051787.jpg,0.7536167,0.7842622
00036130.jpg,0.7325331,0.7467518
00032449.jpg,0.7218058,0.7347714
00036703.jpg,0.6676762,0.5686248
00055185.jpg,0.6754648,0.7683878
00006212.jpg,0.69279706,0.8194102
00052346.jpg,0.80786407,0.9006844
00014759.jpg,0.7615779,0.8165646
00033760.jpg,0.7437242,0.757427
00004601.jpg,0.77206504,0.6150538
n04461696_9129.jpg,0.76294637,0.7383177
00042600.jpg,0.78526145,0.8135364
00022979.jpg,0.7723902,0.6590756
00019303.jpg,0.7991605,0.795763
00040081.jpg,0.77211404,0.8340236
00008726.jpg,0.7844589,0.8022324
00003901.jpg,0.6593944,0.7344664
00008986.jpg,0.68147093,0.813177
n04610013_3520.jpg,0.6995365,0.69148934
00019512.jpg,0.7576512,0.8276232
00005379.jpg,0.94140387,0.9293654
00033734.jpg,0.5088268,0.482345
00024304.jpg,0.6696705,0.5810786
00046459.jpg,0.7614937,0.8556244
00043239.jpg,0.92874575,0.8540034
000000038919.jpg,0.66796845,0.62
n02324045_30124.jpg,0.8614149,0.80582523
00046599.jpg,0.6729613,0.6153052
00042962.jpg,0.8339433,0.8549078
00033518.jpg,0.7269198,0.8125474
00014734.jpg,0.7333855,0.8371914
00057413.jpg,0.57923716,0.6653164
00052912.jpg,0.73121107,0.732149
00042830.jpg,0.7754791,0.8070688
00003090.jpg,0.8077824,0.8892984
00024549.jpg,0.6164673,0.72195
00016268.jpg,0.7055457,0.7627514
00051565.jpg,0.80177456,0.7872056
00019822.jpg,0.7567415,0.6418334
n02342885_7944.jpg,0.84572935,0.77272725
00043827.jpg,0.72044337,0.7513408
00000935.jpg,0.85146004,0.7364336
00054611.jpg,0.8454339,0.8858158
000000310749.jpg,0.8230808,0.875
00011789.jpg,0.74466246,0.8411944
00036537.jpg,0.66419744,0.641063
00032569.jpg,0.5471262,0.6095086
00041571.jpg,0.82636595,0.7267726
00009375.jpg,0.73460937,0.7412728
00041260.jpg,0.6437385,0.473125
00029737.jpg,0.79845256,0.8554844
00050886.jpg,0.7347735,0.684745
00044109.jpg,0.7636337,0.6706264
00031537.jpg,0.6729232,0.7272704
00047470.jpg,0.7887824,0.917927
n02934451_12189.jpg,0.74668837,0.85714287
00027470.jpg,0.7731595,0.6510086
00003483.jpg,0.8221267,0.848247
00016897.jpg,0.7574497,0.7632078
00028568.jpg,0.779686,0.7811938
00054366.jpg,0.73841506,0.837063
00041993.jpg,0.76879835,0.7560828
00000809.jpg,0.6617799,0.7697008
00010619.jpg,0.7933457,0.7484572
00024252.jpg,0.6500282,0.824581
00058015.jpg,0.8116187,0.7465794
00047027.jpg,0.6443482,0.70954
00005478.jpg,0.8397259,0.821382
00058212.jpg,0.8717103,0.8898204
00033664.jpg,0.77256197,0.6812382
8ea0e36018513b71.jpg,0.7592796,0.8958333
00056859.jpg,0.8390003,0.8541668
n09468604_5936.jpg,0.5733702,0.5377358
00041806.jpg,0.730048,0.5937738
00005838.jpg,0.7902456,0.7866844
00018324.jpg,0.8700382,0.9146478
00033117.jpg,0.78029895,0.8902354
00052322.jpg,0.7553678,0.8562218
00017384.jpg,0.7525337,0.8335958
00040168.jpg,0.8753889,0.8354792
00001688.jpg,0.7761998,0.6401088
n02946348_31339.jpg,0.8267973,0.83870965
n03541923_1152.jpg,0.79315776,0.92783505
00053503.jpg,0.771248,0.9146716
00048755.jpg,0.817318,0.9535874
00034203.jpg,0.78349084,0.8485458
00004795.jpg,0.77576566,0.8218652
00030803.jpg,0.77910566,0.807762
00006386.jpg,0.804183,0.8378946
00036997.jpg,0.7666372,0.778059
00040857.jpg,0.698804,0.5820538
00030116.jpg,0.83851266,0.8824774
00047586.jpg,0.71413,0.5990496
00014439.jpg,0.77524525,0.7522814
00055134.jpg,0.7732386,0.6950146
00016787.jpg,0.7753315,0.8267166
n02396427_14870.jpg,0.7402769,0.65656567
00038435.jpg,0.6582661,0.6934494
00014519.jpg,0.6746824,0.9160466
00002933.jpg,0.7440603,0.7679136
00002557.jpg,0.9191927,0.8778688
00015022.jpg,0.7357427,0.7643218
00043996.jpg,0.7176516,0.8175544
6fdbb41ec1e403f1.jpg,0.7022581,0.78125
00046632.jpg,0.6820606,0.7743658
00009518.jpg,0.8057709,0.8562398
00054985.jpg,0.8148619,0.8440998
00041436.jpg,0.7601879,0.7573452
00003230.jpg,0.87195456,0.7783958
00011418.jpg,0.8258137,0.8147436
00055102.jpg,0.6375401,0.6101586
00043768.jpg,0.71173936,0.7200554
00009318.jpg,0.7568777,0.7542582
n02450034_1885.jpg,0.84323394,0.7692308
00009933.jpg,0.65476215,0.7077924
00036119.jpg,0.7249867,0.6410912
00046753.jpg,0.70305157,0.6270866
00045429.jpg,0.7280412,0.6176074
00012374.jpg,0.80314493,0.8871338
n00480993_20080.jpg,0.8145568,0.8035714
00029643.jpg,0.7386823,0.9140492
00004181.jpg,0.899552,0.9463232
n04252077_4506.jpg,0.73063135,0.75757575
00057882.jpg,0.5587828,0.5843706
00006978.jpg,0.89854825,0.8571426
00015885.jpg,0.67820406,0.7675992
00023404.jpg,0.8258858,0.7991916
00048592.jpg,0.704572,0.8143342
00016000.jpg,0.8678708,0.8683036
22dd1e06fc2e28a1.jpg,0.7801337,0.83928573
00055507.jpg,0.67634284,0.786451
00037686.jpg,0.62217087,0.6944604
00023262.jpg,0.7115923,0.7591174
00041287.jpg,0.69117093,0.6418784
00042192.jpg,0.75269324,0.664071
00035818.jpg,0.6412073,0.6240906
00026957.jpg,0.8397119,0.9604328
00012793.jpg,0.7664336,0.74994
00002117.jpg,0.7792103,0.6731736
00012723.jpg,0.74958986,0.875654
n00480993_10854.jpg,0.7019031,0.75247526
00031750.jpg,0.71235085,0.8072112
00004882.jpg,0.80670726,0.8206674
00005014.jpg,0.78329724,0.6736002
n07880968_155.jpg,0.85836565,0.9770115
00019774.jpg,0.82362705,0.8098146
00001677.jpg,0.8724455,0.8734872
00003342.jpg,0.7666118,0.7848148
00031020.jpg,0.7066511,0.6733432
00018453.jpg,0.7258116,0.8032114
42f4b58b21cbe526.jpg,0.7453807,0.85365856
00037971.jpg,0.7506906,0.8306892
00037344.jpg,0.6136331,0.5871546
00026367.jpg,0.8520927,0.8618192
00020427.jpg,0.8119722,0.8567968
00039873.jpg,0.7404045,0.7221236
00019643.jpg,0.5620893,0.6358494
3209b29eab56bf92.jpg,0.6268382,0.5714286
00042441.jpg,0.7959646,0.76043
n09428293_48813.jpg,0.6040078,0.5445545
00053313.jpg,0.6486057,0.6714518
00047833.jpg,0.68035287,0.8001338
00058325.jpg,0.83853763,0.872191
00037817.jpg,0.5828829,0.606819
5ae9c86a0d3ec94d.jpg,0.67461765,0.8103448
00031142.jpg,0.7094996,0.824495
00023429.jpg,0.86442447,0.8340448
00021250.jpg,0.5911155,0.6908268
00041942.jpg,0.698606,0.6112664
00053886.jpg,0.73699963,0.8471856
00035460.jpg,0.62691116,0.7101444
00049866.jpg,0.7943809,0.8886828
000000201628.jpg,0.7488646,0.8131868
00023173.jpg,0.84438455,0.8900458
00034727.jpg,0.6931235,0.6678324
00023609.jpg,0.5814535,0.5658926
00007773.jpg,0.6629859,0.4045414
00031428.jpg,0.6641501,0.6653316
00055658.jpg,0.9383858,0.9831402
00039166.jpg,0.635532,0.6067836
00030454.jpg,0.657833,0.6843124
00034393.jpg,0.5825546,0.698797
00000700.jpg,0.7418577,0.8684424
n02450034_2371.jpg,0.82592666,0.79347825
00048764.jpg,0.87862414,0.916805
00002736.jpg,0.7643221,0.6839176
00048217.jpg,0.58641374,0.5183796
00010656.jpg,0.5330473,0.3495176
00022638.jpg,0.7417205,0.8178304
00044592.jpg,0.81127524,0.7860048
00049995.jpg,0.6639784,0.6287206
00024303.jpg,0.7280948,0.547722
00023907.jpg,0.75009847,0.7362696
00039967.jpg,0.76750106,0.7315484
n02878222_1516.jpg,0.64586735,0.5048544
00021098.jpg,0.5916896,0.6875762
00006192.jpg,0.6060816,0.519089
00035014.jpg,0.7427685,0.8679548
00029549.jpg,0.808025,0.8770882
00038634.jpg,0.6234408,0.5806034
00013983.jpg,0.7353398,0.7206462
n03634034_7799.jpg,0.64768946,0.6952381
00004139.jpg,0.83515596,0.9470884
00039635.jpg,0.63026774,0.6469942
00038403.jpg,0.80213046,0.8062968
00015629.jpg,0.72253114,0.7431244
00035894.jpg,0.6521063,0.7499242
00021659.jpg,0.64494145,0.7484616
00009509.jpg,0.6421709,0.6518054
00045445.jpg,0.70050204,0.7379816
00004868.jpg,0.7571646,0.8835734
00032980.jpg,0.7128591,0.4463926
00035589.jpg,0.6056283,0.6024052
n07696839_15859.jpg,0.7818738,0.87356323
00004526.jpg,0.5610974,0.5862912
00053910.jpg,0.8121946,0.7957742
00043304.jpg,0.80307627,0.8663696
00057283.jpg,0.7706143,0.7831498
00002702.jpg,0.8086592,0.8067196
00048499.jpg,0.69890857,0.6894018
00003199.jpg,0.899134,0.8931528
00051033.jpg,0.7788956,0.8445082
n04610013_10548.jpg,0.7005359,0.74489796
00052813.jpg,0.6056739,0.6775798
n04335435_23288.jpg,0.69542253,0.70408165
00027195.jpg,0.7618078,0.7759696
00011510.jpg,0.7010199,0.6576388
00024058.jpg,0.56000686,0.647136
00047728.jpg,0.62380844,0.663321
n07690273_27225.jpg,0.8460207,0.8979592
00001945.jpg,0.63586956,0.5854086
00054894.jpg,0.8178024,0.7692194
00018961.jpg,0.8249929,0.8938456
00033390.jpg,0.6395366,0.5486032
00004208.jpg,0.6412757,0.6709632
n04335435_1755.jpg,0.6824592,0.7692308
00048511.jpg,0.755339,0.7836688
00052738.jpg,0.8400349,0.9150734
00011569.jpg,0.8929236,0.8959064
00024609.jpg,0.77962226,0.720223
00030000.jpg,0.56579375,0.5742332
00032392.jpg,0.79859686,0.9058436
00014221.jpg,0.55819285,0.3497932
00025836.jpg,0.68292516,0.60861
00053044.jpg,0.8440777,0.8827178
00017167.jpg,0.7090783,0.7104468
00051630.jpg,0.7631004,0.8441362
00024434.jpg,0.7971966,0.9069216
00011082.jpg,0.82796323,0.8635474
00030112.jpg,0.5844983,0.6336188
00025577.jpg,0.7279972,0.5524144
00025211.jpg,0.71844244,0.7650966
00044714.jpg,0.7270843,0.6724182
00020868.jpg,0.7666839,0.7730682
00034379.jpg,0.694373,0.7038014
00039454.jpg,0.8039049,0.7760344
00018995.jpg,0.8087459,0.830477
00007992.jpg,0.79018533,0.8091004
00052503.jpg,0.7959181,0.7771134
00049911.jpg,0.8292844,0.7830726
00050407.jpg,0.74514496,0.8759008
00032733.jpg,0.86509657,0.8846618
00017181.jpg,0.8597462,0.9201546
00028138.jpg,0.8554621,0.7005202
00027456.jpg,0.67112905,0.6142708
00054054.jpg,0.81021196,0.9681918
00040671.jpg,0.7721497,0.7315966
00005914.jpg,0.73494405,0.7514766
00053472.jpg,0.77572274,0.9042502
00048328.jpg,0.72787106,0.6977224
00045337.jpg,0.7145731,0.7342584
00012887.jpg,0.7363636,0.8654356
00057406.jpg,0.83619726,0.8806936
00022372.jpg,0.7775397,0.806425
00038101.jpg,0.61110073,0.3816182
00057080.jpg,0.74620336,0.8828076
00036670.jpg,0.68962777,0.7350788
00041064.jpg,0.58240235,0.5377598
00019011.jpg,0.70980436,0.7962672
00004289.jpg,0.7656992,0.7053984
00019278.jpg,0.5950029,0.5204248
00050227.jpg,0.82544875,0.784359
00050152.jpg,0.8125034,0.8206824
00047944.jpg,0.71421343,0.6656572
n02878222_7125.jpg,0.7490855,0.7311828
00027271.jpg,0.67045856,0.685519
00039224.jpg,0.65527767,0.6489964
00003365.jpg,0.6528776,0.7995098
00056782.jpg,0.6687224,0.570674
00024786.jpg,0.7357042,0.8012908
00014324.jpg,0.7276899,0.883913
00048732.jpg,0.76921177,0.8702198
00023001.jpg,0.5587249,0.5123948
00045165.jpg,0.7581634,0.8344612
00040169.jpg,0.6767838,0.7132144
00046012.jpg,0.63830227,0.6901864
00020479.jpg,0.7969228,0.9093446
00011357.jpg,0.7889873,0.904129
00036896.jpg,0.64133763,0.757857
00022795.jpg,0.8250398,0.8181884
00005228.jpg,0.8223416,0.8951948
00032036.jpg,0.81342983,0.8381918
00022213.jpg,0.8205961,0.8269636
00022396.jpg,0.8039955,0.7603814
00001814.jpg,0.75618446,0.7292376
00006863.jpg,0.8559217,0.833904
00021471.jpg,0.81265163,0.8735792
00016712.jpg,0.8867065,0.8848998
00046352.jpg,0.8057113,0.8910472
n02878222_4389.jpg,0.63590753,0.6969697
00035260.jpg,0.6893295,0.7656658
00023968.jpg,0.74158937,0.8384862
00020667.jpg,0.65401816,0.722539
00035538.jpg,0.6295129,0.684167
00001333.jpg,0.8247552,0.7765092
00006729.jpg,0.7717378,0.9157224
n03634034_5626.jpg,0.67678195,0.7798165
00031184.jpg,0.6858867,0.675428
00049969.jpg,0.5865487,0.6924274
00005102.jpg,0.560269,0.6102048
00036462.jpg,0.7563673,0.8794932
00022111.jpg,0.61323225,0.5743746
00032838.jpg,0.75692725,0.828456
00032902.jpg,0.7367049,0.731492
n07933274_30681.jpg,0.88263196,0.96638656
00005622.jpg,0.7940366,0.8698436
00007014.jpg,0.7953851,0.777908
00047442.jpg,0.7221235,0.7093706
00006392.jpg,0.73312277,0.800062
00053553.jpg,0.8069824,0.975382
00046789.jpg,0.55509174,0.6246146
00047597.jpg,0.574533,0.5921742
00015473.jpg,0.7489894,0.7692738
00054624.jpg,0.7535243,0.7795932
00057893.jpg,0.7714306,0.7347474
00002191.jpg,0.6329707,0.7011522
00048660.jpg,0.81282425,0.8339206
00042095.jpg,0.7895523,0.7719336
00018601.jpg,0.804556,0.8017564
00003625.jpg,0.66999686,0.804428
00040153.jpg,0.792585,0.8415494
00047936.jpg,0.693573,0.6738172
00043430.jpg,0.7956809,0.8534126
00040362.jpg,0.73319423,0.5098386
00006899.jpg,0.6454368,0.6801938
00018242.jpg,0.8587146,0.8835618
00004033.jpg,0.76005566,0.830967
00021407.jpg,0.7271145,0.7201368
00009384.jpg,0.7865415,0.7373322
n02834778_7410.jpg,0.7184639,0.83157897
00022841.jpg,0.71358705,0.744335
00036342.jpg,0.6341338,0.636906
00009048.jpg,0.8377844,0.8175152
00040421.jpg,0.760676,0.8169984
00058441.jpg,0.832777,0.8857082
00030015.jpg,0.8302145,0.7960392
00051513.jpg,0.8796456,0.9132344
00003466.jpg,0.67410177,0.7563296
00045655.jpg,0.8281044,0.9148784
00045524.jpg,0.78196096,0.836842
00027016.jpg,0.7164288,0.6454594
00003501.jpg,0.76588297,0.7905372
00042242.jpg,0.73276407,0.7733938
00029175.jpg,0.76777357,0.8878894
n07711569_7257.jpg,0.7801609,0.83870965
00047190.jpg,0.6679739,0.787109
00042261.jpg,0.6197124,0.660116
00008256.jpg,0.7973869,0.8751844
00004093.jpg,0.76217014,0.7213058
00021598.jpg,0.64930093,0.6223838
00055104.jpg,0.7283561,0.766044
00026387.jpg,0.6004913,0.678941
00030001.jpg,0.805017,0.7654874
00017845.jpg,0.7007294,0.7774654
00028859.jpg,0.63494825,0.730646
00038538.jpg,0.610308,0.6654924
00008685.jpg,0.68731546,0.6911564
n02129165_10783.jpg,0.8023015,0.9056604
00049786.jpg,0.8479394,0.8295304
00036671.jpg,0.7062305,0.7410364
00031817.jpg,0.58908695,0.4881192
00036466.jpg,0.5999465,0.5453744
00022987.jpg,0.7672621,0.762622
00015043.jpg,0.72949976,0.8377216
00030515.jpg,0.7800805,0.7688976
00026323.jpg,0.8591835,0.8015372
00044140.jpg,0.7270361,0.7631084
00058342.jpg,0.6115521,0.8235964
00055436.jpg,0.89346087,0.9159116
00029996.jpg,0.7342383,0.719527
00057918.jpg,0.8533956,0.9200764
00047777.jpg,0.7745056,0.692615
00029990.jpg,0.7639713,0.8030602
00028366.jpg,0.6814594,0.8101186
n07711569_1286.jpg,0.71937335,0.47572815
00018132.jpg,0.8182197,0.8299586
00000351.jpg,0.636798,0.4809204
00005370.jpg,0.6392507,0.7018458
00044180.jpg,0.71980757,0.7357882
00032594.jpg,0.77071446,0.8096666
00049228.jpg,0.80745757,0.9286756
000000155262.jpg,0.71230036,0.65346533
00007515.jpg,0.823232,0.8220908
00017081.jpg,0.7841152,0.848702
n12345899_12758.jpg,0.66276383,0.7529412
00028517.jpg,0.8081232,0.8568434
00032096.jpg,0.7875614,0.7808736
00053410.jpg,0.80505866,0.8490586
00030181.jpg,0.7106981,0.5597336
00014546.jpg,0.639362,0.562143
00014952.jpg,0.8031523,0.8341474
00044118.jpg,0.7619558,0.626328
n07929519_33953.jpg,0.8240767,0.86725664
00039973.jpg,0.77389383,0.8769218
00012803.jpg,0.7031237,0.805673
00011056.jpg,0.8518975,0.8870506
00006429.jpg,0.6241075,0.664157
00017410.jpg,0.7328019,0.7217018
00033181.jpg,0.82687694,0.8770678
00016094.jpg,0.8047354,0.8253498
00004537.jpg,0.75356543,0.725352
00047806.jpg,0.77393353,0.842379
00002598.jpg,0.7374512,0.7064842
00003629.jpg,0.7940064,0.8167332
00037553.jpg,0.59853905,0.6067178
00007312.jpg,0.87507606,0.8688926
00030741.jpg,0.7949376,0.770984
00032540.jpg,0.66917187,0.6912378
00051496.jpg,0.79288226,0.8287722
00034561.jpg,0.62572014,0.6334038
00022167.jpg,0.868632,0.8809824
00051964.jpg,0.77873504,0.7494238
1c64d0a5c94e520b.jpg,0.91028476,0.86868685
00029235.jpg,0.66636527,0.6989104
00032818.jpg,0.60603243,0.5174964
00029751.jpg,0.83298624,0.8582418
00025810.jpg,0.5781663,0.5075528
00053549.jpg,0.6736452,0.761606
00005996.jpg,0.7978265,0.8854256
00038162.jpg,0.6463721,0.5499664
n02878222_6578.jpg,0.6820638,0.7241379
00044567.jpg,0.81589276,0.9276586
n02087551_12257.jpg,0.815836,0.96428573
00025131.jpg,0.7468474,0.7189574
00012311.jpg,0.77665746,0.7495348
c89431202eb3b75b.jpg,0.75010127,0.6666667
00057081.jpg,0.7587255,0.8191748
00028255.jpg,0.78875685,0.64656
707abebe50ebce8d.jpg,0.8009186,0.8113208
00015416.jpg,0.62715507,0.5371554
00058078.jpg,0.6909679,0.8188408
00030008.jpg,0.54323596,0.6558932
00049240.jpg,0.7062586,0.6569312
00043209.jpg,0.84919274,0.8774826
00005590.jpg,0.71170664,0.7822668
00001829.jpg,0.66425085,0.4482822
00010227.jpg,0.74193716,0.82311
00024249.jpg,0.8466549,0.8446302
sun_awhqearfoticgzwy.jpg,0.53023833,0.6666667
00046193.jpg,0.7869135,0.8349034
00019268.jpg,0.6231497,0.6205548
00034952.jpg,0.59977555,0.5939508
00051330.jpg,0.71018225,0.7740382
00005727.jpg,0.7983794,0.7185418
00000315.jpg,0.83997554,0.8944152
n07697537_4956.jpg,0.8571594,0.96
00020044.jpg,0.7993794,0.8777794
00045466.jpg,0.56247365,0.6345038
00016357.jpg,0.83642864,0.8278996
00045840.jpg,0.81850016,0.8505592
00057612.jpg,0.60351604,0.6692722
00017152.jpg,0.53736776,0.5326032
00018661.jpg,0.7750703,0.7204324
00050374.jpg,0.8474599,0.9198956
00025465.jpg,0.5451624,0.6668466
00025246.jpg,0.74295557,0.8623622
00022727.jpg,0.8098022,0.7651804
00055768.jpg,0.7425102,0.7221236
n02132580_19931.jpg,0.7937629,0.872093
00040457.jpg,0.75934494,0.75989
00009079.jpg,0.6145816,0.6125542
00015787.jpg,0.63773155,0.6764578
00020662.jpg,0.672518,0.6720144
00031789.jpg,0.80096865,0.784842
00033331.jpg,0.76927304,0.762194
00017023.jpg,0.7447212,0.892033
00049108.jpg,0.78774464,0.791563
00048210.jpg,0.74817514,0.9113254
00033304.jpg,0.61921555,0.4832538
00022953.jpg,0.67893887,0.5601966
n07720875_2664.jpg,0.88949436,0.9708738
n00470966_25838.jpg,0.7767108,0.79816514
00027072.jpg,0.67113924,0.7868564
00046772.jpg,0.76451814,0.7356396
00017402.jpg,0.71885836,0.8306576
00007298.jpg,0.738448,0.7568378
00013760.jpg,0.6375364,0.6794352
n02355227_14956.jpg,0.85372686,0.83516484
00039772.jpg,0.731387,0.8273524
00023020.jpg,0.7323973,0.7743152
00028118.jpg,0.7369742,0.7623256
00011066.jpg,0.5890386,0.3847094
00008474.jpg,0.57144856,0.6523554
00007206.jpg,0.67350733,0.5583758
00028016.jpg,0.8260083,0.8714398
00013096.jpg,0.89191407,0.9236206
00049337.jpg,0.77265316,0.8955
00049732.jpg,0.9289733,0.8899916
00006753.jpg,0.8775635,0.8020996
00034541.jpg,0.7281393,0.7328736
00002172.jpg,0.6522138,0.7052282
00009171.jpg,0.8383483,0.9200128
00026031.jpg,0.794942,0.772815
00031294.jpg,0.7545156,0.8568364
00032912.jpg,0.9006822,0.9109188
00029862.jpg,0.8099729,0.7921962
000000233948.jpg,0.8138735,0.9072165
00053976.jpg,0.5999503,0.7306944
00019233.jpg,0.56375563,0.4337456
00033260.jpg,0.6475533,0.6735886
00019681.jpg,0.6506356,0.574748
00052977.jpg,0.86303675,0.8109494
00001396.jpg,0.54222524,0.4018406
00036803.jpg,0.6327138,0.5288456
00033716.jpg,0.6955567,0.7369604
n01811909_9035.jpg,0.8120992,0.88073397
00046246.jpg,0.7311012,0.6605792
00022182.jpg,0.6542029,0.7151464
n00439826_6534.jpg,0.7967088,0.78125
00019021.jpg,0.8492941,0.9266734
00040015.jpg,0.76870036,0.6735194
00023071.jpg,0.5922025,0.4947196
00011151.jpg,0.8016439,0.7760692
00004937.jpg,0.721355,0.8676646
00010011.jpg,0.7457331,0.8248866
000000472924.jpg,0.7740382,0.82300884
000000150812.jpg,0.77943206,0.8039216
00033305.jpg,0.7545333,0.7892492
00012702.jpg,0.78562266,0.8141708
n07717556_757.jpg,0.81042874,0.9032258
000000200351.jpg,0.69679815,0.8737864
00038694.jpg,0.727907,0.5838126
00004756.jpg,0.61423475,0.589451
00025583.jpg,0.59504694,0.8258148
00023860.jpg,0.7430108,0.9572508
00037245.jpg,0.7117957,0.7968926
00053726.jpg,0.7488269,0.8174304
00057351.jpg,0.81768703,0.8080516
00029478.jpg,0.58588636,0.5024974
00051241.jpg,0.69045335,0.84697
00020334.jpg,0.797058,0.8205388
n02118333_11813.jpg,0.886903,0.9459459
00051648.jpg,0.83343583,0.8313204
00041789.jpg,0.800221,0.8110072
00030235.jpg,0.7436574,0.759762
00026923.jpg,0.6410879,0.5040932
00002489.jpg,0.6341388,0.5618562
00016996.jpg,0.7869437,0.7765256
00042488.jpg,0.67144316,0.7211542
00018442.jpg,0.79137564,0.793354
00033214.jpg,0.7457403,0.7010266
000000191533.jpg,0.58855885,0.59090906
00019193.jpg,0.71313506,0.645384
5878ed597cc52e6e.jpg,0.5203552,0.5102041
00002777.jpg,0.82430196,0.7782478
00023562.jpg,0.70408535,0.612734
n09393605_8686.jpg,0.7154182,0.8455882
00039008.jpg,0.6699558,0.6921724
00010564.jpg,0.80377614,0.8449026
00023918.jpg,0.72411543,0.7495898
00056751.jpg,0.58052504,0.614192
00040302.jpg,0.717556,0.7054972
00044177.jpg,0.7038839,0.7707416
00002784.jpg,0.77288437,0.7707364
00051256.jpg,0.7649925,0.7668784
00024568.jpg,0.5810347,0.547999
00043259.jpg,0.6693058,0.7930718
00026778.jpg,0.8151344,0.7826522
00019747.jpg,0.78500617,0.8921964
00048457.jpg,0.7821007,0.7029006
n09270735_30833.jpg,0.6417992,0.4954955
00043610.jpg,0.73265934,0.8570526
n09421951_10886.jpg,0.5521076,0.57843137
00010056.jpg,0.7563298,0.828538
00052985.jpg,0.8217962,0.9186634
00025824.jpg,0.66705525,0.612104
00005151.jpg,0.8282802,0.8840842
00028691.jpg,0.5407873,0.5436782
00042928.jpg,0.56145066,0.5420888
00043967.jpg,0.7324771,0.647217
00032846.jpg,0.8460885,0.974244
00032623.jpg,0.9369993,0.948228
00012279.jpg,0.916729,0.9171408
ae12eecf37416132.jpg,0.6076813,0.51111114
n04461696_16929.jpg,0.70925915,0.7980769
00034287.jpg,0.65831554,0.6247836
00021495.jpg,0.75378096,0.8049218
00043256.jpg,0.7423138,0.7245856
00029428.jpg,0.8949647,0.8249176
00025479.jpg,0.74403757,0.7799046
00042002.jpg,0.6929193,0.6909502
00054378.jpg,0.8114475,0.844666
00007629.jpg,0.7328266,0.5220366
00012977.jpg,0.6637618,0.7400614
00013246.jpg,0.627875,0.7302684
n02434954_1883.jpg,0.74543047,0.67777777
00018526.jpg,0.7353051,0.74303
00000764.jpg,0.60148287,0.5982336
00023466.jpg,0.6498996,0.744888
00019411.jpg,0.9160975,0.9433918
00000276.jpg,0.7749975,0.9056088
n04610013_11379.jpg,0.7209721,0.5858586
00001477.jpg,0.76189375,0.6173856
00052026.jpg,0.6205265,0.6390008
00055911.jpg,0.6305421,0.6919126
00044904.jpg,0.9023603,0.9726552
00054077.jpg,0.87722385,0.8340032
00001445.jpg,0.823841,0.8989682
00012657.jpg,0.75741434,0.8252382
00036918.jpg,0.64636153,0.6218712
n03790512_14144.jpg,0.79693013,0.8080808
00000109.jpg,0.6665495,0.6641968
n07801508_371.jpg,0.81121147,0.84
00049935.jpg,0.83313566,0.8955912
000000127647.jpg,0.82607263,0.9405941
00030830.jpg,0.7108463,0.7280784
00001086.jpg,0.5822964,0.406689
00045595.jpg,0.75484896,0.686816
00003278.jpg,0.7226154,0.8474174
00030995.jpg,0.8147203,0.7637754
00052571.jpg,0.7702172,0.7754378
00042702.jpg,0.71854764,0.710241
00053493.jpg,0.70167327,0.7394506
00026722.jpg,0.78572965,0.868335
n04335435_23800.jpg,0.7636019,0.8433735
d79ea3d7d75d1698.jpg,0.7922338,0.84761906
ca300af88da8ccbb.jpg,0.5775734,0.5368421
00005542.jpg,0.6590518,0.7411484
00006483.jpg,0.809517,0.8171612
00011317.jpg,0.78586626,0.7290766
00042321.jpg,0.6880347,0.6822762
n01846331_3530.jpg,0.77582395,0.7413793
00042590.jpg,0.7387434,0.6719962
00009995.jpg,0.7677589,0.8927074
00024767.jpg,0.82463956,0.887668
00019340.jpg,0.79784,0.933819
00017425.jpg,0.83143413,0.8261752
00041607.jpg,0.7892511,0.7644464
00032381.jpg,0.8349554,0.8906564
00010043.jpg,0.6317088,0.6329282
00007177.jpg,0.7835275,0.8269428
00057452.jpg,0.8374812,0.7843612
00024991.jpg,0.668924,0.7255694
00000528.jpg,0.85882986,0.9210732
00033892.jpg,0.6504624,0.686339
00008472.jpg,0.7709265,0.7487246
00039081.jpg,0.6157977,0.647766
00013122.jpg,0.8388973,0.87252
00049403.jpg,0.77425355,0.7745444
00004640.jpg,0.8083265,0.8765864
00058057.jpg,0.7749314,0.8454242
000000576630.jpg,0.7500528,0.7654321
00034498.jpg,0.8250556,0.8949688
00037457.jpg,0.6822401,0.6338168
00038790.jpg,0.80559003,0.7983308
00042749.jpg,0.6049953,0.6278736
00006125.jpg,0.7826787,0.7553642
00050118.jpg,0.813098,0.8331268
00027896.jpg,0.6435524,0.6608082
00008897.jpg,0.7515499,0.9098644
00004012.jpg,0.7734937,0.8615328
000000419008.jpg,0.80992156,0.9292929
00035065.jpg,0.74103343,0.8541376
00017834.jpg,0.6862834,0.7090782
00018746.jpg,0.66471696,0.6387658
00048401.jpg,0.7101284,0.7543596
00011505.jpg,0.766256,0.7638326
00034334.jpg,0.7748941,0.8054528
00006812.jpg,0.75733715,0.7887846
00023171.jpg,0.8576797,0.7917858
00052096.jpg,0.7840054,0.8026102
00013600.jpg,0.8425006,0.8881538
00042823.jpg,0.7640833,0.7250358
00032203.jpg,0.8081019,0.9255716
00009809.jpg,0.64420277,0.6282434
00028277.jpg,0.8121566,0.7682582
n04335435_25589.jpg,0.7136053,0.70731705
00040774.jpg,0.7873503,0.800542
00043261.jpg,0.57449925,0.5285786
n07679356_26486.jpg,0.8404488,0.84313726
00034169.jpg,0.66074,0.7686316
00058365.jpg,0.7827307,0.8910984
00012232.jpg,0.6749428,0.7657484
n03541923_10735.jpg,0.8497075,0.84313726
00002593.jpg,0.8371376,0.8785156
00028625.jpg,0.8821964,0.903664
00055252.jpg,0.8529631,0.8728452
00009488.jpg,0.8317379,0.9452186
00031210.jpg,0.6935692,0.6724748
00030790.jpg,0.77328795,0.7393736
00044103.jpg,0.88898623,0.9107762
00027418.jpg,0.62353754,0.5516188
00037882.jpg,0.748753,0.6785072
00005543.jpg,0.67647815,0.6482708
00046241.jpg,0.8062357,0.8733262
00055647.jpg,0.89809704,0.9371344
n02834778_42241.jpg,0.76960385,0.7529412
n04166281_4869.jpg,0.76413786,0.74
00050393.jpg,0.6419892,0.7617646
00026971.jpg,0.78659445,0.8504766
n07717556_1161.jpg,0.8374275,0.86170214
00038947.jpg,0.74776834,0.7364776
00053686.jpg,0.91366863,0.8986954
00044644.jpg,0.8557923,0.8249122
00025540.jpg,0.8616127,0.9419244
00020088.jpg,0.795962,0.8471022
00056577.jpg,0.86588395,0.8765226
00015370.jpg,0.7184475,0.7379122
00050702.jpg,0.817469,0.6474976
00006046.jpg,0.845883,0.8689904
00036348.jpg,0.76090443,0.9766684
00002706.jpg,0.60211146,0.5922958
00021289.jpg,0.691517,0.8155648
n03541923_4128.jpg,0.7665867,0.75247526
00021062.jpg,0.7073342,0.7038308
00044146.jpg,0.73831743,0.6976518
00047646.jpg,0.7620896,0.7933724
n00439826_8642.jpg,0.8442909,0.81904763
00033927.jpg,0.72412765,0.8232508
00041367.jpg,0.7927521,0.765927
00002507.jpg,0.80399156,0.7365402
00041973.jpg,0.692742,0.5763414
00000155.jpg,0.8489197,0.8219444
00027908.jpg,0.8069453,0.890376
00027832.jpg,0.82788014,0.7130976
00026308.jpg,0.7953411,0.81028
n02878222_17948.jpg,0.7150643,0.74509805
00009826.jpg,0.60415584,0.6888284
00015591.jpg,0.69739544,0.7588134
n03791053_8113.jpg,0.83164746,0.9444444
00031968.jpg,0.8512475,0.8375218
00021967.jpg,0.7108342,0.7469994
00000049.jpg,0.7412865,0.6749348
00020559.jpg,0.69270325,0.6419682
00011116.jpg,0.80945486,0.79312
00023953.jpg,0.5625935,0.5468456
00034742.jpg,0.64445215,0.7629944
00040353.jpg,0.63480824,0.7150096
00024843.jpg,0.8408889,0.9301172
00049705.jpg,0.6586045,0.6055306
00004076.jpg,0.84833765,0.8232636
00046495.jpg,0.7312014,0.7071396
00056273.jpg,0.78456783,0.7249068
00057372.jpg,0.708748,0.7439746
00010352.jpg,0.6956691,0.8186498
00001844.jpg,0.598089,0.692381
00032343.jpg,0.8033976,0.8655274
n02342885_12555.jpg,0.8828074,0.90654206
00019640.jpg,0.8382127,0.900592
00014761.jpg,0.5404368,0.5312592
00039798.jpg,0.71664715,0.7952592
00052609.jpg,0.571658,0.6162008
00019108.jpg,0.7875068,0.7245138
00049706.jpg,0.6355779,0.5541138
00014674.jpg,0.82284105,0.8679388
00045447.jpg,0.7049408,0.6068172
00039239.jpg,0.69019777,0.723445
00048406.jpg,0.7236725,0.6216156
00010733.jpg,0.74675125,0.78616
00049399.jpg,0.8274455,0.8893022
00032473.jpg,0.9307826,0.9456208
00050512.jpg,0.63490057,0.8241242
00047949.jpg,0.8314193,0.9220452
00003541.jpg,0.66030556,0.5901106
00006944.jpg,0.8333274,0.8087838
00015815.jpg,0.6707804,0.6973188
00024309.jpg,0.66315633,0.7778196
00028811.jpg,0.7009126,0.8421956
00026649.jpg,0.5621066,0.3926142
00020994.jpg,0.57901025,0.610269
00046849.jpg,0.67232513,0.6928718
00029675.jpg,0.5717241,0.5532032
00022622.jpg,0.780773,0.7053464
00018329.jpg,0.7563929,0.8275488
22b37bd34c07ef1a.jpg,0.78234637,0.8484849
00008626.jpg,0.8540268,0.7511386
00036009.jpg,0.6581561,0.7450248
00038649.jpg,0.7079101,0.7613334
00034743.jpg,0.6348579,0.7171976
00025981.jpg,0.79781866,0.872688
n07911677_556.jpg,0.84277296,0.83653843
00012076.jpg,0.8445126,0.7502056
00017865.jpg,0.79841316,0.801331
00051023.jpg,0.66943276,0.5450102
n02878222_51618.jpg,0.6598683,0.6494845
00028066.jpg,0.777063,0.8369256
n09359803_40561.jpg,0.5188122,0.3838384
sun_bzlmupmmiqdoxiio.jpg,0.54899454,0.34408602
00021475.jpg,0.7855722,0.8061384
00020034.jpg,0.86449194,0.935293
00023651.jpg,0.69330907,0.785751
00017665.jpg,0.7666294,0.7756374
00039835.jpg,0.79274297,0.8105838
00038166.jpg,0.71149296,0.8385672
00034651.jpg,0.70658696,0.6728212
00019329.jpg,0.78347695,0.7167452
00049097.jpg,0.66992885,0.5854184
00045471.jpg,0.7119456,0.741782
00021985.jpg,0.9090966,0.9294456
00018646.jpg,0.7146227,0.797414
00048583.jpg,0.8281268,0.9111172
00032778.jpg,0.57922775,0.5546046
n07929519_34679.jpg,0.8405514,0.8018868
00025938.jpg,0.8212316,0.837388
00056664.jpg,0.87197256,0.9253346
00019487.jpg,0.8108866,0.8277326
00002714.jpg,0.8373336,0.8088888
00007903.jpg,0.5551531,0.4380326
00002527.jpg,0.7006748,0.650708
00034857.jpg,0.6714114,0.7480614
00008974.jpg,0.82734513,0.89291
000000019959.jpg,0.75607884,0.8876405
00012822.jpg,0.57133704,0.746321
00055805.jpg,0.7683709,0.7334798
00013219.jpg,0.79611135,0.785502
n04166281_8236.jpg,0.76073754,0.72727275
00008195.jpg,0.69474673,0.6291188
00046237.jpg,0.6669032,0.7271122
00035769.jpg,0.72525257,0.7717486
n07583197_6842.jpg,0.79788685,0.8787879
00033767.jpg,0.6543704,0.667796
00014837.jpg,0.8277522,0.7432874
00047353.jpg,0.7070529,0.5688758
00015131.jpg,0.7472882,0.8964108
00012127.jpg,0.7823067,0.743576
00047174.jpg,0.7967447,0.8662812
00029433.jpg,0.7657219,0.705841
00053868.jpg,0.7456939,0.7777508
00022797.jpg,0.7959429,0.8694366
00056360.jpg,0.7715572,0.7976578
00024406.jpg,0.72065973,0.7799068
00034174.jpg,0.5311577,0.5182674
00035993.jpg,0.7540142,0.8812826
00029835.jpg,0.88012934,0.9196102
00023732.jpg,0.67260194,0.724091
00009130.jpg,0.6697749,0.8094442
00009220.jpg,0.6840259,0.595686
00021308.jpg,0.72079486,0.7949234
00044290.jpg,0.77858305,0.8730874
00051301.jpg,0.6542212,0.7659252
00038159.jpg,0.679434,0.8033982
00058190.jpg,0.7933277,0.8736656
00000835.jpg,0.8447859,0.7971928
00040376.jpg,0.75489867,0.824937
00011641.jpg,0.7338243,0.717071
00016806.jpg,0.82626295,0.7570226
00023595.jpg,0.83614105,0.7298472
00058728.jpg,0.78810096,0.7731014
000000331126.jpg,0.74164253,0.87058824
00013016.jpg,0.6733252,0.5419858
00038354.jpg,0.64736396,0.4901696
00053179.jpg,0.6929313,0.7390322
00003254.jpg,0.5086302,0.4476556
00019773.jpg,0.63966024,0.7055258
00055169.jpg,0.7771196,0.8886436
00049752.jpg,0.8833927,0.8574408
00005050.jpg,0.7325833,0.801102
00054822.jpg,0.8145021,0.8371256
00053787.jpg,0.800181,0.8734924
00019952.jpg,0.7932897,0.87983
00010865.jpg,0.7967253,0.8476334
00010223.jpg,0.7312426,0.6917968
n09289331_1577.jpg,0.6161161,0.51578945
00052370.jpg,0.7980176,0.64
00018502.jpg,0.78453946,0.6814506
00051311.jpg,0.7836181,0.859657
00007589.jpg,0.65177476,0.604276
00036005.jpg,0.63585526,0.7634764
00014531.jpg,0.7104695,0.688232
00033010.jpg,0.63521695,0.6978848
n04335435_20710.jpg,0.7113165,0.7763158
00008785.jpg,0.7172665,0.8270118
n07679356_28936.jpg,0.8621428,0.61904764
00027522.jpg,0.7517685,0.6868778
00006756.jpg,0.7334737,0.794959
00023893.jpg,0.7464108,0.7881672
n02324045_35990.jpg,0.8122684,0.8737864
00054891.jpg,0.70906985,0.814112
00040572.jpg,0.6677647,0.7294024
00015095.jpg,0.6021931,0.5517024
00025022.jpg,0.7805341,0.7517732
00025754.jpg,0.7600858,0.9128282
00004668.jpg,0.85077333,0.9168356
00024903.jpg,0.7174498,0.7225404
00023447.jpg,0.65624195,0.700238
00010807.jpg,0.691074,0.7994542
00030394.jpg,0.78186405,0.7458838
00012662.jpg,0.7729166,0.7555328
00017630.jpg,0.7894492,0.84951
00043664.jpg,0.7268113,0.785706
00009762.jpg,0.7096672,0.6531442
00035197.jpg,0.64518785,0.8393194
00041763.jpg,0.73076016,0.5746192
00011972.jpg,0.7592181,0.8013284
00026183.jpg,0.8905909,0.9452126
n07801508_897.jpg,0.8685236,0.96842104
n03791053_19693.jpg,0.83635885,0.7047619
00036498.jpg,0.6893994,0.6847134
00009654.jpg,0.71768904,0.6445508
00016721.jpg,0.8465462,0.792359
00009239.jpg,0.8911495,0.8269714
00011230.jpg,0.7851689,0.8595612
00007393.jpg,0.75207376,0.795369
5a5e7d6ce6eb8735.jpg,0.8133857,0.8021978
0b783ffdb85acb7a.jpg,0.5532291,0.6375
00048264.jpg,0.80216527,0.7296402
00011234.jpg,0.7541007,0.8892992
00035967.jpg,0.8116565,0.8550868
00057955.jpg,0.7061975,0.8011564
00004754.jpg,0.8060636,0.9469482
000000576072.jpg,0.76569074,0.85858583
00017730.jpg,0.79878753,0.9464038
00044108.jpg,0.7674699,0.7702084
00040709.jpg,0.7451145,0.5930014
n04349306_4586.jpg,0.80505013,0.7938144
00033188.jpg,0.8841926,0.8901236
00039897.jpg,0.8104769,0.8529428
00009060.jpg,0.7631929,0.854446
00035776.jpg,0.65032536,0.6319154
00039796.jpg,0.8067448,0.8206498
00039760.jpg,0.6315224,0.6930642
00031259.jpg,0.6418381,0.7600114
00013205.jpg,0.84925944,0.8022954
00036768.jpg,0.6198207,0.6382236
00026338.jpg,0.8977288,0.9108494
00025795.jpg,0.7895486,0.6842676
00049937.jpg,0.83190614,0.9005246
00003975.jpg,0.8305265,0.9360056
00035167.jpg,0.79079765,0.8460398
n02396427_259.jpg,0.79204917,0.68421054
00016469.jpg,0.8588041,0.8462252
00001098.jpg,0.7261251,0.8127806
00042767.jpg,0.69077194,0.5911306
00015789.jpg,0.9424057,0.9344132
00007961.jpg,0.7555752,0.8606276
00033978.jpg,0.731971,0.8542972
00048310.jpg,0.7668295,0.761836
00015997.jpg,0.71068287,0.767275
00020549.jpg,0.8586837,0.9238914
00056902.jpg,0.8277189,0.9691214
00055711.jpg,0.69362915,0.6155378
000000448923.jpg,0.8165902,0.9339623
00040282.jpg,0.67865187,0.5561614
8033714176cfff11.jpg,0.76101404,0.8045977
00031845.jpg,0.86207473,0.9633472
00013478.jpg,0.8616904,0.9702066
00043519.jpg,0.6657468,0.866571
000000148343.jpg,0.7888734,0.8076923
00030269.jpg,0.851122,0.846623
00050026.jpg,0.86085963,0.9393052
00040450.jpg,0.69249016,0.8083668
00045530.jpg,0.7065575,0.7134182
00005880.jpg,0.9052091,0.9350946
00056638.jpg,0.88356674,0.9179542
00011430.jpg,0.8100814,0.7079328
00057356.jpg,0.57675624,0.5352468
00011908.jpg,0.8393636,0.9165764
00036442.jpg,0.64795375,0.8671656
00018436.jpg,0.7791596,0.7936974
sun_aokkqrsxsvimuubo.jpg,0.63522077,0.51578945
00024242.jpg,0.7203386,0.803249
00048381.jpg,0.69838,0.5548126
00033923.jpg,0.5989267,0.5703848
00058456.jpg,0.63094234,0.5015294
00032290.jpg,0.7686919,0.7716768
00043184.jpg,0.74605906,0.7877416
00045365.jpg,0.8220639,0.6829394
n02342885_7645.jpg,0.8248062,0.959596
000000315243.jpg,0.7972426,0.8989899
00028831.jpg,0.70382774,0.7273314
00057390.jpg,0.78107786,0.8000644
00037125.jpg,0.670797,0.5648508
n07911677_4769.jpg,0.8282584,0.87628865
00042965.jpg,0.7594642,0.798996
00037783.jpg,0.7604041,0.8133206
000000574747.jpg,0.82566184,0.7878788
n07863374_17253.jpg,0.81726116,0.89215684
00022120.jpg,0.69954956,0.7101466
00028349.jpg,0.77104604,0.8408788
00030210.jpg,0.7400051,0.7932348
00005560.jpg,0.7678228,0.8304108
00051716.jpg,0.8682567,0.9055442
00033472.jpg,0.77675647,0.7311796
00050558.jpg,0.8202646,0.8056502
00002804.jpg,0.7134126,0.895757
00032023.jpg,0.72606087,0.6989516
00033689.jpg,0.78452826,0.822965
00020780.jpg,0.6694842,0.6287284
00016032.jpg,0.5740544,0.7283772
00011223.jpg,0.78951883,0.8100168
00052394.jpg,0.76967674,0.8246032
00008274.jpg,0.82919514,0.8232346
00029145.jpg,0.8947719,0.8353146
00056863.jpg,0.84510404,0.8361858
00006132.jpg,0.86847603,0.8806434
00032724.jpg,0.5766133,0.5780558
00055404.jpg,0.8322327,0.8039208
00008300.jpg,0.8020483,0.8539266
00009644.jpg,0.82135177,0.8192184
00042429.jpg,0.7864857,0.7221834
00024466.jpg,0.6485988,0.6628706
00007923.jpg,0.6266752,0.74362
00039399.jpg,0.8017124,0.8559538
00037133.jpg,0.84210336,0.8564988
00051679.jpg,0.78475195,0.758722
00020430.jpg,0.73482853,0.7576998
00013703.jpg,0.5942712,0.5836298
00040716.jpg,0.67713463,0.616263
00048625.jpg,0.80696136,0.7950936
n00471613_23975.jpg,0.73941946,0.814433
n03791053_7898.jpg,0.8147143,0.752809
00019121.jpg,0.92771703,0.9274296
n09376198_26839.jpg,0.58252805,0.5104167
00033312.jpg,0.729223,0.7307852
00025079.jpg,0.8259275,0.837136
n02129165_9834.jpg,0.849285,0.83505154
00047808.jpg,0.665939,0.6974706
00004488.jpg,0.5959056,0.6904032
00011761.jpg,0.7017197,0.7402128
c0d4ba4d5b69f7a4.jpg,0.8180043,0.85714287
00042685.jpg,0.7642074,0.7660936
00014805.jpg,0.77971214,0.8259404
n04349306_9782.jpg,0.77879417,0.83
00041864.jpg,0.6097118,0.5610106
00002655.jpg,0.7714008,0.8559952
00016751.jpg,0.73390496,0.8021794
n03384352_1664.jpg,0.6853583,0.5326087
00033804.jpg,0.67472583,0.7281768
00039340.jpg,0.7948351,0.8290138
00042374.jpg,0.79140085,0.80726
00024889.jpg,0.773575,0.8365836
00049535.jpg,0.7428538,0.7875744
00026498.jpg,0.5663147,0.4864766
00046131.jpg,0.68176824,0.669216
00015308.jpg,0.8203732,0.948406
000000457766.jpg,0.7613913,0.8681319
00012291.jpg,0.7540467,0.7851876
00044891.jpg,0.6865723,0.7385684
sun_auhihtbsylsxsylt.jpg,0.56300837,0.6086956
000000318965.jpg,0.74704146,0.63829786
00029200.jpg,0.85600215,0.964637
00004404.jpg,0.73013055,0.6509888
00047761.jpg,0.7585574,0.7898554
00040401.jpg,0.72212845,0.5491766
00020895.jpg,0.74923176,0.6663202
00033632.jpg,0.82271594,0.800534
n07680932_3052.jpg,0.8926618,0.9130435
n02129165_6929.jpg,0.8766259,0.88297874
00016548.jpg,0.814177,0.8899314
00014871.jpg,0.8138062,0.8110354
00043735.jpg,0.7017539,0.7363022
00049945.jpg,0.7754658,0.857887
00009475.jpg,0.78251874,0.7633584
00033077.jpg,0.88521993,0.9904274
00039396.jpg,0.76773894,0.7863854
00043611.jpg,0.7453086,0.730443
00058629.jpg,0.59487945,0.669973
00048028.jpg,0.6324079,0.6843988
00053709.jpg,0.8568827,0.814588
00014545.jpg,0.98090553,1.0
00045405.jpg,0.7399467,0.8270756
00021657.jpg,0.7293048,0.738626
00009227.jpg,0.7257911,0.7756582
00018944.jpg,0.8461833,0.8310216
n07693725_13403.jpg,0.79854083,0.7809524
00048977.jpg,0.847233,0.8480172
00054177.jpg,0.8918274,0.887419
00031754.jpg,0.9779829,0.9448188
00056012.jpg,0.81808734,0.8687994
00055518.jpg,0.7045318,0.6798866
00043773.jpg,0.6948676,0.6164062
00025811.jpg,0.839034,0.9543704
00051455.jpg,0.83184737,0.8094788
00006361.jpg,0.74512917,0.7483356
00003566.jpg,0.6368694,0.5410452
00040117.jpg,0.6770222,0.718177
00014598.jpg,0.6432258,0.797255
00031271.jpg,0.61064637,0.6992436
00039269.jpg,0.7592164,0.7922
00033156.jpg,0.78040755,0.8077284
00024779.jpg,0.79213965,0.7175092
00009732.jpg,0.6147257,0.5778744
00027323.jpg,0.8124779,0.990122
00015496.jpg,0.789374,0.7824616
00016023.jpg,0.7970815,0.764638
00033521.jpg,0.76716274,0.82979
00024659.jpg,0.7659214,0.8517976
00008527.jpg,0.6197586,0.5543664
n07933274_30896.jpg,0.83746874,0.85714287
00016726.jpg,0.6211149,0.715173
00041408.jpg,0.7694526,0.812401
00032934.jpg,0.83172417,0.7995842
000000016465.jpg,0.7634405,0.72727275
000000428214.jpg,0.7686982,0.8446602
00038961.jpg,0.77937686,0.7870152
000000093725.jpg,0.76989305,0.70689654
n02431785_6514.jpg,0.7718862,0.8362069
00039867.jpg,0.78241014,0.8751918
00051051.jpg,0.61213195,0.7220292
00003179.jpg,0.7101922,0.713012
00039950.jpg,0.7467341,0.7868174
00017895.jpg,0.7891051,0.7412388
00038594.jpg,0.6544932,0.8148584
00026857.jpg,0.69596213,0.7392428
00049537.jpg,0.56350183,0.6808156
00004697.jpg,0.8307942,0.8503644
00046662.jpg,0.75287277,0.8301008
00045964.jpg,0.6469707,0.7070432
00039732.jpg,0.7354416,0.7997538
00029018.jpg,0.6601513,0.79838
00007581.jpg,0.80268395,0.7068336
00029935.jpg,0.7719357,0.719246
00008190.jpg,0.80514866,0.7983042
00053209.jpg,0.83631945,0.9043788
00003610.jpg,0.8626694,0.9325942
00039706.jpg,0.7953942,0.88744
00045121.jpg,0.71273875,0.7896932
00028777.jpg,0.7672953,0.8743164
n07923748_4376.jpg,0.8232893,0.88297874
00044805.jpg,0.59624994,0.6456068
00054710.jpg,0.8339298,0.8443002
00044685.jpg,0.70575666,0.680338
00023515.jpg,0.5935086,0.412119
00032978.jpg,0.6572727,0.6663506
00010247.jpg,0.7925119,0.9164338
00016154.jpg,0.7770165,0.7601014
00030286.jpg,0.79507715,0.6894972
n01792640_8097.jpg,0.7762749,0.625
00035584.jpg,0.6733697,0.6065506
00033420.jpg,0.6819877,0.6572254
000000432372.jpg,0.8700619,0.8817204
00010486.jpg,0.6691159,0.7431988
00030526.jpg,0.9053851,0.9293912
00031091.jpg,0.8983066,0.907926
00013405.jpg,0.7679332,0.7502666
00008196.jpg,0.7116495,0.7745702
n09270735_28592.jpg,0.7546356,0.8666667
00027654.jpg,0.81658155,0.8193554
00026276.jpg,0.64688873,0.6463166
00053956.jpg,0.8067148,0.801261
00057144.jpg,0.6368512,0.619963
n07696625_4335.jpg,0.8066076,0.8703704
n03790512_14881.jpg,0.834246,0.75
00024716.jpg,0.8648399,0.89664
00015916.jpg,0.6222793,0.5705918
00008961.jpg,0.7959551,0.8764934
00052237.jpg,0.7122998,0.7375732
00021670.jpg,0.82384217,0.9172016
00014282.jpg,0.52511424,0.448369
00015171.jpg,0.7486548,0.7260494
00002118.jpg,0.84772325,0.8894764
00046814.jpg,0.7398092,0.7503936
00021359.jpg,0.74419564,0.7872174
00009464.jpg,0.8169073,0.585095
n00480993_23156.jpg,0.72107035,0.7425743
00050571.jpg,0.534552,0.6409952
n09288635_13817.jpg,0.7016853,0.86
00040643.jpg,0.7664579,0.7761698
00032369.jpg,0.54727685,0.5092292
00022378.jpg,0.8259731,0.9293386
00033514.jpg,0.5931967,0.5865286
n02132136_1954.jpg,0.8341999,0.78350514
00048488.jpg,0.68329465,0.7073278
00033714.jpg,0.8070537,0.905823
00049265.jpg,0.77582556,0.935618
00033463.jpg,0.69322336,0.7526836
00055434.jpg,0.8433845,0.9430756
00041385.jpg,0.8280034,0.7918568
000000246444.jpg,0.70412034,0.79347825
00013958.jpg,0.80752814,0.880775
n02342885_12243.jpg,0.8309114,0.87777776
00035555.jpg,0.6834815,0.6589974
00019597.jpg,0.79522634,0.7605556
00056715.jpg,0.7575643,0.762725
00042521.jpg,0.7327618,0.7797986
00053653.jpg,0.7823367,0.8246954
00043247.jpg,0.72028816,0.660499
807f839db4fcc4d1.jpg,0.89713633,0.8152174
00005378.jpg,0.8546135,0.7497114
00024381.jpg,0.7915575,0.821473
sun_aosvqijvmwznjrsh.jpg,0.5397541,0.45454547
00027535.jpg,0.7803558,0.8201512
00051659.jpg,0.7953593,0.8120292
00022191.jpg,0.6403718,0.8074398
n03541923_739.jpg,0.78504217,0.8240741
sun_aimggcqrncrkotzv.jpg,0.50921637,0.42
00000938.jpg,0.6626249,0.6452634
00026815.jpg,0.693518,0.478601
n07850329_9287.jpg,0.7616739,0.74725276
00015501.jpg,0.76407766,0.8280948
n07863374_16698.jpg,0.87457395,0.9791667
00051634.jpg,0.6668017,0.536367
00040435.jpg,0.7238535,0.7165176
00021419.jpg,0.57078767,0.5590054
00021114.jpg,0.6744212,0.6589148
2c41faad4c1f65b5.jpg,0.73050237,0.8651685
00033938.jpg,0.6279249,0.5107644
n02332755_4983.jpg,0.8128195,0.8396226
00058656.jpg,0.6572132,0.6094938
00033052.jpg,0.90967244,0.951037
00004602.jpg,0.69865984,0.752143
00016604.jpg,0.8421469,0.7895572
00015705.jpg,0.8561095,0.8642438
a53d2e1a88a91017.jpg,0.75556135,0.69911504
00025629.jpg,0.816512,0.9236184
00009076.jpg,0.76748997,0.739294
00032864.jpg,0.5722245,0.3316374
00056099.jpg,0.6501429,0.6993586
00058682.jpg,0.7365861,0.737112
00026430.jpg,0.8452392,0.8183068
00050177.jpg,0.74153787,0.8555822
00052817.jpg,0.82001567,0.808043
00018662.jpg,0.7457721,0.7966064
00038313.jpg,0.68889964,0.6121988
00023081.jpg,0.85104674,0.946959
00010038.jpg,0.7770952,0.7393274
00040850.jpg,0.78156614,0.8234698
00029050.jpg,0.6250714,0.5683456
00017406.jpg,0.84485626,0.7710726
00046825.jpg,0.7779556,0.8617672
00038226.jpg,0.5898441,0.610691
00023477.jpg,0.8556322,0.859864
00031362.jpg,0.61143154,0.7129042
00004918.jpg,0.82811904,0.9087328
n02118333_11444.jpg,0.889731,0.9047619
00018616.jpg,0.6522223,0.7172358
00049210.jpg,0.76158106,0.7980952
n03384352_377.jpg,0.7802198,0.75247526
00053238.jpg,0.8604725,0.9037336
00043189.jpg,0.68574315,0.7049528
n02129165_709.jpg,0.8626155,0.6972477
16f51edf6ef907f5.jpg,0.71713233,0.82608694
00055381.jpg,0.7654413,0.8393506
00033726.jpg,0.8675565,0.9215512
00008125.jpg,0.5638236,0.5054002
00040556.jpg,0.77398694,0.7330686
00012637.jpg,0.80365175,0.799632
00048669.jpg,0.68857855,0.733395
00053150.jpg,0.87445414,0.8797102
00010574.jpg,0.82203376,0.818272
00034149.jpg,0.69001186,0.7004318
000000190868.jpg,0.7230207,0.75728154
00020220.jpg,0.8513845,0.8352404
00045342.jpg,0.6784369,0.652338
00055033.jpg,0.77421385,0.8131392
n02332755_345.jpg,0.84608394,0.86725664
00006495.jpg,0.79669404,0.7233488
00027342.jpg,0.83278084,0.8830444
00044212.jpg,0.7422607,0.5929258
00027719.jpg,0.75144506,0.8110698
00006161.jpg,0.6599857,0.6598536
00047902.jpg,0.6249287,0.5941746
n03512147_1223.jpg,0.79771906,0.8172043
00027633.jpg,0.81931186,0.8261418
00020872.jpg,0.81615543,0.8678586
00000686.jpg,0.7676543,0.7637568
00041791.jpg,0.81577885,0.9380392
00024701.jpg,0.7763034,0.8773634
00047603.jpg,0.6658442,0.4820384
00018515.jpg,0.6750116,0.5497054
00027279.jpg,0.77762985,0.7824736
00029020.jpg,0.7017175,0.6773978
00020070.jpg,0.6991065,0.6568442
00042497.jpg,0.67203796,0.8249678
00045113.jpg,0.7508725,0.733749
00030223.jpg,0.6910216,0.8493946
00037285.jpg,0.609964,0.5712434
00014083.jpg,0.66860604,0.640108
00002824.jpg,0.7134428,0.8073562
n03791053_8778.jpg,0.72064674,0.8606557
n09359803_14054.jpg,0.56697387,0.20588236
00053922.jpg,0.81983197,0.829192
00011394.jpg,0.83314747,0.7563638
00040105.jpg,0.7150549,0.6785478
00041665.jpg,0.69222903,0.6363096
00020116.jpg,0.61131537,0.4905986
000000160694.jpg,0.7739284,0.7368421
00034339.jpg,0.64558816,0.7034826
00048198.jpg,0.7153601,0.593446
00026809.jpg,0.63202417,0.5655688
00049193.jpg,0.61458087,0.754533
00031189.jpg,0.7956144,0.8242316
00025095.jpg,0.8087506,0.7873232
00039347.jpg,0.6604595,0.6852826
00003716.jpg,0.81608367,0.8545778
00007864.jpg,0.85994226,0.865729
00034313.jpg,0.5839014,0.4044444
00001647.jpg,0.7897292,0.7873756
00027783.jpg,0.7874117,0.8987912
n09468604_54577.jpg,0.60102254,0.6203704
00057567.jpg,0.797829,0.8705678
00037911.jpg,0.63357085,0.61828
00026584.jpg,0.73652524,0.572126
00018413.jpg,0.8518065,0.7850066
00016767.jpg,0.8557242,0.885094
00036639.jpg,0.6402753,0.6182748
00010430.jpg,0.82843447,0.6848476
00003496.jpg,0.6724749,0.5481904
00058308.jpg,0.6005752,0.7317266
00021057.jpg,0.7341591,0.836246
00036880.jpg,0.75987256,0.7156076
00006849.jpg,0.83978665,0.73567
00001639.jpg,0.77862304,0.911276
00020659.jpg,0.7380712,0.797692
000000538368.jpg,0.79652166,0.84042555
00025267.jpg,0.6100772,0.6066296
00042924.jpg,0.79478526,0.8846834
00022479.jpg,0.82289016,0.8086862
000000018792.jpg,0.72514415,0.74757284
sun_andvaoamnpthswld.jpg,0.6825247,0.6597938
00053328.jpg,0.7168938,0.8072364
00028650.jpg,0.71943456,0.8424496
00008528.jpg,0.76529306,0.7494196
00035988.jpg,0.83499885,0.8384824
00036598.jpg,0.5888801,0.668831
00030452.jpg,0.7253948,0.7254592
n09217230_8235.jpg,0.71662444,0.7303371
00019333.jpg,0.7533038,0.7316994
00010912.jpg,0.7391523,0.604983
00021922.jpg,0.74257654,0.8148794
a0b9c7987d388bf3.jpg,0.7433299,0.8152174
00043602.jpg,0.68493927,0.647488
00047460.jpg,0.7252381,0.7552518
00058340.jpg,0.7477523,0.804359
n07697537_33979.jpg,0.8620341,0.90756303
00008502.jpg,0.7123266,0.580495
00016933.jpg,0.69735503,0.6555104
00001064.jpg,0.6731366,0.6561664
00031950.jpg,0.90883696,0.7928202
00043692.jpg,0.82259,0.773543
d618126511c46c91.jpg,0.56715393,0.50476193
00049629.jpg,0.7535578,0.7463896
00029853.jpg,0.7828909,0.828576
00013201.jpg,0.7012797,0.7161876
000000576237.jpg,0.6539309,0.79
00023250.jpg,0.6827579,0.7126244
00054594.jpg,0.64951324,0.7039632
n07880968_4566.jpg,0.8373345,0.8684211
00037937.jpg,0.604982,0.6155024
000000472874.jpg,0.7460574,0.67256635
00047264.jpg,0.72935224,0.782749
00056051.jpg,0.8377125,0.8382912
n03791053_9122.jpg,0.8078261,0.8440367
00033840.jpg,0.67327356,0.6298852
00033580.jpg,0.5449067,0.4700988
00007841.jpg,0.80125225,0.7871552
00048350.jpg,0.61364883,0.7008612
00020425.jpg,0.85211533,0.882178
00046544.jpg,0.6792347,0.6907496
00047492.jpg,0.7808775,0.6834258
00000570.jpg,0.7454584,0.890707
00010424.jpg,0.8280747,0.8588512
00019166.jpg,0.7213237,0.75058
00012773.jpg,0.6610732,0.6513822
00025619.jpg,0.94238067,0.9372664
00055789.jpg,0.7628272,0.8314338
00024375.jpg,0.8288473,0.6850738
000000516795.jpg,0.6848251,0.7340425
n02430045_4987.jpg,0.7811763,0.65048546
n00464894_9080.jpg,0.8007414,0.7708333
00039113.jpg,0.7433957,0.7000794
00045958.jpg,0.87263286,0.9846884
00054608.jpg,0.786743,0.8368586
00034560.jpg,0.829247,0.770037
00009379.jpg,0.85177827,0.8988054
00015252.jpg,0.84037083,0.8867642
00045276.jpg,0.6816222,0.703731
00044750.jpg,0.7619708,0.7301384
00027376.jpg,0.7406194,0.815822
00043719.jpg,0.77165747,0.901343
00023330.jpg,0.83676255,0.8333962
00053849.jpg,0.9005307,0.8427088
00056310.jpg,0.64736044,0.7501004
00003289.jpg,0.89375776,0.9408508
00051122.jpg,0.64999086,0.4750862
000000553079.jpg,0.79927254,0.8202247
00014936.jpg,0.78819263,0.8657052
00050113.jpg,0.6633259,0.688802
00028706.jpg,0.85206884,0.8738686
00056420.jpg,0.66600585,0.5335214
00003568.jpg,0.7807468,0.7719618
00017046.jpg,0.8431742,0.8119084
00027204.jpg,0.715621,0.7351474
00020159.jpg,0.83393395,0.92325
00048720.jpg,0.63524854,0.49925
00049662.jpg,0.5951932,0.6365666
00053825.jpg,0.73062074,0.6709758
00040053.jpg,0.7186667,0.804241
2b6eb863d44d4527.jpg,0.6670251,0.5825243
n03790512_8493.jpg,0.73607934,0.7352941
00024715.jpg,0.8423916,0.8529444
00018011.jpg,0.71316624,0.794291
00010632.jpg,0.80236375,0.985848
000000280422.jpg,0.64883894,0.63917524
00021595.jpg,0.7336484,0.8047714
00023273.jpg,0.76503813,0.808758
00021246.jpg,0.79915583,0.8819406
00048985.jpg,0.86306345,0.9352602
00053582.jpg,0.77130413,0.8011876
00000542.jpg,0.7306676,0.6619658
00011700.jpg,0.8056941,0.7331298
00058001.jpg,0.8451534,0.8522926
00012307.jpg,0.8343761,0.8814642
00053929.jpg,0.79620457,0.7634228
00043628.jpg,0.7648475,0.6534654
00050412.jpg,0.77489805,0.791044
000000467502.jpg,0.74782276,0.85393256
000000076934.jpg,0.7109705,0.79761904
00040849.jpg,0.60764605,0.5917226
00007601.jpg,0.713799,0.691849
n02834778_6750.jpg,0.7877137,0.8240741
00051868.jpg,0.81159925,0.7918148
00020709.jpg,0.812828,0.7549784
00010377.jpg,0.7767323,0.7577352
00034331.jpg,0.72207147,0.5622172
00013329.jpg,0.8433664,0.8085566
00007496.jpg,0.7581067,0.7346672
00054244.jpg,0.6891561,0.7726628
n07863374_16789.jpg,0.7970332,0.9117647
00049058.jpg,0.7388958,0.847011
00057688.jpg,0.81189215,0.824114
n07716358_22242.jpg,0.87490284,0.9255319
00019608.jpg,0.7367674,0.7054724
00031223.jpg,0.90062964,0.8371064
00011800.jpg,0.7365239,0.7827772
n04610013_2951.jpg,0.699382,0.6597938
00009028.jpg,0.60713947,0.6453606
00018080.jpg,0.87357485,0.9151708
00002659.jpg,0.8076066,0.8351374
00013291.jpg,0.7572463,0.8774656
00032030.jpg,0.6539264,0.6340888
00033306.jpg,0.89024943,0.8404934
00024999.jpg,0.80059457,0.8489554
00023863.jpg,0.8107259,0.876196
00034671.jpg,0.6839966,0.7890562
00029657.jpg,0.80308443,0.9430548
000000265915.jpg,0.7632771,0.8596491
00022546.jpg,0.70637,0.7570552
00018200.jpg,0.79904723,0.8065816
00037425.jpg,0.76024044,0.9149032
000000521245.jpg,0.75174904,0.661157
00007430.jpg,0.5672809,0.4505812
00057200.jpg,0.7057266,0.7744776
00005341.jpg,0.7665056,0.7953318
00017118.jpg,0.59340614,0.6226546
00001881.jpg,0.74650514,0.5150364
00025744.jpg,0.7853335,0.72181
000000049443.jpg,0.7440543,0.9126214
00058408.jpg,0.6375401,0.6206498
00031538.jpg,0.6548021,0.566224
00052994.jpg,0.70402277,0.855863
000000289630.jpg,0.7808431,0.8613861
00028526.jpg,0.70088017,0.800935
5b336820a1e8baed.jpg,0.7115973,0.82
n02691156_7027.jpg,0.67044216,0.5903614
00016663.jpg,0.8903632,0.9609984
00012513.jpg,0.5949908,0.6035784
000000323258.jpg,0.6777688,0.6909091
00011518.jpg,0.7712226,0.8467394
00022142.jpg,0.83220315,0.81518
00021887.jpg,0.8381119,0.909642
00019756.jpg,0.9134138,0.8819422
00038433.jpg,0.71799374,0.784419
00003699.jpg,0.6811054,0.6483096
00014429.jpg,0.87766826,0.8748452
00042231.jpg,0.7588531,0.7660862
00023280.jpg,0.7234099,0.7827658
00018991.jpg,0.5559385,0.5108778
00053466.jpg,0.75648916,0.7989014
00056568.jpg,0.8746295,0.7427094
00010671.jpg,0.82958364,0.822492
00006216.jpg,0.84562206,0.882244
00027063.jpg,0.67602646,0.749393
00015679.jpg,0.7100504,0.6250958
00035662.jpg,0.6695685,0.8296848
00019871.jpg,0.83771944,0.8757634
00050088.jpg,0.8269996,0.8646128
00024043.jpg,0.84059227,0.804299
00036203.jpg,0.6168863,0.6783064
00033677.jpg,0.7243936,0.6068434
00016579.jpg,0.6109879,0.6668998
00037836.jpg,0.59786314,0.576734
00036267.jpg,0.6255724,0.3799402
00039383.jpg,0.8323686,0.8593016
00006717.jpg,0.7606485,0.7317458
000000378848.jpg,0.7737786,0.8737864
00004586.jpg,0.65689486,0.8141272
00004077.jpg,0.8641826,0.803245
00055427.jpg,0.5095817,0.510677
00040440.jpg,0.7903867,0.8833194
n09289331_1102.jpg,0.64115405,0.60215056
00028789.jpg,0.7946275,0.8551898
00029888.jpg,0.74132895,0.8068504
00012665.jpg,0.64094234,0.697383
00027294.jpg,0.79421234,0.7829836
00015962.jpg,0.79534745,0.8009594
00043006.jpg,0.6923327,0.6510848
00002750.jpg,0.7326792,0.7384746
00026657.jpg,0.8027863,0.7132114
00053190.jpg,0.89915717,0.8557314
00035472.jpg,0.6898128,0.8356166
00002833.jpg,0.70837545,0.564697
00057786.jpg,0.72848296,0.6770252
n09472597_21598.jpg,0.6405767,0.6388889
00036153.jpg,0.61907613,0.6763426
00008732.jpg,0.5891755,0.378211
00006055.jpg,0.7691096,0.7826196
00034289.jpg,0.72939306,0.8180958
00012537.jpg,0.5249749,0.4897662
000000343254.jpg,0.7023279,0.83495146
00030158.jpg,0.75961137,0.7682502
00029310.jpg,0.76645374,0.6687366
00014413.jpg,0.69873655,0.70203
00047811.jpg,0.6753788,0.7477196
00048340.jpg,0.711115,0.6868586
00009902.jpg,0.62800336,0.5509052
00045156.jpg,0.7428181,0.7621232
000000391284.jpg,0.72070134,0.8817204
00023399.jpg,0.8740119,0.8187282
00046969.jpg,0.6903223,0.8331754
00014153.jpg,0.80863917,0.8597258
00044971.jpg,0.80819595,0.8921718
00040544.jpg,0.80891824,0.8650898
00009909.jpg,0.7368071,0.727244
00009565.jpg,0.6786823,0.7585032
00010477.jpg,0.83404046,0.8825468
00002294.jpg,0.8033465,0.819936
00045963.jpg,0.7315301,0.8375258
000000455557.jpg,0.75035965,0.8019802
00036645.jpg,0.5595945,0.710088
00050746.jpg,0.71042883,0.5941434
00005407.jpg,0.65774983,0.5963632
00001409.jpg,0.7866075,0.7894766
n07716358_7311.jpg,0.8902264,0.9310345
00020403.jpg,0.8560945,0.8942512
00054359.jpg,0.7917008,0.7203352
n09468604_84812.jpg,0.5474243,0.58878505
00018649.jpg,0.7822739,0.7782944
00033189.jpg,0.59307325,0.691975
00057339.jpg,0.6375401,0.5596672
00004133.jpg,0.7175282,0.726964
00045320.jpg,0.8458948,0.8619598
00033014.jpg,0.6170752,0.778095
00030423.jpg,0.7935089,0.7498244
00003439.jpg,0.82767975,0.8438664
00054649.jpg,0.7953274,0.6748428
00012979.jpg,0.6898134,0.6763502
00027858.jpg,0.82590246,0.7862894
n07753592_7261.jpg,0.8624133,0.8811881
00020420.jpg,0.6903112,0.5765072
00041734.jpg,0.73851407,0.7383688
00008217.jpg,0.64971423,0.498372
000000110159.jpg,0.7663874,0.86206895
00031330.jpg,0.8065995,0.8759128
00026790.jpg,0.6255871,0.7289684
00027758.jpg,0.7538793,0.7061778
00049309.jpg,0.8445678,0.877916
00013084.jpg,0.67713666,0.7181948
00041670.jpg,0.79560673,0.7975868
00020326.jpg,0.86792207,0.8900552
sun_belkzcvlquyyzxlu.jpg,0.5200981,0.45054945
00043771.jpg,0.8336953,0.8332984
00003905.jpg,0.5639853,0.5203006
00047962.jpg,0.6686165,0.7613476
n02129165_13068.jpg,0.82192254,0.9313725
00026694.jpg,0.83487463,0.7938212
00049962.jpg,0.8290874,0.7655392
00027989.jpg,0.8567727,0.8543118
00054119.jpg,0.9543185,0.8885494
00000397.jpg,0.55900383,0.4138608
00009835.jpg,0.7153522,0.7962136
n07893642_12155.jpg,0.73561436,0.74509805
a7aa9768e5b4e053.jpg,0.72590476,0.75268817
00046456.jpg,0.77470326,0.7463978
00050055.jpg,0.5596025,0.6152782
00048670.jpg,0.7254969,0.887351
n01514668_4216.jpg,0.81248677,0.8979592
00045951.jpg,0.71168625,0.7756108
00018430.jpg,0.8612741,0.862038
00044958.jpg,0.6814362,0.630833
00053402.jpg,0.8079009,0.8123858
00024010.jpg,0.7517388,0.884248
00035409.jpg,0.64082086,0.6054864
00022515.jpg,0.7760004,0.8210606
00005101.jpg,0.80356216,0.7566398
n00480993_10840.jpg,0.82111394,0.73333335
00008227.jpg,0.7138594,0.5864864
00032661.jpg,0.6522691,0.6707996
00001748.jpg,0.6376023,0.7556494
000000060262.jpg,0.83836097,0.8333333
00014096.jpg,0.72335464,0.6421494
00047407.jpg,0.772205,0.6938854
00036799.jpg,0.7085606,0.566849
00016365.jpg,0.7669482,0.7429266
00008857.jpg,0.70656514,0.7548778
00048068.jpg,0.6888454,0.7686698
00016607.jpg,0.71092415,0.7446202
00029854.jpg,0.7995863,0.838236
000000044240.jpg,0.77580667,0.76635516
00035527.jpg,0.6163199,0.6505756
00011529.jpg,0.5876721,0.535502
00044623.jpg,0.7997997,0.6837196
00024612.jpg,0.78741616,0.7993722
00046347.jpg,0.7516918,0.7067802
n02450034_3551.jpg,0.6836551,0.6292135
00045672.jpg,0.67326325,0.6213406
00001763.jpg,0.8899887,0.8807674
00055047.jpg,0.7512133,0.8645938
00024674.jpg,0.7761409,0.803533
00035515.jpg,0.86624444,0.86644
00043759.jpg,0.64839315,0.7064278
00018816.jpg,0.7234583,0.7949564
00036215.jpg,0.5654706,0.4699972
00011303.jpg,0.5945214,0.6581676
00038034.jpg,0.64818716,0.6246032
00000387.jpg,0.60100764,0.5417724
00004658.jpg,0.8149553,0.8228206
00009081.jpg,0.7956513,0.6913324
00042211.jpg,0.7838459,0.8230702
00025990.jpg,0.81019,0.7217024
00037501.jpg,0.7348765,0.8177154
00046145.jpg,0.7789922,0.693471
00041510.jpg,0.6081238,0.6076114
00004240.jpg,0.78614205,0.7898682
00048894.jpg,0.82886344,0.864168
00042496.jpg,0.72673047,0.559703
n09468604_57854.jpg,0.5624748,0.42477876
00049790.jpg,0.77368146,0.8757164
sun_aixemvmqtgkfhgqj.jpg,0.56163067,0.51086956
99bcf6128cb5d909.jpg,0.52482706,0.31683168
00043788.jpg,0.7844616,0.8213686
00054554.jpg,0.7311762,0.8522316
00027119.jpg,0.8255781,0.7803798
00053856.jpg,0.47429478,0.4359262
00000754.jpg,0.8277552,0.8216352
00021742.jpg,0.6574908,0.4560534
00058330.jpg,0.749382,0.9022986
00031332.jpg,0.6617388,0.613169
n04467665_59974.jpg,0.7512191,0.6813187
00039927.jpg,0.75337917,0.8533956
00046560.jpg,0.6846702,0.4953226
00020046.jpg,0.64600414,0.4709282
00017937.jpg,0.73793864,0.867876
00005940.jpg,0.88822687,0.8130098
00022579.jpg,0.57019556,0.6008636
00008202.jpg,0.86417246,0.942653
00017330.jpg,0.80478895,0.7845806
00049480.jpg,0.84322464,0.9277428
00012744.jpg,0.74684215,0.7270758
00006281.jpg,0.63673115,0.6978642
00022535.jpg,0.777894,0.8189104
n09393605_64469.jpg,0.53805023,0.54
00039863.jpg,0.7465549,0.6622922
00057845.jpg,0.8347837,0.8301952
00018943.jpg,0.80064356,0.7141728
00049173.jpg,0.60953355,0.665427
00045203.jpg,0.7249038,0.7478332
00044667.jpg,0.77804345,0.7383178
00032627.jpg,0.79078823,0.8459642
00014414.jpg,0.86705714,0.8920778
n07863374_15968.jpg,0.8278929,0.91346157
00043617.jpg,0.65877664,0.6636098
00002944.jpg,0.80694306,0.6340586
00048854.jpg,0.8092227,0.9624422
00000151.jpg,0.7276584,0.7674226
00053316.jpg,0.57706845,0.6610638
00002787.jpg,0.71875083,0.853549
00027335.jpg,0.8084099,0.699962
00058286.jpg,0.80759835,0.7689496
00008828.jpg,0.78086144,0.8413912
00005545.jpg,0.67040503,0.8467298
00045518.jpg,0.8105049,0.8084532
00008959.jpg,0.7708804,0.6872408
00044086.jpg,0.6600261,0.768348
00015447.jpg,0.7798706,0.8772798
00028053.jpg,0.7636825,0.7387194
00023614.jpg,0.65144753,0.8009524
sun_anmkwhkmnlrpufwm.jpg,0.5115003,0.5
00045281.jpg,0.71838814,0.7410356
00039102.jpg,0.6910103,0.7906996
00053505.jpg,0.710906,0.7257076
00011193.jpg,0.5316652,0.4418394
00001226.jpg,0.7883334,0.8091396
00032959.jpg,0.58637154,0.5449802
de4baf73e70f9556.jpg,0.5020574,0.48863637
00029710.jpg,0.7853395,0.8965296
00043940.jpg,0.7909285,0.6923486
n04335435_22165.jpg,0.76310223,0.9139785
00031911.jpg,0.84735036,0.8958796
00029654.jpg,0.71628094,0.8414162
00038371.jpg,0.6861653,0.6292718
00011212.jpg,0.7940575,0.9221078
00011577.jpg,0.7619815,0.8392222
00009692.jpg,0.83535016,0.9400058
00047579.jpg,0.6026072,0.6950242
00003648.jpg,0.8358537,0.775303
00050795.jpg,0.7436777,0.833089
00018435.jpg,0.6513873,0.6032602
00032187.jpg,0.68566334,0.6616462
00028600.jpg,0.57335615,0.6539358
bb59f95e39d5e545.jpg,0.7201635,0.8271605
00046017.jpg,0.75620466,0.8029606
00024214.jpg,0.6248109,0.7705244
00003454.jpg,0.7480193,0.7886938
00024138.jpg,0.81757724,0.6975764
00000233.jpg,0.85246027,0.8521342
n07849336_20531.jpg,0.8313167,0.9047619
00026109.jpg,0.84806335,0.9755868
00028865.jpg,0.69817966,0.7361972
00019523.jpg,0.7350436,0.7245066
00021207.jpg,0.8227885,0.7254678
00025104.jpg,0.8121315,0.9035226
n09217230_815.jpg,0.6572715,0.5913978
n07806221_24051.jpg,0.7492106,0.84782606
00017510.jpg,0.72960436,0.625019
00016204.jpg,0.84604114,0.7777854
00037703.jpg,0.6853576,0.8230086
00050485.jpg,0.61445224,0.4600226
00029277.jpg,0.665557,0.6113734
00024029.jpg,0.7835757,0.8348502
00019710.jpg,0.60752654,0.5311084
00020878.jpg,0.8099101,0.8840444
00023398.jpg,0.7250528,0.5943858
00050154.jpg,0.7225085,0.677115
00036515.jpg,0.7184113,0.7829108
00017508.jpg,0.65725017,0.7930794
00012978.jpg,0.63641876,0.5999216
00028333.jpg,0.70671916,0.5740476
00022780.jpg,0.8547033,0.9109066
00001683.jpg,0.688502,0.5158432
00030371.jpg,0.890092,0.9013566
00005977.jpg,0.79886997,0.917016
00000903.jpg,0.69378203,0.7526174
c76fd1f8905308f5.jpg,0.72511333,0.8454546
00038699.jpg,0.654124,0.619608
00056721.jpg,0.7073004,0.7264092
00008672.jpg,0.7337549,0.718318
00052420.jpg,0.6869002,0.8465374
00017000.jpg,0.6683627,0.69095
00051429.jpg,0.7847379,0.9443112
00007439.jpg,0.72939,0.7200342
00045321.jpg,0.76794887,0.7508148
000000125979.jpg,0.82685345,0.9009901
00027825.jpg,0.7405762,0.6626208
00049437.jpg,0.94316965,0.9908034
00053421.jpg,0.7536404,0.805204
00035864.jpg,0.63810617,0.6193546
917848db27854b0e.jpg,0.7076694,0.6931818
n09359803_22507.jpg,0.53921413,0.6195652
00054721.jpg,0.77631474,0.8816426
00017810.jpg,0.77314514,0.781053
00047106.jpg,0.69961727,0.736101
00005279.jpg,0.89859766,0.9142062
00022519.jpg,0.7637093,0.8616422
00010283.jpg,0.8820175,0.843842
00019426.jpg,0.7881408,0.842246
00040558.jpg,0.72561336,0.812243
00050681.jpg,0.7319486,0.6824044
00013139.jpg,0.7807866,0.7185556
00034361.jpg,0.6608778,0.5997884
00033570.jpg,0.85634744,0.836307
00035396.jpg,0.5352671,0.639191
n02793495_742.jpg,0.66778666,0.74747473
00043040.jpg,0.6708932,0.8892574
00008230.jpg,0.6252204,0.6695524
00038707.jpg,0.7210061,0.6380736
00001565.jpg,0.67081654,0.6736026
00024446.jpg,0.8538976,0.8437232
00046387.jpg,0.65355337,0.5657604
fad43fb6ac0d9c90.jpg,0.73318374,0.754717
00042651.jpg,0.76534355,0.8411624
00019188.jpg,0.6097085,0.5810236
00056584.jpg,0.8281878,0.8455492
00016780.jpg,0.6552914,0.6886492
000000555782.jpg,0.8023999,0.7078652
00056758.jpg,0.62291634,0.661694
n07838073_10593.jpg,0.810748,0.7586207
00039681.jpg,0.7123058,0.6082726
23b73886e375fa7e.jpg,0.78871584,0.8020833
00047608.jpg,0.784771,0.7641778
00044044.jpg,0.61538005,0.496349
00014465.jpg,0.941519,0.885176
00010459.jpg,0.7304735,0.5167832
00005845.jpg,0.6759656,0.74294
00035803.jpg,0.84058,0.9085932
00018189.jpg,0.62488693,0.7656244
00018637.jpg,0.77520853,0.7690358
00007268.jpg,0.8780987,0.8789596
00007317.jpg,0.5510854,0.5365904
00050172.jpg,0.6982707,0.7247128
00051019.jpg,0.6759368,0.6924082
00052972.jpg,0.8526951,0.8345352
9777cabf78befa26.jpg,0.8322657,0.8452381
00012526.jpg,0.73508424,0.7570488
00042585.jpg,0.764081,0.8340936
00004765.jpg,0.69723713,0.5722282
00017438.jpg,0.82014513,0.8353602
00030883.jpg,0.7752222,0.8031718
00003890.jpg,0.7251824,0.7257096
00037112.jpg,0.72966754,0.7419758
00005375.jpg,0.80422163,0.9420062
00028391.jpg,0.68433535,0.7838448
n02129165_19995.jpg,0.8936883,0.82905984
000000245598.jpg,0.7264214,0.9
00003335.jpg,0.903595,0.93057
sun_aicvecccjhfzcjnt.jpg,0.7202358,0.7625
00037676.jpg,0.72417533,0.5654652
00029485.jpg,0.8032308,0.8343846
00035707.jpg,0.68608356,0.6872222
n03541923_354.jpg,0.7741374,0.73504275
00009426.jpg,0.7339018,0.4972396
00010375.jpg,0.83944446,0.7790992
00037377.jpg,0.690396,0.694944
00045921.jpg,0.6257498,0.6846574
00036147.jpg,0.6224285,0.61865
n02878222_3677.jpg,0.6509095,0.7010309
00050274.jpg,0.7246965,0.587941
00050253.jpg,0.68256307,0.7413222
00047894.jpg,0.8040889,0.8333322
134e7aae3e2561c9.jpg,0.7615538,0.8640777
00016500.jpg,0.77122355,0.84331
00037765.jpg,0.7734753,0.8060766
00008554.jpg,0.77876437,0.786185
n09217230_2449.jpg,0.6795884,0.66964287
00000519.jpg,0.7843907,0.8812022
00056952.jpg,0.7612929,0.8626362
00041011.jpg,0.5926189,0.471483
n02793495_11186.jpg,0.58700585,0.5084746
00011811.jpg,0.5462382,0.6062652
00026632.jpg,0.8406634,0.831349
00020434.jpg,0.7406133,0.6988216
00030217.jpg,0.72782636,0.7627532
00052427.jpg,0.8684495,0.8061796
00014093.jpg,0.7110319,0.5741468
n02118333_10807.jpg,0.82239866,0.83809525
00031246.jpg,0.72519094,0.7932534
00019749.jpg,0.8003821,0.8263982
00002097.jpg,0.76220685,0.7648234
00033527.jpg,0.6937301,0.670176
00042400.jpg,0.8086471,0.680773
00057344.jpg,0.78784984,0.7226634
00050069.jpg,0.77309,0.8833864
00043585.jpg,0.8092203,0.857752
00056296.jpg,0.87783915,0.8640416
00058415.jpg,0.8010575,0.8079542
00009444.jpg,0.8275117,0.7745232
00047478.jpg,0.7092237,0.6947174
00013192.jpg,0.7720108,0.7996808
00016700.jpg,0.697993,0.702023
00019030.jpg,0.70593476,0.6676124
00006946.jpg,0.8242854,0.8723152
00012520.jpg,0.7820609,0.7551446
000000569829.jpg,0.68970346,0.7719298
00042670.jpg,0.751948,0.7150394
855fea0c367153b4.jpg,0.5517235,0.5377358
00012175.jpg,0.7979508,0.8277836
00012886.jpg,0.7187866,0.6386204
00016738.jpg,0.92931485,0.9430108
00011782.jpg,0.7875991,0.8388996
00009829.jpg,0.6879301,0.766482
n03791053_16241.jpg,0.7349472,0.78494626
00010073.jpg,0.8204426,0.874224
00058515.jpg,0.7239909,0.8903992
00001489.jpg,0.8285137,0.8582828
00026563.jpg,0.7059763,0.5657182
7b96be62afaaac4d.jpg,0.6027478,0.79545456
00030875.jpg,0.904533,0.8656232
00046091.jpg,0.83397824,0.8911642
00022224.jpg,0.85106945,0.849283
00002096.jpg,0.7358401,0.8022474
00031661.jpg,0.62041837,0.6355124
00000709.jpg,0.62535465,0.5082042
00049649.jpg,0.7633026,0.6867778
00047565.jpg,0.7443174,0.7438926
00000134.jpg,0.8411247,0.9016692
00024002.jpg,0.8308052,0.8893528
00042490.jpg,0.7572851,0.8078626
00009217.jpg,0.6622745,0.6287246
00053349.jpg,0.8119273,0.8536614
00006703.jpg,0.75632554,0.7522528
42ce0e541e865b81.jpg,0.81645906,0.8411215
00034997.jpg,0.59997493,0.4154834
4e223fa1b1baccb5.jpg,0.6521087,0.6979167
00049603.jpg,0.75415194,0.9006634
00020460.jpg,0.81955165,0.686113
00028503.jpg,0.77539074,0.7539706
00022410.jpg,0.8133801,0.943468
00021392.jpg,0.834965,0.8580446
00006691.jpg,0.5935545,0.5083524
00013793.jpg,0.74726415,0.7244212
00055690.jpg,0.7393084,0.8869448
00020359.jpg,0.62436694,0.544019
00017343.jpg,0.8043441,0.8169048
00029637.jpg,0.77537477,0.7182198
n07693725_1211.jpg,0.8467485,0.84810126
sun_aaacmydfmcozlpel.jpg,0.6806044,0.8076923
00000721.jpg,0.8715205,0.8719596
n07574602_22734.jpg,0.7818042,0.8695652
n09468604_936.jpg,0.54539466,0.5904762
00033364.jpg,0.6736696,0.7470138
00050834.jpg,0.6151875,0.6771154
00048270.jpg,0.6296984,0.6702792
00005776.jpg,0.77406275,0.8152264
d5d2bfbf1d397b5b.jpg,0.69833755,0.7407407
00018148.jpg,0.8537588,0.8102346
00013388.jpg,0.8530856,0.8473708
00012848.jpg,0.8488743,0.9296678
00028802.jpg,0.81551266,0.8173108
00036737.jpg,0.59786665,0.6413474
sun_akldfuxketeyqrcr.jpg,0.56947076,0.3773585
00016742.jpg,0.7206279,0.7972284
00047767.jpg,0.79018795,0.7655688
00048105.jpg,0.83209944,0.7620386
00039868.jpg,0.6864076,0.590604
00000075.jpg,0.64474595,0.613205
00008892.jpg,0.61445326,0.5667602
00044543.jpg,0.7791922,0.7236376
e02ad32855600a57.jpg,0.7951837,0.82978725
00011803.jpg,0.87980056,0.8639178
00046732.jpg,0.77825713,0.8139498
00042456.jpg,0.7087505,0.6241244
00008468.jpg,0.5159445,0.5635548
00031347.jpg,0.70712197,0.6867106
00043094.jpg,0.758677,0.8495378
00016475.jpg,0.83408034,0.8506902
00051906.jpg,0.8309735,0.858567
00056616.jpg,0.6159638,0.5131274
n00468480_9051.jpg,0.7852485,0.74
00053836.jpg,0.7279685,0.8014354
000000075611.jpg,0.7607566,0.77227724
00028227.jpg,0.78254676,0.6680238
000000511343.jpg,0.82244873,0.88297874
00000035.jpg,0.7968163,0.7208564
00045388.jpg,0.5566243,0.571545
00050318.jpg,0.68370867,0.8410098
00045114.jpg,0.7395535,0.8627596
00022710.jpg,0.758387,0.8500796
00002818.jpg,0.7326868,0.8772006
00017769.jpg,0.5956028,0.5858458
00005842.jpg,0.83115757,0.808368
00022433.jpg,0.75345236,0.8190366
00006617.jpg,0.8908738,0.8440562
00058669.jpg,0.86594594,0.8913018
5ffeffc15eb1de28.jpg,0.7050839,0.7019231
000000567057.jpg,0.71616364,0.8181818
00031039.jpg,0.80868137,0.930614
00025341.jpg,0.7774566,0.9093464
000000507969.jpg,0.7337402,0.7291667
00027646.jpg,0.708197,0.7922112
00004767.jpg,0.70547295,0.6567184
00039375.jpg,0.81097525,0.8707068
00035820.jpg,0.8140205,0.8429324
00056564.jpg,0.7697499,0.7847436
00046830.jpg,0.7495687,0.6309068
00022130.jpg,0.7618028,0.7199108
00030667.jpg,0.75713056,0.7150792
00004799.jpg,0.7148411,0.635624
n02834778_2356.jpg,0.78760886,0.91964287
00034660.jpg,0.5683384,0.4531318
00051031.jpg,0.74884486,0.8741864
00054818.jpg,0.4969083,0.7373212
n07583197_6753.jpg,0.837347,0.7669903
00039598.jpg,0.7613871,0.7607624
00011857.jpg,0.63270926,0.6659182
00039849.jpg,0.64951706,0.6332396
00027928.jpg,0.82873845,0.8645378
n04335435_801.jpg,0.6931366,0.8
00012290.jpg,0.79200304,0.7819408
00045572.jpg,0.64809024,0.6660812
00032582.jpg,0.75190634,0.628801
00016087.jpg,0.66027653,0.691954
00011617.jpg,0.6295264,0.513723
00004021.jpg,0.8100773,0.8010276
00044341.jpg,0.73008215,0.5551796
00028606.jpg,0.81663704,0.8938742
3d27c190d43ac211.jpg,0.83557767,0.88505745
00014235.jpg,0.6656989,0.527001
00035310.jpg,0.65505415,0.7244674
00027726.jpg,0.73001724,0.8479076
00057768.jpg,0.74364173,0.7496046
00055119.jpg,0.6048708,0.649328
00026866.jpg,0.8387196,0.6969136
n07880968_553.jpg,0.80483973,0.872093
00034217.jpg,0.67541003,0.7721736
00024089.jpg,0.6673121,0.7143552
b9b8519ad5735ee4.jpg,0.77282536,0.8172043
000000347976.jpg,0.71755755,0.7234042
00024040.jpg,0.8380928,0.8799762
00019468.jpg,0.7475977,0.6640966
00023603.jpg,0.81574976,0.9000478
00052376.jpg,0.6746912,0.768746
00009537.jpg,0.7872836,0.8616492
00019514.jpg,0.84245646,0.849317
00012880.jpg,0.5425316,0.5028148
n03384352_4459.jpg,0.8778038,0.8712871
00011077.jpg,0.76683104,0.7577816
n04465501_6532.jpg,0.7482704,0.77319586
n12345899_6522.jpg,0.73068106,0.8292683
00018787.jpg,0.7595091,0.7788466
00055386.jpg,0.70685315,0.6957028
n03351262_6706.jpg,0.6013415,0.49532712
00036843.jpg,0.7085837,0.7905252
00039045.jpg,0.6817782,0.8287576
00023268.jpg,0.6678781,0.7023808
000000381406.jpg,0.73788536,0.78846157
00036264.jpg,0.57954705,0.5711386
00055894.jpg,0.68885696,0.583959
00023970.jpg,0.88852715,0.9105342
00044520.jpg,0.80202794,0.8958668
00047935.jpg,0.6174612,0.542335
00052518.jpg,0.8501987,0.8647938
00007040.jpg,0.7717984,0.722625
sun_akunqvyxlnqigojo.jpg,0.6777217,0.82608694
n02924116_5979.jpg,0.8163909,0.8913044
00050128.jpg,0.8153608,0.7484584
00018650.jpg,0.7889602,0.8760914
00039221.jpg,0.83535075,0.9520846
00037020.jpg,0.6801099,0.732809
00002432.jpg,0.9028472,0.8733928
00054637.jpg,0.77843916,0.805533
00049852.jpg,0.7540424,0.6920766
00019587.jpg,0.72769016,0.6929768
00037925.jpg,0.5908628,0.5708884
00007555.jpg,0.7075556,0.8627616
00021949.jpg,0.7257347,0.7044592
00021515.jpg,0.88161564,0.8547538
00048305.jpg,0.6980241,0.7816216
00027734.jpg,0.7412447,0.8316558
00029870.jpg,0.8079238,0.7749844
00022715.jpg,0.7732309,0.7440424
00032502.jpg,0.7942003,0.7940458
00049346.jpg,0.8090603,0.8646736
00020727.jpg,0.6936634,0.68901
00005584.jpg,0.7805774,0.877504
00015357.jpg,0.8317519,0.8592658
00046219.jpg,0.81716317,0.6226816
00046951.jpg,0.75471115,0.7900166
n02834778_8932.jpg,0.65534294,0.8118812
00025101.jpg,0.79338706,0.8091938
00057414.jpg,0.7391485,0.7930744
00008653.jpg,0.6732346,0.7069186
00023039.jpg,0.6889242,0.7695566
n02878222_32269.jpg,0.6722548,0.5308642
00055006.jpg,0.6624215,0.7491246
00038846.jpg,0.68312407,0.5590818
00024052.jpg,0.73390687,0.681973
00042902.jpg,0.78849363,0.6977844
003c2b6816ba9d22.jpg,0.790074,0.88095236
00010630.jpg,0.7557787,0.695098
00013034.jpg,0.85461015,0.8942362
00054572.jpg,0.8459573,0.9291314
00050889.jpg,0.78610784,0.8304546
00003777.jpg,0.605075,0.6262022
00041042.jpg,0.7405953,0.8039104
00049198.jpg,0.7449999,0.818457
00046143.jpg,0.8258995,0.8385866
00009515.jpg,0.7918872,0.7949154
00046040.jpg,0.6506935,0.6499612
00040916.jpg,0.67729354,0.5372844
00016583.jpg,0.6217744,0.5811422
00033460.jpg,0.8421426,0.739292
00016725.jpg,0.89635265,0.8481122
n07717556_2777.jpg,0.84953237,0.96330273
00009336.jpg,0.6438814,0.710411
sun_amplwdrwrticntps.jpg,0.66234946,0.65486723
00053941.jpg,0.8178792,0.8860604
00010157.jpg,0.79434013,0.7805548
00008870.jpg,0.8588467,0.7736508
00008319.jpg,0.80329704,0.8734918
00036102.jpg,0.5607823,0.4315762
00006595.jpg,0.60613894,0.735137
00005889.jpg,0.644726,0.606808
00038903.jpg,0.75883234,0.8210422
00054125.jpg,0.8805691,0.6976552
00057724.jpg,0.8801044,0.8653712
n12345899_5116.jpg,0.6309141,0.6292135
00029213.jpg,0.6818149,0.6692914
00045929.jpg,0.79489756,0.7157662
000000449985.jpg,0.783064,0.71910113
00011213.jpg,0.7403434,0.7763786
00058528.jpg,0.73591495,0.7603634
00057649.jpg,0.6119147,0.5789878
00020866.jpg,0.8404461,0.847292
n07693725_529.jpg,0.88625157,0.8487395
00052411.jpg,0.81329536,0.9386888
00050853.jpg,0.78594947,0.8009764
00022115.jpg,0.85431385,0.8748358
00043120.jpg,0.7189784,0.7786796
00026646.jpg,0.80739766,0.9282844
00035465.jpg,0.7665472,0.8179922
00055115.jpg,0.8312924,0.8117774
000000313278.jpg,0.8128836,0.8211382
00030653.jpg,0.7606836,0.8061994
00046261.jpg,0.83661795,0.8044764
00041924.jpg,0.70031697,0.636465
00000177.jpg,0.67513907,0.5797944
00044437.jpg,0.8043596,0.7909762
00035953.jpg,0.6100279,0.5006112
00043737.jpg,0.765102,0.9120012
00000976.jpg,0.7065809,0.7272956
n02129165_288.jpg,0.8276937,0.75454545
n02793495_4687.jpg,0.7096055,0.80487806
00013131.jpg,0.8146422,0.8730636
00031635.jpg,0.7935469,0.8241692
00016095.jpg,0.73085326,0.6073526
n07849336_21355.jpg,0.8183371,0.7980769
00031580.jpg,0.75699043,0.7599542
00016256.jpg,0.72303754,0.7944546
00040192.jpg,0.6349013,0.6565638
00055168.jpg,0.81764746,0.7438656
n07717556_3502.jpg,0.86983,0.96875
00004670.jpg,0.8558525,0.9534724
000000243214.jpg,0.7773218,0.8072289
00053009.jpg,0.7297478,0.747615
00002049.jpg,0.7564672,0.8820442
00017550.jpg,0.57163274,0.4061428
00035428.jpg,0.6310266,0.5067354
00054273.jpg,0.6640984,0.7017694
00023750.jpg,0.8182703,0.7621264
00042213.jpg,0.75907826,0.7105598
00054136.jpg,0.66703314,0.6959588
00043379.jpg,0.7118927,0.7698614
00034519.jpg,0.6536446,0.4321872
00028315.jpg,0.77247345,0.7768858
00008401.jpg,0.5649657,0.6011692
00030531.jpg,0.6456617,0.9010244
00054730.jpg,0.7957884,0.9059958
00003322.jpg,0.7386632,0.6992244
00000557.jpg,0.5871168,0.4995332
00029525.jpg,0.7817832,0.6663826
00048647.jpg,0.6404102,0.7175688
00040098.jpg,0.7468935,0.8326662
00046950.jpg,0.69404835,0.8598882
00035487.jpg,0.71786726,0.6973418
00002742.jpg,0.5475765,0.6113204
00053565.jpg,0.8641001,0.8685884
00006255.jpg,0.8080428,0.861296
000000321705.jpg,0.6679213,0.67
000000334751.jpg,0.7749392,0.9279279
00019071.jpg,0.7838701,0.925665
00014250.jpg,0.75522345,0.7275
00058122.jpg,0.8756036,0.9274086
00037345.jpg,0.6460376,0.6268636
00026274.jpg,0.88049376,0.8843786
00051275.jpg,0.8530631,0.8638674
00011462.jpg,0.72799516,0.605526
00006201.jpg,0.7376187,0.8237764
00022201.jpg,0.73915535,0.728135
00057048.jpg,0.8199097,0.8389672
sun_axbsstrjsiduwndr.jpg,0.54158205,0.59183675
00001951.jpg,0.7163694,0.7165232
00047736.jpg,0.72104734,0.695105
00003015.jpg,0.7544089,0.8188106
00050948.jpg,0.8164767,0.8237642
00033309.jpg,0.71580565,0.7366846
n02118333_4155.jpg,0.8571832,0.8372093
00036315.jpg,0.6571265,0.526235
sun_avcgkqxmtdeapzum.jpg,0.60998446,0.47916666
n07583197_5088.jpg,0.81522024,0.79347825
00007325.jpg,0.8183746,0.93212
00030755.jpg,0.7289561,0.7566582
00000096.jpg,0.69955134,0.5780406
00024028.jpg,0.9046949,0.9055734
7c718f850fba4d2f.jpg,0.72831166,0.70666665
00026704.jpg,0.6599474,0.7798062
00037963.jpg,0.6053214,0.4690828
sun_bxelgxxcofiqeurd.jpg,0.616709,0.6530612
n03384352_2517.jpg,0.6369523,0.47826087
00039306.jpg,0.8061427,0.8563184
00001411.jpg,0.56176794,0.6264724
00020574.jpg,0.6791328,0.8331254
n04610013_1854.jpg,0.6371359,0.7473684
00011071.jpg,0.74039096,0.825731
00038061.jpg,0.64822,0.692046
00026311.jpg,0.67705715,0.6815548
00048751.jpg,0.77251375,0.7573368
00003928.jpg,0.789538,0.7356692
00042718.jpg,0.7740014,0.7329576
00010827.jpg,0.78784376,0.794763
00049587.jpg,0.8015139,0.8221646
00012364.jpg,0.7211026,0.6555642
00018461.jpg,0.8518604,0.931926
00002234.jpg,0.81812066,0.794077
n09468604_51684.jpg,0.5444967,0.5670103
00022696.jpg,0.71651137,0.618125
00001141.jpg,0.6667441,0.6844864
00014185.jpg,0.8779896,0.850031
00007024.jpg,0.75895095,0.8627868
00014726.jpg,0.74665684,0.8067274
00033743.jpg,0.64044845,0.7430574
4f00fa5d6b6671bd.jpg,0.7195749,0.60952383
00020327.jpg,0.77914727,0.8640344
00014579.jpg,0.80324054,0.8938188
00047347.jpg,0.6735282,0.673987
00040475.jpg,0.6819539,0.8063386
00032177.jpg,0.68312716,0.711091
00031456.jpg,0.7838907,0.7388128
00043974.jpg,0.8265849,0.8461636
00024710.jpg,0.76466,0.7708142
00046467.jpg,0.83106846,0.9375716
00043597.jpg,0.72191596,0.662778
00015740.jpg,0.6010996,0.7220138
n00480993_9486.jpg,0.8107005,0.79591835
n03670208_1333.jpg,0.8272619,0.83505154
00002979.jpg,0.73716354,0.7250628
00007201.jpg,0.7831419,0.753194
n03512147_1408.jpg,0.6940367,0.75757575
00025258.jpg,0.71359175,0.8102604
00052039.jpg,0.60324395,0.5576896
00045686.jpg,0.7930184,0.6603056
00052227.jpg,0.74521405,0.7949844
00004748.jpg,0.73408145,0.6937612
000000559218.jpg,0.8367591,0.85057473
00054868.jpg,0.7160727,0.7969068
00019493.jpg,0.74844706,0.8664036
00037193.jpg,0.7982908,0.8820674
00014949.jpg,0.8077835,0.8184088
00037797.jpg,0.7191383,0.8368802
00021467.jpg,0.72555727,0.7677164
2a1a0353c7dab0e1.jpg,0.8031472,0.74
00009485.jpg,0.8586868,0.9028814
00031953.jpg,0.7994572,0.802499
00003887.jpg,0.6363643,0.6666268
00045231.jpg,0.74581504,0.6822882
00057500.jpg,0.82229173,0.8631916
00006689.jpg,0.67929643,0.6360394
00033118.jpg,0.8027369,0.9097594
00042733.jpg,0.7502118,0.624646
00007269.jpg,0.8356005,0.6936054
00040688.jpg,0.6651272,0.71464
00027701.jpg,0.7451596,0.8453856
256f1eeaf5cb433c.jpg,0.735113,0.8148148
n07693725_12947.jpg,0.8625007,0.8640777
00000758.jpg,0.7351684,0.7070674
00040620.jpg,0.76757616,0.7975834
00058245.jpg,0.8344779,0.866314
00014720.jpg,0.8404391,0.8552314
00022443.jpg,0.73337775,0.5973904
00056522.jpg,0.69200206,0.6086186
00057323.jpg,0.7487079,0.8077224
00043459.jpg,0.6005721,0.607738
00057035.jpg,0.57690114,0.6386902
00048812.jpg,0.7603384,0.7722448
00020202.jpg,0.73424983,0.906678
n09415671_8779.jpg,0.5570848,0.33653846
00019675.jpg,0.7835376,0.787918
00052725.jpg,0.7581451,0.8492108
00038609.jpg,0.7961688,0.834304
00008548.jpg,0.73313034,0.8057656
00023766.jpg,0.7633698,0.7060352
000000272008.jpg,0.83494586,0.8737864
00046909.jpg,0.6610596,0.6077656
00051771.jpg,0.86003715,0.9013528
00057534.jpg,0.6937834,0.6436026
00053743.jpg,0.5876031,0.6630812
00007624.jpg,0.79601437,0.819962
00055060.jpg,0.7653841,0.8484828
00007332.jpg,0.9388374,0.759944
000000118644.jpg,0.7483521,0.86585367
a8d279d6988cfc0c.jpg,0.7142449,0.68686867
00004226.jpg,0.62960815,0.5169558
00037790.jpg,0.6593261,0.6766192
00019397.jpg,0.7109431,0.7606962
00044039.jpg,0.78259075,0.8152876
00058337.jpg,0.76723975,0.8150402
00045776.jpg,0.6120653,0.8573556
00006110.jpg,0.6382093,0.7209814
00008689.jpg,0.80470335,0.8435462
00033662.jpg,0.53739005,0.4999734
00000607.jpg,0.8662866,0.8250214
00024550.jpg,0.76519847,0.7443642
00035022.jpg,0.58675337,0.7623932
00055860.jpg,0.7472222,0.820566
00011735.jpg,0.7110447,0.741455
00002078.jpg,0.7884417,0.8802922
00001019.jpg,0.8129049,0.8973946
n07679356_31660.jpg,0.8577347,0.9108911
00058368.jpg,0.70830935,0.5762064
00058614.jpg,0.6608887,0.8400724
00018950.jpg,0.7167548,0.8493302
00014841.jpg,0.74550366,0.6106078
00018725.jpg,0.58410496,0.6081984
00034017.jpg,0.6991307,0.7306204
00023488.jpg,0.6756228,0.7257224
00050866.jpg,0.69143724,0.773997
00014327.jpg,0.73692405,0.7206932
00047477.jpg,0.85864043,0.8365108
00021175.jpg,0.79080653,0.7627994
n09270735_51499.jpg,0.6783004,0.78125
00026349.jpg,0.81166273,0.9066428
00002949.jpg,0.677797,0.7216256
00023836.jpg,0.5468575,0.6074734
00029527.jpg,0.7166239,0.7839838
00040804.jpg,0.8271384,0.7468324
n00440941_9647.jpg,0.6560737,0.64044946
00020372.jpg,0.67187214,0.721059
00015210.jpg,0.8484396,0.8132646
00036596.jpg,0.6753013,0.607998
00003164.jpg,0.66425955,0.6004012
00040765.jpg,0.7027646,0.7029042
00049269.jpg,0.6224644,0.7644878
00021520.jpg,0.83895904,0.8964498
00028926.jpg,0.77524555,0.7746904
00048004.jpg,0.6095182,0.7177244
00047280.jpg,0.764296,0.8075548
00043684.jpg,0.76069653,0.7023538
00055081.jpg,0.75808305,0.8646396
n03670208_3695.jpg,0.7935233,0.84444445
00011773.jpg,0.6793835,0.6538556
00050270.jpg,0.864956,0.878361
00034579.jpg,0.73818016,0.7209578
00050650.jpg,0.79213536,0.870678
00013919.jpg,0.74833465,0.8436754
00057143.jpg,0.73368275,0.9334152
00020594.jpg,0.74036396,0.7151522
00027514.jpg,0.6722876,0.742736
00027887.jpg,0.82198524,0.9496596
00014056.jpg,0.68717855,0.6775154
00013567.jpg,0.7921181,0.8081242
00041619.jpg,0.65520567,0.7284532
00028786.jpg,0.6099208,0.6794146
n01791625_644.jpg,0.7923415,0.7425743
00024834.jpg,0.8522048,0.8097326
00012095.jpg,0.77748823,0.7947834
00045064.jpg,0.59495246,0.6805058
00028023.jpg,0.64057016,0.791889
00046485.jpg,0.80832946,0.8801214
n03541923_2848.jpg,0.83244467,0.8761905
00050700.jpg,0.6914314,0.697201
00019870.jpg,0.71945715,0.5506934
n07654148_16882.jpg,0.7540833,0.8
00043134.jpg,0.8658936,0.8970898
00005660.jpg,0.7791058,0.8234434
00019961.jpg,0.87711537,0.9697184
00002331.jpg,0.7994715,0.8400762
00027237.jpg,0.7534733,0.8098894
00019062.jpg,0.8342935,0.932223
00038769.jpg,0.76175195,0.762048
00024882.jpg,0.8706343,0.8657436
00006793.jpg,0.8673127,0.866439
00034754.jpg,0.5918818,0.5680382
00016770.jpg,0.70727146,0.6460966
000000575325.jpg,0.7862984,0.73
00024842.jpg,0.87017304,0.9145922
00037083.jpg,0.62648064,0.6597908
00046595.jpg,0.6298331,0.6622404
00023225.jpg,0.7838649,0.9055966
00020731.jpg,0.6138852,0.4813428
00034876.jpg,0.6057662,0.5291146
00048309.jpg,0.57856274,0.6487476
00058592.jpg,0.8270775,0.8247506
00047123.jpg,0.6006398,0.701865
sun_apgmmjuifvxsrbuz.jpg,0.71318555,0.71304345
00046761.jpg,0.62209404,0.7171554
00056390.jpg,0.6034918,0.5050256
00044242.jpg,0.85118854,0.9584946
000000422341.jpg,0.8511657,0.86206895
00025470.jpg,0.65308785,0.4880116
00011175.jpg,0.6538772,0.8095466
00054413.jpg,0.7385095,0.7802596
00028705.jpg,0.6802245,0.729734
00050750.jpg,0.7688082,0.7048592
00052849.jpg,0.7137784,0.9190818
00045714.jpg,0.66882235,0.7495318
00054882.jpg,0.785799,0.8780626
00022325.jpg,0.6450844,0.7957384
00036566.jpg,0.7537903,0.736942
00023917.jpg,0.69331664,0.548611
00023887.jpg,0.8503288,0.80426
n03791053_8058.jpg,0.7482555,0.7478992
00039809.jpg,0.59720075,0.5964444
2fd91d447d744038.jpg,0.7950706,0.83809525
00015589.jpg,0.78774846,0.798883
00058214.jpg,0.76911265,0.6356838
00038273.jpg,0.8265983,0.7248662
00030021.jpg,0.5389272,0.46492
00030007.jpg,0.76250136,0.8896702
00029519.jpg,0.68035454,0.7915732
00011238.jpg,0.76272416,0.8360248
00001172.jpg,0.9038199,0.8887288
00045496.jpg,0.7757368,0.6931522
n03791053_20338.jpg,0.83599985,0.7830189
n02932891_17508.jpg,0.64301497,0.42424244
00038189.jpg,0.58625656,0.4075362
n00445351_6286.jpg,0.8666018,0.84158415
00026578.jpg,0.9121341,0.8288714
00000013.jpg,0.8687149,0.9289498
n03512147_57.jpg,0.80033815,0.79347825
00010872.jpg,0.7896755,0.7962714
00031320.jpg,0.80066967,0.7377852
00005494.jpg,0.6868126,0.6905116
00017310.jpg,0.90944815,0.911574
00047200.jpg,0.65408736,0.7427566
00057185.jpg,0.7855414,0.938804
00042572.jpg,0.73231447,0.7603428
00011305.jpg,0.8013935,0.9539632
00044586.jpg,0.72211057,0.7328594
00011038.jpg,0.8746813,0.8657276
00034490.jpg,0.6175341,0.5045302
00041435.jpg,0.7694974,0.9065044
00006509.jpg,0.5916257,0.4934334
00042916.jpg,0.690944,0.7968398
n09393605_60351.jpg,0.64049375,0.625
n07806221_25416.jpg,0.79891133,0.78125
00041657.jpg,0.81223166,0.8020284
00039495.jpg,0.69972646,0.6865312
00039700.jpg,0.86708045,0.8547728
00002223.jpg,0.8392269,0.8506278
00044980.jpg,0.69840264,0.6526592
00006418.jpg,0.7039231,0.8103842
00013846.jpg,0.6814992,0.6896342
00052050.jpg,0.71360874,0.6066742
00021688.jpg,0.81212246,0.851945
00032886.jpg,0.8199506,0.8373686
00005330.jpg,0.8887718,0.910804
00003447.jpg,0.7922586,0.7899884
00022008.jpg,0.7281822,0.6381358
00008921.jpg,0.7305654,0.7372172
00038814.jpg,0.7145316,0.6884418
00053827.jpg,0.73680866,0.7254636
00031969.jpg,0.7852747,0.7327522
00033639.jpg,0.84821725,0.7353944
00047052.jpg,0.70460504,0.6956358
n02932891_3734.jpg,0.6281807,0.8
n07717556_5738.jpg,0.80353415,0.7478261
00055125.jpg,0.72645,0.6432456
00054320.jpg,0.7651913,0.899371
00056187.jpg,0.77883637,0.7908162
00a72fa141918070.jpg,0.57233423,0.60465115
00003757.jpg,0.67893696,0.7564744
00041277.jpg,0.67872846,0.5728092
00008734.jpg,0.73449445,0.6192116
00029622.jpg,0.83219945,0.9208914
00041250.jpg,0.7019783,0.7222068
00020517.jpg,0.9000803,0.9624028
00018848.jpg,0.8112464,0.8280734
00017478.jpg,0.65750253,0.6948668
00016187.jpg,0.7523038,0.8447428
00039047.jpg,0.6874766,0.7190776
00018686.jpg,0.8355043,0.8831434
00016831.jpg,0.72737557,0.7160486
d24a3c9f1ee2c89f.jpg,0.5616599,0.4245283
00035797.jpg,0.7584007,0.8379882
00054339.jpg,0.81428623,0.9099782
7f3847662c324790.jpg,0.66982174,0.6730769
00011762.jpg,0.73976934,0.9032858
00030440.jpg,0.8354819,0.7653354
000000200611.jpg,0.73572487,0.8113208
00036361.jpg,0.6211274,0.7067902
00036074.jpg,0.68000567,0.7854762
00034989.jpg,0.73101616,0.6737324
00000693.jpg,0.742347,0.6503364
00014062.jpg,0.72207916,0.7216414
00037985.jpg,0.6716125,0.6599498
n07863374_16163.jpg,0.76562333,0.7708333
n09308572_6103.jpg,0.6301763,0.81914896
00017549.jpg,0.5256425,0.7614418
00041798.jpg,0.8437595,0.8684874
000000134098.jpg,0.6986208,0.76086956
00026966.jpg,0.7498931,0.8836256
00004557.jpg,0.82242805,0.8272388
00024159.jpg,0.69045347,0.673441
00008662.jpg,0.86756206,0.7576364
00037945.jpg,0.7521962,0.7433808
000000297204.jpg,0.7757757,0.8020833
n04467665_3211.jpg,0.775375,0.83870965
00010411.jpg,0.7679211,0.866428
00024205.jpg,0.5585085,0.5773146
00006395.jpg,0.6611968,0.6573552
n07806221_25666.jpg,0.76045024,0.7281553
6c27f89d9081572e.jpg,0.73788357,0.8817204
000000073889.jpg,0.76400197,0.7777778
00010836.jpg,0.8469601,0.873604
00043362.jpg,0.73587996,0.737946
00054766.jpg,0.8022858,0.7803848
86049248026e7f64.jpg,0.7723585,0.6185567
00053254.jpg,0.8080339,0.9288212
00050924.jpg,0.82776827,0.7658654
00048354.jpg,0.67883945,0.8623246
00026119.jpg,0.72474587,0.670038
000000129843.jpg,0.8157997,0.8761905
00009759.jpg,0.81270957,0.9116116
00048835.jpg,0.72315735,0.725125
00000461.jpg,0.81990755,0.9293828
00000741.jpg,0.847644,0.7714524
00030841.jpg,0.73203856,0.7057822
00057313.jpg,0.7407719,0.7665048
00028899.jpg,0.6734761,0.6931814
00023415.jpg,0.7390252,0.901434
00025376.jpg,0.7991012,0.8563124
00012519.jpg,0.75635946,0.5752542
00035572.jpg,0.6363523,0.6501706
sun_bxnhrgjqjqemdrij.jpg,0.65213305,0.6442308
2bdefa6c6b45b495.jpg,0.6897063,0.6666667
00019576.jpg,0.67767215,0.7119478
000000344174.jpg,0.7177559,0.8
00039870.jpg,0.64363056,0.7843848
00040723.jpg,0.7117701,0.5893688
00028164.jpg,0.87697697,0.9146556
00040465.jpg,0.7367053,0.8335222
00044435.jpg,0.6301791,0.5071796
00051500.jpg,0.82016754,0.8328312
00037039.jpg,0.6278993,0.5986376
00047010.jpg,0.80778265,0.9086996
00019807.jpg,0.7884609,0.8848216
00019945.jpg,0.6877255,0.6348588
00010500.jpg,0.55144477,0.5871486
00041666.jpg,0.8325081,0.7545668
00039496.jpg,0.800483,0.7990722
00001793.jpg,0.6547328,0.8619742
n07696839_12607.jpg,0.79067725,0.8773585
00002351.jpg,0.7410248,0.6577994
00044743.jpg,0.71397614,0.577942
00025526.jpg,0.7964186,0.835993
00023259.jpg,0.8117074,0.8656816
00017775.jpg,0.8126713,0.8818702
00011163.jpg,0.77079237,0.6941192
000000324616.jpg,0.7962335,0.8584906
00047786.jpg,0.5170951,0.6614366
00024682.jpg,0.875423,0.870097
00011643.jpg,0.7258525,0.5400252
00004501.jpg,0.8452555,0.8778912
00017987.jpg,0.7941164,0.8774652
00032935.jpg,0.8701438,0.9047924
00036270.jpg,0.710737,0.7244166
00040584.jpg,0.75981754,0.7980862
00043582.jpg,0.7490878,0.740447
00003208.jpg,0.78651,0.8019176
00017733.jpg,0.74580956,0.7965462
00018784.jpg,0.80896205,0.8724782
n07850329_22044.jpg,0.7415228,0.8761062
00033620.jpg,0.71385306,0.6180494
00055046.jpg,0.5632415,0.592586
00053887.jpg,0.52879727,0.7461182
00033704.jpg,0.81134826,0.8754888
00042357.jpg,0.65402913,0.5927038
00010062.jpg,0.87166643,0.8662444
00021160.jpg,0.84741,0.9219748
00049801.jpg,0.75407517,0.8120312
00013417.jpg,0.6446214,0.5480752
00040816.jpg,0.7377212,0.8064718
00013280.jpg,0.8207134,0.6644414
00023599.jpg,0.82268465,0.8188628
00056119.jpg,0.73100424,0.8025772
00033566.jpg,0.66269994,0.6854914
e4b5ee5bc612257f.jpg,0.7018937,0.7047619
00010376.jpg,0.8038196,0.8711076
00049423.jpg,0.7082622,0.633023
00009325.jpg,0.8921307,0.7469826
00044034.jpg,0.7346809,0.7833804
00043410.jpg,0.68643296,0.6795882
00011831.jpg,0.62261283,0.6622084
00016411.jpg,0.726591,0.746368
00006073.jpg,0.80745614,0.8670986
00035321.jpg,0.78322184,0.9018188
00052310.jpg,0.84263396,0.841909
00046840.jpg,0.7092641,0.700009
00038398.jpg,0.70373905,0.6193208
00032184.jpg,0.86004955,0.811056
00011006.jpg,0.7727142,0.7562772
00030127.jpg,0.6984829,0.906052
n02878222_15173.jpg,0.6580396,0.6728972
00036367.jpg,0.70386404,0.8032218
00024477.jpg,0.6246973,0.7518438
2d8e0ed06405b1d9.jpg,0.7281409,0.57731956
00000346.jpg,0.8424705,0.8245306
00024115.jpg,0.7124096,0.6903364
00049589.jpg,0.70235705,0.7780116
00058343.jpg,0.8450358,0.9231546
00035871.jpg,0.54155356,0.5137274
00047534.jpg,0.7071786,0.7319952
00026839.jpg,0.6625894,0.7278554
00039406.jpg,0.63596076,0.6796454
00010637.jpg,0.7202508,0.7240806
00053097.jpg,0.8391597,0.875886
24073df6a9c58c6b.jpg,0.77340984,0.8969072
00032667.jpg,0.8465217,0.7940964
00023523.jpg,0.8628193,0.8596932
00013555.jpg,0.70448136,0.6933712
00037555.jpg,0.6623937,0.7585608
00000974.jpg,0.5971266,0.6122246
00012918.jpg,0.82261026,0.8911584
00002471.jpg,0.7141361,0.6403932
00036243.jpg,0.57942116,0.5895284
00018655.jpg,0.7323649,0.8355406
00030888.jpg,0.736768,0.842184
00022561.jpg,0.8147391,0.8510608
00018939.jpg,0.6126642,0.539167
00021538.jpg,0.76407254,0.8393242
00019727.jpg,0.657365,0.575069
00014161.jpg,0.71811503,0.7290738
00010977.jpg,0.75128454,0.7861796
00008414.jpg,0.6603015,0.7282452
00056065.jpg,0.78877354,0.8321074
00029593.jpg,0.6405555,0.7530158
82b0bd6fbadf3ec9.jpg,0.61364645,0.42608696
00004935.jpg,0.68343294,0.6928764
00022735.jpg,0.77405715,0.8668852
00049477.jpg,0.8210677,0.8397906
00032549.jpg,0.8265857,0.8092838
00043243.jpg,0.5896889,0.7605974
00025004.jpg,0.6887009,0.6556216
00005774.jpg,0.5900864,0.6371626
n01846331_1947.jpg,0.8065382,0.74766356
00042955.jpg,0.64848053,0.6380076
00028361.jpg,0.7865084,0.8102142
00058202.jpg,0.7255292,0.7562574
00010044.jpg,0.7655055,0.7659604
n04467665_3561.jpg,0.72007537,0.71428573
00028188.jpg,0.7267367,0.8171538
00019087.jpg,0.7333132,0.685578
00022825.jpg,0.6943486,0.5759156
n03541923_647.jpg,0.85039485,0.75454545
000000512459.jpg,0.7814305,0.8217822
00034322.jpg,0.77036476,0.6991706
00034652.jpg,0.63419914,0.7602374
00025784.jpg,0.7351326,0.7408222
00008711.jpg,0.5766685,0.5290612
00052566.jpg,0.83005154,0.7717596
00023397.jpg,0.7850611,0.8878572
00049958.jpg,0.6097355,0.6627322
00057864.jpg,0.77490103,0.7031592
n01846331_3060.jpg,0.83516955,0.94623655
00018296.jpg,0.8050916,0.8272528
00017025.jpg,0.91857517,0.9087648
00006820.jpg,0.83254683,0.9120868
00041746.jpg,0.5929248,0.6535362
00051837.jpg,0.81279945,0.7913198
00053395.jpg,0.73094386,0.5766864
00034871.jpg,0.6235474,0.592956
00004847.jpg,0.6584942,0.7718094
00047829.jpg,0.7303297,0.640451
00042392.jpg,0.742772,0.8376672
00033236.jpg,0.74437904,0.7730418
00029942.jpg,0.8219812,0.731897
n04166281_388.jpg,0.7811167,0.79
00037739.jpg,0.801849,0.8544022
00031040.jpg,0.7057954,0.69696
n07849336_25344.jpg,0.7977919,0.7479675
00039189.jpg,0.8124056,0.8008136
n04467665_1430.jpg,0.7279188,0.64044946
00014725.jpg,0.6522187,0.7260156
00039686.jpg,0.7022146,0.6722842
00048960.jpg,0.8186815,0.919512
00046697.jpg,0.7161246,0.7659032
n03351262_1099.jpg,0.7045021,0.69902915
n07697537_5690.jpg,0.8122337,0.9405941
00054802.jpg,0.7427298,0.6820286
d1b90f07c19a5085.jpg,0.8194665,0.96629214
00046001.jpg,0.63776535,0.6837462
00055493.jpg,0.79647875,0.866879
00032405.jpg,0.67965066,0.8600472
00053713.jpg,0.874547,0.8901664
n07574602_27068.jpg,0.7831948,0.8130841
00051978.jpg,0.7250707,0.673495
00010407.jpg,0.7658716,0.8481192
00012020.jpg,0.7300425,0.5886868
00027082.jpg,0.5765093,0.469183
00047349.jpg,0.7500635,0.6106858
00014661.jpg,0.73963714,0.7299502
00036299.jpg,0.72722375,0.6699484
00032018.jpg,0.7451449,0.7535714
00025061.jpg,0.7781243,0.8963262
00031876.jpg,0.6439428,0.6678484
00041184.jpg,0.7576589,0.7089194
00027515.jpg,0.7770218,0.769061
00025381.jpg,0.7241851,0.6570434
00010603.jpg,0.78879946,0.8060384
00012639.jpg,0.7459727,0.728788
00025184.jpg,0.8285631,0.8039948
00050670.jpg,0.85535944,0.88111
00035187.jpg,0.75970364,0.7534256
00058655.jpg,0.6228209,0.7191344
00036375.jpg,0.59686786,0.7192766
00029392.jpg,0.62246704,0.5576178
00013217.jpg,0.81068546,0.8637836
00021420.jpg,0.5893387,0.4701654
00016117.jpg,0.85859,0.8153604
00048456.jpg,0.7472452,0.692619
00012902.jpg,0.7766986,0.772595
00014213.jpg,0.90045655,0.8582582
00008723.jpg,0.83395416,0.89043
00020087.jpg,0.79576254,0.768077
00006590.jpg,0.68833685,0.7882908
n00440941_10100.jpg,0.6843114,0.80582523
7a3d6af7f97fa846.jpg,0.7583207,0.7912088
00034469.jpg,0.75657576,0.5899302
00010672.jpg,0.5451372,0.5541308
00053201.jpg,0.69965607,0.6944252
00048554.jpg,0.80307615,0.8449952
00052033.jpg,0.812677,0.7911724
00015978.jpg,0.53251946,0.5639776
00029625.jpg,0.8230112,0.8034968
00028861.jpg,0.73097557,0.850839
00012068.jpg,0.72041637,0.7663538
00054786.jpg,0.79548466,0.8121932
00023474.jpg,0.6758373,0.759022
00005540.jpg,0.70499074,0.7896698
00012404.jpg,0.79153854,0.8815498
00048502.jpg,0.69485676,0.548917
sun_aoyxvextaeonmyll.jpg,0.59167093,0.38235295
00041704.jpg,0.7939085,0.9060726
00011988.jpg,0.79453135,0.906061
00004281.jpg,0.80227244,0.8858058
00055702.jpg,0.7732018,0.956125
00049721.jpg,0.7649058,0.7335736
00030872.jpg,0.79546916,0.7991572
sun_ampjnwubvqspkvul.jpg,0.599416,0.47474748
00034734.jpg,0.7463724,0.8402748
00020726.jpg,0.75371206,0.83926
00001398.jpg,0.8613138,0.841369
00050669.jpg,0.69506276,0.8784906
00048439.jpg,0.79252124,0.7376828
n04467665_5266.jpg,0.68431675,0.6320755
00057430.jpg,0.77074295,0.753917
00010781.jpg,0.7836228,0.776681
00011837.jpg,0.78404534,0.6584606
00008392.jpg,0.77587795,0.821908
00051217.jpg,0.6538178,0.7644798
00018348.jpg,0.8201121,0.9129926
00056344.jpg,0.65958226,0.8719262
00013953.jpg,0.72615975,0.8177482
00045143.jpg,0.7853895,0.7218346
00052193.jpg,0.6561508,0.731091
00022602.jpg,0.71094173,0.7116896
59f63a830a92100f.jpg,0.9111508,0.9622642
00053636.jpg,0.69832295,0.6853112
00043895.jpg,0.715081,0.6960838
2dd9378cf8e0c8ad.jpg,0.7778198,0.8910891
n07717556_156.jpg,0.8562715,0.8761905
00026469.jpg,0.7358451,0.6627488
00011614.jpg,0.6668581,0.647202
00025005.jpg,0.63850623,0.6186326
00006783.jpg,0.80516744,0.7372102
00030623.jpg,0.7641675,0.7853412
00051724.jpg,0.80187505,0.8113714
00005950.jpg,0.90434015,0.9236368
00011050.jpg,0.8065975,0.7212698
00013753.jpg,0.89433515,0.913572
00018583.jpg,0.8040721,0.8304144
00038272.jpg,0.59808743,0.5594798
000000323585.jpg,0.7942842,0.7614679
00020396.jpg,0.8421612,0.9228314
00037906.jpg,0.7232851,0.7012302
00042432.jpg,0.6207971,0.7016318
00001085.jpg,0.81029856,0.8488924
00033864.jpg,0.6957634,0.7834834
00012345.jpg,0.8018184,0.7151866
00031373.jpg,0.77871144,0.8106414
00051502.jpg,0.8860107,0.941541
00032993.jpg,0.8500354,0.8779436
00053204.jpg,0.81843495,0.9097726
00054844.jpg,0.8394737,0.7952548
00030985.jpg,0.8226144,0.9171428
00053658.jpg,0.86578697,0.9237318
00013063.jpg,0.7267812,0.6370678
00036067.jpg,0.6791438,0.6409054
00014604.jpg,0.7475221,0.7853362
00004306.jpg,0.7948287,0.7691942
00052366.jpg,0.82921076,0.8514584
00038733.jpg,0.723246,0.6533754
000000144157.jpg,0.7690445,0.8909091
00016261.jpg,0.6030067,0.5874608
00016392.jpg,0.67597556,0.706302
000000567065.jpg,0.7047142,0.7282609
00002366.jpg,0.6347857,0.7020388
00002648.jpg,0.7308716,0.8790352
n07654148_22977.jpg,0.78707063,0.7625
00015598.jpg,0.7846955,0.7747488
00055096.jpg,0.91488385,0.9700736
000000349777.jpg,0.8365385,0.9032258
00058724.jpg,0.5643313,0.6650054
00054078.jpg,0.67835915,0.82496
00014113.jpg,0.8285488,0.8157072
00017598.jpg,0.84405154,0.833692
n07574602_24483.jpg,0.7975844,0.73275864
00048613.jpg,0.7010294,0.5486578
00056926.jpg,0.77246714,0.8281532
00003651.jpg,0.8425882,0.7679524
00002882.jpg,0.84343946,0.8512478
00000451.jpg,0.85526,0.8082204
00046454.jpg,0.7416736,0.7053454
00018755.jpg,0.6327789,0.570701
00041021.jpg,0.6556715,0.846913
00057990.jpg,0.80791366,0.8946282
00025097.jpg,0.7940012,0.9238248
00000941.jpg,0.6814613,0.6343078
00011159.jpg,0.8733921,0.9266364
00020811.jpg,0.784269,0.7839526
00027026.jpg,0.789292,0.85671
00054911.jpg,0.68361694,0.6878356
00025473.jpg,0.70186424,0.7729306
sun_bcyqhmsuncrhyodx.jpg,0.6113396,0.59166664
00040895.jpg,0.7736786,0.7665436
00025033.jpg,0.68326783,0.6247264
000000521874.jpg,0.7940047,0.7804878
00021779.jpg,0.7273784,0.50732
00038894.jpg,0.5920949,0.5056152
00030536.jpg,0.7857928,0.8429664
00044388.jpg,0.826532,0.8569208
00053521.jpg,0.74276394,0.8087598
00053451.jpg,0.72835207,0.8048534
00031959.jpg,0.54763854,0.4833332
00031592.jpg,0.74225056,0.7942826
00040975.jpg,0.7409322,0.8010218
n03790512_7560.jpg,0.79037714,0.7818182
00041807.jpg,0.7464692,0.702566
00010397.jpg,0.79886234,0.80461
00051279.jpg,0.87987375,0.8123662
000000267556.jpg,0.7437418,0.75
00041200.jpg,0.77569765,0.7840738
00034362.jpg,0.6796881,0.4736258
n02396427_1453.jpg,0.81289685,0.75
00044619.jpg,0.70667005,0.6922908
00016947.jpg,0.7543836,0.6405722
00039206.jpg,0.65784496,0.6538322
00025976.jpg,0.7428632,0.7938008
00045707.jpg,0.72192454,0.7141324
00017485.jpg,0.8916099,0.893971
sun_bvddjjmcndtwniwl.jpg,0.69673026,0.6930693
00042204.jpg,0.7825284,0.8128396
00047892.jpg,0.6856791,0.6521948
00015880.jpg,0.5994318,0.75135
00036368.jpg,0.67846227,0.6693754
n09288635_10924.jpg,0.7077399,0.73333335
00047504.jpg,0.6850649,0.5862202
00029272.jpg,0.9001039,0.8176488
00029750.jpg,0.8330091,0.9118882
n00480993_20536.jpg,0.74174005,0.81914896
00039607.jpg,0.71183586,0.793082
00052711.jpg,0.8552252,0.7391282
00038274.jpg,0.6085946,0.6086576
00031263.jpg,0.8839849,0.89355
00035780.jpg,0.81833935,0.832928
00008504.jpg,0.633844,0.6265062
sun_aqtstmhxxgspchdn.jpg,0.63519657,0.5247525
00016900.jpg,0.78127986,0.867733
00032527.jpg,0.7119924,0.724577
00017746.jpg,0.81305206,0.9217958
00003309.jpg,0.75315046,0.7755678
00002258.jpg,0.7710571,0.7282666
00056821.jpg,0.8329894,0.8330496
00031730.jpg,0.85848683,0.8723964
00046169.jpg,0.7217122,0.8152008
00039914.jpg,0.69239366,0.7301104
00017763.jpg,0.6648272,0.7495404
d4da943cfb830edb.jpg,0.8618729,0.91588783
00026716.jpg,0.6723323,0.488287
00028242.jpg,0.6862378,0.7245182
00038383.jpg,0.6078854,0.6084534
000000103401.jpg,0.69734883,0.71875
00037763.jpg,0.64665055,0.4853306
n07753592_5409.jpg,0.9280547,0.8611111
00058431.jpg,0.8191509,0.8883918
n09415671_18246.jpg,0.5411115,0.40186915
00000235.jpg,0.8406576,0.8292396
00013323.jpg,0.7247782,0.8479164
00039542.jpg,0.669459,0.854404
00026162.jpg,0.8010529,0.9122802
00046859.jpg,0.68032783,0.8154302
00019322.jpg,0.68780094,0.6767866
00037444.jpg,0.59738475,0.646256
00017602.jpg,0.6061312,0.5178168
00030064.jpg,0.66948,0.762971
00057713.jpg,0.7655039,0.7338464
44892588d22ff775.jpg,0.84742546,0.82978725
00039497.jpg,0.8191384,0.8926312
00055726.jpg,0.8446557,0.8186102
00020347.jpg,0.79163337,0.837045
00010291.jpg,0.78486884,0.7660004
sun_ahtyrtpnrhzwuqfj.jpg,0.647269,0.65957445
00040355.jpg,0.75700486,0.8357266
00025204.jpg,0.6870404,0.7438156
00037943.jpg,0.7419703,0.68478
00055582.jpg,0.7801161,0.788814
00010205.jpg,0.64477587,0.5469088
00017376.jpg,0.8132098,0.7478776
00005749.jpg,0.81657946,0.819731
00009642.jpg,0.6762289,0.7562442
00052054.jpg,0.89003354,0.9174954
n01846331_17740.jpg,0.76116335,0.73
00054478.jpg,0.8482822,0.9145182
00020600.jpg,0.62807417,0.6298078
sun_ammtyagxwuynloho.jpg,0.5454214,0.6495727
00007378.jpg,0.62174857,0.580353
00031980.jpg,0.598202,0.6467538
00027579.jpg,0.65820485,0.6059746
00026170.jpg,0.7151339,0.7358938
00058352.jpg,0.68614686,0.6997698
00051229.jpg,0.79223967,0.8497596
00040388.jpg,0.75377816,0.8258974
00005709.jpg,0.8287437,0.5830612
00021661.jpg,0.7123587,0.6785966
00043075.jpg,0.823077,0.7895278
00043654.jpg,0.7095708,0.561964
00010634.jpg,0.7373778,0.8082334
n00464894_9950.jpg,0.7949513,0.8148148
00054705.jpg,0.8189484,0.8618956
00009634.jpg,0.8406271,0.8795424
00006003.jpg,0.653563,0.540851
00021769.jpg,0.71396625,0.729812
00024073.jpg,0.7631447,0.7817138
00017714.jpg,0.6622243,0.6778648
00042167.jpg,0.8022014,0.7216046
00044465.jpg,0.7427359,0.7263334
00038449.jpg,0.6512148,0.493465
00032185.jpg,0.8258404,0.9230616
00042310.jpg,0.8019762,0.7133184
00008288.jpg,0.7549331,0.6200594
00014846.jpg,0.6732766,0.6514408
00016325.jpg,0.8236129,0.791005
00000448.jpg,0.7652438,0.8042746
00036231.jpg,0.6827662,0.7447648
00053214.jpg,0.7114883,0.7067676
00014721.jpg,0.78840744,0.8997402
n00471613_18279.jpg,0.7679892,0.67901236
00056279.jpg,0.83228195,0.9009334
00005850.jpg,0.7530571,0.840053
00021547.jpg,0.9080514,0.9092268
00010421.jpg,0.77684677,0.7482056
n02431441_574.jpg,0.77608454,0.6730769
000000066338.jpg,0.6972325,0.6516854
00020613.jpg,0.7404725,0.694244
00022804.jpg,0.6856339,0.7911214
00056761.jpg,0.6764128,0.7349212
00043122.jpg,0.7157289,0.8234384
00015146.jpg,0.8185451,0.6581552
00024323.jpg,0.7521231,0.690827
00058344.jpg,0.8363332,0.8465634
00013367.jpg,0.8487652,0.8943394
00049626.jpg,0.8238113,0.7867466
00058689.jpg,0.8852536,0.939202
00040481.jpg,0.7352457,0.6427522
00052961.jpg,0.7920725,0.7683972
n07693725_2776.jpg,0.82854986,0.9122807
00011519.jpg,0.8205737,0.8687546
00009578.jpg,0.6936376,0.6813376
00019406.jpg,0.7840804,0.8767104
00025243.jpg,0.6904287,0.5635226
00029831.jpg,0.71501005,0.6049748
00033679.jpg,0.69931644,0.7722928
00034190.jpg,0.6494439,0.4654754
00048269.jpg,0.7378729,0.7847076
00007889.jpg,0.75379145,0.7206804
00002774.jpg,0.8908875,0.8813562
00023727.jpg,0.69650894,0.605745
00048529.jpg,0.7445541,0.7978508
00038385.jpg,0.67615724,0.602082
00025348.jpg,0.8019145,0.7936338
00026242.jpg,0.8520017,0.8024584
00031349.jpg,0.62232643,0.7146046
00010661.jpg,0.6465846,0.6423094
00011366.jpg,0.8720956,0.7203144
00027751.jpg,0.75897086,0.660861
00021433.jpg,0.6535424,0.611909
00023436.jpg,0.7220398,0.7317482
n02691156_12560.jpg,0.6622894,0.7234042
00024688.jpg,0.5953117,0.619298
00015306.jpg,0.52743083,0.550124
00031073.jpg,0.81400394,0.9323092
000000220306.jpg,0.7354272,0.8363636
n00440941_10802.jpg,0.76098424,0.7757009
00008411.jpg,0.8132566,0.8909474
00030067.jpg,0.49697655,0.4811486
00036635.jpg,0.67365825,0.7449158
00033479.jpg,0.6860596,0.7966746
00041865.jpg,0.60607517,0.5678756
00022919.jpg,0.6581962,0.714881
00039428.jpg,0.69096255,0.6278292
00018682.jpg,0.72500384,0.8299998
00050516.jpg,0.8103899,0.698087
00006435.jpg,0.6313119,0.7525988
00002618.jpg,0.8953709,0.9722456
00040924.jpg,0.6946873,0.5705734
00029098.jpg,0.7946458,0.816201
000000109766.jpg,0.7261993,0.9009901
00023425.jpg,0.83903444,0.9114056
00028753.jpg,0.666913,0.6786702
00026421.jpg,0.56850505,0.6317698
00019704.jpg,0.64087456,0.5769288
00028263.jpg,0.785159,0.9121374
00051592.jpg,0.8047044,0.7989928
sun_aesztpkgrxeusozn.jpg,0.60093975,0.42307693
00032686.jpg,0.7617594,0.7407212
00057176.jpg,0.55342644,0.6359978
n02932891_10246.jpg,0.7275731,0.697479
00053728.jpg,0.7501882,0.8506648
n02934451_4571.jpg,0.6888997,0.7717391
00036493.jpg,0.6235837,0.5300632
00009794.jpg,0.61379457,0.633747
00017419.jpg,0.8390709,0.9474444
00014317.jpg,0.80145705,0.8968116
00018592.jpg,0.91852653,0.9322038
00050158.jpg,0.67489815,0.7319046
7f04e60fa0ab31cb.jpg,0.69814676,0.71568626
00031242.jpg,0.8501151,0.7986936
00047983.jpg,0.7201755,0.7797818
00013376.jpg,0.81334496,0.8340668
00050267.jpg,0.76921153,0.8698666
00031702.jpg,0.75314415,0.8022538
00048053.jpg,0.7604734,0.8009788
00022637.jpg,0.8237275,0.8863582
00022746.jpg,0.74756795,0.7729366
n04461696_6319.jpg,0.7020219,0.7356322
000000119195.jpg,0.7242217,0.83870965
00028372.jpg,0.64902854,0.7423232
000000139105.jpg,0.69979334,0.59183675
n02090827_160.jpg,0.80524457,0.79591835
00053210.jpg,0.82049084,0.8584968
00005701.jpg,0.68503594,0.6738352
00030844.jpg,0.70895326,0.7483842
00042935.jpg,0.79786587,0.9451834
00023121.jpg,0.76259345,0.8624108
00030683.jpg,0.86499876,0.914328
00043039.jpg,0.7549349,0.7201976
00022600.jpg,0.8193553,0.9525104
00029517.jpg,0.7615212,0.8119342
00024535.jpg,0.78084517,0.7508902
00043744.jpg,0.7390673,0.693384
00007767.jpg,0.9577615,0.8394148
00028626.jpg,0.85831755,0.9885716
00004195.jpg,0.7267052,0.797392
00040639.jpg,0.6586556,0.6612006
00056866.jpg,0.782785,0.6051498
00040414.jpg,0.7315061,0.7160194
00014030.jpg,0.898548,0.9011326
n09289331_5740.jpg,0.61735696,0.44660193
00030387.jpg,0.6637355,0.834867
00042504.jpg,0.8431934,0.8236876
00021267.jpg,0.72343224,0.7232278
n03541923_1119.jpg,0.6679561,0.7155963
00006018.jpg,0.7985376,0.8283266
00057582.jpg,0.8788953,0.934199
00019562.jpg,0.63821924,0.6728034
00025580.jpg,0.9010576,0.9203324
00053311.jpg,0.7939564,0.7203558
00058106.jpg,0.7999594,0.858467
00042628.jpg,0.7680105,0.7774742
00025364.jpg,0.7363944,0.8191072
00056138.jpg,0.68441975,0.7354546
00000912.jpg,0.6819464,0.5648242
000000225121.jpg,0.80690527,0.7894737
00013507.jpg,0.76510173,0.650469
00012104.jpg,0.78817725,0.8495506
00029748.jpg,0.73483044,0.9123758
00013512.jpg,0.66172385,0.6501108
00049526.jpg,0.8984982,0.9246244
00058606.jpg,0.6956943,0.7853042
00056806.jpg,0.80486596,0.9000774
00049727.jpg,0.8005162,0.7836238
00023683.jpg,0.77928925,0.8793708
00000079.jpg,0.7679342,0.9273406
00033439.jpg,0.86973,0.9124954
n02432983_23360.jpg,0.77262175,0.83760685
00015975.jpg,0.73323894,0.8902324
00048983.jpg,0.8773605,0.8474556
00034079.jpg,0.70665926,0.7079926
00031292.jpg,0.7539081,0.8351662
00051091.jpg,0.8059895,0.8080888
00006884.jpg,0.7829243,0.7685358
00038998.jpg,0.6271411,0.5281172
00010395.jpg,0.7086371,0.7092352
00046866.jpg,0.7301445,0.7207538
f0bb0e12e0b58962.jpg,0.6739501,0.6781609
000000303658.jpg,0.7727285,0.8043478
00000688.jpg,0.79294485,0.7532218
00019935.jpg,0.8847354,0.9247502
n02342885_209.jpg,0.8570036,0.8224299
00007623.jpg,0.64742714,0.6996114
00051580.jpg,0.84377295,0.916207
00036584.jpg,0.5881534,0.6198282
00009828.jpg,0.67936957,0.7034382
36e095b3191824c2.jpg,0.5466606,0.65625
00021387.jpg,0.7617098,0.840393
000000191473.jpg,0.7798277,0.622449
00057706.jpg,0.83064497,0.8150492
n02431785_3863.jpg,0.7113085,0.55172414
000000468623.jpg,0.9013361,0.9433962
00004396.jpg,0.71336734,0.7385054
00000697.jpg,0.83998096,0.8392662
n04467665_4166.jpg,0.7083044,0.6122449
00019577.jpg,0.8428354,0.8190378
684b5fbfedae9a42.jpg,0.7773278,0.7938144
00027970.jpg,0.5491451,0.564853
00036236.jpg,0.77711135,0.7357186
00016238.jpg,0.6440197,0.728898
00050425.jpg,0.8712347,0.9231252
00044781.jpg,0.5553797,0.623879
00025572.jpg,0.74498856,0.7867244
00035301.jpg,0.4976969,0.6150308
00004913.jpg,0.7821908,0.8178672
00010756.jpg,0.618208,0.6381232
00034979.jpg,0.56783295,0.5916386
sun_afntjoiuzydrvnfm.jpg,0.6120232,0.6292135
00013009.jpg,0.804765,0.9061308
00012154.jpg,0.7017475,0.7388646
00046226.jpg,0.7807846,0.7488838
00037267.jpg,0.7096093,0.6669728
00022472.jpg,0.7428753,0.7608042
00048471.jpg,0.7506678,0.8504102
n09428293_3364.jpg,0.6753507,0.8055556
n04467665_10671.jpg,0.7421117,0.78723407
sun_aebcvprafheupjve.jpg,0.5674504,0.6632653
00058213.jpg,0.70678127,0.7232106
00050309.jpg,0.7686015,0.8759948
00037568.jpg,0.54307413,0.5911162
00022013.jpg,0.7054782,0.7786466
00022453.jpg,0.8703178,0.8127656
00044656.jpg,0.66470814,0.7356844
00007171.jpg,0.85402286,0.8433374
00052104.jpg,0.63464415,0.7182442
1ff02c2dd58ac89e.jpg,0.87926465,0.74
00010125.jpg,0.7401904,0.6285364
n02324045_35291.jpg,0.81826884,0.7692308
00042604.jpg,0.771152,0.7316602
n02118333_6480.jpg,0.80006224,0.89285713
00051441.jpg,0.7212922,0.7858656
00014356.jpg,0.5923061,0.625873
00040009.jpg,0.8657764,0.798465
00010764.jpg,0.7689352,0.7433444
00018993.jpg,0.81544113,0.8860586
00038472.jpg,0.8121649,0.7544874
00042125.jpg,0.67557937,0.6783434
00048428.jpg,0.6834507,0.713304
00003738.jpg,0.9087624,0.8341828
00003215.jpg,0.7132665,0.8147516
n07863374_17605.jpg,0.7962712,0.8965517
00009347.jpg,0.72328794,0.7255274
00039790.jpg,0.86716753,0.8911944
00004724.jpg,0.5714339,0.5512088
00034193.jpg,0.6240959,0.5332462
00001978.jpg,0.7529825,0.8136068
00045693.jpg,0.8115691,0.8012834
00014520.jpg,0.7394663,0.7410962
n07679356_31946.jpg,0.82636344,0.8173077
00058096.jpg,0.82680726,0.8319432
00013475.jpg,0.58534586,0.5768214
00001313.jpg,0.7964359,0.863229
00033576.jpg,0.76484716,0.8618722
00056513.jpg,0.7437486,0.6510616
00016822.jpg,0.81893885,0.9149592
00002465.jpg,0.8069015,0.8762264
00003244.jpg,0.850949,0.6859704
00013992.jpg,0.7054951,0.733159
00053039.jpg,0.69698703,0.5571726
000000203601.jpg,0.7926532,0.8839286
00024074.jpg,0.8456981,0.9685652
00040466.jpg,0.7057388,0.6574264
00046208.jpg,0.5901207,0.7109234
00022419.jpg,0.71961737,0.7851348
000000154023.jpg,0.8162062,0.7553192
00023490.jpg,0.7703997,0.6933998
00015427.jpg,0.7732097,0.9310676
00026784.jpg,0.7705648,0.8802152
00002829.jpg,0.68312764,0.7104668
00001687.jpg,0.67121375,0.7558948
00000609.jpg,0.6669103,0.6978328
00051668.jpg,0.7729212,0.6299822
00000021.jpg,0.57282,0.590444
00056801.jpg,0.786782,0.8602868
00044931.jpg,0.6985852,0.7970642
00053785.jpg,0.80931556,0.8678774
00046194.jpg,0.7355062,0.881184
00042586.jpg,0.75242263,0.691128
00001624.jpg,0.67169255,0.4670546
00032645.jpg,0.63688874,0.6288812
00035307.jpg,0.5875882,0.5229622
00010178.jpg,0.84111667,0.8938478
00039489.jpg,0.6148768,0.6394536
00039384.jpg,0.8022096,0.7281244
00037047.jpg,0.7069234,0.5816294
000000148004.jpg,0.7180211,0.6972477
00040321.jpg,0.7495209,0.8049904
00058329.jpg,0.63505834,0.5708114
00055045.jpg,0.81190664,0.8333882
00039869.jpg,0.8385651,0.872961
00046253.jpg,0.67759657,0.7328728
n00470966_19147.jpg,0.7017683,0.71
00031692.jpg,0.85390234,0.8283004
00002930.jpg,0.748745,0.7615094
00015504.jpg,0.68883115,0.8661802
00050845.jpg,0.6275925,0.594466
00025063.jpg,0.8856926,0.8776894
n04467665_43419.jpg,0.7371146,0.5824176
00008996.jpg,0.7220763,0.5240892
00032350.jpg,0.74136376,0.7593844
00043136.jpg,0.6630167,0.629435
00040392.jpg,0.700153,0.8210872
00000782.jpg,0.84438646,0.8792352
00049655.jpg,0.7804198,0.8271606
00043973.jpg,0.7642317,0.684875
00021234.jpg,0.74213016,0.7265454
00052978.jpg,0.62277436,0.7156116
00045393.jpg,0.68692505,0.5864064
n07696625_5631.jpg,0.83651567,0.8791209
00031173.jpg,0.8292693,0.8158544
00046566.jpg,0.7136707,0.7549856
00003389.jpg,0.8073847,0.7741912
00057643.jpg,0.8234025,0.84493
00035840.jpg,0.69988275,0.6005528
00017799.jpg,0.6761772,0.7795028
00033018.jpg,0.7353372,0.853926
00054214.jpg,0.7077641,0.6641824
00003151.jpg,0.8164403,0.8542902
00053178.jpg,0.7306507,0.677328
00031609.jpg,0.806036,0.8294926
n07717556_130.jpg,0.88761044,0.93457943
00006433.jpg,0.59025,0.4562256
00028690.jpg,0.66103315,0.731853
00000889.jpg,0.76866806,0.7626086
00011756.jpg,0.56936896,0.5049816
00019296.jpg,0.80971277,0.6885096
00005260.jpg,0.8880178,0.9761904
00042415.jpg,0.82375026,0.7573822
00019227.jpg,0.7047912,0.8896936
00045634.jpg,0.7388365,0.551079
00022237.jpg,0.70838976,0.9009128
00003902.jpg,0.8113994,0.8157536
00026544.jpg,0.8331613,0.905296
00040417.jpg,0.6785717,0.592918
00040571.jpg,0.6949146,0.6810014
00039676.jpg,0.79512227,0.8479356
00031465.jpg,0.80682063,0.9381692
00045590.jpg,0.68234634,0.8540696
00052021.jpg,0.77722996,0.8056916
00050421.jpg,0.65585136,0.8389214
n02396427_4851.jpg,0.7970566,0.86915886
00057395.jpg,0.83861375,0.903575
00046919.jpg,0.5937406,0.7138094
00015080.jpg,0.727571,0.7304004
6f8f4097a2f50e91.jpg,0.7857484,0.7386364
n03512147_6213.jpg,0.808797,0.86315787
00006155.jpg,0.84404564,0.8900484
00042963.jpg,0.77765715,0.6615078
00057963.jpg,0.8364724,0.9172636
n09472597_33908.jpg,0.7086278,0.6363636
00010426.jpg,0.82249534,0.8583616
00043283.jpg,0.7415045,0.7644216
00046881.jpg,0.7850125,0.8866964
00018738.jpg,0.59457797,0.6369984
n07801508_8696.jpg,0.8305459,0.9166667
00007294.jpg,0.82451093,0.7278286
00041246.jpg,0.73966205,0.7961172
00043179.jpg,0.8326988,0.8842662
00008924.jpg,0.80029273,0.8716022
00033379.jpg,0.84151006,0.9465232
n02924116_907.jpg,0.77217233,0.7619048
00003806.jpg,0.72996056,0.7833808
00032427.jpg,0.76385874,0.756907
00015582.jpg,0.79258245,0.8040096
00007013.jpg,0.71659285,0.6635386
00048757.jpg,0.63826376,0.6062726
00001986.jpg,0.8472841,0.7902152
00030478.jpg,0.7383776,0.7866336
n02450034_14176.jpg,0.7756374,0.6666667
00050587.jpg,0.83406436,0.9217214
00057427.jpg,0.7473114,0.6616176
00020636.jpg,0.7567012,0.851947
00039959.jpg,0.7412261,0.7247374
00036028.jpg,0.56116015,0.7481728
00000966.jpg,0.6661341,0.6406682
000000143234.jpg,0.710006,0.8113208
00028028.jpg,0.77957535,0.8562416
000000544516.jpg,0.71211314,0.6923077
000000555062.jpg,0.85349095,0.9108911
00007194.jpg,0.7418833,0.8180444
00000479.jpg,0.82307315,0.7625574
00038481.jpg,0.75939953,0.8409782
000000153973.jpg,0.7508021,0.8181818
00037492.jpg,0.69274783,0.750015
00032119.jpg,0.58534765,0.4749906
00009113.jpg,0.79222286,0.7542634
00032562.jpg,0.85892916,0.903958
00036714.jpg,0.7317791,0.6425808
00047711.jpg,0.72741324,0.5546466
00004292.jpg,0.8219919,0.8883994
00036141.jpg,0.64413846,0.7385658
00010192.jpg,0.755167,0.6573822
00035156.jpg,0.73677784,0.7978386
00023587.jpg,0.5851942,0.5228078
00053163.jpg,0.5857112,0.6746588
00011622.jpg,0.6099005,0.6257152
00023296.jpg,0.6397127,0.6401626
00030258.jpg,0.5722811,0.5245344
00055241.jpg,0.8622354,0.8455622
n07753592_2805.jpg,0.88288414,0.8913044
n07838073_15366.jpg,0.83949935,0.8333333
00011014.jpg,0.7125155,0.8921646
00021121.jpg,0.7830124,0.8393684
00005675.jpg,0.86019033,0.8626276
00020225.jpg,0.6079897,0.7122348
00004067.jpg,0.8623835,0.8211308
00021409.jpg,0.84502697,0.8045016
00029289.jpg,0.8500416,0.8948264
n02878222_48037.jpg,0.66947806,0.7809524
00016137.jpg,0.8749074,0.8881108
00058173.jpg,0.8890426,0.9016368
00030065.jpg,0.76033354,0.8185714
00018591.jpg,0.7445091,0.9019154
n07933274_32615.jpg,0.706076,0.5940594
00027413.jpg,0.8723568,0.8657344
00019346.jpg,0.597343,0.673923
00015807.jpg,0.80261856,0.8519538
00042681.jpg,0.70761454,0.7102004
00053632.jpg,0.72179604,0.781079
n02691156_6582.jpg,0.7468618,0.6707317
00013657.jpg,0.7151093,0.624913
00019144.jpg,0.8655232,0.8496676
00013554.jpg,0.7585798,0.7896142
00000120.jpg,0.78828204,0.7753648
00010753.jpg,0.62960815,0.4201044
00035570.jpg,0.59825236,0.722706
00008084.jpg,0.64100695,0.6714788
00002935.jpg,0.708064,0.6126026
00021502.jpg,0.77769405,0.917155
00044274.jpg,0.7273046,0.8109334
00012763.jpg,0.64926714,0.575529
00001662.jpg,0.56546366,0.5469962
00014570.jpg,0.82840383,0.8137498
00031103.jpg,0.7987761,0.8009788
00022847.jpg,0.7471079,0.770165
00019808.jpg,0.58356297,0.6995586
00055545.jpg,0.70863307,0.7770104
00039549.jpg,0.7423293,0.7806748
00004120.jpg,0.76304805,0.7405776
00037211.jpg,0.65104854,0.6836988
00032011.jpg,0.77961683,0.7414694
00019384.jpg,0.7848767,0.7638034
00005071.jpg,0.5410214,0.5201982
00037171.jpg,0.6739942,0.553185
00028605.jpg,0.8217343,0.9411566
00036034.jpg,0.71126026,0.6719246
00041588.jpg,0.6115263,0.6149136
00019328.jpg,0.854067,0.9331674
00056482.jpg,0.76025236,0.6485712
00033149.jpg,0.7229562,0.775819
00043369.jpg,0.72899705,0.7303798
00032261.jpg,0.71976256,0.8176144
1e75ec771a788a0d.jpg,0.80116653,0.74390244
000000338488.jpg,0.785174,0.79591835
00036025.jpg,0.6817342,0.5994764
00018521.jpg,0.7539021,0.7160608
00048275.jpg,0.72502255,0.7650938
00024064.jpg,0.75352573,0.8114268
00005452.jpg,0.62267435,0.5321758
00058220.jpg,0.9245807,0.9243816
00056013.jpg,0.8215523,0.8201684
00038060.jpg,0.6373955,0.6297416
00046004.jpg,0.69205093,0.8214948
00031365.jpg,0.59360135,0.5521818
00050984.jpg,0.82030946,0.9345592
00043855.jpg,0.78675044,0.7589812
00021961.jpg,0.6955976,0.6056942
00057411.jpg,0.7642716,0.731774
n01846331_5668.jpg,0.7862118,0.70731705
000000535593.jpg,0.6903531,0.6886792
00051458.jpg,0.7640448,0.7009194
00058623.jpg,0.7093407,0.8098778
00050040.jpg,0.745976,0.810134
00043441.jpg,0.57121164,0.8687
00045917.jpg,0.7581303,0.6057638
00028450.jpg,0.7565241,0.8836436
00050353.jpg,0.85133827,0.8723942
00005315.jpg,0.8721969,0.7722856
00048170.jpg,0.6881615,0.6206526
00024139.jpg,0.62111145,0.7058518
00040692.jpg,0.594746,0.614689
00039279.jpg,0.74301887,0.737268
00047247.jpg,0.8089802,0.8716572
00010650.jpg,0.7920352,0.7964742
00048741.jpg,0.8160371,0.8366516
00007697.jpg,0.7911917,0.739092
00032144.jpg,0.7685417,0.8398612
db65aaa975ba7c84.jpg,0.6050954,0.64
00027525.jpg,0.8185772,0.811336
00054000.jpg,0.58632624,0.753184
00015637.jpg,0.812215,0.7443326
00051239.jpg,0.8123589,0.765982
00010092.jpg,0.7685695,0.8487884
00035259.jpg,0.70154905,0.7635082
00025973.jpg,0.7800368,0.7527224
00028647.jpg,0.8685182,0.9194502
00030929.jpg,0.765877,0.793327
n02878222_3678.jpg,0.6968521,0.7032967
00156ac2ee0c3d58.jpg,0.7697125,0.78899086
00050880.jpg,0.5830333,0.6214672
00048988.jpg,0.79450905,0.770133
00035468.jpg,0.7576644,0.7805612
00057485.jpg,0.8238627,0.7182028
00026751.jpg,0.8146126,0.8417678
00005423.jpg,0.5664081,0.541905
00003137.jpg,0.7247455,0.6734296
00000405.jpg,0.7067196,0.5748952
00010049.jpg,0.63934153,0.6926296
00008363.jpg,0.8348925,0.7070658
00040672.jpg,0.84300715,0.8915754
00025408.jpg,0.7692574,0.721053
n00471613_21778.jpg,0.76884735,0.74418604
00014211.jpg,0.5754483,0.4065522
00022508.jpg,0.7273853,0.7353996
00026643.jpg,0.83189124,0.7801544
00022632.jpg,0.7055962,0.7816472
00031001.jpg,0.6602732,0.6014584
00019757.jpg,0.8058336,0.8413328
00026291.jpg,0.60354424,0.5526192
00048591.jpg,0.73791736,0.919797
00010335.jpg,0.83919144,0.8663242
00005811.jpg,0.7435221,0.79075
00003359.jpg,0.7746887,0.7401468
00022425.jpg,0.7986908,0.8095604
00010587.jpg,0.67901164,0.7137074
00033744.jpg,0.63619995,0.5216174
00020371.jpg,0.7840556,0.8091676
00019977.jpg,0.6953665,0.8123556
00032349.jpg,0.77154076,0.797923
00046550.jpg,0.67166847,0.781597
00009110.jpg,0.87736446,0.8224318
00034151.jpg,0.66761965,0.538644
1679b6bb52a8a870.jpg,0.759548,0.5647059
00012945.jpg,0.78475535,0.6758818
2291c493fc0e8026.jpg,0.7794144,0.78723407
00038561.jpg,0.6111772,0.756775
n07893642_7459.jpg,0.7950164,0.8839286
00006218.jpg,0.75606346,0.81608
n09270735_10323.jpg,0.723563,0.7628866
00049049.jpg,0.7903731,0.9187232
00052723.jpg,0.6985312,0.7845902
00043471.jpg,0.8291091,0.7644592
00031557.jpg,0.7181675,0.7562486
00000241.jpg,0.79188806,0.8227078
00041243.jpg,0.63967633,0.5537554
00025185.jpg,0.66429925,0.800944
n09468604_52089.jpg,0.5950705,0.50574714
00039300.jpg,0.6894868,0.7592406
00030060.jpg,0.90296036,0.9017066
00033771.jpg,0.60583174,0.6441648
00003086.jpg,0.8303771,0.877055
00009941.jpg,0.8449949,0.7902006
00056415.jpg,0.83432794,0.802866
00044045.jpg,0.7595533,0.776556
00027958.jpg,0.60695624,0.4958366
00031488.jpg,0.69860387,0.8281386
n07838073_15093.jpg,0.82863665,0.8053097
00037936.jpg,0.68682146,0.6720982
00046645.jpg,0.78533065,0.7785336
n07696839_14469.jpg,0.77131766,0.8446602
00040555.jpg,0.6751176,0.6689362
00056228.jpg,0.58992136,0.5958572
00001586.jpg,0.7642791,0.7342134
n02374451_4963.jpg,0.7564446,0.66292137
00040436.jpg,0.7327128,0.6226216
00010076.jpg,0.8616207,0.8924606
00022434.jpg,0.7955471,0.7806702
00024274.jpg,0.81832135,0.9091842
n09428293_11949.jpg,0.59392,0.6451613
n09288635_12911.jpg,0.66094,0.7888889
00025501.jpg,0.71185756,0.67737
00029677.jpg,0.87623036,0.8579068
00021491.jpg,0.7834885,0.81933
00034622.jpg,0.5537164,0.5927682
00032078.jpg,0.60353285,0.5684652
1b1e98b5f9cc8b50.jpg,0.73168933,0.5980392
n00470966_23286.jpg,0.8033359,0.8958333
00016879.jpg,0.744873,0.7573604
00010522.jpg,0.7612332,0.850157
n07911677_5488.jpg,0.8493662,0.82828283
00004023.jpg,0.77330494,0.8130952
00004883.jpg,0.54844004,0.6218066
00009391.jpg,0.7480565,0.7158056
00015786.jpg,0.64599377,0.7077272
00001502.jpg,0.72534925,0.7191676
00044529.jpg,0.7678212,0.8347808
00040461.jpg,0.6430242,0.5872092
00023831.jpg,0.80336154,0.9531232
00028060.jpg,0.73712385,0.716361
n01514859_7029.jpg,0.8317247,0.77272725
00044378.jpg,0.75642073,0.7052656
00047814.jpg,0.7889518,0.8162122
00003504.jpg,0.7793616,0.868487
00000054.jpg,0.72905076,0.76057
00002065.jpg,0.6219619,0.581077
00036773.jpg,0.67792815,0.7171628
00047203.jpg,0.7527008,0.6337756
00047222.jpg,0.8044463,0.7703604
00007979.jpg,0.8373498,0.9115156
00013076.jpg,0.7940223,0.7357204
00051205.jpg,0.85467064,0.921757
00019307.jpg,0.6518561,0.7579992
00056333.jpg,0.7158068,0.6412904
00047614.jpg,0.7696184,0.7252028
00052402.jpg,0.8241312,0.9428132
00054480.jpg,0.7397934,0.8655336
00038728.jpg,0.5740789,0.5635152
00013294.jpg,0.8298236,0.7818968
00027463.jpg,0.54907197,0.5747288
00da7332b7397d6f.jpg,0.5226911,0.57758623
00002740.jpg,1.0298052,0.8577588
00035898.jpg,0.56205547,0.739482
00048931.jpg,0.798043,0.7509612
00008796.jpg,0.7673347,0.8992928
00015803.jpg,0.7442071,0.681306
00026511.jpg,0.7853068,0.8041636
00031550.jpg,0.8433957,0.8196706
000000253615.jpg,0.8008352,0.7790698
00040780.jpg,0.69089234,0.788343
00032702.jpg,0.8301436,0.8820066
00024344.jpg,0.7840793,0.8343114
00051000.jpg,0.63962495,0.650038
00009771.jpg,0.7272651,0.677189
00017653.jpg,0.8246412,0.8729048
00052807.jpg,0.7482276,0.679929
00011237.jpg,0.6961268,0.742315
00049253.jpg,0.68100536,0.6643142
00057624.jpg,0.7603371,0.7120004
00048696.jpg,0.7719506,0.9114212
00001044.jpg,0.8704902,0.8441084
00042865.jpg,0.7605361,0.7170276
db62ab391029b2af.jpg,0.54083914,0.5585586
00050714.jpg,0.8722471,0.907672
00038778.jpg,0.7506565,0.7944276
00025547.jpg,0.6638034,0.7519064
00006098.jpg,0.83453596,0.9164856
00013831.jpg,0.9417129,0.8735758
000000434389.jpg,0.7557076,0.78350514
00018580.jpg,0.5829245,0.5647474
00053982.jpg,0.83512604,0.8724716
0a86f8a861301669.jpg,0.5318852,0.5529412
00050291.jpg,0.80849546,0.7049212
00016383.jpg,0.83572125,0.8772336
00055676.jpg,0.71809864,0.8008018
00057740.jpg,0.7349502,0.7955882
00021952.jpg,0.6926358,0.7916218
n09288635_25462.jpg,0.7248539,0.63366336
00027769.jpg,0.809831,0.883363
00053523.jpg,0.8670461,0.7936102
00009166.jpg,0.6870084,0.6750484
aa0494433027c7c9.jpg,0.86087567,0.8333333
00049758.jpg,0.70621496,0.6901688
00017897.jpg,0.6415438,0.8001522
00013913.jpg,0.8359227,0.9673124
00042620.jpg,0.5784402,0.5860242
00038250.jpg,0.58982366,0.5740636
n01793435_9973.jpg,0.8714842,0.7570093
00033764.jpg,0.73779637,0.8654374
n02118333_8816.jpg,0.7862929,0.84444445
00022992.jpg,0.86713386,0.915489
00035892.jpg,0.7588831,0.7654282
00053711.jpg,0.7826713,0.7127096
00031216.jpg,0.8111545,0.8367498
00056121.jpg,0.80961275,0.822392
00039376.jpg,0.7367984,0.7623274
000000357989.jpg,0.7315011,0.74311924
n01514668_9306.jpg,0.8357602,0.8521739
00029157.jpg,0.66215813,0.5628572
00043703.jpg,0.7927844,0.7775912
00052439.jpg,0.7856101,0.7682562
00046191.jpg,0.733565,0.6520048
n02431785_21925.jpg,0.7184393,0.7619048
00008714.jpg,0.67446375,0.6192324
00044281.jpg,0.71087545,0.6839314
n02691156_29988.jpg,0.6055692,0.6238532
00057218.jpg,0.6059268,0.7138222
00054915.jpg,0.73528445,0.8139526
00054055.jpg,0.888642,0.890737
00038865.jpg,0.7309145,0.7417206
00026772.jpg,0.6696908,0.6512022
00033201.jpg,0.762357,0.7822316
00032584.jpg,0.6154978,0.6204176
00057563.jpg,0.77155536,0.6732936
00032847.jpg,0.6409506,0.442757
00047976.jpg,0.7965919,0.7770184
00051783.jpg,0.63930184,0.5608124
00015681.jpg,0.7822615,0.7506072
00043302.jpg,0.6795961,0.7586094
00018259.jpg,0.8321341,0.9091662
00022968.jpg,0.79907215,0.692977
00016067.jpg,0.60360694,0.640568
000000091487.jpg,0.7221365,0.83157897
00031190.jpg,0.79768956,0.9126286
n02396427_3134.jpg,0.84121764,0.9705882
084d9b0d21b5de75.jpg,0.7402136,0.68686867
00046291.jpg,0.8799068,0.926621
00024488.jpg,0.7676952,0.6685036
00024147.jpg,0.72471213,0.5341176
n03670208_14846.jpg,0.85169303,0.9245283
sun_ajruwqvmgkclbhgj.jpg,0.68866974,0.7628866
00007132.jpg,0.64152,0.479852
00032761.jpg,0.81986594,0.8539712
00011123.jpg,0.6649303,0.59715
00039353.jpg,0.64297295,0.5739602
000000256061.jpg,0.7696283,0.7765958
00048139.jpg,0.82962346,0.8663552
00050472.jpg,0.7933086,0.7603408
000000117417.jpg,0.793838,0.8105263
00044744.jpg,0.71770084,0.7322982
00055249.jpg,0.6978606,0.85428
00036823.jpg,0.7776836,0.723183
00005069.jpg,0.63499653,0.751643
00039175.jpg,0.66631436,0.7518366
00026159.jpg,0.6352991,0.5523636
n09217230_10187.jpg,0.73704886,0.8053097
00050786.jpg,0.5715775,0.6031572
00045626.jpg,0.7247678,0.584467
00037839.jpg,0.5746218,0.5803892
00005374.jpg,0.6725859,0.7085036
00022373.jpg,0.7250681,0.758422
00020781.jpg,0.7818916,0.7366058
00013449.jpg,0.65853924,0.7256528
n02924116_76766.jpg,0.766457,0.74712646
00044059.jpg,0.801309,0.8354348
00031505.jpg,0.8021535,0.8797592
00018407.jpg,0.8818464,0.78873
00045363.jpg,0.7465565,0.8045634
00004530.jpg,0.60393673,0.5777098
00008255.jpg,0.78951156,0.8520044
n03351262_4099.jpg,0.69345504,0.7407407
00054370.jpg,0.7870269,0.908917
000000110961.jpg,0.65936494,0.71153843
a5d3b7d5ae1f1cac.jpg,0.5135182,0.6363636
00040050.jpg,0.7498251,0.871015
n04467665_34297.jpg,0.73730534,0.6732673
00041556.jpg,0.76403785,0.7777002
00005271.jpg,0.6440244,0.3959258
00021607.jpg,0.70806587,0.705475
00048644.jpg,0.60074395,0.5223978
00028032.jpg,0.700903,0.63587
00056814.jpg,0.7784736,0.8434038
00016075.jpg,0.7984035,0.7328954
00042660.jpg,0.7233807,0.7672422
15cdf068f1cc0c01.jpg,0.8058026,0.7281553
7fdd6659bc009251.jpg,0.61017156,0.64220184
00011484.jpg,0.85849905,0.892385
00006650.jpg,0.7444651,0.8466278
00042431.jpg,0.7046883,0.7142086
00005231.jpg,0.832889,0.8245578
00029812.jpg,0.64521587,0.703378
00015735.jpg,0.6497975,0.5556972
00043114.jpg,0.77170146,0.8092604
00046627.jpg,0.6888226,0.6748048
00019854.jpg,0.5798414,0.5517888
00029426.jpg,0.85955167,0.9514044
00017754.jpg,0.7346162,0.7007768
00027655.jpg,0.65298176,0.6324276
00057350.jpg,0.84926707,0.8163434
00017290.jpg,0.7570615,0.8543792
00051712.jpg,0.7369176,0.765505
00033599.jpg,0.8324262,0.9316408
00013575.jpg,0.82611316,0.765662
00053761.jpg,0.8075612,0.7451858
00048377.jpg,0.7942232,0.8078742
00023352.jpg,0.85298586,0.8550276
00023226.jpg,0.75696266,0.7027888
00044482.jpg,0.60866654,0.6295646
00038750.jpg,0.7043571,0.6183208
00054938.jpg,0.6707178,0.6107276
00015795.jpg,0.67229605,0.629546
00019865.jpg,0.7751154,0.730988
00002825.jpg,0.78783363,0.7903306
00008041.jpg,0.81999165,0.6505494
00050694.jpg,0.8299216,0.8896786
00006722.jpg,0.74830604,0.8056102
00010069.jpg,0.58794934,0.5511224
00038596.jpg,0.6701381,0.7310926
00022012.jpg,0.5907881,0.4638638
00045554.jpg,0.7008396,0.7411616
00031548.jpg,0.672836,0.6685956
00027450.jpg,0.62344193,0.6257204
00038969.jpg,0.816072,0.8059128
00056771.jpg,0.6373654,0.7040462
00000975.jpg,0.7757449,0.9096836
00043891.jpg,0.686563,0.6971872
00025826.jpg,0.8277859,0.952529
00050659.jpg,0.8236234,0.9009202
00019790.jpg,0.8543074,0.9425808
00011997.jpg,0.75291693,0.6358936
00036032.jpg,0.6639655,0.5502926
00002045.jpg,0.64204985,0.6648612
00024313.jpg,0.7743195,0.8515724
00045830.jpg,0.8001299,0.8697792
00053729.jpg,0.69376385,0.7575758
00048727.jpg,0.801688,0.8398916
00008687.jpg,0.6507607,0.589829
00011265.jpg,0.79508436,0.8204872
00035319.jpg,0.6553998,0.581445
00021731.jpg,0.8044733,0.7666924
00048253.jpg,0.6514194,0.6785134
00001932.jpg,0.74039793,0.7862008
00017767.jpg,0.8637136,0.9849748
00056960.jpg,0.7422544,0.76757
00025263.jpg,0.8903095,0.9839894
n07753592_2829.jpg,0.8396746,0.8715596
00023771.jpg,0.6664663,0.8590096
00005436.jpg,0.8957407,0.7768508
00027761.jpg,0.72310054,0.518802
00051329.jpg,0.79559773,0.8466706
00008342.jpg,0.78159994,0.7450112
00030189.jpg,0.91659606,0.8487332
n03791053_547.jpg,0.7606189,0.8113208
00048056.jpg,0.74419725,0.7224582
00006150.jpg,0.68926424,0.7111496
00025489.jpg,0.6161852,0.7045332
00048951.jpg,0.7667171,0.8971246
00011889.jpg,0.7442515,0.7811054
00049284.jpg,0.7829545,0.8555188
00025652.jpg,0.776592,0.744632
000000135694.jpg,0.80753726,0.9583333
00048939.jpg,0.7453299,0.808081
00046212.jpg,0.7783588,0.766234
00019995.jpg,0.75462294,0.8073244
n02332755_7916.jpg,0.73025095,0.6090909
00049014.jpg,0.80073285,0.6110956
00038500.jpg,0.69696105,0.7196056
00047963.jpg,0.6708323,0.6388434
00049178.jpg,0.6713837,0.619021
00033692.jpg,0.75124156,0.9422054
00015951.jpg,0.91201985,0.9326332
00024588.jpg,0.75509274,0.7121032
00034473.jpg,0.6323445,0.5707326
00046098.jpg,0.6957287,0.5898748
00022337.jpg,0.64371806,0.741693
00015940.jpg,0.8080003,0.7835748
00049110.jpg,0.798873,0.6324208
00011717.jpg,0.7857646,0.8434876
00005255.jpg,0.7820935,0.8449378
00040957.jpg,0.7536169,0.7545008
00006858.jpg,0.68066406,0.7219716
00003334.jpg,0.7183496,0.7459814
00008953.jpg,0.807979,0.8529476
00020074.jpg,0.69025993,0.6281076
00018780.jpg,0.7494501,0.7301524
00007129.jpg,0.79327095,0.7180262
00055975.jpg,0.75666153,0.8495838
00007576.jpg,0.7294176,0.8570594
00003369.jpg,0.87584656,0.862545
00018221.jpg,0.84373385,0.8754402
00046263.jpg,0.74954456,0.7803996
00045026.jpg,0.60471743,0.722874
00048846.jpg,0.7527231,0.7698678
00030441.jpg,0.7585739,0.977838
000000398304.jpg,0.7641202,0.8095238
00038474.jpg,0.7137325,0.7725782
00037271.jpg,0.7409428,0.7932174
00024270.jpg,0.59905636,0.630674
00017236.jpg,0.8523362,0.855454
00030234.jpg,0.70111746,0.6945578
00014418.jpg,0.82234526,0.8862484
00012471.jpg,0.77089536,0.8580586
00034057.jpg,0.68701166,0.671367
00040754.jpg,0.77156377,0.714401
n07806221_24612.jpg,0.73879254,0.5764706
00022743.jpg,0.83099246,0.9676302
00057677.jpg,0.7283384,0.8203374
00008113.jpg,0.7656975,0.7295252
00056412.jpg,0.80373377,0.8159444
00009831.jpg,0.72303796,0.7101344
00007987.jpg,0.70207554,0.7050184
00057108.jpg,0.8643377,0.886735
00025690.jpg,0.71205866,0.746518
00057467.jpg,0.86060584,0.8460256
n07753592_18348.jpg,0.8466499,0.9150943
00042829.jpg,0.6833951,0.6109342
00044251.jpg,0.93466103,0.9161586
n04335435_395.jpg,0.7647999,0.814433
00009029.jpg,0.673026,0.6384568
00017304.jpg,0.8160659,0.7916388
00050699.jpg,0.7440159,0.7300672
n03512147_1768.jpg,0.78731894,0.7777778
00009881.jpg,0.82365876,0.9434076
00041450.jpg,0.8074206,0.7920018
00005662.jpg,0.7322093,0.7469648
00014996.jpg,0.753376,0.8133436
00037593.jpg,0.6891022,0.6194636
00043488.jpg,0.7054148,0.7349012
00000708.jpg,0.78697383,0.9094626
n03791053_22762.jpg,0.82233685,0.8695652
00007876.jpg,0.6444943,0.6736908
00039186.jpg,0.80077565,0.8914368
00001212.jpg,0.7235942,0.7622104
n07801091_64844.jpg,0.693299,0.72727275
00035668.jpg,0.63531995,0.7021908
00058008.jpg,0.84747493,0.79104
00030238.jpg,0.7566824,0.7995124
00014681.jpg,0.72864884,0.7112188
00046724.jpg,0.8255825,0.900744
00025416.jpg,0.7539555,0.7663926
00032812.jpg,0.84924036,0.737129
00010396.jpg,0.7815695,0.6948282
00022549.jpg,0.77554584,0.783671
00017961.jpg,0.88050604,0.7926336
00040347.jpg,0.72392976,0.7349226
00033737.jpg,0.59962124,0.540607
00040069.jpg,0.77756673,0.823753
00056114.jpg,0.62345856,0.7078302
00007225.jpg,0.8259109,0.8232518
00048196.jpg,0.7823372,0.8811504
00003431.jpg,0.8174927,0.8414142
00012826.jpg,0.75982296,0.8879222
00045220.jpg,0.64704764,0.6894138
00023878.jpg,0.6660403,0.6347782
00050690.jpg,0.5940317,0.6700066
00025863.jpg,0.8778435,0.8572882
00046913.jpg,0.74028426,0.6835626
000000126964.jpg,0.7117489,0.8787879
00037727.jpg,0.51058346,0.4739502
00006992.jpg,0.6249951,0.5858788
00054527.jpg,0.87424755,0.846855
00057951.jpg,0.71401346,0.6355864
00014715.jpg,0.8763717,0.8418718
00041932.jpg,0.7447115,0.6181882
00013956.jpg,0.66008925,0.53326
00008344.jpg,0.7851229,0.7367966
00048528.jpg,0.7693404,0.6546998
00000875.jpg,0.7184482,0.6979712
00050079.jpg,0.79153526,0.7652252
00002012.jpg,0.67621243,0.6695794
00044063.jpg,0.7332324,0.8165174
00025890.jpg,0.7907908,0.8167278
00004785.jpg,0.7971636,0.807253
00017988.jpg,0.70091033,0.732563
00002090.jpg,0.78655577,0.8135912
000000166021.jpg,0.7896029,0.8703704
00041689.jpg,0.6109755,0.5804452
00025361.jpg,0.59273535,0.5836356
n07933274_33840.jpg,0.7578485,0.83168316
00013986.jpg,0.8459414,0.7893056
00034904.jpg,0.67160124,0.7368168
00023176.jpg,0.71532893,0.7470058
00039274.jpg,0.6775744,0.6580016
00046321.jpg,0.82519543,0.9541242
00055372.jpg,0.7095574,0.7556822
n02878222_4032.jpg,0.70013356,0.47368422
00052623.jpg,0.77402186,0.869657
000000441891.jpg,0.7523593,0.8818182
00006459.jpg,0.8066896,0.8484744
00006897.jpg,0.82952857,0.884019
56892737ddff5688.jpg,0.53814596,0.59090906
00041843.jpg,0.63651055,0.6850532
00040418.jpg,0.73961306,0.7953602
000000437810.jpg,0.7619856,0.8095238
00048344.jpg,0.79374254,0.68662
00038463.jpg,0.5962833,0.5575984
75993a9d9a9315ff.jpg,0.754701,0.9302326
00058358.jpg,0.655181,0.6648756
00009523.jpg,0.8664527,0.6091672
00035507.jpg,0.6485913,0.5972648
00008133.jpg,0.7266715,0.705903
00044393.jpg,0.8127148,0.7467814
00044402.jpg,0.7113013,0.7005522
00026198.jpg,0.7238719,0.7480002
00014655.jpg,0.7409242,0.6856396
00022231.jpg,0.6379971,0.62552
00018549.jpg,0.7631894,0.8244268
00033586.jpg,0.67726356,0.6597036
00034177.jpg,0.71849734,0.5706742
00021047.jpg,0.7482952,0.7516548
00041612.jpg,0.7221043,0.7737584
00016164.jpg,0.77887756,0.773112
00037574.jpg,0.6588865,0.7049724
00003413.jpg,0.75858414,0.8791538
00049601.jpg,0.6735767,0.720002
00045503.jpg,0.67638,0.4852378
00041786.jpg,0.81035984,0.8826198
00028750.jpg,0.7997685,0.9356864
00043679.jpg,0.8393251,0.8570718
00012777.jpg,0.80332184,0.8777368
00033948.jpg,0.6161937,0.675839
00008331.jpg,0.78111315,0.7956138
f001554921abd6af.jpg,0.72556967,0.6756757
00047495.jpg,0.71990097,0.63697
00042908.jpg,0.69113463,0.6051652
00044394.jpg,0.7891105,0.7334112
00003725.jpg,0.6426557,0.563049
00045607.jpg,0.8371729,0.79587
00057066.jpg,0.7025523,0.6906148
00057625.jpg,0.7524998,0.759975
00008130.jpg,0.65521103,0.6954158
00019186.jpg,0.81407225,0.6994196
00003838.jpg,0.7590202,0.821367
00043381.jpg,0.82565427,0.913022
00051709.jpg,0.60993934,0.553926
00022879.jpg,0.65214133,0.765906
00046301.jpg,0.80317426,0.720019
00009054.jpg,0.81495076,0.8747284
00018100.jpg,0.7983409,0.8710544
00052949.jpg,0.73645395,0.7441286
00028793.jpg,0.8835319,0.9022006
n03512147_4460.jpg,0.7965504,0.7904762
00039147.jpg,0.6791556,0.5852612
00020473.jpg,0.8288386,0.8667646
00029849.jpg,0.7924041,0.8100922
00008222.jpg,0.8526376,0.9174744
00012257.jpg,0.69008374,0.6882496
00002807.jpg,0.62711895,0.6101278
00033054.jpg,0.6368395,0.5638396
00031038.jpg,0.670542,0.6157354
00001279.jpg,0.8089416,0.777967
00011158.jpg,0.5451979,0.6045456
00012194.jpg,0.5591574,0.5639814
n02691156_1919.jpg,0.78986114,0.8068182
00028989.jpg,0.6928747,0.7825602
00045660.jpg,0.87981653,0.8915462
00017789.jpg,0.70277166,0.545528
00011966.jpg,0.7094872,0.6823902
00036913.jpg,0.69237125,0.7117184
00014297.jpg,0.89398175,0.9179602
00012944.jpg,0.7092867,0.8515852
00040306.jpg,0.79481196,0.7354988
00042264.jpg,0.7641314,0.7306018
00033986.jpg,0.6503941,0.6570108
00019963.jpg,0.72155935,0.6927872
n02396427_4362.jpg,0.63899183,0.7303371
00034908.jpg,0.54188144,0.566144
00034982.jpg,0.68284416,0.7637706
00046373.jpg,0.8194661,0.832982
00024476.jpg,0.7881329,0.6937106
00047780.jpg,0.75518644,0.714917
00047262.jpg,0.70938027,0.6749734
00037351.jpg,0.6788452,0.63218
00029071.jpg,0.8257946,0.8789328
n02793495_7616.jpg,0.6163721,0.5263158
00035571.jpg,0.63877845,0.5885914
00007262.jpg,0.74835914,0.734947
00028940.jpg,0.81007993,0.9339276
00030457.jpg,0.8246331,0.794376
00007656.jpg,0.6022706,0.6437358
00027644.jpg,0.81728417,0.9243734
00036446.jpg,0.6753368,0.7942714
n04461696_12319.jpg,0.74713904,0.5529412
n07929519_36895.jpg,0.8291243,0.8194444
00022107.jpg,0.73766965,0.8215812
000000324645.jpg,0.83885276,0.7979798
00021028.jpg,0.75067544,0.8151316
00011575.jpg,0.77847147,0.7955472
00014685.jpg,0.7507933,0.6948152
00010720.jpg,0.6374848,0.5066934
00029459.jpg,0.85721445,0.8111022
00026679.jpg,0.70321137,0.7614882
00048273.jpg,0.738269,0.7959696
00017305.jpg,0.88413954,0.8502058
00035510.jpg,0.5955317,0.6449604
00023460.jpg,0.7618705,0.7939548
00044101.jpg,0.80892575,0.7700866
00027831.jpg,0.8364154,0.8562834
00011138.jpg,0.86302304,0.9169098
00045277.jpg,0.7617771,0.6141904
n09376198_21567.jpg,0.58398336,0.51724136
00041514.jpg,0.69545203,0.74085
00001619.jpg,0.79234695,0.8267096
00035814.jpg,0.72092587,0.7459496
00050410.jpg,0.7172374,0.7229878
00001277.jpg,0.8240493,0.884637
00014104.jpg,0.77527356,0.7964308
n07583197_4277.jpg,0.8235918,0.7755102
00018533.jpg,0.7988937,0.877429
00056708.jpg,0.76716864,0.7919384
00035436.jpg,0.5258596,0.42764
00030953.jpg,0.7538495,0.8577228
00015310.jpg,0.893594,0.8638226
00001378.jpg,0.71752346,0.9485078
00019359.jpg,0.70319414,0.7544346
00038973.jpg,0.75226724,0.7108764
00024336.jpg,0.75988686,0.8789182
00010391.jpg,0.75981724,0.6333272
00011804.jpg,0.7720741,0.7508132
00013144.jpg,0.8108992,0.898926
00048782.jpg,0.7992145,0.7881508
00011703.jpg,0.750514,0.763585
372644d098fe67ac.jpg,0.5430814,0.47107437
00011551.jpg,0.76512754,0.7449376
7faf6bfb7bc1487e.jpg,0.53927696,0.5882353
00033022.jpg,0.53795004,0.3502588
00017382.jpg,0.73469317,0.7842114
sun_aruondwdoqjktugy.jpg,0.5313002,0.43010753
00014888.jpg,0.7858589,0.9415976
00011445.jpg,0.73310614,0.6770622
00045148.jpg,0.77810466,0.8435736
00002800.jpg,0.64310086,0.7488298
00003028.jpg,0.77340996,0.7144324
00006086.jpg,0.8393982,0.8832972
e6293178deb32c89.jpg,0.73594993,0.9026549
00025715.jpg,0.65948313,0.5984402
00026528.jpg,0.801402,0.7607728
00004090.jpg,0.68574935,0.7832552
00032617.jpg,0.7889409,0.7170572
00019910.jpg,0.78655297,0.923912
00005430.jpg,0.6529582,0.6492416
00055362.jpg,0.7718604,0.8931006
n07711569_3584.jpg,0.75806594,0.8076923
00023360.jpg,0.7940248,0.7774894
00035680.jpg,0.58270276,0.5728942
00043472.jpg,0.8771645,0.8420292
00057596.jpg,0.7760638,0.6589268
00005516.jpg,0.63961816,0.533449
00049612.jpg,0.588098,0.675965
00030884.jpg,0.7611338,0.8125326
00056974.jpg,0.8681762,0.932563
00000338.jpg,0.6619564,0.7829816
00025902.jpg,0.83461773,0.8781492
00031406.jpg,0.7995604,0.7090468
00020061.jpg,0.80300206,0.8314272
00014241.jpg,0.6447607,0.6598336
00033144.jpg,0.8939946,0.9172196
00058354.jpg,0.65530354,0.6011732
00017905.jpg,0.77792555,0.8058384
00010591.jpg,0.8227819,0.8456038
00035766.jpg,0.7725775,0.842938
00047404.jpg,0.66954416,0.713696
00038936.jpg,0.837167,0.8142858
00010443.jpg,0.7545568,0.8087312
00013235.jpg,0.6537433,0.5910134
00026917.jpg,0.52338505,0.4375994
00003394.jpg,0.80312455,0.9165354
00039199.jpg,0.81433594,0.8839546
00043372.jpg,0.7326226,0.809005
00004731.jpg,0.8598665,1.0
000000289040.jpg,0.7637129,0.85470086
00023362.jpg,0.7278035,0.8676606
00029827.jpg,0.70509666,0.6994924
00018062.jpg,0.84634507,0.8520292
00012883.jpg,0.7071547,0.7693578
00014292.jpg,0.80781883,0.8848852
00031443.jpg,0.63205636,0.6250696
00053188.jpg,0.7239555,0.6830198
00014234.jpg,0.7664507,0.8427324
00058484.jpg,0.70116764,0.65651
00007265.jpg,0.7969679,0.8301952
00015236.jpg,0.6750622,0.7295952
00013531.jpg,0.75797105,0.7479366
00031875.jpg,0.5697874,0.5523798
00005032.jpg,0.79952097,0.743757
00012785.jpg,0.83140916,0.8996632
00005723.jpg,0.83458555,0.8437826
00032082.jpg,0.6393222,0.624297
00055340.jpg,0.73226535,0.7538912
00017105.jpg,0.7855662,0.7724786
00029901.jpg,0.7989969,0.7662412
00000028.jpg,0.76317716,0.7565704
00029995.jpg,0.9173546,0.8616542
00024826.jpg,0.71481526,0.7765236
00007816.jpg,0.70256174,0.788597
00027570.jpg,0.7179136,0.7542728
00045483.jpg,0.67073685,0.743227
00029447.jpg,0.81807965,0.865916
00035119.jpg,0.6804477,0.6568574
00008515.jpg,0.79381865,0.7659674
00011734.jpg,0.59905535,0.5383752
00015371.jpg,0.8372661,0.9320526
00041491.jpg,0.89063126,0.881029
00021415.jpg,0.853475,0.9206984
00030857.jpg,0.87233174,0.8554474
00057690.jpg,0.72484124,0.7068316
00045183.jpg,0.6760582,0.878649
00018205.jpg,0.82541704,0.8355662
00006242.jpg,0.835454,0.8754294
00034756.jpg,0.634549,0.5979608
00011826.jpg,0.7778296,0.7248642
00032021.jpg,0.7894658,0.7466666
00051605.jpg,0.7134969,0.6514582
00050175.jpg,0.81063217,0.8688338
00049819.jpg,0.8042482,0.8810032
00016939.jpg,0.89133215,0.9033382
00054971.jpg,0.7430159,0.6722776
00043576.jpg,0.8287728,0.8552426
00013296.jpg,0.641324,0.62881
00013371.jpg,0.6621676,0.6784808
00009387.jpg,0.803944,0.8596026
00001175.jpg,0.722192,0.7311524
00051571.jpg,0.7721358,0.8073068
00040764.jpg,0.76986724,0.8645534
00008593.jpg,0.77997404,0.8879428
00052884.jpg,0.8477879,0.8325804
00047574.jpg,0.7137531,0.7524054
n09288635_11539.jpg,0.6413328,0.5
00018742.jpg,0.90338755,0.8884894
00048699.jpg,0.8026052,0.8305634
00027576.jpg,0.84322524,0.81905
4504f990b3609149.jpg,0.7436677,0.81609195
00020725.jpg,0.68373513,0.6363394
00003544.jpg,0.77346784,0.8564032
00000034.jpg,0.76048565,0.8027716
00018330.jpg,0.7489729,0.7905106
00007521.jpg,0.85281473,0.922162
0c986f4c7d7610b3.jpg,0.7772601,0.7075472
00017868.jpg,0.72914624,0.6667198
00036600.jpg,0.7818596,0.8960194
00014029.jpg,0.7551551,0.8307782
00054382.jpg,0.75245345,0.8164854
00003896.jpg,0.7030355,0.7112902
00024091.jpg,0.78253853,0.573911
00051304.jpg,0.8270806,0.849076
000000375841.jpg,0.69797033,0.6666667
00026060.jpg,0.7831583,0.808677
00042499.jpg,0.7660108,0.7730148
00024217.jpg,0.75075024,0.7556744
00051608.jpg,0.6552308,0.653426
00024076.jpg,0.7513305,0.7869422
00040629.jpg,0.75807625,0.7911518
00046262.jpg,0.71954334,0.7758788
00016112.jpg,0.7059279,0.6278288
00047756.jpg,0.8054223,0.9124562
n02118333_12879.jpg,0.8999748,0.93877554
00038047.jpg,0.70654714,0.7194976
00030204.jpg,0.75984687,0.7613534
00055297.jpg,0.80979663,0.8817628
00024541.jpg,0.7405494,0.7718682
n04467665_4791.jpg,0.731326,0.71428573
00036070.jpg,0.65479183,0.6890772
00029408.jpg,0.78972155,0.8642088
000000045558.jpg,0.78495127,0.9347826
00041285.jpg,0.798754,0.8096166
00021986.jpg,0.7499026,0.761903
00044238.jpg,0.7600056,0.7695278
00003878.jpg,0.86923176,0.88725
00012682.jpg,0.76231724,0.7034686
00042115.jpg,0.7119702,0.7935238
00048879.jpg,0.5599308,0.6670766
n04465501_1672.jpg,0.73432744,0.83653843
00041049.jpg,0.7255557,0.7024748
n07838073_8810.jpg,0.86964446,0.8962264
n09376198_22644.jpg,0.6462992,0.45
00018578.jpg,0.804447,0.8546944
00011625.jpg,0.7758684,0.7608528
00030560.jpg,0.8420805,0.8546486
00006299.jpg,0.698426,0.7054258
00025631.jpg,0.7622999,0.6142088
00029720.jpg,0.7096487,0.6789676
000000332724.jpg,0.8939209,0.975
00010234.jpg,0.7497862,0.8194672
00007577.jpg,0.69478935,0.8277842
00001527.jpg,0.78550714,0.8224966
n09303008_20746.jpg,0.57855535,0.46078432
00007579.jpg,0.81083226,0.785635
00039514.jpg,0.7229004,0.6396404
00051649.jpg,0.7922728,0.8349878
00015744.jpg,0.6201196,0.659113
00004183.jpg,0.7004647,0.6507292
00039172.jpg,0.69465435,0.7456306
00035464.jpg,0.63823533,0.7279582
00019044.jpg,0.77898204,0.7687574
00008543.jpg,0.74036366,0.6229844
00015526.jpg,0.71092546,0.7616372
00054585.jpg,0.74789476,0.853219
00044489.jpg,0.7119577,0.7803008
00048234.jpg,0.6704438,0.49784
00012919.jpg,0.7128191,0.8583536
00010835.jpg,0.7911781,0.8061116
00024130.jpg,0.67455757,0.7908976
00002874.jpg,0.63948953,0.6103234
00007890.jpg,0.8353778,0.911598
000000067786.jpg,0.7758824,0.8202247
00016805.jpg,0.78034824,0.8432466
00042453.jpg,0.7083411,0.6700156
00012172.jpg,0.6211571,0.7185324
00019259.jpg,0.6297474,0.4530592
00038647.jpg,0.6534624,0.737187
00022898.jpg,0.8085934,0.8212238
00020929.jpg,0.8566525,0.9252724
dc64c9fa850fa7de.jpg,0.73321724,0.73333335
n09421951_12169.jpg,0.619882,0.7207207
00020169.jpg,0.5117957,0.4839928
00035304.jpg,0.7343035,0.843174
00055608.jpg,0.54698956,0.7176974
00048181.jpg,0.66798186,0.7517722
00018061.jpg,0.79312533,0.8100288
00000220.jpg,0.7555155,0.622754
00001536.jpg,0.78477633,0.879153
00040444.jpg,0.7931778,0.859067
00015295.jpg,0.58402675,0.4472166
00054489.jpg,0.6603075,0.775276
n07801508_11409.jpg,0.81877244,0.82828283
sun_amstctgduhgtglor.jpg,0.5915903,0.76
00029318.jpg,0.86536247,0.8917166
00047217.jpg,0.9192209,0.8319208
00006719.jpg,0.68883437,0.7617696
00001598.jpg,0.74671,0.5743808
00038186.jpg,0.63703513,0.725118
00054454.jpg,0.8489361,0.8115572
00042762.jpg,0.7423242,0.857465
00033598.jpg,0.87494695,0.883591
00007949.jpg,0.7563205,0.7838048
00046382.jpg,0.6375358,0.7921894
00002721.jpg,0.6644978,0.6651064
00014284.jpg,0.65978104,0.7169528
sun_actywkcnpzoailyv.jpg,0.5239123,0.46067417
00028622.jpg,0.8287097,0.8321308
00016594.jpg,0.7119527,0.71129
00058698.jpg,0.8540903,0.8884468
00021340.jpg,0.76227605,0.855113
00025573.jpg,0.7390004,0.8109952
00052631.jpg,0.8089528,0.808426
00058668.jpg,0.8001167,0.6845886
sun_azlynmqjfwjytkdv.jpg,0.7192773,0.7058824
00024467.jpg,0.7734462,0.6963744
00035244.jpg,0.7210605,0.816904
sun_aqydmedkuzlsybwd.jpg,0.6364947,0.68686867
00004514.jpg,0.8690867,0.9473868
00009534.jpg,0.79650956,0.7916658
00028395.jpg,0.53359556,0.696539
00046510.jpg,0.75822663,0.85074
00005124.jpg,0.7896015,0.831698
n07933274_30442.jpg,0.8272729,0.8021978
00047490.jpg,0.76995575,0.5697086
00023880.jpg,0.7893173,0.9066634
7374801616e3a84f.jpg,0.7996004,0.85714287
00006157.jpg,0.83114374,0.80371
00002285.jpg,0.7186712,0.7218176
ddba33eeca39c042.jpg,0.6632041,0.81914896
00000012.jpg,0.7727674,0.8243458
00006223.jpg,0.76587653,0.6528704
00020798.jpg,0.86310863,0.8893648
00058463.jpg,0.8520001,0.7306578
00026721.jpg,0.6714356,0.7202916
00007983.jpg,0.8588588,0.8453086
00017685.jpg,0.76841176,0.8418822
00033956.jpg,0.65892684,0.5986106
00015769.jpg,0.76261485,0.776286
00005349.jpg,0.6923023,0.6544162
00008349.jpg,0.5357133,0.5974952
00039251.jpg,0.75211865,0.833117
00004906.jpg,0.8221677,0.8558884
00006809.jpg,0.83764786,0.834063
n07880968_2003.jpg,0.78364694,0.875
00002999.jpg,0.6684266,0.7376872
00010654.jpg,0.7343738,0.8213636
00006529.jpg,0.84989715,0.8856168
00030637.jpg,0.7443516,0.7971952
n04461696_4037.jpg,0.7150721,0.7291667
00008852.jpg,0.61726797,0.640524
00024497.jpg,0.7469788,0.8158392
00018135.jpg,0.70584136,0.7267704
00001180.jpg,0.6613314,0.5759076
49127296f361b7e5.jpg,0.61234367,0.64893615
00019066.jpg,0.68979883,0.7076044
00040937.jpg,0.790676,0.7327892
n02924116_30299.jpg,0.8090962,0.8039216
00047134.jpg,0.6590007,0.4221836
00012805.jpg,0.7267753,0.9083876
00033615.jpg,0.8156899,0.7234454
00037423.jpg,0.7888214,0.7953618
00041266.jpg,0.8124455,0.87391
00010015.jpg,0.66105086,0.7020168
00018979.jpg,0.86252,0.845027
00046863.jpg,0.7126854,0.809447
00025029.jpg,0.8265788,0.915445
00037038.jpg,0.6258841,0.5544248
00014445.jpg,0.8669721,0.94778
n09308572_4442.jpg,0.73049796,0.77884614
00041626.jpg,0.7319301,0.6174674
271e335e2a64b273.jpg,0.6703586,0.6666667
00037041.jpg,0.58208776,0.666592
00010969.jpg,0.7361563,0.6175946
000000144694.jpg,0.74976003,0.8367347
00050264.jpg,0.9259786,0.9398996
00015650.jpg,0.91603774,0.8699198
00043049.jpg,0.7104601,0.653284
00017811.jpg,0.6836517,0.7686038
n04166281_11360.jpg,0.7825419,0.72727275
00047974.jpg,0.64364564,0.552473
00040919.jpg,0.7876683,0.5907174
00037417.jpg,0.625818,0.6945028
00046357.jpg,0.7755057,0.7692224
00032152.jpg,0.8109184,0.761039
00037183.jpg,0.7263828,0.698366
00039092.jpg,0.7527997,0.7110042
00050985.jpg,0.8634305,0.7799532
00037664.jpg,0.69251484,0.7773704
00008332.jpg,0.75296205,0.837918
00012908.jpg,0.7491333,0.8095018
00013765.jpg,0.6964519,0.766887
a284f227c612b0c8.jpg,0.72447705,0.57
00056698.jpg,0.8186386,0.868425
00022379.jpg,0.76638883,0.7494884
d6e62b9cdd80cc1b.jpg,0.54915655,0.49425286
00031319.jpg,0.7442741,0.8583762
00020648.jpg,0.733997,0.6904544
00010379.jpg,0.74667454,0.6586588
00014593.jpg,0.86697674,0.8345388
00026226.jpg,0.8070173,0.81987
00040193.jpg,0.64449215,0.6008238
00026254.jpg,0.8043124,0.9035482
00041380.jpg,0.74395716,0.799886
00044090.jpg,0.7204764,0.7811016
00047439.jpg,0.63037664,0.680899
00053011.jpg,0.5666852,0.6507616
00035178.jpg,0.5604058,0.5790886
n07850329_14077.jpg,0.80180395,0.89320385
00006002.jpg,0.7079474,0.658938
00052002.jpg,0.58783484,0.5930552
00007910.jpg,0.87258255,0.9601642
00056828.jpg,0.66953635,0.7674244
00047303.jpg,0.65293825,0.5854136
00036683.jpg,0.7729501,0.8367862
00010674.jpg,0.6395972,0.6062014
000000214489.jpg,0.7149936,0.56666666
00033649.jpg,0.66009134,0.7542866
00045076.jpg,0.71831906,0.8207912
00024782.jpg,0.62750727,0.4854452
00008482.jpg,0.7374693,0.5518986
00025013.jpg,0.73996294,0.9085476
n03791053_924.jpg,0.80484986,0.7619048
n02924116_28382.jpg,0.74198294,0.8240741
00033803.jpg,0.62065625,0.4470212
00033287.jpg,0.8173976,0.9475154
00042303.jpg,0.78848314,0.7182356
00014409.jpg,0.4819,0.5965482
n00464894_13058.jpg,0.7696499,0.85714287
00024003.jpg,0.63355756,0.638965
00012294.jpg,0.67610264,0.6816788
000000421535.jpg,0.71321374,0.8023256
000000333323.jpg,0.7792888,0.93
00025640.jpg,0.8486519,0.8951216
00041854.jpg,0.5301361,0.344322
00004902.jpg,0.7656409,0.7182884
00005897.jpg,0.84630513,0.8587016
00017841.jpg,0.7203074,0.8031298
00037449.jpg,0.62960684,0.6098316
00007213.jpg,0.8112143,0.6775596
000000016977.jpg,0.7251899,0.78333336
00036991.jpg,0.6901853,0.5921982
00047328.jpg,0.7365134,0.7660862
00058156.jpg,0.6313312,0.6248466
00023931.jpg,0.79695016,0.883513
00041485.jpg,0.7570605,0.818778
00004815.jpg,0.7566385,0.7514082
00026987.jpg,0.66686594,0.7369242
00004534.jpg,0.69581175,0.6723774
n04461696_3745.jpg,0.71794605,0.7604167
00043363.jpg,0.7192209,0.671491
n09376198_22167.jpg,0.61294895,0.5925926
n07690273_22163.jpg,0.8626418,0.8739496
00001599.jpg,0.86628366,0.8834098
n02934451_10876.jpg,0.6595829,0.53636366
00049717.jpg,0.6471224,0.7852828
00002641.jpg,0.766451,0.8388318
00057978.jpg,0.7798113,0.887526
00013249.jpg,0.7747114,0.8413158
00024007.jpg,0.82634556,0.7567498
00006448.jpg,0.77052075,0.7275958
00025805.jpg,0.6252033,0.6964468
00030497.jpg,0.7245011,0.764558
00036756.jpg,0.6395471,0.4657132
00006091.jpg,0.8564012,0.7447116
00022954.jpg,0.7056199,0.7230606
00052147.jpg,0.63458294,0.7353654
00029210.jpg,0.7392181,0.8476384
00027689.jpg,0.6688153,0.6291828
00012388.jpg,0.8110481,0.8834592
00008731.jpg,0.84409714,0.9318544
00055532.jpg,0.8320105,0.88702
000000392148.jpg,0.76378036,0.89320385
00056093.jpg,0.8068514,0.8945868
00049643.jpg,0.832456,0.845466
00009078.jpg,0.696425,0.7201564
00052696.jpg,0.78309286,0.7132106
00030293.jpg,0.5983025,0.5862822
00038603.jpg,0.7633846,0.6602154
00012569.jpg,0.6439922,0.5246682
00047424.jpg,0.7352622,0.8003908
00026416.jpg,0.7119493,0.7980124
00022927.jpg,0.8578373,0.7535576
00000910.jpg,0.7401338,0.741206
00025320.jpg,0.7512758,0.7241682
00027653.jpg,0.6901508,0.7021968
00032135.jpg,0.90394783,0.898654
00036219.jpg,0.6455993,0.7289348
00005136.jpg,0.7647865,0.643712
00029704.jpg,0.8378901,0.9407348
00046150.jpg,0.7634134,0.720186
00046403.jpg,0.68345356,0.7971582
00033362.jpg,0.76887894,0.6969792
00056316.jpg,0.63154244,0.7504666
f6aad81bc09dc659.jpg,0.7612424,0.84
00046023.jpg,0.6755135,0.68603
00010679.jpg,0.60392046,0.572667
00053570.jpg,0.7897496,0.780045
00024335.jpg,0.74362314,0.6758908
00043112.jpg,0.8443291,0.8548778
00039946.jpg,0.70851135,0.7119562
00012053.jpg,0.7996986,0.8140812
00012753.jpg,0.8140168,0.7953972
n09415671_15977.jpg,0.6468223,0.57731956
00032658.jpg,0.78552485,0.7264942
00021706.jpg,0.78360504,0.8298808
n09288635_4220.jpg,0.6554646,0.7032967
00027574.jpg,0.72545695,0.697968
00005015.jpg,0.64932024,0.5855946
00014582.jpg,0.69751436,0.689343
00005902.jpg,0.76321304,0.8262562
4d8d416b795f90cc.jpg,0.69131947,0.6952381
00026687.jpg,0.6494658,0.6525398
00043196.jpg,0.65310186,0.60352
00044095.jpg,0.70139915,0.7430852
00017734.jpg,0.790557,0.8336292
00046844.jpg,0.74372834,0.7719196
n03541923_1963.jpg,0.7221097,0.8125
00011186.jpg,0.8412744,0.939812
00000830.jpg,0.81404525,0.8771496
000000274203.jpg,0.7497319,0.79
00026834.jpg,0.75421876,0.7622994
00026746.jpg,0.6526074,0.6124568
00013725.jpg,0.7417598,0.6325576
00009714.jpg,0.799867,0.7788786
00027961.jpg,0.633472,0.7046746
00039073.jpg,0.77321786,0.765975
n07806221_24585.jpg,0.752406,0.78846157
00003429.jpg,0.75977814,0.6129918
00025558.jpg,0.8866397,0.8968242
00057866.jpg,0.7801819,0.8501444
00048999.jpg,0.65008295,0.7370308
00026317.jpg,0.5828513,0.6861908
00047733.jpg,0.62758327,0.7407566
00055044.jpg,0.76341736,0.7980864
000000056362.jpg,0.692979,0.68604654
n02793495_1647.jpg,0.59432745,0.63917524
n03594945_3598.jpg,0.8302376,0.787037
00032436.jpg,0.7285358,0.8199876
00057755.jpg,0.76671076,0.71139
00021233.jpg,0.78041166,0.7924736
00006123.jpg,0.7300838,0.9055646
00007302.jpg,0.7099343,0.7112282
n07711569_4097.jpg,0.8034047,0.9259259
00049096.jpg,0.7651409,0.7885674
00018351.jpg,0.81286937,0.8239094
00015406.jpg,0.65227866,0.562555
00004590.jpg,0.6949955,0.4761282
00017040.jpg,0.704779,0.8474896
00054452.jpg,0.63035095,0.6260338
n09376198_5439.jpg,0.6174073,0.61702126
00009669.jpg,0.75908965,0.6706552
00041181.jpg,0.7301848,0.608097
00055221.jpg,0.7829422,0.7958974
00026166.jpg,0.76219165,0.7728126
00045683.jpg,0.75663435,0.738387
00026504.jpg,0.73746455,0.6810106
00035312.jpg,0.7601546,0.6473842
00031238.jpg,0.7133186,0.952099
00037989.jpg,0.6212261,0.6402972
00025734.jpg,0.7834656,0.8748176
00007940.jpg,0.8654684,0.8244676
00041899.jpg,0.66305983,0.5489
n00439826_6314.jpg,0.7798766,0.7314815
00058491.jpg,0.7931598,0.8098338
000000505098.jpg,0.68167925,0.61702126
00048421.jpg,0.67814475,0.718467
00056736.jpg,0.6189544,0.651514
00000911.jpg,0.7089006,0.7440478
00005886.jpg,0.8302469,0.8355986
00052883.jpg,0.9150018,0.8647204
00043147.jpg,0.8992816,0.8766078
00002658.jpg,0.73329335,0.748155
00015073.jpg,0.6875142,0.7293738
00034803.jpg,0.58891654,0.4641664
00002610.jpg,0.8193866,0.7645204
00014802.jpg,0.7631943,0.8553326
00003581.jpg,0.6367636,0.6771036
00000634.jpg,0.5670381,0.4715686
00045082.jpg,0.7677046,0.8177544
00007104.jpg,0.7412905,0.8127942
00030738.jpg,0.7761096,0.8931994
n07690273_22075.jpg,0.85372937,0.8292683
00037063.jpg,0.6897942,0.7568974
00056566.jpg,0.7832101,0.837527
00052694.jpg,0.8183855,0.8972842
00018050.jpg,0.78721535,0.7378954
00021298.jpg,0.7523436,0.9086312
00018393.jpg,0.64219445,0.8053762
00016215.jpg,0.7725278,0.9403006
00024663.jpg,0.8292471,0.8557456
00056560.jpg,0.83104485,0.8193654
00027416.jpg,0.7952713,0.7670958
00008347.jpg,0.7094567,0.6684072
00017294.jpg,0.81524956,0.9146754
00041568.jpg,0.7377068,0.7355388
00047890.jpg,0.8178966,0.820198
00008609.jpg,0.608511,0.5731126
00015687.jpg,0.8460916,0.8810138
00016110.jpg,0.80530524,0.875929
00004807.jpg,0.7283063,0.4999296
00035682.jpg,0.6277748,0.54331
00026537.jpg,0.59887576,0.5630312
00006120.jpg,0.7888385,0.8412942
sun_bnwgrptznpkmyoll.jpg,0.5815649,0.7029703
00004632.jpg,0.6711328,0.748813
00031851.jpg,0.628087,0.6482596
00003612.jpg,0.72271985,0.860366
00036251.jpg,0.6381128,0.662131
000000563295.jpg,0.7200986,0.6039604
n07806221_24656.jpg,0.77094036,0.8369565
00015738.jpg,0.72776216,0.7168246
00037951.jpg,0.71116626,0.7880806
00042855.jpg,0.60487545,0.5122368
000000140360.jpg,0.80460095,0.8210526
00045724.jpg,0.76304346,0.6463558
00052917.jpg,0.93373203,0.9156362
00008141.jpg,0.59043497,0.4177742
00049680.jpg,0.84878147,0.8030088
n03594945_8913.jpg,0.77240866,0.85393256
00031886.jpg,0.60641587,0.7640746
00057193.jpg,0.79352576,0.7911698
00040517.jpg,0.71097755,0.6149176
00009568.jpg,0.7308289,0.8101282
00008159.jpg,0.8802317,0.8579266
00001690.jpg,0.72998977,0.6593672
00025759.jpg,0.70013934,0.6986412
00018264.jpg,0.64797914,0.5987642
00036917.jpg,0.56960285,0.6734088
00021086.jpg,0.82979244,0.871317
b3f716ade97c3333.jpg,0.80599326,0.8080808
4d2ee21bd1a76b75.jpg,0.80892813,0.86315787
00047487.jpg,0.65074706,0.7698796
00001709.jpg,0.73400295,0.8367672
00026247.jpg,0.7961488,0.7289808
00001671.jpg,0.74610037,0.6678572
00014058.jpg,0.74114335,0.8096002
00045002.jpg,0.65606815,0.6754608
00021761.jpg,0.71284133,0.7623826
n07693725_3258.jpg,0.87553406,0.90217394
000000058713.jpg,0.749425,0.84158415
00039423.jpg,0.7763125,0.7438262
00018174.jpg,0.80657923,0.8770342
00054626.jpg,0.6933522,0.653997
00007292.jpg,0.78033185,0.7480188
00002369.jpg,0.8089963,0.864193
00013432.jpg,0.9200566,0.8709348
00028229.jpg,0.7084526,0.604195
n00480993_10842.jpg,0.7576322,0.7529412
00002532.jpg,0.78409046,0.7182306
0543f1b76e391db9.jpg,0.8317342,0.6554622
00029814.jpg,0.66102755,0.7957414
00017266.jpg,0.566417,0.5360446
f66e57fa9da8361e.jpg,0.8131283,0.875
00054537.jpg,0.73134565,0.735312
00025603.jpg,0.8857479,0.781659
00008464.jpg,0.76793015,0.7184944
00050578.jpg,0.5776051,0.7312842
00057458.jpg,0.7838752,0.830339
00050431.jpg,0.73846817,0.683013
00023935.jpg,0.67702675,0.7823596
00052600.jpg,0.62294996,0.6908996
00021135.jpg,0.92877847,0.9597374
00040928.jpg,0.77357733,0.681903
00055384.jpg,0.94406205,0.755391
00057695.jpg,0.60505116,0.5975002
00021919.jpg,0.7363016,0.7903548
00014133.jpg,0.6954537,0.6357446
00038776.jpg,0.7872834,0.8504326
00035221.jpg,0.6336281,0.6263016
00003645.jpg,0.8269147,0.9450452
00016151.jpg,0.85332876,0.8987452
00014432.jpg,0.8029399,0.7362778
00038408.jpg,0.7868806,0.9214656
00036931.jpg,0.7422071,0.8972454
00014784.jpg,0.62881964,0.6032868
n02129165_22929.jpg,0.8119587,0.7256637
00032402.jpg,0.77544755,0.8215158
00015096.jpg,0.5574671,0.6932018
00040182.jpg,0.71943617,0.7755478
00026932.jpg,0.81815875,0.8716054
00047986.jpg,0.78033024,0.647876
00049164.jpg,0.86960536,0.9138176
00035302.jpg,0.7093366,0.7286858
00017182.jpg,0.79065776,0.8290064
n09468604_15728.jpg,0.58541983,0.65555555
00020656.jpg,0.7806262,0.8173996
00027147.jpg,0.78477937,0.7927298
00044457.jpg,0.7343872,0.6940558
n07880968_6446.jpg,0.81434214,0.9583333
00012251.jpg,0.7020136,0.612704
00013187.jpg,0.6327124,0.7435684
00009129.jpg,0.7875309,0.7446268
332e01ea060bdb88.jpg,0.86018896,0.81914896
00034702.jpg,0.85505366,0.921828
00026560.jpg,0.6683154,0.7449188
00025779.jpg,0.7902563,0.7101292
00053232.jpg,0.78740096,0.7162858
00026106.jpg,0.7609842,0.8503304
00008006.jpg,0.85866356,0.9089698
cc1482ab9b518746.jpg,0.8124629,0.8039216
00042717.jpg,0.79633844,0.8964438
00021183.jpg,0.7594298,0.7421982
00031849.jpg,0.8620241,0.8387442
00002887.jpg,0.7785326,0.7396904
00029770.jpg,0.81184494,0.7843366
n07880968_4577.jpg,0.8247422,0.82608694
00009993.jpg,0.59988296,0.611997
00030668.jpg,0.6555318,0.6810934
00015930.jpg,0.5826099,0.608829
00043572.jpg,0.72291285,0.7957424
000000002258.jpg,0.79150295,0.68686867
00007419.jpg,0.73622286,0.8752124
00022559.jpg,0.8629271,0.9239558
n02332755_9646.jpg,0.81339586,0.8301887
00020536.jpg,0.78358835,0.798664
00043845.jpg,0.7900189,0.8422152
00011801.jpg,0.6022762,0.5334612
00038121.jpg,0.71015024,0.6945876
00041312.jpg,0.7405268,0.681267
00029197.jpg,0.848807,0.7666888
00012493.jpg,0.8455214,0.7954994
00039807.jpg,0.74769825,0.8817076
00038196.jpg,0.70987636,0.671651
00022698.jpg,0.769981,0.8104238
00007021.jpg,0.52918327,0.5801588
00051579.jpg,0.81190354,0.777436
00006162.jpg,0.7542358,0.7025538
00038331.jpg,0.5349996,0.6366608
00050240.jpg,0.75675,0.8069598
00017908.jpg,0.6417462,0.8203194
00021852.jpg,0.6224858,0.6949592
00007897.jpg,0.6795675,0.7537454
00051078.jpg,0.77906775,0.819028
00002976.jpg,0.7341334,0.7389706
00019209.jpg,0.5553855,0.4404274
00003873.jpg,0.6873493,0.6570118
00049685.jpg,0.80530226,0.9158374
00005621.jpg,0.88454056,0.8725338
00026420.jpg,0.8214997,0.8603776
00037659.jpg,0.61403525,0.557503
fc19beae7ab242a5.jpg,0.617951,0.7111111
00025681.jpg,0.82696927,0.822924
00005937.jpg,0.91826606,0.9073908
00003205.jpg,0.7194519,0.7166228
00006482.jpg,0.8035812,0.8602108
00009544.jpg,0.5999663,0.561823
00011412.jpg,0.55353785,0.5435448
sun_anqplteihhyjtglu.jpg,0.585171,0.3627451
00038638.jpg,0.6645791,0.675873
n07863374_18258.jpg,0.78644645,0.7692308
00017850.jpg,0.80015016,0.7468518
00045413.jpg,0.6786816,0.550699
00029977.jpg,0.8637195,0.831969
00049678.jpg,0.87077385,0.9135086
00054432.jpg,0.8234649,0.8027594
00022135.jpg,0.81508404,0.6639068
00012680.jpg,0.8009434,0.819916
00031437.jpg,0.7558912,0.538762
00035732.jpg,0.62481135,0.6254918
00037338.jpg,0.62569773,0.6080042
00046723.jpg,0.8114352,0.9104754
00053371.jpg,0.70556164,0.777562
00031236.jpg,0.760615,0.8484358
00029513.jpg,0.5649124,0.6281382
00033183.jpg,0.54853654,0.6105518
000000396400.jpg,0.7457194,0.8039216
00001712.jpg,0.87941736,0.8478532
00047090.jpg,0.7679954,0.8643822
00003418.jpg,0.6816737,0.633874
00058197.jpg,0.78108954,0.7787484
00025302.jpg,0.7211301,0.7825538
00056569.jpg,0.7638819,0.8228878
00014440.jpg,0.86995876,0.8841462
00017896.jpg,0.63275707,0.7400108
00053278.jpg,0.8412045,0.8692724
00019240.jpg,0.7869822,0.8384422
00007056.jpg,0.6407919,0.8110952
00001634.jpg,0.743346,0.6261258
00012849.jpg,0.82630765,0.9298128
00002424.jpg,0.89098,0.8984442
00052642.jpg,0.824831,0.7742132
00020123.jpg,0.7281765,0.8763958
00046992.jpg,0.72255147,0.7135596
00013641.jpg,0.684731,0.7903254
00018411.jpg,0.87722766,0.921475
00054080.jpg,0.6240113,0.6375358
00049314.jpg,0.8657039,0.8423614
00049338.jpg,0.86825144,0.9449816
00036629.jpg,0.6132417,0.6908234
00004494.jpg,0.8967399,0.849146
00040470.jpg,0.7505523,0.6739616
00048749.jpg,0.6594522,0.7873348
n03512147_6294.jpg,0.7619567,0.75630254
00055458.jpg,0.7612226,0.8230992
00034370.jpg,0.88664556,0.8870044
00054023.jpg,0.7676059,0.8020318
000000452454.jpg,0.7408429,0.74157304
00042986.jpg,0.7914262,0.663045
00031749.jpg,0.77784884,0.8506582
00047327.jpg,0.83620894,0.8884028
00002381.jpg,0.9260895,0.9448832
00013981.jpg,0.6237446,0.7080676
00049723.jpg,0.7755141,0.8067618
00051807.jpg,0.6095206,0.6060006
n00480993_10142.jpg,0.789889,0.8333333
00047683.jpg,0.74067086,0.8164144
00040056.jpg,0.63473547,0.588883
00008879.jpg,0.6422359,0.6889788
00041810.jpg,0.75283533,0.7332696
00002183.jpg,0.7700205,0.7426676
00018321.jpg,0.67228955,0.5932924
n03594945_10851.jpg,0.7285791,0.9111111
00046134.jpg,0.735807,0.7989534
000000428457.jpg,0.67867494,0.71568626
00043403.jpg,0.8197633,0.7606056
n07863374_16261.jpg,0.8061504,0.8842105
00022161.jpg,0.6581047,0.68524
2772b500dcbde21d.jpg,0.8856488,0.86585367
00037933.jpg,0.51008385,0.5160928
00025644.jpg,0.8162758,0.9135702
n03512147_5093.jpg,0.7710001,0.8217822
n07806221_24706.jpg,0.72599024,0.72897196
00038902.jpg,0.8299289,0.8562618
00006421.jpg,0.79758346,0.6567516
00022914.jpg,0.63494045,0.6387712
00024145.jpg,0.77224654,0.912302
00045638.jpg,0.7094769,0.7620836
00003708.jpg,0.7023375,0.544641
00030063.jpg,0.7516695,0.7706174
00009502.jpg,0.8325289,0.9186724
00014783.jpg,0.6929134,0.7588032
00027100.jpg,0.65914035,0.6301576
00038336.jpg,0.5894492,0.4164664
00047763.jpg,0.66555727,0.595084
00026929.jpg,0.7935115,0.7813858
00007175.jpg,0.6013075,0.723788
00004117.jpg,0.65486467,0.6935132
00014589.jpg,0.6602591,0.6318996
00034130.jpg,0.63149244,0.4143384
00056417.jpg,0.70761865,0.5704256
00002401.jpg,0.7884583,0.8552168
00055204.jpg,0.8362216,0.871619
n03351262_2268.jpg,0.6194067,0.7830189
00035000.jpg,0.6274797,0.7069504
00005135.jpg,0.8150173,0.890975
00029880.jpg,0.7945777,0.8696034
n02878222_16377.jpg,0.57192767,0.53763443
00032389.jpg,0.826315,0.9255226
00052044.jpg,0.7697194,0.855986
00032642.jpg,0.75211585,0.7317852
00044834.jpg,0.6589472,0.6428266
00041455.jpg,0.78615034,0.7870056
000000385881.jpg,0.7123972,0.8041237
00025937.jpg,0.8169632,0.8690274
00056970.jpg,0.77226233,0.7808574
00045049.jpg,0.72789705,0.8774668
00055548.jpg,0.78715986,0.7480354
00008208.jpg,0.7798939,0.7782882
00049268.jpg,0.6936257,0.6550406
00046280.jpg,0.66113406,0.8326456
00028937.jpg,0.8586609,0.793829
00013879.jpg,0.7617911,0.8192318
00012710.jpg,0.5424813,0.6021646
00057617.jpg,0.5719337,0.5429768
00022101.jpg,0.7294525,0.819983
00050602.jpg,0.8096551,0.8697432
00024996.jpg,0.7884485,0.895367
00000431.jpg,0.6589722,0.7220124
00020909.jpg,0.74385256,0.8765378
00001119.jpg,0.6877323,0.6718644
00006885.jpg,0.71451813,0.8345986
00058740.jpg,0.7291152,0.691634
00001859.jpg,0.84806836,0.8674022
00021240.jpg,0.74724627,0.8566344
00008296.jpg,0.89123297,0.9475072
00008674.jpg,0.74832404,0.6609454
00042206.jpg,0.84733784,0.8780542
00015302.jpg,0.8496437,0.830108
00003311.jpg,0.7375354,0.8216336
00024726.jpg,0.80146164,0.7309632
00021463.jpg,0.8344022,0.7632922
00006826.jpg,0.68827176,0.6062328
00045949.jpg,0.6057512,0.577144
00025403.jpg,0.8091402,0.844996
00018338.jpg,0.8119131,0.7934378
00019765.jpg,0.66658294,0.805861
00034195.jpg,0.5608,0.6457804
00002423.jpg,0.79261976,0.745983
00027494.jpg,0.7978551,0.747538
00035918.jpg,0.64204574,0.6158184
00045718.jpg,0.8314797,0.8573436
00043295.jpg,0.81859934,0.8005422
00052537.jpg,0.7074037,0.6551024
00025761.jpg,0.6511723,0.5649888
00025549.jpg,0.7020278,0.637263
00024961.jpg,0.8292028,0.7984778
00049449.jpg,0.78702587,0.827234
00030291.jpg,0.8401603,0.8424802
00033796.jpg,0.5644352,0.6495818
00040185.jpg,0.62403363,0.6932954
00009055.jpg,0.7061583,0.7959324
00033575.jpg,0.8507334,0.846175
n09308572_4058.jpg,0.59873354,0.41111112
n02793495_8638.jpg,0.6497473,0.6813187
n09376198_20425.jpg,0.6322961,0.57
00010786.jpg,0.71693206,0.6341748
00013488.jpg,0.6806052,0.752213
00003320.jpg,0.7773479,0.822315
00029503.jpg,0.8137238,0.7350418
00048602.jpg,0.7696122,0.7589488
00010082.jpg,0.601991,0.5186472
00056976.jpg,0.72396624,0.6481512
00050981.jpg,0.8645425,0.8583448
00033846.jpg,0.7369296,0.799333
00052746.jpg,0.6834207,0.6333258
00057945.jpg,0.79176664,0.7904268
00011225.jpg,0.6403295,0.7807918
00047800.jpg,0.84998006,0.951372
00015170.jpg,0.7847365,0.8187966
00022859.jpg,0.767227,0.7554018
00018896.jpg,0.8556292,0.926884
00006422.jpg,0.8729665,0.8710432
00022006.jpg,0.78346527,0.900401
00057764.jpg,0.5903753,0.5401658
00002816.jpg,0.8705832,0.954678
n07849336_22239.jpg,0.825756,0.85106385
00006852.jpg,0.8357265,0.9066724
00045341.jpg,0.73353744,0.7159762
00005350.jpg,0.8677446,0.9237016
00021880.jpg,0.7947698,0.7884616
00013426.jpg,0.9362216,0.8001192
00023033.jpg,0.64391506,0.7179146
n02132136_11173.jpg,0.81816965,0.745283
00003721.jpg,0.8161895,0.9351876
00048141.jpg,0.6862155,0.6756306
00031343.jpg,0.7913985,0.810083
00055472.jpg,0.7193388,0.7160118
00054106.jpg,0.86862594,0.8487588
00039028.jpg,0.75551844,0.7054724
00049005.jpg,0.7539588,0.6448372
000000220382.jpg,0.75590605,0.75961536
n07717556_3538.jpg,0.8811507,0.9222222
00004197.jpg,0.8325771,0.8467128
00017921.jpg,0.7722117,0.8982774
00043930.jpg,0.7853377,0.8443152
00038422.jpg,0.64293456,0.7197826
00030397.jpg,0.79007965,0.7549788
00015101.jpg,0.7952128,0.8665322
00047479.jpg,0.7664722,0.7997348
00031586.jpg,0.79541814,0.913519
n02946348_4343.jpg,0.7756247,0.73493975
00040389.jpg,0.64458346,0.8090922
00033766.jpg,0.6748465,0.5324478
n02342885_727.jpg,0.86922264,0.8952381
00009135.jpg,0.6529128,0.5458696
00027902.jpg,0.7812191,0.762807
000000281080.jpg,0.74801254,0.8
00006377.jpg,0.8659421,0.9378678
00020567.jpg,0.74937356,0.8430696
00046850.jpg,0.7084783,0.5851648
00039195.jpg,0.6756933,0.710105
00036732.jpg,0.73981977,0.674557
00055342.jpg,0.7883583,0.8959772
00051677.jpg,0.7337673,0.751622
00046612.jpg,0.74081516,0.6028492
n02932891_10282.jpg,0.631373,0.6698113
000000111598.jpg,0.72582555,0.83495146
00035424.jpg,0.65502805,0.6156498
00054731.jpg,0.8387361,0.8246678
00058432.jpg,0.8168502,0.926867
00035322.jpg,0.7178564,0.9298404
00053685.jpg,0.71009904,0.6149284
00057248.jpg,0.7832641,0.84924
000000022983.jpg,0.78321505,0.65
sun_aaylzyqlqrsmfwif.jpg,0.82439077,0.8981481
00030601.jpg,0.69486856,0.7403488
00013283.jpg,0.5934374,0.5841654
00025066.jpg,0.86503935,0.854013
00020495.jpg,0.82315564,0.7850328
00038482.jpg,0.6783682,0.7079588
n07717556_1761.jpg,0.84202653,0.8979592
00048862.jpg,0.8320583,0.9275466
00023443.jpg,0.81836295,0.8334062
00005705.jpg,0.74885297,0.853654
00017532.jpg,0.6074232,0.692409
00002360.jpg,0.80289894,0.8333628
00057888.jpg,0.658049,0.797268
00054988.jpg,0.8832973,0.9734086
00046573.jpg,0.8129635,0.8796138
00056670.jpg,0.912373,0.9001362
00007757.jpg,0.75417817,0.6668768
00000323.jpg,0.76112354,0.8440168
00019421.jpg,0.6789005,0.6463954
00038772.jpg,0.67699987,0.59446
00041558.jpg,0.7545527,0.8407096
00041069.jpg,0.77278197,0.8639982
n03670208_1953.jpg,0.7504628,0.75555557
00025601.jpg,0.65831184,0.7861032
n04335435_10726.jpg,0.77019584,0.7920792
00020596.jpg,0.74393666,0.8516362
00036298.jpg,0.65654236,0.5491188
00008935.jpg,0.8163246,0.8380396
00038085.jpg,0.66763926,0.6383256
00019142.jpg,0.76714325,0.8753866
000000409841.jpg,0.7406107,0.8019802
00013904.jpg,0.8388557,0.8506338
00019633.jpg,0.8655598,0.898636
00056865.jpg,0.87540686,0.9563982
00012615.jpg,0.5786075,0.4214478
00015072.jpg,0.7941519,0.812961
00058188.jpg,0.800431,0.7904562
n03512147_211.jpg,0.78054965,0.6851852
00057343.jpg,0.64991134,0.5918222
00055891.jpg,0.8564476,0.9493008
00027451.jpg,0.76160234,0.7112474
00013730.jpg,0.84702075,0.8309798
00039086.jpg,0.74734783,0.7927272
00015879.jpg,0.7738132,0.826925
00000410.jpg,0.7519047,0.8431656
00011396.jpg,0.7025622,0.7670614
00024760.jpg,0.62032735,0.4605672
00042635.jpg,0.7265101,0.765374
00004242.jpg,0.86450106,0.8800614
00054495.jpg,0.7844111,0.691937
00025731.jpg,0.8779651,0.8586594
n07911677_2324.jpg,0.79175824,0.77678573
00056339.jpg,0.7888962,0.8730848
00024391.jpg,0.59951735,0.6427442
00028508.jpg,0.70609313,0.8667298
00046204.jpg,0.70664966,0.6276968
00004129.jpg,0.8057948,0.8884056
00052451.jpg,0.8490855,0.8185704
00045067.jpg,0.62649465,0.8765688
00048971.jpg,0.82538533,0.8184414
00041322.jpg,0.66446584,0.607455
n02396427_22716.jpg,0.83737755,0.872549
00006512.jpg,0.7975822,0.9663766
00057159.jpg,0.74521726,0.866636
00050667.jpg,0.75904644,0.7108156
00013685.jpg,0.8230172,0.8950922
00009819.jpg,0.74536437,0.8056784
00026676.jpg,0.86053014,0.906458
00037730.jpg,0.5923221,0.62981
00016945.jpg,0.8323908,0.8375332
00028814.jpg,0.7778475,0.7761496
n02129165_6283.jpg,0.873657,0.88785046
00023653.jpg,0.89948165,0.903359
00040825.jpg,0.7006806,0.7385398
00057194.jpg,0.53243864,0.6181118
00047853.jpg,0.7319497,0.8193124
00051961.jpg,0.8033508,0.8603818
00052024.jpg,0.62188,0.6279394
00026977.jpg,0.7783599,0.7694272
000000260513.jpg,0.7021526,0.8586956
00000703.jpg,0.8141719,0.8040276
00009837.jpg,0.81467164,0.7843058
00053746.jpg,0.79378283,0.8523858
00043840.jpg,0.792092,0.8963466
00034330.jpg,0.6015199,0.6370992
00004152.jpg,0.8890023,0.8749026
n02324045_1807.jpg,0.7746734,0.7927928
00010898.jpg,0.7130042,0.616882
00020688.jpg,0.77287275,0.7789804
00031769.jpg,0.79350924,0.9106938
00013349.jpg,0.72415715,0.8564322
00029743.jpg,0.7524937,0.7265362
00007029.jpg,0.66797394,0.5939396
00042959.jpg,0.8449279,0.8875482
n01846331_10215.jpg,0.7705407,0.77884614
00044943.jpg,0.7120345,0.8132914
00039359.jpg,0.7228092,0.668728
00025894.jpg,0.8348979,0.8667394
n03594945_13500.jpg,0.8273726,0.8736842
00016907.jpg,0.63187575,0.575591
00017232.jpg,0.6776713,0.6978194
00029861.jpg,0.69560874,0.7757576
00029097.jpg,0.73636353,0.771708
00043324.jpg,0.8262441,0.908417
00035518.jpg,0.5311348,0.6171224
00053692.jpg,0.6319709,0.5312684
00021870.jpg,0.70552564,0.8021358
00018654.jpg,0.7315448,0.7546844
000000388486.jpg,0.72005916,0.83157897
00002159.jpg,0.558531,0.5012016
00007974.jpg,0.7846719,0.9057404
00001472.jpg,0.8522866,0.8495368
00024905.jpg,0.6589004,0.689128
00003031.jpg,0.88939714,0.926767
00000660.jpg,0.5900734,0.4808362
00022555.jpg,0.8151223,0.8252564
n09376198_18482.jpg,0.6312904,0.5043478
00010597.jpg,0.73703825,0.8357042
00010712.jpg,0.8164666,0.834903
00056416.jpg,0.7891074,0.7288936
00029120.jpg,0.84936893,0.885888
00043107.jpg,0.72560906,0.7263004
00005800.jpg,0.5967094,0.5762052
00056284.jpg,0.5426526,0.5514788
00009447.jpg,0.63109374,0.458561
00054215.jpg,0.64894783,0.7821732
00006148.jpg,0.7186127,0.8972598
00046078.jpg,0.6997332,0.8365618
00024300.jpg,0.8177337,0.8421342
00045525.jpg,0.7114954,0.812784
00041017.jpg,0.6662229,0.7606148
n07933274_33960.jpg,0.82928,0.8035714
00033897.jpg,0.79546034,0.817749
00012091.jpg,0.87332034,0.8559608
00002397.jpg,0.72388923,0.8666006
00033344.jpg,0.69314194,0.762786
00041926.jpg,0.68302315,0.7162598
00000206.jpg,0.63254714,0.4589062
00011202.jpg,0.61031735,0.5010504
00000740.jpg,0.68023574,0.607104
00023558.jpg,0.800895,0.7940442
00045129.jpg,0.8159717,0.7891646
00023433.jpg,0.5709504,0.5345446
00029533.jpg,0.7202672,0.8979532
00054494.jpg,0.7239243,0.8541026
00007478.jpg,0.86456233,0.8893654
00033251.jpg,0.8137255,0.8069408
00050994.jpg,0.8127618,0.8688746
00013424.jpg,0.8569819,0.9115746
00005633.jpg,0.79813296,0.8260302
00040799.jpg,0.67090756,0.7509558
00040005.jpg,0.77375484,0.7650816
00038908.jpg,0.79381126,0.7899154
00029857.jpg,0.6613046,0.7154908
00026419.jpg,0.7165276,0.6429746
sun_arfrufgmpfifbxbm.jpg,0.6418563,0.64646465
n09472597_40484.jpg,0.5716791,0.29411766
00044209.jpg,0.794806,0.859912
00005437.jpg,0.8283219,0.8968778
00039103.jpg,0.62141806,0.437459
dda166bd5f1b2fd4.jpg,0.69249916,0.5673077
48e5771d92691ae3.jpg,0.57670397,0.52873564
00013186.jpg,0.73756033,0.617981
00032501.jpg,0.7523414,0.7174146
00050658.jpg,0.83762497,0.860579
00022104.jpg,0.73095644,0.7661974
00056011.jpg,0.72629845,0.7154376
00010453.jpg,0.76470053,0.8308788
00041911.jpg,0.7073767,0.718343
n01811909_4219.jpg,0.7948812,0.627451
00028563.jpg,0.76280695,0.773119
00014670.jpg,0.80207926,0.8977788
00050034.jpg,0.8273329,0.8469784
00054050.jpg,0.7588005,0.7900178
00041628.jpg,0.7429448,0.714539
00020468.jpg,0.79584235,0.73305
00003779.jpg,0.6545875,0.6672908
00004355.jpg,0.675648,0.678049
00028781.jpg,0.76742494,0.8042436
n04335435_3353.jpg,0.7393124,0.6513761
00016842.jpg,0.74630386,0.7515968
00034016.jpg,0.7837669,0.8304604
00042513.jpg,0.8372407,0.8689404
00028618.jpg,0.7994251,0.9064618
n02932891_20139.jpg,0.71582425,0.6741573
00052753.jpg,0.6984093,0.6513244
00004078.jpg,0.813176,0.908492
00021818.jpg,0.7324614,0.7149404
00024851.jpg,0.66708624,0.8214212
00003158.jpg,0.80157554,0.9250902
00053730.jpg,0.88638127,0.9190454
00024471.jpg,0.7916427,0.785763
00046468.jpg,0.80737936,0.8991118
00032143.jpg,0.8457449,0.929919
00056206.jpg,0.85422456,0.9168184
00016979.jpg,0.79796875,0.8009472
00021143.jpg,0.7207418,0.618596
000000455108.jpg,0.7264753,0.85470086
00047513.jpg,0.7414298,0.788262
00038388.jpg,0.6158727,0.5563366
00057838.jpg,0.84864295,0.7662774
00052584.jpg,0.8523083,0.823405
00058676.jpg,0.7498585,0.9301048
00048415.jpg,0.7040381,0.8002022
00032942.jpg,0.85721225,0.8551576
00041754.jpg,0.64846087,0.7149624
00055429.jpg,0.8046471,0.878939
00039787.jpg,0.7499119,0.8568668
00006786.jpg,0.85335755,0.8991054
n02355227_14441.jpg,0.84852934,0.8888889
00017174.jpg,0.69297373,0.7692568
00044841.jpg,0.6234145,0.7074424
00036310.jpg,0.66961473,0.6916914
00026068.jpg,0.8103838,0.6617738
00046463.jpg,0.7832842,0.729049
00005114.jpg,0.7372691,0.765396
00016481.jpg,0.7890847,0.7951204
00029166.jpg,0.7841676,0.831243
00045007.jpg,0.8316008,0.8759928
00009396.jpg,0.68170047,0.7143764
000000226498.jpg,0.6356566,0.6761905
00051577.jpg,0.8456985,0.8249452
00048531.jpg,0.71142054,0.7419756
00029954.jpg,0.7417376,0.5986494
n03594945_183.jpg,0.78846157,0.85087717
00033385.jpg,0.7576021,0.837983
00026451.jpg,0.85144484,0.8818006
00041720.jpg,0.7044539,0.6860312
00043338.jpg,0.8192003,0.857859
00025897.jpg,0.6959154,0.6799816
000000427763.jpg,0.5410876,0.4059406
00004709.jpg,0.80521256,0.7729862
00033432.jpg,0.83769983,0.8500806
n09428293_47263.jpg,0.5708107,0.6875
n07717556_1822.jpg,0.8540423,0.8556701
00028837.jpg,0.7507337,0.8179264
00010222.jpg,0.83356357,0.728507
00054763.jpg,0.9207699,0.9818088
00019556.jpg,0.7882049,0.8072204
00050815.jpg,0.83364886,0.7557948
00056205.jpg,0.7826417,0.805257
00003754.jpg,0.69877386,0.7265068
c94d77cbfa784521.jpg,0.8180401,0.9029126
00021653.jpg,0.82521486,0.901698
00023317.jpg,0.744099,0.9147476
00026671.jpg,0.84318393,0.899704
00010109.jpg,0.7354852,0.8117798
00018973.jpg,0.8803063,0.8112608
00047128.jpg,0.7691971,0.7787768
00049525.jpg,0.77466166,0.8622544
00038123.jpg,0.5689707,0.6182616
00049077.jpg,0.791145,0.7541932
00021346.jpg,0.7768016,0.829432
00036279.jpg,0.6630457,0.5661428
00041471.jpg,0.8378154,0.9239634
00010638.jpg,0.8280219,0.8225554
00013029.jpg,0.7125814,0.7867612
n02934451_17629.jpg,0.691459,0.76404494
n04467665_50806.jpg,0.68841326,0.6886792
00056410.jpg,0.73249817,0.7884262
00039358.jpg,0.6900073,0.6908168
00003338.jpg,0.66153634,0.625593
00030718.jpg,0.6139806,0.4950386
00039986.jpg,0.7109334,0.8415936
00032146.jpg,0.78814876,0.860719
n09421951_11637.jpg,0.59993607,0.48979592
n02878222_30942.jpg,0.73342854,0.7070707
00041213.jpg,0.8175712,0.7436384
n03541923_3937.jpg,0.7615284,0.8
00038095.jpg,0.6211945,0.4349278
00009843.jpg,0.7788769,0.6854656
00053870.jpg,0.57971346,0.7636538
sun_avcyiiwxyeuumvvm.jpg,0.56149745,0.4489796
00052909.jpg,0.775058,0.9556738
00028903.jpg,0.88160115,0.9011742
00030195.jpg,0.77760017,0.8785004
n09270735_12116.jpg,0.782174,0.69902915
00029810.jpg,0.7568993,0.7284482
00038319.jpg,0.7017939,0.7041776
00007847.jpg,0.6798129,0.6453128
00005020.jpg,0.86452043,0.8964858
00020424.jpg,0.6088819,0.7086998
00035842.jpg,0.65718174,0.6920138
00009908.jpg,0.90843976,0.8526842
00005770.jpg,0.86708695,0.893505
00001892.jpg,0.737289,0.841214
00020253.jpg,0.7403064,0.8622808
00047849.jpg,0.69818056,0.6920886
00014883.jpg,0.8199711,0.736389
00048770.jpg,0.66413444,0.7912946
00030564.jpg,0.61683536,0.5528392
00046720.jpg,0.7157156,0.717907
00041210.jpg,0.7206824,0.788266
00050522.jpg,0.81653917,0.8619672
00038535.jpg,0.7301744,0.7413288
00015175.jpg,0.73762536,0.7750818
00026588.jpg,0.6981078,0.8245744
00011820.jpg,0.7622067,0.5808238
00031225.jpg,0.7523215,0.8457508
00026256.jpg,0.66287684,0.484238
00024883.jpg,0.7354385,0.6243996
00028877.jpg,0.79596937,0.6451488
00058247.jpg,0.89358974,0.9675308
00025328.jpg,0.72659093,0.6613012
00010501.jpg,0.80149066,0.761325
00028812.jpg,0.7055999,0.7090134
000000299734.jpg,0.7588437,0.8791209
00022687.jpg,0.59831864,0.5145672
00004127.jpg,0.8531067,0.7032444
n09359803_38300.jpg,0.5374694,0.41666666
00035083.jpg,0.5956705,0.4642924
00024095.jpg,0.686289,0.7276454
00017844.jpg,0.83781475,0.8573892
00048493.jpg,0.6788761,0.715483
00014422.jpg,0.73604655,0.6819114
00026264.jpg,0.6627588,0.8374694
00007761.jpg,0.6131929,0.7213208
00047604.jpg,0.7994955,0.9618798
00010450.jpg,0.78524786,0.781427
00020721.jpg,0.59833074,0.50981
n07716358_1006.jpg,0.93783414,0.90384614
00020614.jpg,0.7732692,0.6676662
00051415.jpg,0.8731028,0.8418246
00009189.jpg,0.7768642,0.8080266
00030563.jpg,0.8565603,0.9605514
00030354.jpg,0.730132,0.7503958
00056848.jpg,0.9036934,0.8900838
00025268.jpg,0.723477,0.7557874
00004563.jpg,0.7729535,0.8042064
00001300.jpg,0.6462591,0.509022
00012190.jpg,0.7645377,0.7540644
00021294.jpg,0.5610777,0.4762938
00043172.jpg,0.70234835,0.806877
00022393.jpg,0.7992852,0.8717596
00048579.jpg,0.8416337,0.856418
00018941.jpg,0.7711365,0.7447746
00030680.jpg,0.7325618,0.6504554
00048351.jpg,0.7580159,0.6759916
00010384.jpg,0.7502884,0.787451
00008117.jpg,0.68821377,0.7494426
00043297.jpg,0.8117344,0.7987912
00017073.jpg,0.83423644,0.8709858
00031713.jpg,0.75472957,0.7065158
1531af1a07329fe2.jpg,0.7291533,0.76666665
00057466.jpg,0.76186496,0.8417396
00005597.jpg,0.82527995,0.839275
00057541.jpg,0.81722045,0.8913516
00046177.jpg,0.75921035,0.73626
00057881.jpg,0.7876716,0.8459736
n02924116_43906.jpg,0.81766665,0.8425926
00008455.jpg,0.65923697,0.675794
00002134.jpg,0.77748346,0.8683892
00000440.jpg,0.8362545,0.8281662
n03790512_13869.jpg,0.6605482,0.7676768
00044975.jpg,0.5616367,0.686236
00012651.jpg,0.7747686,0.8045598
00053423.jpg,0.84631395,0.919395
00007385.jpg,0.74467504,0.747004
00019037.jpg,0.8050107,0.876561
00046626.jpg,0.7141905,0.8374884
00008184.jpg,0.6171744,0.7028526
00050191.jpg,0.7644094,0.6620926
00017942.jpg,0.7319755,0.853313
00013221.jpg,0.6360098,0.6201356
n03634034_5967.jpg,0.6335676,0.6375
00002006.jpg,0.814247,0.805872
00001125.jpg,0.77159965,0.8314084
00028732.jpg,0.7872338,0.7301508
00001013.jpg,0.8211142,0.8769278
00044053.jpg,0.81604844,0.8878302
00030809.jpg,0.8904924,0.8818446
00053634.jpg,0.7910291,0.8424592
n04335435_2388.jpg,0.82822025,0.91358024
00058303.jpg,0.76918626,0.8068608
00023318.jpg,0.7484297,0.869571
00055229.jpg,0.71098197,0.634261
00054109.jpg,0.8853363,0.887741
000000038701.jpg,0.89465684,0.9756098
00020290.jpg,0.697822,0.6782962
00057965.jpg,0.9261983,0.859574
00053874.jpg,0.83065766,0.927109
00010900.jpg,0.5529751,0.4064428
n04166281_2715.jpg,0.75765765,0.7875
00057493.jpg,0.78191,0.8025032
00040372.jpg,0.7907565,0.9149794
00022720.jpg,0.8728277,0.8206452
00008406.jpg,0.749891,0.7835666
00055173.jpg,0.76606536,0.7525806
00005243.jpg,0.68225193,0.5327168
00021774.jpg,0.80041647,0.8031998
00036948.jpg,0.73841727,0.7809178
00043253.jpg,0.7752491,0.7704432
00013870.jpg,0.8351974,0.7817876
00035328.jpg,0.71052265,0.7495432
00027850.jpg,0.7317194,0.7987786
00035533.jpg,0.76954246,0.8738322
00040845.jpg,0.69674516,0.7426982
00000210.jpg,0.72502506,0.8219246
00034608.jpg,0.6754396,0.6407634
00056045.jpg,0.5907009,0.7851698
00052756.jpg,0.86426324,0.7557572
00052326.jpg,0.8276022,0.8187736
00046888.jpg,0.7420622,0.7124154
00055181.jpg,0.5734942,0.5162426
00036971.jpg,0.6802392,0.8458304
00005509.jpg,0.7283903,0.6928372
00020381.jpg,0.83835536,0.8807544
n02691156_7079.jpg,0.8150197,0.62886596
000000223511.jpg,0.79686546,0.8210526
00033433.jpg,0.81588876,0.814386
00040063.jpg,0.6605916,0.56213
000000091979.jpg,0.8200733,0.90909094
n07929519_35218.jpg,0.83121693,0.7927928
00020209.jpg,0.83485335,0.9306848
00012094.jpg,0.683249,0.6962292
00039567.jpg,0.6701897,0.6543556
00000124.jpg,0.7362983,0.664827
00037141.jpg,0.72522104,0.6863578
00019100.jpg,0.7915132,0.672326
00003314.jpg,0.87510717,0.8324966
00048578.jpg,0.7406244,0.53558
00027569.jpg,0.82970047,0.828842
00054176.jpg,0.8622394,0.9526342
00009009.jpg,0.8087498,0.8911496
n02129165_1244.jpg,0.84658617,0.89873415
00039620.jpg,0.6560919,0.64177
00024128.jpg,0.85809326,0.9449428
00025704.jpg,0.8419044,0.907265
00023391.jpg,0.8148128,0.9179216
00047440.jpg,0.6293505,0.5939754
00015326.jpg,0.7595352,0.7721886
00010374.jpg,0.69721526,0.5272484
00007099.jpg,0.7854786,0.8182158
00002038.jpg,0.5512255,0.5390452
00002676.jpg,0.6368387,0.6676002
00031976.jpg,0.6187588,0.7087258
00004266.jpg,0.818068,0.7691684
00022193.jpg,0.79619133,0.8092178
00020369.jpg,0.7696247,0.8157412
00052008.jpg,0.74874806,0.7629734
000000127856.jpg,0.6965956,0.8035714
00039845.jpg,0.69212466,0.7829294
00022891.jpg,0.77520466,0.9038226
85d247d5578830b5.jpg,0.7829323,0.7075472
00051423.jpg,0.86573565,0.8429202
00054336.jpg,0.8876767,0.8911676
d4a3d927462dda54.jpg,0.80487,0.85714287
00055872.jpg,0.7996249,0.91419
n01811909_12017.jpg,0.76163894,0.78494626
00001597.jpg,0.8733136,0.9234524
00000426.jpg,0.7779958,0.8745042
00009378.jpg,0.8393272,0.88443
00048526.jpg,0.8496755,0.893952
00013532.jpg,0.9175923,0.8711102
00046702.jpg,0.6512233,0.6038404
00031644.jpg,0.82937574,0.8027202
00023315.jpg,0.76253116,0.8725726
00008979.jpg,0.86287546,0.9253588
00017953.jpg,0.73478997,0.818609
00021943.jpg,0.7483295,0.8173394
00053928.jpg,0.85786617,0.8424066
00037051.jpg,0.72087204,0.7144674
00051015.jpg,0.8423494,0.784801
00013470.jpg,0.7232362,0.7728924
00033269.jpg,0.7007678,0.6574618
00006830.jpg,0.54535085,0.3541586
ad781b6c665a1aef.jpg,0.66685843,0.67021275
00049348.jpg,0.8195793,0.9460998
00016026.jpg,0.6162533,0.5894122
n12345899_18938.jpg,0.6897541,0.75757575
00018239.jpg,0.78957945,0.8615924
00040879.jpg,0.71989155,0.7090386
00003267.jpg,0.8002994,0.7903516
00021026.jpg,0.75634134,0.8477984
00022487.jpg,0.8716247,0.8712526
00023448.jpg,0.83558506,0.8404264
00055943.jpg,0.74923116,0.9335696
00000815.jpg,0.50631386,0.3634204
00029758.jpg,0.83886915,0.9583492
00016045.jpg,0.65380025,0.741646
00048422.jpg,0.7563314,0.7797042
00033673.jpg,0.65789807,0.5751836
00025420.jpg,0.8222859,0.8659008
00017943.jpg,0.8173524,0.816237
00033567.jpg,0.8874929,0.8377228
00030268.jpg,0.84955204,0.8168566
00014032.jpg,0.7846544,0.748667
n02946348_4508.jpg,0.7188253,0.8552632
00055791.jpg,0.8452997,0.7444968
00031452.jpg,0.87724066,0.9192612
00047836.jpg,0.8193625,0.8457558
00039982.jpg,0.75231797,0.7863846
00034407.jpg,0.82080793,0.9243206
00054678.jpg,0.6096048,0.568402
00009979.jpg,0.60680753,0.806624
00037942.jpg,0.6537672,0.7574678
00056707.jpg,0.6269973,0.4921938
00011999.jpg,0.8067401,0.9144994
00005840.jpg,0.6024871,0.41991
00045422.jpg,0.6561692,0.7081962
00029378.jpg,0.6085745,0.6399626
00004276.jpg,0.8706261,0.9106798
00056550.jpg,0.76310587,0.6907788
00044861.jpg,0.6189075,0.5894724
00028077.jpg,0.8590658,0.8585694
00051214.jpg,0.7626593,0.7944448
00010132.jpg,0.68951064,0.6358948
00030628.jpg,0.8061088,0.8363488
00015466.jpg,0.59654766,0.6716242
00004596.jpg,0.88792896,0.8692636
00032459.jpg,0.86391807,0.841187
00025980.jpg,0.80694324,0.8005486
00010017.jpg,0.7955524,0.8518128
00001318.jpg,0.5534252,0.5909298
00047056.jpg,0.6753682,0.5648236
00009774.jpg,0.8338496,0.8253764
000000349475.jpg,0.70790017,0.67
00016869.jpg,0.75185156,0.755452
00025717.jpg,0.5919658,0.6423946
00051661.jpg,0.8651736,0.8354586
00003204.jpg,0.7151958,0.7560626
00036272.jpg,0.55487895,0.559534
00011465.jpg,0.70938253,0.802442
00043733.jpg,0.69966185,0.6005208
00050185.jpg,0.6655414,0.6705294
00024310.jpg,0.6390744,0.401917
00026837.jpg,0.8456658,0.9554002
00038142.jpg,0.6905471,0.6514102
00024327.jpg,0.5951611,0.6821598
00015051.jpg,0.7735675,0.722024
00020249.jpg,0.5312717,0.5734628
00023773.jpg,0.7416981,0.680731
00056906.jpg,0.73416936,0.8997128
00030605.jpg,0.81624305,0.8149172
00023957.jpg,0.7301958,0.7021854
00012412.jpg,0.6226772,0.5724034
00048541.jpg,0.7044075,0.5633012
00005839.jpg,0.6953181,0.6213272
00001482.jpg,0.81170934,0.8585636
00010095.jpg,0.80957395,0.9359198
00029555.jpg,0.7123229,0.6715014
00011139.jpg,0.7541908,0.9470864
00003656.jpg,0.7924434,0.7795272
n07911677_667.jpg,0.81437325,0.88095236
00018025.jpg,0.75243413,0.7585272
00041559.jpg,0.7174689,0.7917774
00007835.jpg,0.6936726,0.6527
00050089.jpg,0.8413296,0.905297
00052156.jpg,0.81172955,0.8271826
00010802.jpg,0.81951106,0.8393534
00036583.jpg,0.59434366,0.430346
00052082.jpg,0.77696735,0.7847528
00037023.jpg,0.74159783,0.778621
00023411.jpg,0.8780147,0.913901
00058522.jpg,0.7169714,0.7494988
00018325.jpg,0.67042714,0.769136
n04335435_1862.jpg,0.7507707,0.8773585
00030806.jpg,0.829,0.8881436
00010497.jpg,0.72147185,0.6281114
00015897.jpg,0.8217517,0.7192144
00018680.jpg,0.7190831,0.7488638
00001999.jpg,0.8251652,0.8916922
00012305.jpg,0.9067774,0.9150716
00045399.jpg,0.73186356,0.7816058
00036162.jpg,0.66699135,0.7110856
00010037.jpg,0.6098212,0.4920594
00050382.jpg,0.70165086,0.729036
00057403.jpg,0.738213,0.7496704
00046186.jpg,0.7523292,0.703897
00010191.jpg,0.76144874,0.6688616
00033906.jpg,0.6444176,0.3659034
00041796.jpg,0.71161324,0.8364688
00045035.jpg,0.80791175,0.9080758
00008272.jpg,0.7686548,0.7724454
00045062.jpg,0.6884596,0.6017992
00002938.jpg,0.7580234,0.8292184
n02129165_7860.jpg,0.8413392,0.78070176
00018809.jpg,0.87975574,0.90695
00026378.jpg,0.86237025,0.7268884
00049986.jpg,0.68699515,0.648521
00027969.jpg,0.72725606,0.7711654
00022366.jpg,0.7442783,0.6768586
00046123.jpg,0.6171366,0.52044
00020140.jpg,0.66998756,0.7123474
00053051.jpg,0.9093798,0.928556
00016534.jpg,0.65090203,0.6723612
n02932891_13317.jpg,0.6652064,0.5955056
00056298.jpg,0.7645814,0.818809
000000535679.jpg,0.83466923,0.87234044
00023544.jpg,0.84832764,0.848254
00041644.jpg,0.77678293,0.7981282
00044210.jpg,0.73345345,0.8314204
00018440.jpg,0.73703873,0.833714
00018620.jpg,0.55662465,0.6255572
00026282.jpg,0.86367726,0.8582468
00027325.jpg,0.77280086,0.7975522
00047377.jpg,0.7393334,0.7468204
00001628.jpg,0.88950914,0.9349512
00047795.jpg,0.81501985,0.8137434
00034603.jpg,0.72677374,0.8084322
00005490.jpg,0.6742419,0.8737824
00033114.jpg,0.7321861,0.8572396
00018074.jpg,0.7857741,0.7993314
00022741.jpg,0.88733876,0.8552938
00033579.jpg,0.6141819,0.6820904
00057554.jpg,0.75190926,0.8400884
000000213570.jpg,0.7852877,0.71875
00025634.jpg,0.8196793,0.8144742
00014463.jpg,0.77623343,0.8227194
00008416.jpg,0.70139945,0.8566428
00041133.jpg,0.7499098,0.5717542
00003945.jpg,0.68373775,0.7598982
00043776.jpg,0.693739,0.6262126
00038325.jpg,0.73043686,0.7235906
00019297.jpg,0.6996437,0.845924
00057475.jpg,0.5622331,0.6894408
00010851.jpg,0.72733074,0.6725414
00012355.jpg,0.82643783,0.8768368
00017981.jpg,0.9239998,0.8669276
00017189.jpg,0.7677554,0.8306298
00053542.jpg,0.86434877,0.7919506
00020501.jpg,0.8669497,0.8363564
00023206.jpg,0.79074645,0.668904
00027922.jpg,0.81413543,0.8355894
00002212.jpg,0.85645413,0.9078898
00018959.jpg,0.55434376,0.4462816
00015256.jpg,0.82080144,0.768061
00003021.jpg,0.75180936,0.736792
00039246.jpg,0.7937833,0.8291328
n04465501_927.jpg,0.7478669,0.6910569
000000535308.jpg,0.68727165,0.8269231
00007734.jpg,0.6603342,0.6405222
00008850.jpg,0.76699245,0.6128728
00032895.jpg,0.83078027,0.9907742
00003705.jpg,0.5562326,0.5655776
00056060.jpg,0.8323862,0.8803322
00041084.jpg,0.8273556,0.866213
00043453.jpg,0.7220589,0.7749504
00057789.jpg,0.7953652,0.8743344
00027152.jpg,0.8814049,0.8340212
00014628.jpg,0.8129246,0.892422
00035558.jpg,0.5567726,0.5142528
00036000.jpg,0.6130689,0.6535162
00033349.jpg,0.7710365,0.8134294
n03594945_32575.jpg,0.7424491,0.75581396
00015666.jpg,0.8825887,0.8568
00057256.jpg,0.8383931,0.8304904
00042403.jpg,0.8138895,0.7242882
00028165.jpg,0.81989396,0.8794754
00009998.jpg,0.6584098,0.7034102
00044900.jpg,0.6780026,0.6883786
n02934451_12253.jpg,0.7356148,0.7909091
n07850329_18900.jpg,0.8762067,0.9
00026543.jpg,0.75342155,0.8550128
00028282.jpg,0.7975955,0.8180678
00057158.jpg,0.68371147,0.7470246
00008821.jpg,0.6076782,0.5249244
00044820.jpg,0.6744359,0.7373966
n04461696_3046.jpg,0.6407514,0.7029703
00023194.jpg,0.7922181,0.7135486
00006437.jpg,0.7994628,0.8635814
n02396427_22180.jpg,0.72505325,0.6448598
00017843.jpg,0.73917824,0.7666734
00028344.jpg,0.8688067,0.767609
00056798.jpg,0.6658777,0.8178916
00006969.jpg,0.7957498,0.7064222
00040624.jpg,0.7376948,0.7706528
00050910.jpg,0.8543871,0.9165236
000000353301.jpg,0.65593034,0.78125
00012198.jpg,0.79417926,0.8414158
00036234.jpg,0.6457473,0.7779314
00055985.jpg,0.63599205,0.693718
00020664.jpg,0.53115433,0.5438476
00006644.jpg,0.8770016,0.9469268
00038836.jpg,0.7314931,0.7716352
00006813.jpg,0.65787727,0.7427202
n07893642_18392.jpg,0.81421155,0.8333333
00003979.jpg,0.7373986,0.7996414
00015823.jpg,0.79708827,0.8344252
00027559.jpg,0.81942415,0.8583714
00031017.jpg,0.79971087,0.797833
n00480993_13943.jpg,0.7107715,0.8269231
sun_aynjmrsajissulqi.jpg,0.56675696,0.56179774
00016977.jpg,0.7036718,0.7776846
00027266.jpg,0.6605143,0.6637542
00050430.jpg,0.7804864,0.9319486
00011358.jpg,0.845981,0.8133236
e02a4720aa913ac8.jpg,0.64689416,0.6666667
00029627.jpg,0.7232446,0.7006598
00040602.jpg,0.7885268,0.7777284
00038934.jpg,0.8318252,0.7846418
00057825.jpg,0.6123087,0.6693098
00040766.jpg,0.7931545,0.8359118
00038613.jpg,0.6361984,0.5238642
00021770.jpg,0.6576457,0.7481226
00037642.jpg,0.6846696,0.6962054
00010644.jpg,0.8543396,0.8705982
00017612.jpg,0.83059776,0.7937512
00033083.jpg,0.75949836,0.9188068
00019914.jpg,0.62455976,0.5508152
00008137.jpg,0.75643146,0.7769318
00003549.jpg,0.70785785,0.8864888
00039785.jpg,0.7023405,0.7183816
00022505.jpg,0.7202516,0.7698486
00035835.jpg,0.7162855,0.7899022
00018368.jpg,0.65120083,0.6948568
00000178.jpg,0.73072535,0.6561634
000000555696.jpg,0.7359878,0.814433
00028318.jpg,0.8049748,0.8405532
00051424.jpg,0.7329719,0.6848734
n03670208_12964.jpg,0.80918086,0.875
00009681.jpg,0.5311309,0.5964366
00042545.jpg,0.7685228,0.8877074
00039915.jpg,0.71355695,0.7454688
00035687.jpg,0.69163084,0.6263158
00021888.jpg,0.85157055,0.7709852
n04467665_41825.jpg,0.7775833,0.85227275
00038751.jpg,0.62839246,0.7672854
00031571.jpg,0.64564824,0.792715
00015111.jpg,0.88601834,0.8259786
00012225.jpg,0.7508658,0.9328788
00023012.jpg,0.7338343,0.714775
00024223.jpg,0.5449221,0.5738418
00054732.jpg,0.84145856,0.8567766
00041740.jpg,0.7334442,0.8271064
00053219.jpg,0.71662307,0.6148238
00011797.jpg,0.58662003,0.4242652
9e5cecaecfb75373.jpg,0.59863365,0.5934066
00033780.jpg,0.59488875,0.7775932
00015887.jpg,0.6980009,0.6540206
00037010.jpg,0.7284553,0.7208672
n02924116_82453.jpg,0.81862044,0.7373737
00043710.jpg,0.7171191,0.7573552
00017681.jpg,0.65754104,0.6664722
00023183.jpg,0.8056897,0.8400706
00028468.jpg,0.88305044,0.9510374
00017380.jpg,0.8731823,0.8467542
00038043.jpg,0.60706866,0.5241976
00025531.jpg,0.79350567,0.8650644
ea7bb8c2db2718fb.jpg,0.8087016,0.77922076
00021228.jpg,0.8140222,0.8650216
00011165.jpg,0.84140253,0.8586146
00017567.jpg,0.6436163,0.575982
00041375.jpg,0.7226508,0.5387988
00034365.jpg,0.6790037,0.7481702
00008844.jpg,0.88135,0.8280758
000000211283.jpg,0.81471914,0.9
00002439.jpg,0.8710982,0.8320278
00014680.jpg,0.6657344,0.7361694
00043672.jpg,0.6635447,0.637297
00047764.jpg,0.5747064,0.6762988
000000445557.jpg,0.87068653,0.9237288
00002384.jpg,0.66568965,0.7124414
00057316.jpg,0.7470117,0.8419872
00004792.jpg,0.7994932,0.8098546
00020416.jpg,0.84007466,0.7438816
n07716358_12371.jpg,0.832657,0.85263157
00025966.jpg,0.8032904,0.851119
00001206.jpg,0.70938677,0.7584176
00054160.jpg,0.57105094,0.5952786
n07838073_19022.jpg,0.7687963,0.6730769
00021709.jpg,0.8226502,0.8290306
n03512147_1888.jpg,0.7597788,0.7906977
00034625.jpg,0.6174046,0.6980646
a473e937a7342b38.jpg,0.83035564,0.85882354
00019682.jpg,0.8154866,0.8210492
00009423.jpg,0.7623856,0.744975
n09359803_33089.jpg,0.5923045,0.59130436
00042726.jpg,0.6791723,0.7969028
00032606.jpg,0.69863707,0.7493284
00006972.jpg,0.56047386,0.5188466
00027252.jpg,0.6526823,0.6860962
n07880968_5835.jpg,0.8172749,0.87356323
00014863.jpg,0.74133384,0.7940056
00056010.jpg,0.84829295,0.8059758
083327ccfc4b1684.jpg,0.71220326,0.77272725
00004483.jpg,0.73932666,0.8264162
00052056.jpg,0.8628179,0.859828
00053921.jpg,0.87231135,0.8615784
00004584.jpg,0.68551743,0.7331644
00014712.jpg,0.9139544,0.816205
00005199.jpg,0.78604597,0.8144438
00002411.jpg,0.6518509,0.3363248
n07574602_28533.jpg,0.75765455,0.70731705
00035916.jpg,0.5853451,0.7175048
00008456.jpg,0.9074658,0.8825806
00016478.jpg,0.6650161,0.88805
00048324.jpg,0.7038384,0.7799254
00040700.jpg,0.70086837,0.730714
00023242.jpg,0.6024881,0.594105
00005211.jpg,0.63921356,0.6284674
00029435.jpg,0.7801838,0.8410718
00046997.jpg,0.72447485,0.7443284
n04465501_2088.jpg,0.7897762,0.75308645
00037481.jpg,0.65410507,0.6542216
00031719.jpg,0.7646607,0.773486
00025614.jpg,0.59284425,0.7863142
00025214.jpg,0.88901925,0.9155586
00029553.jpg,0.7595873,0.8821424
00044362.jpg,0.80687165,0.7311146
00026520.jpg,0.75625134,0.662531
00028501.jpg,0.7569736,0.8976104
n03790512_12399.jpg,0.77498984,0.78
00039725.jpg,0.811694,0.868132
00034332.jpg,0.6517999,0.8216806
00007975.jpg,0.88917476,0.8675836
00024920.jpg,0.7414309,0.7007698
00013852.jpg,0.85502803,0.8353138
00025410.jpg,0.7778264,0.6828374
00051533.jpg,0.82350993,0.8546858
00044952.jpg,0.6175822,0.6049134
00047620.jpg,0.7571036,0.7057454
n07801508_1874.jpg,0.8310311,0.8045977
00015564.jpg,0.7230066,0.763773
00012143.jpg,0.80770695,0.7425044
00003584.jpg,0.7572134,0.8547938
b11e37afd9ca3853.jpg,0.4942444,0.31
00033169.jpg,0.69377744,0.760794
00004342.jpg,0.7509242,0.8632486
00019825.jpg,0.8038826,0.7846516
00032859.jpg,0.67853165,0.5709698
00035086.jpg,0.67889047,0.7120252
00019651.jpg,0.7739477,0.7098622
00038287.jpg,0.72216225,0.7151546
00035982.jpg,0.80271363,0.9398226
00041990.jpg,0.80470973,0.8959224
n02433729_2259.jpg,0.7826489,0.73626375
00033854.jpg,0.68677986,0.4001946
00051192.jpg,0.7533034,0.7806546
00027223.jpg,0.78816926,0.8474868
n04166281_6690.jpg,0.79311836,0.70526314
00032483.jpg,0.7826892,0.8113312
00014506.jpg,0.6961418,0.6681372
00006832.jpg,0.85535544,0.894785
00021816.jpg,0.76243407,0.7981076
n07574602_25417.jpg,0.7739567,0.8659794
n04467665_51267.jpg,0.7046062,0.63917524
000000244635.jpg,0.76404333,0.7407407
00045438.jpg,0.76449203,0.882988
00057031.jpg,0.82306546,0.8564856
00054046.jpg,0.8052324,0.7451398
00021802.jpg,0.71768534,0.6415728
00043077.jpg,0.6924065,0.800626
00045038.jpg,0.76805305,0.804765
00023256.jpg,0.71012545,0.8037158
000000090830.jpg,0.75089985,0.74489796
00044269.jpg,0.76752687,0.796422
00007497.jpg,0.77249324,0.7386548
00051084.jpg,0.7288191,0.795449
n04231693_18494.jpg,0.7382602,0.72321427
n00464894_11765.jpg,0.74739826,0.73333335
00056239.jpg,0.8140337,0.8409462
00052441.jpg,0.84928185,0.899704
00056818.jpg,0.75965583,0.8192996
00035374.jpg,0.70407176,0.5555428
00003810.jpg,0.6452313,0.617905
00030687.jpg,0.72116387,0.6278508
00020126.jpg,0.7205083,0.7083164
00024185.jpg,0.59801716,0.7377518
00051690.jpg,0.6838348,0.858608
000000450647.jpg,0.73836684,0.6857143
00012019.jpg,0.73275274,0.8856796
00023725.jpg,0.74425316,0.719299
00046272.jpg,0.7505444,0.792641
00045306.jpg,0.6647731,0.7003722
00010305.jpg,0.7155016,0.6622808
00006930.jpg,0.7198354,0.8099792
n04587559_10799.jpg,0.7154758,0.8076923
00007825.jpg,0.79590255,0.715183
00036982.jpg,0.6153606,0.772847
00044304.jpg,0.77547926,0.6858218
00007358.jpg,0.84409213,0.9292454
00014709.jpg,0.70261776,0.7710276
00023642.jpg,0.8171092,0.8687596
00010130.jpg,0.69978154,0.7563678
00017524.jpg,0.8257781,0.8848248
00010189.jpg,0.7172375,0.7846304
00013013.jpg,0.68791544,0.7670536
00035112.jpg,0.6756106,0.6052972
00018424.jpg,0.68847764,0.751446
00044537.jpg,0.6442725,0.6766798
00012494.jpg,0.7301681,0.7988256
00048629.jpg,0.7307446,0.7615428
00044013.jpg,0.6079942,0.5272416
n00445351_7300.jpg,0.82188797,0.88235295
00019689.jpg,0.85499954,0.7535152
00025180.jpg,0.5460568,0.3961196
00028628.jpg,0.7227637,0.6527704
00039617.jpg,0.7373467,0.7156702
00007845.jpg,0.6700871,0.6355952
00024463.jpg,0.87333477,0.8672334
00032621.jpg,0.81814235,0.869199
00048510.jpg,0.7567848,0.874617
n01811909_10220.jpg,0.8336905,0.84615386
00023485.jpg,0.7669783,0.875091
n03351262_1111.jpg,0.6301048,0.5555556
00015361.jpg,0.73007864,0.7127104
00014847.jpg,0.82103384,0.6408776
00011695.jpg,0.67307764,0.7043784
00000908.jpg,0.7818949,0.8597434
00052060.jpg,0.628788,0.6263258
00034210.jpg,0.7135389,0.8005862
00030946.jpg,0.7954984,0.800267
00005459.jpg,0.8187008,0.8124882
00019467.jpg,0.7748929,0.9786272
00045199.jpg,0.7698899,0.7028686
00033822.jpg,0.73899573,0.6940752
00057266.jpg,0.83157766,0.8162468
00050776.jpg,0.7042211,0.7180034
00056963.jpg,0.84401196,0.8555504
00022821.jpg,0.7957399,0.9110822
00055002.jpg,0.7707527,0.7211922
b080e8dae70bfe84.jpg,0.7299639,0.58762884
00007617.jpg,0.8065914,0.9008312
00035077.jpg,0.5885162,0.5422716
00026715.jpg,0.80283564,0.796504
00014935.jpg,0.6360972,0.5787922
00031334.jpg,0.71974635,0.7851182
00023699.jpg,0.83031434,0.8835324
00022973.jpg,0.8351027,0.8186614
00018789.jpg,0.6882281,0.6179204
00042872.jpg,0.61671245,0.601515
00001391.jpg,0.65418696,0.7084654
00023631.jpg,0.80387294,0.8869372
00040029.jpg,0.7259611,0.7572262
00058129.jpg,0.8182775,0.7173152
00046811.jpg,0.69810295,0.7319366
00029367.jpg,0.800833,0.8822086
000000167647.jpg,0.76106954,0.8543689
00056988.jpg,0.65060544,0.733887
n04465501_1769.jpg,0.7407334,0.7777778
00001240.jpg,0.63420033,0.6811348
00050259.jpg,0.83162534,0.8754472
00033806.jpg,0.66344357,0.6637362
00008971.jpg,0.61269104,0.7190344
00058157.jpg,0.8874055,0.7802262
00046455.jpg,0.74529374,0.7739424
00041963.jpg,0.8409155,0.9254796
00005441.jpg,0.8380361,0.8384586
n03351262_6605.jpg,0.6225989,0.6759259
00001947.jpg,0.86054045,0.8472736
00037692.jpg,0.68353593,0.7357852
00011523.jpg,0.8369523,0.8215898
00014869.jpg,0.6834542,0.836043
n01846331_5267.jpg,0.7396358,0.76785713
00007994.jpg,0.632109,0.610919
00007403.jpg,0.8821821,0.948598
00004050.jpg,0.7842772,0.8292288
00023085.jpg,0.5396631,0.4999302
00009125.jpg,0.7691866,0.6813708
00014437.jpg,0.7643662,0.7126872
00054777.jpg,0.7033231,0.9730866
00028692.jpg,0.7631693,0.7022544
00000854.jpg,0.74599254,0.779616
00030916.jpg,0.8475299,0.9205138
00032512.jpg,0.6954703,0.7476768
00057100.jpg,0.8265854,0.8417222
00048097.jpg,0.7127788,0.7132368
00031929.jpg,0.8249732,0.7440568
000000414314.jpg,0.7336368,0.8494624
00019356.jpg,0.80632615,0.8700476
00040087.jpg,0.7293501,0.7191254
00028924.jpg,0.5659227,0.4451104
00036524.jpg,0.6613724,0.6656228
00052358.jpg,0.79689914,0.7981776
00043948.jpg,0.7220779,0.7266384
00024521.jpg,0.8467238,0.924443
00051347.jpg,0.6428041,0.8196626
00015508.jpg,0.80551594,0.7270028
00044577.jpg,0.7711736,0.7640202
00036593.jpg,0.7379977,0.759187
00017954.jpg,0.75544274,0.7939372
00039573.jpg,0.7233957,0.7442108
00051707.jpg,0.6768404,0.7565132
00039566.jpg,0.83639896,0.7166542
00040211.jpg,0.63063484,0.6196612
00030554.jpg,0.8508204,0.8884518
00024345.jpg,0.9508259,0.9207058
00041298.jpg,0.7331622,0.7582884
00035564.jpg,0.7570954,0.867306
00002776.jpg,0.75998086,0.8648952
00024189.jpg,0.7248916,0.8188702
00008933.jpg,0.82828546,0.9254808
00055167.jpg,0.8643242,0.740709
00005799.jpg,0.7270758,0.865953
00056861.jpg,0.6584555,0.8248068
00000106.jpg,0.7458558,0.843925
n04610013_4073.jpg,0.7278739,0.70873785
00047846.jpg,0.6820334,0.6344752
37f5e796cffd2c9a.jpg,0.8193971,0.77272725
00056409.jpg,0.6375401,0.7040872
n07923748_1476.jpg,0.7386351,0.71428573
00024389.jpg,0.9218893,0.9408224
00006115.jpg,0.7718153,0.5128318
7ba05ca66de3b479.jpg,0.60659796,0.71428573
00020973.jpg,0.7744762,0.7207952
00028105.jpg,0.7287125,0.871051
n03791053_15334.jpg,0.8505725,0.91588783
00054038.jpg,0.57681817,0.6101796
n07801091_63322.jpg,0.5004132,0.3592233
00053429.jpg,0.655964,0.7208784
00037196.jpg,0.6593533,0.5516816
00030967.jpg,0.79969454,0.790293
00057832.jpg,0.78839403,0.7450986
00013999.jpg,0.8277895,0.9232288
00002146.jpg,0.8001149,0.8700484
00034432.jpg,0.72629315,0.6985714
n07654148_19681.jpg,0.83320534,0.88349515
00044959.jpg,0.6776421,0.588681
00017011.jpg,0.65193546,0.6812864
00036663.jpg,0.62258923,0.6468548
00050820.jpg,0.75734013,0.8224902
00003071.jpg,0.8191745,0.8803982
000000358674.jpg,0.6971568,0.625
n07690273_20374.jpg,0.78723186,0.79569894
00022569.jpg,0.7057402,0.7598838
00009910.jpg,0.74528885,0.8272028
00013411.jpg,0.65773195,0.5554736
00018139.jpg,0.7744373,0.7125498
00008985.jpg,0.6538343,0.6617788
00027503.jpg,0.7605895,0.783178
000000417926.jpg,0.8186415,0.9230769
00007869.jpg,0.85269725,0.752838
00028629.jpg,0.66060317,0.6673326
00020355.jpg,0.7561145,0.8561918
00032299.jpg,0.686394,0.6439886
00020382.jpg,0.7743049,0.7811286
00044314.jpg,0.7085698,0.7735742
00021618.jpg,0.76065445,0.8615064
n07574602_24937.jpg,0.72134095,0.75268817
00031736.jpg,0.7793691,0.863454
00051471.jpg,0.579671,0.5245342
00031826.jpg,0.82328755,0.8989188
00015343.jpg,0.82031626,0.7880444
00047358.jpg,0.72421086,0.7510224
00025058.jpg,0.7324653,0.6630712
00050371.jpg,0.83969533,0.938217
00018901.jpg,0.72084254,0.7826766
00021564.jpg,0.6603767,0.7076452
00033330.jpg,0.8584527,0.8730106
00036521.jpg,0.61719406,0.5339268
00038068.jpg,0.5983648,0.5066748
000000483833.jpg,0.69595176,0.7752809
00001423.jpg,0.77301043,0.7888588
000000456773.jpg,0.7237631,0.76344085
00044448.jpg,0.7155371,0.7390372
00043289.jpg,0.783779,0.840481
00037052.jpg,0.6110056,0.6519398
00018550.jpg,0.724231,0.69397
00015542.jpg,0.8446681,0.934192
00012893.jpg,0.7332353,0.6014422
00009872.jpg,0.7641985,0.832138
00014061.jpg,0.69772995,0.7487824
00054152.jpg,0.8343793,0.9395492
00036316.jpg,0.5555913,0.4959074
00025440.jpg,0.7836423,0.8827068
00025830.jpg,0.77403116,0.691568
00046286.jpg,0.6693293,0.7675668
00055552.jpg,0.7740629,0.8945314
00005195.jpg,0.82336044,0.804543
00043659.jpg,0.7176427,0.6723184
00018828.jpg,0.6828798,0.5755848
00020031.jpg,0.84149504,0.7823456
000000405620.jpg,0.63935316,0.67368424
000000137589.jpg,0.73745644,0.789916
n07583197_3629.jpg,0.8459417,0.94174755
00020821.jpg,0.811102,0.9054468
00024539.jpg,0.7050243,0.6923828
00016701.jpg,0.90260804,0.9495136
00000987.jpg,0.77800584,0.8262116
00002408.jpg,0.7568002,0.67597
00022536.jpg,0.71669555,0.6523362
00058046.jpg,0.643824,0.7992606
00036605.jpg,0.6515122,0.4826524
00054959.jpg,0.6372385,0.6011464
00022059.jpg,0.7806114,0.716336
00047274.jpg,0.6823199,0.5211906
00010607.jpg,0.7173977,0.8051582
00046816.jpg,0.7378037,0.770519
n04349306_12612.jpg,0.73465997,0.8783784
00007135.jpg,0.7515886,0.8575022
00044668.jpg,0.6388705,0.6773822
00020767.jpg,0.77040225,0.8015612
00057331.jpg,0.749398,0.6808412
00054360.jpg,0.66632175,0.7454418
00016138.jpg,0.7842754,0.7430326
00033061.jpg,0.6531304,0.5556042
00003753.jpg,0.86237496,0.9503228
00033634.jpg,0.70070726,0.6780962
00020391.jpg,0.6612514,0.6561584
00024717.jpg,0.70852846,0.6549648
n01811909_8202.jpg,0.7764803,0.8125
00055927.jpg,0.8502079,0.7697014
00036632.jpg,0.6484781,0.6139298
00008310.jpg,0.6067682,0.6310082
n07806221_24147.jpg,0.8027748,0.7906977
00041344.jpg,0.7426401,0.8062384
00031553.jpg,0.75617397,0.8474
00045293.jpg,0.81125593,0.7234902
00004991.jpg,0.75534743,0.6499678
00004992.jpg,0.77933306,0.7783802
00044199.jpg,0.79602706,0.9465296
00006751.jpg,0.8301859,0.8207312
sun_arauaqcrycofkrba.jpg,0.6551114,0.78571427
n02793495_14549.jpg,0.6707413,0.70642203
00055693.jpg,0.850621,0.8188642
000000281922.jpg,0.8120158,0.82474226
00057377.jpg,0.83539915,0.8213642
00002710.jpg,0.8027955,0.7740688
00037110.jpg,0.65770423,0.8287534
00032452.jpg,0.62528247,0.6593532
00055543.jpg,0.6491312,0.6418292
00002884.jpg,0.80030847,0.9136184
00022525.jpg,0.7095758,0.8089674
00030080.jpg,0.92699087,0.911812
00042106.jpg,0.6658416,0.7562152
n07720875_8255.jpg,0.85936546,0.95614034
00011184.jpg,0.8548387,0.7898194
00011442.jpg,0.5867238,0.4118568
00015688.jpg,0.7382745,0.7802814
00048534.jpg,0.7007911,0.6815712
00002211.jpg,0.8376209,0.8524714
00047885.jpg,0.6994423,0.6017052
00041463.jpg,0.6115827,0.5959104
00014893.jpg,0.7105597,0.6626228
769faaf11d76c4b6.jpg,0.77336025,0.7234042
00057851.jpg,0.8381377,0.8357718
00048431.jpg,0.75141823,0.810117
00008762.jpg,0.8168342,0.6805386
00029334.jpg,0.8334224,0.8798128
00025794.jpg,0.742456,0.8123484
00004790.jpg,0.8829228,0.9058046
n02834778_6714.jpg,0.77170366,0.74285716
00021137.jpg,0.5531737,0.5518468
00016974.jpg,0.64486575,0.7482058
00003238.jpg,0.82842785,0.8976814
00020524.jpg,0.8815758,0.897129
n09393605_62233.jpg,0.6875378,0.6666667
00021589.jpg,0.60923755,0.7411484
00014199.jpg,0.56472325,0.6007856
00044907.jpg,0.7651753,0.8568212
n02324045_12982.jpg,0.64798325,0.65957445
n04467665_34070.jpg,0.74865836,0.7173913
00032200.jpg,0.6506963,0.6274098
00045368.jpg,0.8346697,0.7971244
00001287.jpg,0.5693119,0.5713414
n07801091_49081.jpg,0.67289793,0.56435645
00042060.jpg,0.83061105,0.9231624
00011176.jpg,0.5963335,0.5978526
000000451559.jpg,0.71421444,0.73493975
00044348.jpg,0.7222943,0.8712234
00041502.jpg,0.75675094,0.7810512
00031762.jpg,0.8502793,0.8428412
00039730.jpg,0.7106265,0.8033434
00010855.jpg,0.75490034,0.7508946
000000150080.jpg,0.7835196,0.8684211
n03512147_3800.jpg,0.67676467,0.72380954
00041414.jpg,0.7495603,0.8918202
00042715.jpg,0.76980966,0.7258334
00052493.jpg,0.76221037,0.8932498
00026334.jpg,0.779661,0.8224762
00054660.jpg,0.619577,0.7771026
00002747.jpg,0.90730524,0.8884094
00009254.jpg,0.7053957,0.6579752
00019533.jpg,0.70907414,0.781355
00000883.jpg,0.64213234,0.5060844
00036046.jpg,0.7040831,0.6680434
00043783.jpg,0.6936786,0.6098862
00055330.jpg,0.78797674,0.7866214
00052597.jpg,0.86052537,0.9736256
00010894.jpg,0.7358211,0.875309
n04166281_5551.jpg,0.7755163,0.74725276
00055619.jpg,0.85273516,0.8329884
00011537.jpg,0.7280895,0.7254056
00046746.jpg,0.6905573,0.7458964
000000382462.jpg,0.77345747,0.87628865
00002106.jpg,0.6730083,0.6601564
00008080.jpg,0.781875,0.8734364
00006611.jpg,0.7255931,0.7689744
b040a3d19b807114.jpg,0.80084133,0.75961536
00031936.jpg,0.79879665,0.8800156
00019168.jpg,0.7469565,0.7418752
00030828.jpg,0.75478995,0.7582452
00041927.jpg,0.7546991,0.70215
00041393.jpg,0.5654036,0.6866538
000000425201.jpg,0.8457135,0.8989899
00005948.jpg,0.75025606,0.6269394
000000209266.jpg,0.752066,0.7920792
000000067082.jpg,0.6793086,0.48076922
00042844.jpg,0.72705567,0.7799628
00037930.jpg,0.6160506,0.5829566
00031260.jpg,0.8568325,0.847628
00030164.jpg,0.6330525,0.6632206
00010741.jpg,0.6558971,0.6443772
00002791.jpg,0.7295227,0.7630756
000000417616.jpg,0.7907866,0.83
00053324.jpg,0.780354,0.8653574
00021100.jpg,0.7432909,0.924265
00030382.jpg,0.77922153,0.6778398
00039510.jpg,0.7926189,0.7509622
00007112.jpg,0.7968657,0.8129586
00012897.jpg,0.8288231,0.8553684
00049830.jpg,0.8106741,0.832004
00018438.jpg,0.78055584,0.8359638
00032417.jpg,0.8077406,0.9180262
00029900.jpg,0.7733233,0.938674
00013185.jpg,0.5589074,0.4922846
000000484528.jpg,0.8213632,0.83838385
00043945.jpg,0.6553873,0.6240486
00027447.jpg,0.57801694,0.6875306
000000230863.jpg,0.6686115,0.8207547
00045434.jpg,0.6192101,0.6422774
00053753.jpg,0.57621485,0.52205
00030787.jpg,0.69010025,0.5323414
00029796.jpg,0.6546054,0.6816666
00020163.jpg,0.7442035,0.6851254
00000328.jpg,0.6971314,0.6820254
00057028.jpg,0.8102482,0.7191308
00034426.jpg,0.63713944,0.7238574
00026735.jpg,0.6232337,0.6630804
00044916.jpg,0.69813436,0.6584182
00002732.jpg,0.7709687,0.7734038
00015089.jpg,0.5683907,0.584201
n00440941_10387.jpg,0.7390558,0.75
00005803.jpg,0.6984522,0.671034
00044677.jpg,0.7419959,0.828111
00055138.jpg,0.7813337,0.8211802
00057919.jpg,0.79390895,0.811845
00003155.jpg,0.7025916,0.8142428
00045136.jpg,0.6009851,0.6484444
b2bee0c1ec3cc149.jpg,0.61034906,0.7358491
00045345.jpg,0.7570298,0.856097
00000969.jpg,0.6813429,0.5360388
00057518.jpg,0.8425695,0.8823154
00013472.jpg,0.7521066,0.7793602
00044735.jpg,0.617753,0.7255922
00025753.jpg,0.86106753,0.790295
00031255.jpg,0.78564596,0.868557
00058066.jpg,0.8907926,0.946615
00016688.jpg,0.8198355,0.8559966
00040846.jpg,0.7816178,0.730543
n04349306_12061.jpg,0.77235025,0.75
000000034372.jpg,0.72011566,0.65217394
00009796.jpg,0.7743287,0.7950394
00005687.jpg,0.7498532,0.8281064
00043342.jpg,0.8845656,0.9401348
00009868.jpg,0.7739887,0.9432484
n07849336_33495.jpg,0.7824167,0.7802198
00014525.jpg,0.7783906,0.8445846
00052799.jpg,0.8434462,0.9363888
00021375.jpg,0.72361565,0.8145758
00017267.jpg,0.7751783,0.8173864
000000094514.jpg,0.855803,0.9166667
00057519.jpg,0.8366612,0.958897
00047877.jpg,0.72353077,0.7186416
00058030.jpg,0.7002959,0.722661
00025679.jpg,0.6415523,0.7156806
00037454.jpg,0.5222976,0.597226
00010054.jpg,0.56647515,0.5256688
00027140.jpg,0.8106147,0.8329326
00028253.jpg,0.7587316,0.820921
00054342.jpg,0.828634,0.9191954
00025609.jpg,0.9086595,0.905612
00043027.jpg,0.66495204,0.6129468
n02834778_8979.jpg,0.72193974,0.6633663
00053117.jpg,0.67952275,0.7641688
00006640.jpg,0.8358534,0.8809464
00044794.jpg,0.8207241,0.8222096
00012481.jpg,0.8499223,0.9412182
00001606.jpg,0.7772194,0.85283
00057569.jpg,0.8770613,0.8915108
00037021.jpg,0.63911974,0.6338764
00040143.jpg,0.84514797,0.8661218
00024670.jpg,0.76109093,0.7733334
000000400290.jpg,0.6404263,0.77319586
00044939.jpg,0.740232,0.7436484
26eba60bf2828382.jpg,0.8260764,0.8942308
00034605.jpg,0.5570184,0.494552
00051247.jpg,0.75917614,0.8815924
00027289.jpg,0.5428336,0.4893046
00048646.jpg,0.7212844,0.695621
00050780.jpg,0.8643806,0.8860814
00008334.jpg,0.8384917,0.9437046
n09308572_2640.jpg,0.6559252,0.74766356
00053811.jpg,0.81231505,0.8241202
00033655.jpg,0.68327856,0.6910066
00024555.jpg,0.7363083,0.87912
00050257.jpg,0.80782217,0.7993988
00047731.jpg,0.67766577,0.612098
000000207097.jpg,0.7766564,0.9266055
00045654.jpg,0.7505936,0.8127292
00040790.jpg,0.6943585,0.6505426
00006716.jpg,0.82314163,0.8259338
00050647.jpg,0.7233048,0.6714714
00042434.jpg,0.7715713,0.8016218
00007958.jpg,0.8407261,0.9066716
00017451.jpg,0.693691,0.773008
00003745.jpg,0.7631134,0.7981996
00036418.jpg,0.62782884,0.6540648
00010242.jpg,0.7830795,0.7950816
00039467.jpg,0.7829939,0.7399186
00034898.jpg,0.6665803,0.709523
00051386.jpg,0.6047417,0.5959172
00053657.jpg,0.6563939,0.6839466
00014263.jpg,0.73890615,0.8454374
n01846331_14212.jpg,0.8527232,0.73195875
00013005.jpg,0.76386106,0.7320984
00035989.jpg,0.6062455,0.6523738
00014171.jpg,0.8253826,0.8628248
00055174.jpg,0.62087643,0.6622188
00032814.jpg,0.716717,0.7986988
00052743.jpg,0.7184027,0.902832
00015966.jpg,0.6886596,0.6629908
00001405.jpg,0.81010354,0.896015
00004541.jpg,0.8286735,0.872327
00054071.jpg,0.75881624,0.783612
00004312.jpg,0.7450985,0.8491762
000000055722.jpg,0.7718065,0.6421053
00011359.jpg,0.776943,0.843557
00038795.jpg,0.7582696,0.7132854
00056587.jpg,0.6714627,0.6443366
00033065.jpg,0.7425852,0.8580566
00004202.jpg,0.8561598,0.956459
00018918.jpg,0.7780176,0.8994872
00006366.jpg,0.96178627,0.9028602
00054133.jpg,0.7464777,0.7600266
00000530.jpg,0.72784865,0.6750402
n04349306_2904.jpg,0.770907,0.85470086
00002817.jpg,0.8039987,0.7675632
00038716.jpg,0.6142834,0.6512428
00004737.jpg,0.8649944,0.9357524
00013915.jpg,0.6410902,0.536511
n00480993_11123.jpg,0.8017527,0.7912088
00024197.jpg,0.5741699,0.5145956
00039898.jpg,0.6783929,0.5608976
00022131.jpg,0.79475665,0.757854
00042089.jpg,0.69721377,0.6184962
00001786.jpg,0.6863464,0.7206046
00057173.jpg,0.71951044,0.6722188
00045511.jpg,0.63730437,0.5714718
sun_atzflbqtkvlughxp.jpg,0.5446893,0.57731956
00019102.jpg,0.85738707,0.8344342
00052239.jpg,0.570133,0.6147284
00035442.jpg,0.6487322,0.5392278
00007648.jpg,0.71444637,0.7824478
00016732.jpg,0.81860185,0.8736162
00014782.jpg,0.4972052,0.476011
00027775.jpg,0.7789192,0.7801336
00025452.jpg,0.5636369,0.4607014
n02878222_6258.jpg,0.6077952,0.6633663
00055694.jpg,0.9326945,0.928628
n07933274_30233.jpg,0.86003697,0.9111111
00027703.jpg,0.6172522,0.6392998
00001721.jpg,0.63219833,0.496694
00000380.jpg,0.7780791,0.8251144
00024839.jpg,0.86338794,0.978656
000000160337.jpg,0.6580505,0.73195875
00021125.jpg,0.683371,0.738588
00018803.jpg,0.868307,0.8995544
00056688.jpg,0.6544281,0.6520234
00024817.jpg,0.5888043,0.6273994
00019440.jpg,0.84648967,0.8444082
00019131.jpg,0.87868154,0.857266
00032412.jpg,0.75092226,0.7232324
00052187.jpg,0.760816,0.8469808
00028207.jpg,0.83536553,0.9619642
n07716358_15527.jpg,0.87967885,0.9122807
00049466.jpg,0.903669,0.925407
00046977.jpg,0.81039214,0.8096116
00051266.jpg,0.8462688,0.8414944
00022991.jpg,0.78257513,0.7548996
00056166.jpg,0.85699785,0.976328
00058558.jpg,0.79106104,0.8134772
00003134.jpg,0.7112722,0.7245756
00057561.jpg,0.75997066,0.8266424
00049572.jpg,0.6101634,0.6733678
00039170.jpg,0.759724,0.7745378
00007428.jpg,0.82529825,0.8230654
00007315.jpg,0.865319,0.884545
00020012.jpg,0.75388765,0.6556326
00012940.jpg,0.62856746,0.685523
00023980.jpg,0.82148063,0.8385858
000000479149.jpg,0.6880764,0.75
00050801.jpg,0.6381475,0.5374058
00037101.jpg,0.76076156,0.7277354
00029897.jpg,0.64528954,0.6485026
n02342885_13371.jpg,0.87493634,0.94623655
n07698672_546.jpg,0.8301588,0.8468468
00001239.jpg,0.8167437,0.9103176
n07693725_14254.jpg,0.88432443,0.8584906
00034714.jpg,0.627386,0.696273
00039606.jpg,0.7545476,0.7108714
00047299.jpg,0.80800104,0.8480666
00058375.jpg,0.6280965,0.6848152
00028491.jpg,0.8514714,0.861041
00041288.jpg,0.8232763,0.9089114
00006475.jpg,0.7868297,0.7901614
00027449.jpg,0.74170995,0.810767
00002459.jpg,0.71447045,0.7314336
00005506.jpg,0.7196303,0.7301366
00056766.jpg,0.77413946,0.8468132
00042524.jpg,0.71517473,0.6631134
00017137.jpg,0.8513621,0.9231954
00010387.jpg,0.6573865,0.6008752
00035716.jpg,0.71988654,0.602739
00056424.jpg,0.84250844,0.8990658
00049420.jpg,0.6018317,0.68065
00025716.jpg,0.69452786,0.70903
00033896.jpg,0.70308733,0.8425422
n07583197_4835.jpg,0.8068253,0.8411215
00042480.jpg,0.6275936,0.6246142
00015384.jpg,0.80185515,0.6420732
00048807.jpg,0.82305455,0.8113658
n09270735_19405.jpg,0.6008953,0.5925926
00054935.jpg,0.7478905,0.7172712
00029463.jpg,0.80813205,0.8706226
00001132.jpg,0.83577406,0.860119
00050389.jpg,0.73287654,0.6557344
000000095292.jpg,0.7825959,0.8727273
00009810.jpg,0.8771953,0.8884578
00049755.jpg,0.7554904,0.7119286
00040891.jpg,0.7917944,0.7467888
00034005.jpg,0.7193864,0.7805942
00057746.jpg,0.6307739,0.7870228
00034140.jpg,0.8576682,0.9716332
00005422.jpg,0.71194553,0.739533
00038815.jpg,0.6307924,0.6597798
00057032.jpg,0.76320636,0.8334718
00040655.jpg,0.702843,0.7485466
00049897.jpg,0.5582436,0.6843466
00016711.jpg,0.7989236,0.915764
00007592.jpg,0.6689197,0.6243026
00004146.jpg,0.66724205,0.6898344
00046203.jpg,0.7550546,0.67318
00017002.jpg,0.7276606,0.7423408
00012027.jpg,0.93938994,0.8272212
00028785.jpg,0.8396964,0.8520422
00022452.jpg,0.76536274,0.803134
00052230.jpg,0.7523566,0.8374952
n02946348_413.jpg,0.78046644,0.8118812
00028364.jpg,0.6804764,0.6472124
cca26d0015d1fbc9.jpg,0.87838167,0.9029126
00015608.jpg,0.8183977,0.7731738
00008055.jpg,0.76211345,0.771636
00033361.jpg,0.6573119,0.630856
00052843.jpg,0.7301067,0.86249
00000297.jpg,0.7571593,0.7389652
00035865.jpg,0.5493959,0.4692766
00030864.jpg,0.61722815,0.719742
00023665.jpg,0.80136013,0.6303674
00023453.jpg,0.84801,0.8068526
00006599.jpg,0.8299964,0.8669822
n02430045_6255.jpg,0.78841335,0.8105263
n02324045_1010.jpg,0.84153944,0.8598131
00029601.jpg,0.6534717,0.6068428
00024502.jpg,0.8091817,0.747938
00057831.jpg,0.57813,0.8508452
n04349306_14590.jpg,0.7384218,0.73195875
00020120.jpg,0.7214319,0.819504
00008624.jpg,0.6327691,0.5309664
00004661.jpg,0.7272177,0.8671204
00040918.jpg,0.79137516,0.8915172
000000230152.jpg,0.8159192,0.91818184
0134e4c71ff2dd8a.jpg,0.71145415,0.72164947
00022701.jpg,0.6568211,0.565844
00026927.jpg,0.59841835,0.569083
n01811909_12826.jpg,0.774017,0.66019416
00012852.jpg,0.73885643,0.7902188
00036111.jpg,0.69360495,0.7289176
n02396427_19677.jpg,0.7389963,0.7745098
00025827.jpg,0.82017875,0.8616156
00041698.jpg,0.7563736,0.860456
00050103.jpg,0.7271478,0.8031562
n07717556_2584.jpg,0.89317787,0.9032258
00008214.jpg,0.85059404,0.9362474
00011830.jpg,0.677942,0.7527428
00010353.jpg,0.56832826,0.472689
00047252.jpg,0.76638854,0.7304854
00006416.jpg,0.6902175,0.6492406
00045407.jpg,0.54561126,0.6125504
n07838073_7085.jpg,0.79576313,0.85263157
00026342.jpg,0.7997426,0.788244
00020488.jpg,0.8213004,0.8213574
00038303.jpg,0.8066063,0.8468286
00058238.jpg,0.80445546,0.8370168
00037758.jpg,0.7786133,0.8095932
00011033.jpg,0.96334463,0.9590292
00005872.jpg,0.7315914,0.7352988
00050822.jpg,0.56654465,0.4142382
00007061.jpg,0.7990712,0.7662432
00046781.jpg,0.73186326,0.7123846
00027594.jpg,0.68555295,0.6090934
00003913.jpg,0.78717244,0.7734512
00056874.jpg,0.83391625,0.811404
00013360.jpg,0.5915394,0.4974794
00052249.jpg,0.58108974,0.6386138
000000390954.jpg,0.8540157,0.9607843
00052410.jpg,0.6331185,0.8723936
00036038.jpg,0.6991015,0.7084984
00028367.jpg,0.84295595,0.807096
00049675.jpg,0.8093101,0.8819314
00052162.jpg,0.87224585,0.8934272
00032085.jpg,0.6419534,0.6615458
00041696.jpg,0.5852826,0.6469044
00015656.jpg,0.77033675,0.7891964
00039332.jpg,0.7175276,0.6420312
00015124.jpg,0.871302,0.8953104
00019994.jpg,0.7179832,0.674102
00043482.jpg,0.800923,0.7975442
00011096.jpg,0.7352195,0.7298984
n04610013_17480.jpg,0.7723567,0.84615386
00049030.jpg,0.86722577,0.8526698
00037775.jpg,0.60600555,0.6124808
00017172.jpg,0.8007648,0.8656698
00048651.jpg,0.7744155,0.8141236
00040268.jpg,0.8751807,0.9109396
00046377.jpg,0.83560103,0.9492372
00041587.jpg,0.7322074,0.8172514
00020766.jpg,0.69232726,0.6821776
ce604b31eae758ba.jpg,0.7848389,0.7809524
00004084.jpg,0.7564487,0.8978936
00033761.jpg,0.6324902,0.6417858
00007310.jpg,0.6410774,0.6803022
4767621f956b3d0c.jpg,0.5366582,0.48387095
7bc77f7a206c721c.jpg,0.59853053,0.57894737
00042909.jpg,0.63341296,0.570892
00030529.jpg,0.5908906,0.594728
00028486.jpg,0.6205205,0.6134224
00038087.jpg,0.80889875,0.8522456
00023144.jpg,0.8572725,0.888835
00018514.jpg,0.81165224,0.8152368
00052768.jpg,0.7985337,0.866244
00051574.jpg,0.87549436,0.9485746
00017327.jpg,0.84714174,0.7511024
00000057.jpg,0.86842227,0.8616426
00048734.jpg,0.79112136,0.8096694
00036981.jpg,0.7846478,0.6946662
00038956.jpg,0.62279534,0.7366796
n09415671_21046.jpg,0.48563114,0.39795917
00034619.jpg,0.65365404,0.7455452
n04610013_6077.jpg,0.7149432,0.6666667
00024436.jpg,0.78615725,0.8728286
00032845.jpg,0.79120964,0.7664648
00030315.jpg,0.7347739,0.8744222
3e5f7dc48d210ad0.jpg,0.7300976,0.9255319
n07929519_31504.jpg,0.8049133,0.8333333
00040261.jpg,0.64613193,0.7185028
00013385.jpg,0.8195751,0.9128516
00003263.jpg,0.66561437,0.6954564
00050606.jpg,0.8446579,0.8709728
00043707.jpg,0.8345448,0.8035492
00056642.jpg,0.8894907,0.913681
00001015.jpg,0.6953354,0.7232608
00057565.jpg,0.63235784,0.6127886
00046007.jpg,0.6087085,0.594942
00004922.jpg,0.76281494,0.6130378
00013248.jpg,0.8620552,0.8628224
00023850.jpg,0.869198,0.880418
00032111.jpg,0.7380224,0.823688
00049024.jpg,0.7184847,0.7212196
00056498.jpg,0.56834924,0.4834642
00020583.jpg,0.8504015,0.9279752
00006037.jpg,0.64318943,0.555525
n07806221_23914.jpg,0.74251086,0.6333333
00021019.jpg,0.829998,0.8831772
00007214.jpg,0.70343506,0.7109118
00005376.jpg,0.55656075,0.5356294
000000576758.jpg,0.76312965,0.8363636
00004216.jpg,0.858564,0.9186178
n07711569_3180.jpg,0.74388707,0.6635514
00022652.jpg,0.85439277,0.8733602
00050390.jpg,0.7688631,0.8577278
n07893642_28638.jpg,0.80072474,0.8811881
00003991.jpg,0.8140639,0.711232
00001269.jpg,0.83171153,0.8189148
000000111969.jpg,0.7783245,0.7653061
000000267628.jpg,0.6880191,0.8131868
00056315.jpg,0.7538899,0.8163932
00041001.jpg,0.81675,0.81049
00049183.jpg,0.84655774,0.8612084
fcb06733651f6876.jpg,0.7139005,0.67368424
n03594945_13697.jpg,0.77001464,0.69902915
00051061.jpg,0.70866615,0.616585
00026261.jpg,0.83216333,0.7845376
00048268.jpg,0.6399399,0.6547574
00009601.jpg,0.8050972,0.904257
00003231.jpg,0.8522351,0.8471622
00053391.jpg,0.8315373,0.891085
00023901.jpg,0.8836424,0.8742848
00045767.jpg,0.76209635,0.5936188
00008978.jpg,0.68663585,0.7745318
00005704.jpg,0.63346577,0.647654
00022459.jpg,0.7994517,0.838618
000000416006.jpg,0.8073624,0.86
n01791625_10861.jpg,0.82049227,0.79545456
00017742.jpg,0.6130972,0.6094272
00052943.jpg,0.6250726,0.7285646
00057559.jpg,0.79705954,0.8649462
00043408.jpg,0.78567654,0.7845616
00045925.jpg,0.7246725,0.7895194
00006010.jpg,0.6890855,0.7585164
00040189.jpg,0.5693363,0.661009
00026613.jpg,0.7089031,0.7758242
00023964.jpg,0.79385114,0.8411836
00018838.jpg,0.82058334,0.9491892
00013218.jpg,0.8734515,0.8563248
n09415671_11747.jpg,0.5391098,0.47058824
00011969.jpg,0.75627077,0.6143246
00056803.jpg,0.71113706,0.6891356
00024078.jpg,0.8315177,0.9080312
n01811909_6448.jpg,0.8210546,0.8425926
00010951.jpg,0.66859066,0.7594322
00043367.jpg,0.8391852,0.810776
00042436.jpg,0.7671429,0.8011848
00031666.jpg,0.72813296,0.7428756
00025252.jpg,0.7725978,0.8297342
00044492.jpg,0.7803483,0.7951008
00050334.jpg,0.8694403,0.8493172
00020273.jpg,0.57917976,0.5097416
00033523.jpg,0.61868834,0.6066332
00043618.jpg,0.73147476,0.72525
00034662.jpg,0.6315545,0.5838046
00049919.jpg,0.7699731,0.8858224
n07583197_10902.jpg,0.8121468,0.84615386
00008949.jpg,0.70915973,0.712428
00058705.jpg,0.763201,0.8115238
00017833.jpg,0.7859023,0.69195
00039503.jpg,0.69547296,0.7250614
00048980.jpg,0.763836,0.8451284
n07717556_81.jpg,0.81064224,0.88461536
00040682.jpg,0.7547569,0.6991058
00017818.jpg,0.7631558,0.7626894
00019505.jpg,0.8801062,0.838836
00015418.jpg,0.70840055,0.7063148
00053764.jpg,0.76013607,0.8036134
00017060.jpg,0.6506516,0.6615252
00025025.jpg,0.8196561,0.7277776
00055861.jpg,0.93011546,0.9233684
00023408.jpg,0.7787667,0.8787254
00034161.jpg,0.6479908,0.4970404
00040036.jpg,0.560744,0.4910458
00024093.jpg,0.78211856,0.7957416
00043656.jpg,0.7508795,0.8446486
00003534.jpg,0.66646993,0.7621292
n04231693_18458.jpg,0.67841303,0.8333333
000000577451.jpg,0.8242926,0.8
00010514.jpg,0.65048134,0.6023932
00035547.jpg,0.5838734,0.5332466
00028927.jpg,0.91014135,0.9291378
00034084.jpg,0.58532214,0.5079244
000000349402.jpg,0.85883534,0.9351852
00002019.jpg,0.65779126,0.7247728
00048364.jpg,0.7108649,0.7452972
00002694.jpg,0.6172444,0.7514296
00026973.jpg,0.53665555,0.520914
00023274.jpg,0.63656956,0.6460792
000000422807.jpg,0.77888167,0.69736844
00032275.jpg,0.7356283,0.8175168
00001340.jpg,0.8071873,0.8459174
00055963.jpg,0.78752804,0.8288298
00043087.jpg,0.72118354,0.8329194
00045428.jpg,0.7032913,0.5071242
00043670.jpg,0.8262858,0.8098612
00052935.jpg,0.8603277,0.8092
n07574602_26579.jpg,0.8153868,0.79268295
00025201.jpg,0.763785,0.6791078
00014999.jpg,0.79912114,0.7814606
00032758.jpg,0.82732344,0.9270796
00028954.jpg,0.6535603,0.7785538
n04335435_25993.jpg,0.6959206,0.81
n02691156_3785.jpg,0.7035768,0.5882353
00015775.jpg,0.8210349,0.8749628
00028108.jpg,0.7622864,0.8921704
00042719.jpg,0.8483456,0.9062624
00002997.jpg,0.7312179,0.7108586
00025711.jpg,0.6754409,0.7632112
00054787.jpg,0.68259436,0.6724678
00010147.jpg,0.7708181,0.868174
00020891.jpg,0.7459637,0.5473354
00030136.jpg,0.8665016,0.9099114
00049343.jpg,0.866707,0.8178988
00050232.jpg,0.6853085,0.695483
00033249.jpg,0.95699686,0.9474894
cc905bfd9f19bedb.jpg,0.7114359,0.72897196
00010759.jpg,0.7933773,0.6821602
00029567.jpg,0.81919277,0.8426034
00034481.jpg,0.70067203,0.8002498
000000120874.jpg,0.7459295,0.8888889
00036941.jpg,0.62777936,0.5898258
00023650.jpg,0.75576675,0.8372446
00008054.jpg,0.79446816,0.8049854
00011195.jpg,0.81759995,0.8292844
00057937.jpg,0.79465115,0.879898
00048875.jpg,0.65798175,0.780804
00032048.jpg,0.756758,0.7482594
00014994.jpg,0.83121014,0.8990498
00003969.jpg,0.6689729,0.7478492
00023053.jpg,0.83786464,0.7825182
00025881.jpg,0.7375766,0.7792022
00048183.jpg,0.73867524,0.701992
n09468604_52463.jpg,0.5635243,0.54444444
00013427.jpg,0.78525895,0.8265738
000000289354.jpg,0.7770722,0.8367347
00032360.jpg,0.52640855,0.4071854
00010441.jpg,0.80780363,0.829609
00004716.jpg,0.8100507,0.9033464
4237c823b4f8ea49.jpg,0.8017594,0.8202247
00002420.jpg,0.49076286,0.5179458
000000131449.jpg,0.7573916,0.8857143
00049615.jpg,0.8202907,0.8292196
00056919.jpg,0.7006321,0.7096066
00013855.jpg,0.64783764,0.6449124
00004409.jpg,0.748118,0.725095
00030935.jpg,0.575695,0.581559
00025086.jpg,0.9347945,0.9582214
00006589.jpg,0.74188733,0.7935022
n09468604_22268.jpg,0.5350718,0.35789475
00052674.jpg,0.7329567,0.7878818
00041943.jpg,0.7012035,0.712521
00009627.jpg,0.75857097,0.7944938
00005204.jpg,0.7558681,0.747891
n07693725_13352.jpg,0.8283968,0.7830189
00000529.jpg,0.8474847,0.8961328
00022350.jpg,0.6649647,0.7076306
00009309.jpg,0.768682,0.801947
000000301697.jpg,0.8341671,0.89215684
00031578.jpg,0.6279396,0.575922
00046185.jpg,0.78733337,0.9889394
00036574.jpg,0.58373207,0.5532468
00022405.jpg,0.7507428,0.8047212
00022029.jpg,0.7870412,0.6814336
00025344.jpg,0.835865,0.96643
00004928.jpg,0.6156137,0.6427452
00037866.jpg,0.66692287,0.566099
00035061.jpg,0.6492008,0.6379524
00021652.jpg,0.71066207,0.8216414
00056924.jpg,0.8025004,0.8636796
n02324045_7370.jpg,0.8409623,0.7676768
00009308.jpg,0.72251,0.7838512
00042193.jpg,0.71729517,0.7646934
00049277.jpg,0.8127812,0.883631
00046893.jpg,0.6911328,0.7112094
00013849.jpg,0.8886461,0.8946096
00039275.jpg,0.77214444,0.6653368
00049496.jpg,0.66888696,0.6913334
00050155.jpg,0.72269124,0.7931508
00020923.jpg,0.743858,0.811584
n02324045_26514.jpg,0.75332415,0.8712871
00052659.jpg,0.79815364,0.7890922
n02793495_4187.jpg,0.6035914,0.82222223
00000559.jpg,0.6382821,0.6118602
00016382.jpg,0.6859956,0.588126
00006559.jpg,0.763647,0.8618816
00019147.jpg,0.648686,0.729863
00053839.jpg,0.7277475,0.7698538
00015911.jpg,0.78790337,0.847952
00013445.jpg,0.8917823,0.9379608
00037443.jpg,0.7001211,0.7181158
00044157.jpg,0.6874521,0.5770472
00016021.jpg,0.8140285,0.7407216
00033281.jpg,0.8118682,0.8092404
00026354.jpg,0.73580265,0.6398854
00014652.jpg,0.7675015,0.709326
00032999.jpg,0.71143496,0.773461
00045050.jpg,0.58408004,0.5561634
n01846331_16461.jpg,0.7714878,0.82300884
00034568.jpg,0.80033445,0.8492074
00032477.jpg,0.72203076,0.7913924
00017173.jpg,0.6643499,0.8266206
00048167.jpg,0.6422591,0.7318012
00039351.jpg,0.73112226,0.7013466
00017031.jpg,0.86457086,0.7791624
00046810.jpg,0.70541656,0.7797846
00002490.jpg,0.8504167,0.8693278
00048557.jpg,0.7860341,0.7448902
sun_ahbooqazpiiakayv.jpg,0.5276673,0.41304347
00015455.jpg,0.49728495,0.5988296
00053247.jpg,0.8417492,0.751249
00042952.jpg,0.7105527,0.84054
00048904.jpg,0.7760605,0.860503
n02355227_8112.jpg,0.7783628,0.7878788
00049529.jpg,0.67316276,0.6281206
00035679.jpg,0.58742124,0.530961
n02932891_17305.jpg,0.67576385,0.6388889
00012066.jpg,0.837854,0.9190848
00011363.jpg,0.7447192,0.8302706
00018704.jpg,0.7960382,0.9639974
00057252.jpg,0.74482083,0.75803
00010308.jpg,0.8348568,0.8347334
26029c6c44ee5452.jpg,0.7714026,0.83908045
00013165.jpg,0.86666405,0.9067554
00010510.jpg,0.7974893,0.6448746
n07838073_9924.jpg,0.7867016,0.875
00033191.jpg,0.887112,0.8717954
00043809.jpg,0.8259384,0.9349472
00026683.jpg,0.7791818,0.7978762
00019571.jpg,0.76065093,0.8476006
00016372.jpg,0.84412676,0.9101708
n04610013_2271.jpg,0.6894357,0.7070707
00008990.jpg,0.85275465,0.9010152
000000347773.jpg,0.8012441,0.88349515
n07806221_33538.jpg,0.7860632,0.8651685
00006557.jpg,0.8032286,0.7913012
00001710.jpg,0.78236705,0.6331642
00024876.jpg,0.62411046,0.7447854
00026749.jpg,0.8543843,0.8648156
00051940.jpg,0.77174634,0.8403196
cde9f1472b95e07f.jpg,0.92846465,0.86206895
00017526.jpg,0.84823346,0.9325444
00048868.jpg,0.59293747,0.5796142
00039559.jpg,0.7136173,0.7813046
00043501.jpg,0.7230537,0.6976362
00034064.jpg,0.6904386,0.7784454
00049947.jpg,0.6950904,0.761259
00021368.jpg,0.84858936,0.9190998
00022445.jpg,0.76314497,0.7588138
n02946348_39389.jpg,0.7444648,0.76521736
n02946348_33646.jpg,0.79745984,0.7173913
00025900.jpg,0.52983177,0.5113016
00035336.jpg,0.73650676,0.6893486
00033762.jpg,0.6342746,0.6050876
00042770.jpg,0.70862186,0.716409
00025031.jpg,0.6768067,0.7744794
00005653.jpg,0.66156685,0.8779638
n07711569_435.jpg,0.8465115,0.8396226
00020002.jpg,0.85549754,0.9208192
00022057.jpg,0.7414238,0.8374048
00000979.jpg,0.6500963,0.7410308
e2b2df4f57103176.jpg,0.7603859,0.8484849
00039064.jpg,0.77465904,0.7042786
00045800.jpg,0.7669351,0.8888078
00034216.jpg,0.6541024,0.7082622
00038957.jpg,0.72007924,0.7116084
00048161.jpg,0.7498814,0.7425532
00038729.jpg,0.770803,0.7532264
00030094.jpg,0.7864101,0.866195
00038639.jpg,0.68681073,0.7432526
00041480.jpg,0.6923845,0.7772196
00010745.jpg,0.6432942,0.6651556
00053286.jpg,0.6591209,0.6946684
00014018.jpg,0.6548624,0.7233842
00042636.jpg,0.65686107,0.544095
00023299.jpg,0.8036181,0.8643998
00047430.jpg,0.6501664,0.6469734
00058023.jpg,0.7065984,0.6600408
000000467580.jpg,0.670053,0.75757575
00007727.jpg,0.58126724,0.4440496
00055717.jpg,0.76426756,0.8127034
00053441.jpg,0.88049126,0.9032262
00008763.jpg,0.7480529,0.8383162
00004177.jpg,0.84495354,0.8170176
00054319.jpg,0.75822383,0.7841026
00045386.jpg,0.69388884,0.7806254
00043399.jpg,0.7190726,0.6931024
00045313.jpg,0.7596706,0.5078024
00011467.jpg,0.7151643,0.5786942
1de1c35c00ce3111.jpg,0.6020285,0.73394495
00014359.jpg,0.80138427,0.6727972
00012642.jpg,0.54883415,0.558062
00055350.jpg,0.77455103,0.706266
00049279.jpg,0.6562984,0.6022482
00046342.jpg,0.62613714,0.5938424
00054364.jpg,0.8236796,0.8374812
00013662.jpg,0.6887631,0.6707868
00001633.jpg,0.5484547,0.6271084
000000514147.jpg,0.7321898,0.84444445
00052606.jpg,0.6914341,0.7723454
00032510.jpg,0.85917795,0.7977716
00006894.jpg,0.81072783,0.7236952
00048524.jpg,0.7112632,0.8249536
00051715.jpg,0.6379478,0.6910744
00051112.jpg,0.62470734,0.59711
00049802.jpg,0.8124813,0.7904182
00030186.jpg,0.8273369,0.775054
00024586.jpg,0.62719345,0.7698312
00041151.jpg,0.6726097,0.7924414
00012362.jpg,0.73571324,0.7874754
00025590.jpg,0.7211682,0.8358256
00047142.jpg,0.76116294,0.7945928
00034014.jpg,0.6504967,0.6929784
00047399.jpg,0.66384554,0.5376902
00031761.jpg,0.82943857,0.8064742
00014304.jpg,0.8431887,0.9425226
00047037.jpg,0.90115845,0.9352242
00011981.jpg,0.84389466,0.8297854
00021868.jpg,0.7126632,0.6827812
00050469.jpg,0.84540284,0.8967592
n02430045_5913.jpg,0.7431983,0.83870965
00034416.jpg,0.5832336,0.5687736
00007192.jpg,0.58796394,0.651575
00013389.jpg,0.71645784,0.7871636
00015196.jpg,0.8123536,0.8277168
00002902.jpg,0.7854532,0.8892216
00002987.jpg,0.8167665,0.6226898
00041236.jpg,0.74555355,0.7053254
00001921.jpg,0.7504153,0.7840414
00049299.jpg,0.7076664,0.7478542
00002862.jpg,0.77420783,0.8309306
00053295.jpg,0.9101669,0.8721262
n02946348_5029.jpg,0.74521595,0.7717391
00043792.jpg,0.7083827,0.6782818
00053024.jpg,0.8544096,0.9375438
00032153.jpg,0.7407553,0.7866366
00036142.jpg,0.5834352,0.574224
00040614.jpg,0.6156552,0.5733246
00009599.jpg,0.65070575,0.6787284
00035407.jpg,0.60178113,0.6397656
00034676.jpg,0.76571393,0.814173
00055041.jpg,0.7707994,0.7607562
00046956.jpg,0.74531424,0.7660322
00009817.jpg,0.7001289,0.6934004
00050003.jpg,0.68773377,0.8345798
00018197.jpg,0.838819,0.9851098
000000510521.jpg,0.6859769,0.6730769
n02324045_6994.jpg,0.8347355,0.75961536
00019128.jpg,0.83245164,0.9135456
00055701.jpg,0.73464227,0.7415914
00053881.jpg,0.848518,0.8181552
00040663.jpg,0.74579495,0.7619428
00039041.jpg,0.7483338,0.692392
00017670.jpg,0.8206105,0.6607144
00021136.jpg,0.85605675,0.9237136
00014107.jpg,0.77816534,0.8023518
00000485.jpg,0.76881886,0.75533
00031415.jpg,0.80269396,0.7961352
00016085.jpg,0.7673098,0.706458
00008194.jpg,0.80688375,0.8925362
00023547.jpg,0.7985312,0.8541666
00052640.jpg,0.81719756,0.7322714
00025151.jpg,0.79750276,0.8555576
ed2fcee42f94162d.jpg,0.72857094,0.7387387
00027443.jpg,0.7441572,0.7825236
00031535.jpg,0.5509893,0.52334
00009317.jpg,0.7414768,0.7387346
00005234.jpg,0.69592565,0.6836298
n03670208_33811.jpg,0.79780686,0.8556701
00051717.jpg,0.81276524,0.8098732
00009460.jpg,0.8610707,0.8310918
n07720875_10894.jpg,0.8848989,0.90816325
00041515.jpg,0.6543257,0.640336
00051072.jpg,0.8628281,0.8951734
00010641.jpg,0.90226316,0.919132
00019656.jpg,0.6684743,0.6564464
00041725.jpg,0.7772658,0.744201
00040024.jpg,0.7563799,0.8158434
n07690273_23539.jpg,0.8550644,0.81609195
sun_alvtgvepnlzhngjv.jpg,0.54090136,0.43564355
00003181.jpg,0.7505591,0.6863832
00056650.jpg,0.7750722,0.8629392
00037516.jpg,0.564076,0.577925
00012787.jpg,0.5418998,0.5018182
00056675.jpg,0.65430075,0.739777
00045403.jpg,0.7356682,0.6661398
00032182.jpg,0.9101467,0.8391252
n00480993_23061.jpg,0.7286395,0.7254902
00005595.jpg,0.5819009,0.4708448
00037094.jpg,0.6136656,0.633109
188fcb471d077f6b.jpg,0.7875928,0.80582523
00032927.jpg,0.65375096,0.573352
00041663.jpg,0.74744177,0.7572754
00035519.jpg,0.6954761,0.6629578
00010715.jpg,0.73793715,0.7215264
sun_aaifkdzmoajrzxqn.jpg,0.62107,0.67676765
n02118333_11129.jpg,0.86185575,0.95652175
000000363880.jpg,0.81736606,0.9130435
00036680.jpg,0.5904107,0.7229078
n01846331_14741.jpg,0.76545215,0.75438595
00026434.jpg,0.7513021,0.7603412
00022380.jpg,0.8266182,0.820457
00009371.jpg,0.76412827,0.7707024
00000460.jpg,0.73223907,0.7398198
00030353.jpg,0.6066948,0.5929456
00031591.jpg,0.64178574,0.4181758
00020256.jpg,0.7240945,0.7918764
00007545.jpg,0.786604,0.825731
00010271.jpg,0.7899542,0.7922854
00035414.jpg,0.66349983,0.6775922
00009536.jpg,0.76348895,0.823221
00025551.jpg,0.9199599,0.9151596
00036042.jpg,0.6004876,0.5865374
00023260.jpg,0.7862896,0.760469
00030520.jpg,0.71041816,0.7086706
n09393605_64769.jpg,0.7440958,0.61
n02834778_4490.jpg,0.63352156,0.6930693
00034394.jpg,0.7362948,0.8189854
00030590.jpg,0.6389146,0.675854
00038668.jpg,0.63798815,0.7695516
00051777.jpg,0.6567798,0.6979892
00021268.jpg,0.8247733,0.6600168
00041123.jpg,0.8182293,0.6975176
00012965.jpg,0.8520603,0.7980412
n07929519_31858.jpg,0.8386119,0.9569892
00007431.jpg,0.80929846,0.8329658
00035998.jpg,0.69506574,0.598392
00042343.jpg,0.9045399,0.8297618
00032156.jpg,0.7925068,0.6861068
00025477.jpg,0.81544846,0.9336288
n03594945_17812.jpg,0.84614646,0.85
bb3c26d44a629489.jpg,0.73243,0.75510204
00000806.jpg,0.8587962,0.8785968
00030418.jpg,0.7308995,0.744297
00051598.jpg,0.755836,0.694749
n02793495_7388.jpg,0.7177277,0.7263158
000000192692.jpg,0.8944357,0.86734694
00008012.jpg,0.63985825,0.6713382
00019637.jpg,0.825778,0.9633564
00007142.jpg,0.7728674,0.750102
00033354.jpg,0.5921732,0.5814546
00054292.jpg,0.78989315,0.7732086
00009562.jpg,0.68482554,0.7783282
00055143.jpg,0.7270566,0.8163012
00001164.jpg,0.785862,0.909265
00047488.jpg,0.7089071,0.7496084
00019080.jpg,0.61834896,0.6107468
00045209.jpg,0.75183177,0.7529434
00050494.jpg,0.62473977,0.725397
00010945.jpg,0.7610804,0.7096374
000000096250.jpg,0.79239523,0.8352941
00039954.jpg,0.7671757,0.7641174
000000510771.jpg,0.68801045,0.78846157
00048570.jpg,0.72826725,0.829216
00007199.jpg,0.7761111,0.8827588
00042083.jpg,0.82185733,0.8278742
00053964.jpg,0.7279579,0.743542
00015778.jpg,0.725274,0.624736
00037994.jpg,0.7817048,0.7745558
00047751.jpg,0.68982637,0.5685876
000000367571.jpg,0.8477782,0.9010989
00035744.jpg,0.64816236,0.738718
000000325517.jpg,0.7879243,0.8979592
00009139.jpg,0.744169,0.8042458
00042451.jpg,0.62140906,0.727531
00039111.jpg,0.70796067,0.8603174
00013941.jpg,0.6438428,0.7013138
00020877.jpg,0.6943367,0.72803
00005381.jpg,0.7573625,0.8207924
n07911677_4843.jpg,0.8155019,0.82
00013410.jpg,0.7167566,0.7840886
00022426.jpg,0.8989974,0.901706
00038066.jpg,0.7186469,0.800518
00020104.jpg,0.79146934,0.7734224
00032781.jpg,0.7990708,0.7770328
00037998.jpg,0.6877016,0.683744
00004662.jpg,0.71737635,0.743772
n07849336_21675.jpg,0.80363095,0.80733943
00051044.jpg,0.7492499,0.877141
00038479.jpg,0.6811858,0.7651188
00004916.jpg,0.86497617,0.9470548
00024160.jpg,0.58663374,0.6077076
00048299.jpg,0.75184155,0.6835386
00036770.jpg,0.6696873,0.615695
00044336.jpg,0.6619108,0.67915
00001062.jpg,0.578457,0.5726506
00018070.jpg,0.69205225,0.8429372
n00464894_9589.jpg,0.7532803,0.8804348
00020953.jpg,0.82130986,0.7516408
00032657.jpg,0.77741873,0.7800346
00057587.jpg,0.82429075,0.8651966
n09289331_9503.jpg,0.69211966,0.7619048
00051378.jpg,0.65526855,0.4781804
00023977.jpg,0.70987844,0.763525
00031720.jpg,0.59998316,0.408155
00052991.jpg,0.70654416,0.6236756
00045131.jpg,0.792252,0.747323
00011879.jpg,0.84832996,0.9156998
00010505.jpg,0.901809,0.839605
00033467.jpg,0.8041333,0.883847
00042876.jpg,0.69280463,0.653735
00014928.jpg,0.824587,0.7212396
00027886.jpg,0.7839421,0.7141046
00015512.jpg,0.715925,0.71534
n09359803_42072.jpg,0.57913685,0.48514852
00036536.jpg,0.67670584,0.6315738
n07693725_3203.jpg,0.7699159,0.71428573
00011083.jpg,0.78433156,0.6717698
00025691.jpg,0.68834245,0.712474
00045902.jpg,0.7590744,0.8136096
00011635.jpg,0.50914663,0.5055168
00045509.jpg,0.71031797,0.761953
00020386.jpg,0.59099305,0.596765
00004072.jpg,0.7676263,0.8766822
00018044.jpg,0.5330945,0.5672032
00003262.jpg,0.657051,0.7559048
00047306.jpg,0.58659613,0.5655058
00045188.jpg,0.7802587,0.735015
d204c81c3d1040ba.jpg,0.6042637,0.60638297
00041217.jpg,0.8017266,0.7098412
00040380.jpg,0.66850287,0.7108888
00047907.jpg,0.7464679,0.7715548
00002923.jpg,0.6772399,0.9121428
00040463.jpg,0.7194437,0.772353
00007985.jpg,0.85027754,0.8975018
00033339.jpg,0.76224446,0.7095632
00044599.jpg,0.7906457,0.8962446
00058033.jpg,0.77441114,0.8100444
00014073.jpg,0.6986191,0.6019194
00013902.jpg,0.80211484,0.7135732
00016571.jpg,0.7800428,0.7012702
00025162.jpg,0.6761365,0.6610412
00020458.jpg,0.65097314,0.6392698
000000526071.jpg,0.61068994,0.48598132
00009382.jpg,0.7570784,0.6806376
00052562.jpg,0.72868896,0.7504294
000000266680.jpg,0.6738763,0.75
00004156.jpg,0.8001647,0.8593394
00054724.jpg,0.66367453,0.6565678
00016525.jpg,0.68697876,0.6117276
00004787.jpg,0.78158,0.7944936
00002970.jpg,0.6580807,0.7777518
00033729.jpg,0.7630538,0.8134422
00007569.jpg,0.7666177,0.7230248
00008586.jpg,0.85086524,0.8469546
00014704.jpg,0.76674116,0.8016568
00052691.jpg,0.76006955,0.7201872
00023618.jpg,0.76139027,0.8067282
00049933.jpg,0.7024365,0.685591
00041198.jpg,0.6407635,0.6935538
00040829.jpg,0.6745023,0.698053
00029054.jpg,0.78269434,0.8731716
00023692.jpg,0.80940163,0.897747
00040676.jpg,0.7565664,0.7483026
00048715.jpg,0.8434863,0.8128004
00048636.jpg,0.7172298,0.7112866
00022084.jpg,0.8321275,0.8741
n04465501_1216.jpg,0.79617035,0.8141593
00047473.jpg,0.6523548,0.6409592
00049514.jpg,0.62473595,0.7691352
00025845.jpg,0.6480716,0.6811952
00044213.jpg,0.6622412,0.70571
00019917.jpg,0.8484297,0.9843616
00024181.jpg,0.74188644,0.7469702
00031088.jpg,0.7607341,0.7943478
n02932891_30845.jpg,0.7043511,0.6814159
00045060.jpg,0.76806545,0.747193
00043427.jpg,0.8346762,0.8831336
00003317.jpg,0.8077892,0.7802
00037997.jpg,0.7439307,0.7581506
00029436.jpg,0.6123713,0.6843436
00048343.jpg,0.66588694,0.7453786
00012155.jpg,0.81077886,0.8804492
df76ffc41182400a.jpg,0.61871827,0.6363636
00020558.jpg,0.71966976,0.8569994
00034258.jpg,0.6672147,0.501143
00053708.jpg,0.82731783,0.8781458
n02434954_5901.jpg,0.82351404,0.78409094
00009691.jpg,0.88001716,0.8719022
00054749.jpg,0.75946003,0.7419068
00057404.jpg,0.81624913,0.898976
00017928.jpg,0.8089339,0.8926992
00051290.jpg,0.8206706,0.7904034
00012913.jpg,0.8987493,0.9787438
00046170.jpg,0.88936675,0.9513912
00054688.jpg,0.8246714,0.850791
87e1dc82001b9446.jpg,0.626097,0.625
00019048.jpg,0.78912014,0.7663782
00024026.jpg,0.6793306,0.7206534
00036637.jpg,0.61863583,0.6868146
00053056.jpg,0.71701133,0.7659958
7e9bda209af185d6.jpg,0.789173,0.70873785
00035901.jpg,0.5449543,0.5055514
00045769.jpg,0.76773155,0.7362514
00047323.jpg,0.7827264,0.8075758
41fd777649da59e6.jpg,0.6313572,0.62222224
00033971.jpg,0.6544651,0.6972932
00031964.jpg,0.81810904,0.805766
000000207549.jpg,0.7704536,0.8969072
000000025951.jpg,0.8144002,0.93
00013474.jpg,0.70116466,0.7803894
00025886.jpg,0.7467303,0.68862
00037192.jpg,0.6318341,0.5030428
00033980.jpg,0.73291874,0.8466096
00024126.jpg,0.72303146,0.6890408
00003615.jpg,0.66875315,0.5941386
00033886.jpg,0.63602686,0.5653748
00018663.jpg,0.7641132,0.7562722
00006444.jpg,0.81009674,0.7756448
4de9eacd8a1f22d6.jpg,0.8511267,0.88235295
00041249.jpg,0.79126805,0.7920094
00031002.jpg,0.6488081,0.6359716
00034616.jpg,0.63355243,0.5569016
00045674.jpg,0.71329546,0.5615476
00039180.jpg,0.81955695,0.8589306
n07690273_21839.jpg,0.86305565,0.89772725
00016863.jpg,0.86854327,0.8911994
00049400.jpg,0.78925085,0.8806286
00050305.jpg,0.8029602,0.727902
n07574602_27043.jpg,0.80902886,0.9385965
00015585.jpg,0.72360015,0.7988478
00022311.jpg,0.7758378,0.7621532
00013533.jpg,0.9241245,0.8949652
n03791053_7997.jpg,0.79707617,0.74766356
00038909.jpg,0.70981055,0.7266432
n07697537_18186.jpg,0.85040903,0.94736844
00053078.jpg,0.79191136,0.8413772
n07711569_2660.jpg,0.844084,0.8113208
00054040.jpg,0.8168026,0.807494
00041714.jpg,0.7413769,0.7284198
00020879.jpg,0.9471737,0.9786476
00033276.jpg,0.65026313,0.709718
00051313.jpg,0.62442243,0.5652106
00010869.jpg,0.74869657,0.7552972
00041570.jpg,0.6889535,0.74019
000000505932.jpg,0.6965524,0.6938776
00030817.jpg,0.6360013,0.554549
00005818.jpg,0.76731414,0.7617164
00012047.jpg,0.9170855,0.9073058
00050814.jpg,0.85154,0.885061
00000413.jpg,0.8051807,0.9048468
00040885.jpg,0.79366505,0.7421278
00026070.jpg,0.724566,0.6225786
00004192.jpg,0.8213068,0.8635628
26c881a4fad723e9.jpg,0.7552606,0.7207207
00002208.jpg,0.8948085,0.8714148
00050482.jpg,0.7769263,0.839762
00042225.jpg,0.7334119,0.779148
00014253.jpg,0.7142788,0.7531924
00027184.jpg,0.73967993,0.7225094
000000332385.jpg,0.76097965,0.8666667
00008788.jpg,0.56133467,0.5360742
00047414.jpg,0.7472311,0.714164
00046990.jpg,0.71781164,0.6379228
00038283.jpg,0.62440985,0.569461
00043998.jpg,0.7418287,0.581132
00000165.jpg,0.8535152,0.8577702
00035644.jpg,0.5898285,0.623118
00044366.jpg,0.7493782,0.6582504
00057071.jpg,0.7787799,0.8115904
00039029.jpg,0.77966213,0.86088
00010343.jpg,0.8521938,0.8195098
00024410.jpg,0.73399395,0.7925238
00050511.jpg,0.86481875,0.9115434
00043162.jpg,0.7951426,0.918885
00047798.jpg,0.74143314,0.8534382
00040598.jpg,0.78504,0.7995016
00042433.jpg,0.7019448,0.6800378
n04467665_30226.jpg,0.6379348,0.5981308
00015793.jpg,0.7368348,0.6403102
000000289423.jpg,0.7167472,0.6699029
00009165.jpg,0.63603705,0.653645
00005612.jpg,0.82031405,0.9453958
00038241.jpg,0.65953875,0.6694472
00051059.jpg,0.79710186,0.8485308
00045018.jpg,0.64361286,0.7369972
00037571.jpg,0.7072729,0.6656762
00022998.jpg,0.70327306,0.7305836
00014127.jpg,0.7639515,0.7402648
00048223.jpg,0.8087641,0.9083878
00004013.jpg,0.77518153,0.7421346
19ce47859fe84403.jpg,0.792063,0.8488372
00042408.jpg,0.7166412,0.7836766
00022993.jpg,0.73887926,0.7588352
00013583.jpg,0.86936796,0.8473642
00030039.jpg,0.7683729,0.8384376
00016292.jpg,0.7414035,0.8294948
00007837.jpg,0.75661653,0.7502246
00010273.jpg,0.7920828,0.7357072
00017479.jpg,0.76851714,0.8196552
00005708.jpg,0.8146727,0.8477132
n02355227_15129.jpg,0.76820314,0.8152174
000000100661.jpg,0.70132226,0.7735849
00011616.jpg,0.86493534,0.8771682
00027065.jpg,0.81606865,0.8954562
00016400.jpg,0.7656106,0.8795896
00023057.jpg,0.89244175,0.8996292
000000220292.jpg,0.7001895,0.8425926
00056246.jpg,0.85431856,0.9850966
00005748.jpg,0.8500103,1.0
00033207.jpg,0.7242328,0.7470432
n04349306_2758.jpg,0.7159985,0.776699
00044574.jpg,0.8521571,0.9102782
00012935.jpg,0.7927142,0.7815502
00041424.jpg,0.783926,0.8802284
00013495.jpg,0.7596444,0.7180966
00038093.jpg,0.6295864,0.6414566
00004143.jpg,0.53678185,0.4618042
00024969.jpg,0.7699522,0.6993148
00001282.jpg,0.61223215,0.6446938
00017401.jpg,0.8141494,0.7687994
00026139.jpg,0.7695688,0.7607738
00014238.jpg,0.81650114,0.837065
00002709.jpg,0.7305345,0.5042876
00023059.jpg,0.70498073,0.687468
00044240.jpg,0.70495635,0.761471
00027362.jpg,0.8722532,0.8846654
00027860.jpg,0.85235643,0.8976438
00051099.jpg,0.8662331,0.9863498
sun_axgmqwzfyslqksrt.jpg,0.7121508,0.6666667
00057790.jpg,0.9190646,0.8444032
00024340.jpg,0.8073374,0.8069744
00047759.jpg,0.6955731,0.6006408
00028502.jpg,0.6199254,0.6004342
00001521.jpg,0.80944073,0.8228418
00009916.jpg,0.8169019,0.7435478
n09270735_41870.jpg,0.6901807,0.6666667
00022112.jpg,0.6181741,0.691263
00044349.jpg,0.72553784,0.7740974
00020523.jpg,0.81082284,0.8205032
00002364.jpg,0.87897605,0.9747794
00025134.jpg,0.8010949,0.7412654
f289e75ca547ea1a.jpg,0.65935737,0.7542373
00011538.jpg,0.8129035,0.779502
00043413.jpg,0.81237364,0.840878
00053669.jpg,0.8614854,0.7641032
00027301.jpg,0.78497076,0.8575336
000000540027.jpg,0.7582643,0.83495146
00025647.jpg,0.63441795,0.5621126
eabaa6a885b0d2b4.jpg,0.7530333,0.8018018
00011089.jpg,0.7843812,0.7506348
n04610013_19830.jpg,0.70731854,0.6451613
00026413.jpg,0.78864413,0.8234564
n01811909_3153.jpg,0.76641226,0.85057473
00008263.jpg,0.77868176,0.8516206
905e0d0c54017903.jpg,0.6566746,0.63829786
00020407.jpg,0.7621437,0.7786608
00000117.jpg,0.7371823,0.5644574
00028171.jpg,0.89591134,0.866541
00017459.jpg,0.82426465,0.7981256
00020609.jpg,0.8464527,0.8750334
00054204.jpg,0.6546977,0.5927284
00035689.jpg,0.6243438,0.5994858
00031909.jpg,0.634109,0.7000966
000000493612.jpg,0.7485002,0.6632653
00051821.jpg,0.81503993,0.7718284
n02793495_6971.jpg,0.6635591,0.62857145
00028080.jpg,0.7663903,0.8509346
00044551.jpg,0.7853662,0.8095956
00054469.jpg,0.82685083,0.8736196
00054942.jpg,0.8998709,0.908162
00008036.jpg,0.72305727,0.7802644
00005608.jpg,0.7738942,0.7659276
00035499.jpg,0.65349364,0.7854224
000000215289.jpg,0.7461591,0.77894735
00024266.jpg,0.8605814,0.8838078
00007095.jpg,0.82259834,0.783659
a662c633c9963448.jpg,0.68236125,0.5809524
n07690273_27063.jpg,0.8168512,0.8363636
00016769.jpg,0.8209708,0.8567206
n07717556_7129.jpg,0.9104475,0.8769231
00026456.jpg,0.80027056,0.8390854
00058231.jpg,0.81129456,0.6620146
00044789.jpg,0.74379003,0.7967776
00048657.jpg,0.661081,0.7318202
00015336.jpg,0.7204061,0.8714282
00011167.jpg,0.7236719,0.7413588
2c6c9bc173578788.jpg,0.6458089,0.47916666
00035552.jpg,0.7839365,0.8491514
00051414.jpg,0.75743437,0.6745196
00045174.jpg,0.7332623,0.7171918
00013876.jpg,0.7957482,0.7989898
00038986.jpg,0.8516909,0.9096574
00045057.jpg,0.6964,0.5970874
000000136542.jpg,0.8127624,0.75
00044948.jpg,0.78953147,0.9159846
00019206.jpg,0.62376904,0.6668106
00054459.jpg,0.69454056,0.7600762
00005448.jpg,0.765687,0.7904992
00043699.jpg,0.7628429,0.7395412
00023316.jpg,0.8855738,0.8554422
00041853.jpg,0.82284784,0.9344696
00054989.jpg,0.755453,0.7644428
00040407.jpg,0.84472954,0.8586612
00005073.jpg,0.75495815,0.804392
00029608.jpg,0.74924064,0.9052116
00047337.jpg,0.80134636,0.8010182
00043013.jpg,0.70885193,0.8533926
00035053.jpg,0.6699141,0.7601834
00011284.jpg,0.7317668,0.766029
00022275.jpg,0.74315643,0.801069
00047906.jpg,0.73909795,0.6238898
00020332.jpg,0.73393214,0.7859914
00019930.jpg,0.8997561,0.86584
00012489.jpg,0.7509922,0.772785
00049653.jpg,0.8830228,0.878141
000000363031.jpg,0.7523843,0.85046726
00024787.jpg,0.83114177,0.8142828
00019124.jpg,0.73424846,0.7539206
00047538.jpg,0.8301674,0.8650732
00020323.jpg,0.72620285,0.7929302
00043016.jpg,0.71603155,0.7130818
00019367.jpg,0.7955463,0.7742402
00007635.jpg,0.5425302,0.522051
00018560.jpg,0.8110755,0.9274798
n02934451_21203.jpg,0.6818487,0.6666667
00009901.jpg,0.75943744,0.8795612
4817147cec73ecd3.jpg,0.7897508,0.6210526
00016653.jpg,0.82064366,0.8453208
00025034.jpg,0.77476066,0.7699134
d62bc1c293d6022d.jpg,0.7790029,0.787037
000000522703.jpg,0.81664336,0.85714287
00052671.jpg,0.81700426,0.7878734
00023358.jpg,0.7882401,0.8019962
00010066.jpg,0.7007685,0.680423
000000267136.jpg,0.71804667,0.8956522
00054257.jpg,0.8594748,0.8153726
00004205.jpg,0.72744155,0.6914878
a4dd58611e612080.jpg,0.73705393,0.7909091
00042006.jpg,0.7251543,0.7865196
00013757.jpg,0.6943772,0.54643
00028961.jpg,0.7109539,0.9078788
00050754.jpg,0.6987089,0.9376978
00028698.jpg,0.7467667,0.7068626
00026111.jpg,0.8063929,0.9235564
00035397.jpg,0.62695754,0.5685114
00009393.jpg,0.7861301,0.8378872
00028724.jpg,0.7543043,0.7239968
n04252077_7317.jpg,0.7602399,0.71590906
00048530.jpg,0.6432977,0.7872336
00029592.jpg,0.88812304,0.9279262
00031317.jpg,0.8054718,0.8459558
00014092.jpg,0.7713281,0.8253298
00038278.jpg,0.723406,0.8094224
00026154.jpg,0.86956,0.952778
00029841.jpg,0.8087301,0.9179094
00036983.jpg,0.64817387,0.6161124
00014817.jpg,0.73648363,0.6738586
n03541923_4376.jpg,0.64270556,0.64220184
n07806221_24954.jpg,0.76016045,0.75728154
00052238.jpg,0.5857162,0.555136
00021263.jpg,0.743459,0.8208858
00042344.jpg,0.7678475,0.7407434
00003869.jpg,0.6211599,0.5434918
00041438.jpg,0.7366772,0.83888
00026309.jpg,0.80947375,0.8497458
000000432657.jpg,0.65249574,0.77884614
000000563155.jpg,0.72258973,0.9139785
00030109.jpg,0.78195924,0.8376792
00053814.jpg,0.9205018,0.792746
00014642.jpg,0.7901877,0.7281028
00047958.jpg,0.7429298,0.8714186
00034243.jpg,0.70158637,0.793703
n07863374_16763.jpg,0.8048191,0.7894737
00017516.jpg,0.8076453,0.8635796
00037880.jpg,0.6732918,0.592619
00017418.jpg,0.79307353,0.795144
n02878222_50828.jpg,0.65951705,0.51
n04461696_6027.jpg,0.6915251,0.7113402
00036475.jpg,0.6809013,0.7024766
00012044.jpg,0.5981432,0.5882722
00043294.jpg,0.6788599,0.713276
00052699.jpg,0.93358034,0.944225
00034471.jpg,0.6673295,0.6476366
00049943.jpg,0.7951116,0.7757334
00039230.jpg,0.5981087,0.4947896
00024975.jpg,0.6902462,0.6897192
00053016.jpg,0.9172338,0.8941506
54b1221080a3301e.jpg,0.76809984,0.8469388
00038764.jpg,0.71550435,0.8541586
00012409.jpg,0.68453836,0.6454276
00043937.jpg,0.8363638,0.8069808
00047156.jpg,0.8082266,0.8383456
00031495.jpg,0.81146276,0.929897
00005726.jpg,0.81745875,0.7864262
00049216.jpg,0.82054985,0.9114368
n03670208_2214.jpg,0.830903,0.8913044
n02434954_3412.jpg,0.73345184,0.5591398
00018824.jpg,0.8350791,0.8490078
00024137.jpg,0.74406624,0.7975298
00048574.jpg,0.7669785,0.783047
00039738.jpg,0.6764387,0.757795
00027372.jpg,0.63864565,0.5512242
00025524.jpg,0.75348157,0.8360894
00021361.jpg,0.6677284,0.6717018
00003573.jpg,0.687056,0.5719012
00025304.jpg,0.68508244,0.6678982
00036417.jpg,0.6677852,0.5756776
00052997.jpg,0.7830555,0.816437
00042993.jpg,0.74305755,0.8087722
00040008.jpg,0.740416,0.6884884
00034920.jpg,0.49053466,0.517683
00030643.jpg,0.7168315,0.7080088
00001555.jpg,0.69074947,0.6292638
00024419.jpg,0.77548546,0.779462
00042158.jpg,0.698626,0.7176886
00053696.jpg,0.56991625,0.8001958
00039765.jpg,0.79773974,0.8396504
00040298.jpg,0.6292404,0.5891024
00048330.jpg,0.79109573,0.9417786
00035767.jpg,0.5766602,0.5944872
00054961.jpg,0.89734876,0.8918546
00041359.jpg,0.8020823,0.8755348
n01514668_22000.jpg,0.8011031,0.8018868
00004545.jpg,0.81757283,0.859377
00034818.jpg,0.70920646,0.5997724
00043928.jpg,0.66168565,0.8130342
00001387.jpg,0.79835844,0.901807
00048447.jpg,0.8574833,0.7839102
00058448.jpg,0.73385155,0.6728058
00010135.jpg,0.7747792,0.7352594
00001579.jpg,0.6378392,0.6177204
000000110697.jpg,0.854176,0.92391306
00000121.jpg,0.7134136,0.6718452
00008450.jpg,0.7186023,0.5613262
n07801508_10895.jpg,0.83552885,0.8207547
00054919.jpg,0.6976428,0.7925074
00044815.jpg,0.7786257,0.7718646
00020611.jpg,0.88778174,0.932743
00016432.jpg,0.71797055,0.6858682
00057059.jpg,0.77371156,0.8646962
00042833.jpg,0.71787,0.663007
00056918.jpg,0.7714108,0.754815
00032669.jpg,0.86411357,0.8878336
00046282.jpg,0.8142372,0.9262512
00052472.jpg,0.69033444,0.7460972
n09376198_10845.jpg,0.5924608,0.5588235
00051999.jpg,0.6419497,0.7451146
00057982.jpg,0.72906524,0.7878484
00054586.jpg,0.838894,0.8591622
00046552.jpg,0.80955756,0.78971
00031477.jpg,0.80214405,0.7311008
00036390.jpg,0.6498428,0.4916028
00044947.jpg,0.6345873,0.6786314
00017926.jpg,0.86387867,0.8530902
00041992.jpg,0.8089162,0.7682522
00049235.jpg,0.66459584,0.8650612
00000465.jpg,0.70679915,0.7282504
00036872.jpg,0.59304786,0.4735846
00035940.jpg,0.59797215,0.4894398
00035685.jpg,0.6659104,0.6679458
db190b9e53838d3e.jpg,0.82705164,0.79611653
00030208.jpg,0.81841564,0.859494
00047291.jpg,0.71422815,0.7304004
00016862.jpg,0.70331085,0.7354872
c7e5f40a0f905e5b.jpg,0.8050619,0.8131868
n07801091_50877.jpg,0.6039971,0.4789916
00045889.jpg,0.765589,0.8332252
n02118333_13624.jpg,0.89639217,0.8981481
00016113.jpg,0.7921755,0.6849646
n09415671_2133.jpg,0.58435196,0.699187
00056465.jpg,0.69727445,0.6988114
00052160.jpg,0.8242632,0.798346
00016297.jpg,0.59068716,0.6055556
000000197689.jpg,0.7482083,0.8
00044114.jpg,0.7438216,0.6351962
1c36280ae30bb3f7.jpg,0.8475987,0.82258064
000000464682.jpg,0.7814482,0.8876405
00049997.jpg,0.57240653,0.636395
00041986.jpg,0.70345116,0.755082
00040585.jpg,0.7738112,0.91931
00033652.jpg,0.65035987,0.700009
00041889.jpg,0.84143686,0.9326846
00048921.jpg,0.70589566,0.6235278
00014777.jpg,0.5867263,0.5843468
00024556.jpg,0.6447582,0.5960898
00040733.jpg,0.7466012,0.8384468
00002892.jpg,0.8698536,0.9342766
00051113.jpg,0.76501244,0.7244618
00056001.jpg,0.6315632,0.7145224
000000318837.jpg,0.75991166,0.8301887
00006628.jpg,0.7943835,0.7541682
00011439.jpg,0.81958306,0.899976
00046016.jpg,0.66854006,0.7412822
n00464894_11143.jpg,0.80346966,0.80991733
00012329.jpg,0.8067819,0.798655
00038683.jpg,0.6489789,0.6510682
00044711.jpg,0.6310276,0.686394
00022198.jpg,0.634426,0.5753904
00016038.jpg,0.6611513,0.7167588
00036400.jpg,0.7925186,0.7242768
00037187.jpg,0.63602036,0.7740112
00030122.jpg,0.7888845,0.7482886
00052197.jpg,0.67161953,0.743059
000000221183.jpg,0.6927119,0.7542373
00021651.jpg,0.81475127,0.8636278
00057055.jpg,0.81102586,0.7140714
00045939.jpg,0.6899056,0.7083458
00033103.jpg,0.9467662,0.9163442
00018854.jpg,0.62091786,0.6191246
00000063.jpg,0.82549906,0.8512258
00001096.jpg,0.75424576,0.8382936
00004446.jpg,0.6910293,0.6026406
00036483.jpg,0.73587,0.6310504
00037967.jpg,0.7019553,0.755155
00015274.jpg,0.7043535,0.7905944
00044417.jpg,0.6671707,0.6514182
00056637.jpg,0.71620405,0.7164028
00007756.jpg,0.81474686,0.8696728
00044377.jpg,0.6827694,0.5090504
00044012.jpg,0.7105527,0.7435736
00029240.jpg,0.7221654,0.8892048
000000316022.jpg,0.76105565,0.8255814
00043683.jpg,0.63505995,0.6572046
00008028.jpg,0.74284124,0.758351
00053405.jpg,0.8512213,0.9095242
000000106331.jpg,0.7215328,0.56989247
000000493004.jpg,0.73806006,0.7468355
00017925.jpg,0.7779168,0.8191766
00022630.jpg,0.7775285,0.8369184
64290af3b5a7e7cb.jpg,0.72412866,0.8367347
00016029.jpg,0.80713403,0.8097596
00049771.jpg,0.79428905,0.8264646
00055519.jpg,0.6623278,0.6905014
000000126755.jpg,0.7067579,0.68817204
00021544.jpg,0.75240076,0.8623484
00056130.jpg,0.81858754,0.9230282
00021162.jpg,0.70535374,0.7715144
00030761.jpg,0.83541715,0.7784082
00051959.jpg,0.66147876,0.7070352
00046837.jpg,0.66823876,0.7203056
00003463.jpg,0.5833826,0.484119
00048455.jpg,0.7253417,0.7970226
00048500.jpg,0.8859005,0.956073
00049318.jpg,0.66575617,0.7579562
00040159.jpg,0.7573354,0.8892278
n00480993_4180.jpg,0.77481157,0.76086956
n02129165_647.jpg,0.80777836,0.7844828
00040456.jpg,0.7622335,0.889706
00005769.jpg,0.82736856,0.8235092
00038877.jpg,0.7122214,0.6347386
a2ebd8e99fce35cd.jpg,0.809795,0.66
00013337.jpg,0.66232985,0.7219272
00037964.jpg,0.67973834,0.7452014
e28c0aa13f315c69.jpg,0.72247845,0.76237625
00014796.jpg,0.61118615,0.6056948
n09468604_48588.jpg,0.5799995,0.5154639
00036016.jpg,0.6458685,0.6032824
00025196.jpg,0.74129426,0.756111
00006537.jpg,0.77353895,0.6653962
00020051.jpg,0.81115365,0.8001044
00010412.jpg,0.77577335,0.775437
00049170.jpg,0.75006217,0.9279432
00001918.jpg,0.86103106,0.982738
00035698.jpg,0.63988745,0.730991
00050520.jpg,0.7598364,0.7054704
00028483.jpg,0.8786486,0.9686318
00002426.jpg,0.69723326,0.5855096
00057638.jpg,0.845713,0.9052946
00058590.jpg,0.7389133,0.7652444
n01846331_6493.jpg,0.7931899,0.7755102
00055227.jpg,0.8539527,0.966424
00050927.jpg,0.7932772,0.7986374
n02450034_4350.jpg,0.8015127,0.7297297
00042964.jpg,0.7616905,0.8595198
00032475.jpg,0.86998844,0.8832138
00039988.jpg,0.72235394,0.6246824
00041760.jpg,0.77182347,0.793904
sun_anowzijwkurybpjf.jpg,0.56128734,0.48913044
00004314.jpg,0.847751,0.8829718
00026171.jpg,0.71285343,0.7866322
00040511.jpg,0.79880744,0.8485184
00025397.jpg,0.75492704,0.8078284
00048215.jpg,0.6933337,0.781641
00050535.jpg,0.7169758,0.7228348
00045451.jpg,0.6274009,0.7065022
00010559.jpg,0.7895762,0.7917886
00013824.jpg,0.7136932,0.7988022
00040304.jpg,0.6837055,0.706111
00014176.jpg,0.8449238,0.8955456
00017576.jpg,0.74006915,0.8343128
00048027.jpg,0.7582588,0.5424962
00035721.jpg,0.665179,0.7288752
n02324045_7870.jpg,0.7765137,0.75
00033698.jpg,0.56623673,0.5548164
00027880.jpg,0.70552015,0.8604958
00030924.jpg,0.6268738,0.5902096
00043958.jpg,0.78448415,0.862964
00050000.jpg,0.7112607,0.860063
00012253.jpg,0.7943384,0.7873968
00014529.jpg,0.704141,0.6520134
00014353.jpg,0.51610047,0.5915142
00046705.jpg,0.7165308,0.828253
000000292819.jpg,0.7781312,0.79347825
sun_aeqvxsrjzbspqkaf.jpg,0.64454544,0.50476193
00012271.jpg,0.72220147,0.5289068
00028549.jpg,0.7175286,0.7780924
00036394.jpg,0.66191256,0.5223698
00055357.jpg,0.94564885,0.938118
00015267.jpg,0.70245206,0.834652
00027593.jpg,0.672487,0.5953418
00050210.jpg,0.7693366,0.7811112
00013693.jpg,0.81894135,0.8198408
00043734.jpg,0.69699454,0.8325284
00019856.jpg,0.7944609,0.7548166
00054254.jpg,0.7141222,0.7922582
00003682.jpg,0.5719714,0.6177736
00037761.jpg,0.73846483,0.5242172
00000998.jpg,0.857849,0.9416592
00015894.jpg,0.797307,0.7909882
00050557.jpg,0.7924262,0.8231038
n01846331_7467.jpg,0.78910106,0.7745098
00047704.jpg,0.63715225,0.512255
00028681.jpg,0.80646646,0.8636666
00008181.jpg,0.7271047,0.7245252
00042010.jpg,0.63452625,0.78641
00004688.jpg,0.72281635,0.8719992
00001713.jpg,0.8045722,0.6785858
00023157.jpg,0.7805946,0.8774312
00044252.jpg,0.84378856,0.8544362
n09415671_14688.jpg,0.67285013,0.67256635
00005901.jpg,0.8250377,0.7267474
00031576.jpg,0.7942288,0.8904584
00007877.jpg,0.6636219,0.7033524
00007826.jpg,0.7554577,0.8527112
00008867.jpg,0.8012277,0.8715448
00015331.jpg,0.7635369,0.742928
n07717556_4501.jpg,0.8634251,0.93457943
00041824.jpg,0.69818825,0.8177734
00000174.jpg,0.74572635,0.7464158
sun_axhrgmuqrljrfnpd.jpg,0.5944472,0.43396226
00012088.jpg,0.6120769,0.5013578
00056639.jpg,0.8590059,0.8239914
00019156.jpg,0.85464513,0.7846836
00029355.jpg,0.76858526,0.8078
00043938.jpg,0.74940234,0.6230328
00043226.jpg,0.6633182,0.7199968
00036244.jpg,0.65180373,0.6480588
00038782.jpg,0.7848577,0.8160692
00016239.jpg,0.78521854,0.810959
00040092.jpg,0.76886195,0.8006178
00000978.jpg,0.810503,0.9283052
00027705.jpg,0.7257779,0.8076338
00057309.jpg,0.840878,0.876881
00039469.jpg,0.72542715,0.7191272
00029871.jpg,0.7570443,0.7635332
00034893.jpg,0.62474155,0.6229614
00042483.jpg,0.6518691,0.6758236
n09376198_9191.jpg,0.6695524,0.5925926
00005046.jpg,0.86601174,0.8630996
00051673.jpg,0.8935199,0.9385004
00014004.jpg,0.7960069,0.7816028
00025965.jpg,0.8783305,0.9409062
00023478.jpg,0.63758945,0.6287074
00036172.jpg,0.6162249,0.5259752
00019167.jpg,0.74319947,0.8986094
00033749.jpg,0.7895019,0.7145378
00055094.jpg,0.6375401,0.5769876
00056473.jpg,0.9024351,0.8168194
a26935abd4c130ba.jpg,0.695997,0.7340425
00025357.jpg,0.7624225,0.7545332
00028644.jpg,0.7733706,0.7018768
n12142085_35169.jpg,0.63945675,0.67346936
00024526.jpg,0.8933454,0.8915194
00014420.jpg,0.80132264,0.7392948
00053725.jpg,0.6873262,0.6353162
00055089.jpg,0.82285106,0.8984276
00022989.jpg,0.76229274,0.813634
00047925.jpg,0.69239604,0.7596634
00009543.jpg,0.7147666,0.7163534
00033343.jpg,0.6193428,0.5835792
1c6f8910c177c94a.jpg,0.7680255,0.8369565
00035661.jpg,0.6778783,0.7110402
00022946.jpg,0.79824436,0.9267022
00054175.jpg,0.8350741,0.8426784
00026361.jpg,0.7168919,0.7452722
000000161333.jpg,0.7882583,0.6931818
00051973.jpg,0.8943722,0.905964
00056141.jpg,0.83109534,0.8831644
03f06cb99617b43e.jpg,0.8371234,0.89
00051306.jpg,0.8574735,0.866888
n03670208_41966.jpg,0.8189845,0.92134833
00017839.jpg,0.7766502,0.8272656
00025168.jpg,0.8421034,0.8207552
00052124.jpg,0.722967,0.7895398
00011661.jpg,0.5985433,0.7031338
00049258.jpg,0.7197629,0.6881646
00031513.jpg,0.7207774,0.8509772
00046689.jpg,0.8445281,0.9009938
00010311.jpg,0.8070975,0.9010118
00016438.jpg,0.76927555,0.8336794
00047952.jpg,0.6491406,0.7110662
00016813.jpg,0.57192767,0.60485
00049430.jpg,0.77316856,0.8439806
00042835.jpg,0.6937413,0.767038
00040318.jpg,0.7297412,0.7008746
00048678.jpg,0.7722379,0.6562506
00029194.jpg,0.6472402,0.6574926
00001452.jpg,0.88249266,0.8721054
00052572.jpg,0.8792355,0.9198144
00027368.jpg,0.7348845,0.6402686
00014198.jpg,0.870654,0.8001662
00033819.jpg,0.6074788,0.6365266
00016791.jpg,0.9178413,0.786046
n04252077_7421.jpg,0.6651852,0.7227723
n02396427_19458.jpg,0.8641848,0.7818182
sun_aqxqzdeqnlrkfuhn.jpg,0.49857426,0.54545456
00055370.jpg,0.6847652,0.851741
00052552.jpg,0.78827286,0.7876616
00025627.jpg,0.81897646,0.811771
00013386.jpg,0.5144884,0.4866848
00056338.jpg,0.68755394,0.7447322
00029042.jpg,0.66025203,0.5726348
00044949.jpg,0.82028145,0.7728758
00053986.jpg,0.85111356,0.8765956
00008860.jpg,0.8221221,0.8436292
00038719.jpg,0.59668237,0.7284142
00052618.jpg,0.85913086,0.9509772
00023841.jpg,0.7659033,0.8281536
000000361132.jpg,0.78509766,0.9230769
00007571.jpg,0.84725034,0.807726
00040738.jpg,0.75311303,0.7782012
00007517.jpg,0.8818276,0.888705
00050275.jpg,0.7787888,0.815035
00036050.jpg,0.65193105,0.6768892
00036504.jpg,0.64854777,0.5579286
00024440.jpg,0.8762878,0.9080932
n02324045_21877.jpg,0.79188824,0.74561405
00031090.jpg,0.63864356,0.6897552
00000385.jpg,0.81713176,0.8489234
000000399001.jpg,0.8036489,0.78640777
00053351.jpg,0.7973324,0.770977
00001401.jpg,0.5799116,0.532986
00016307.jpg,0.7866584,0.8826216
00053810.jpg,0.8765465,0.9553866
00044715.jpg,0.73050404,0.718809
00014270.jpg,0.50892854,0.7406672
00038917.jpg,0.6991198,0.6372408
00029638.jpg,0.5534018,0.4706898
00056340.jpg,0.61885655,0.6250642
00001946.jpg,0.8324361,0.8424154
00020720.jpg,0.70574063,0.8035516
00005952.jpg,0.82657856,0.822283
00049112.jpg,0.8371279,0.7994626
00006128.jpg,0.72776765,0.6988744
00037813.jpg,0.5808149,0.4639722
00022283.jpg,0.75600636,0.7321212
00029422.jpg,0.7805826,0.8281296
00016593.jpg,0.7958819,0.8625434
00043875.jpg,0.6457982,0.6852678
00017163.jpg,0.7520605,0.8641858
n01792640_19952.jpg,0.85729337,0.79611653
n07838073_7422.jpg,0.7338195,0.9047619
00026126.jpg,0.8051529,0.8334918
000000306047.jpg,0.8181081,0.9550562
00018572.jpg,0.8349067,0.8973412
00003448.jpg,0.76558197,0.8101432
00020262.jpg,0.63863957,0.6480018
000000178244.jpg,0.71190464,0.5192308
00027904.jpg,0.7399695,0.8509692
00027446.jpg,0.8054068,0.8310172
00009637.jpg,0.83214855,0.9472092
00044922.jpg,0.75446326,0.697839
00010842.jpg,0.6503882,0.7927828
00041419.jpg,0.8311802,0.846591
00013502.jpg,0.6545948,0.598892
00018386.jpg,0.7229531,0.8583016
00010550.jpg,0.6066782,0.5911738
00026665.jpg,0.7741145,0.7575852
n07863374_18711.jpg,0.8713915,0.8269231
00057861.jpg,0.5992898,0.7099226
00000520.jpg,0.5723374,0.5632272
000000280721.jpg,0.84762895,0.92913383
00055631.jpg,0.7458793,0.8469264
00053716.jpg,0.8163707,0.7971058
00038654.jpg,0.74222994,0.8758432
00046341.jpg,0.8912818,0.8723258
00011819.jpg,0.6842732,0.7543306
00029146.jpg,0.7956174,0.8895702
00008129.jpg,0.62154233,0.7059008
00024490.jpg,0.8338497,0.9138152
00018231.jpg,0.7912218,0.7778468
00050499.jpg,0.8736824,0.9470958
00011144.jpg,0.9029211,0.798575
00053273.jpg,0.9327388,0.9083534
00021008.jpg,0.9061836,0.890097
n03512147_1417.jpg,0.72344196,0.5652174
000000049369.jpg,0.77738786,0.85714287
00022156.jpg,0.6597849,0.6354624
00054092.jpg,0.79195637,0.8893774
00003410.jpg,0.8124527,0.8495766
00016199.jpg,0.73545116,0.7314708
00002585.jpg,0.7272146,0.7269842
00016560.jpg,0.6431248,0.6814158
00012648.jpg,0.74245936,0.724561
00021798.jpg,0.8246177,0.7949348
00014921.jpg,0.8389905,0.7770762
00010875.jpg,0.89935535,0.8897704
00039577.jpg,0.7641314,0.6824788
00036572.jpg,0.8210236,0.6947758
n00440941_11436.jpg,0.8088283,0.8333333
00051032.jpg,0.7035601,0.8526794
00057671.jpg,0.77623713,0.6460476
00003985.jpg,0.73266816,0.652528
00024462.jpg,0.6969037,0.6763804
00012558.jpg,0.8615781,0.8508516
000000387513.jpg,0.77413,0.8202247
00049914.jpg,0.7972634,0.8943082
00041994.jpg,0.78159326,0.798719
000000347445.jpg,0.8372474,0.84313726
00047445.jpg,0.6938938,0.762203
00032025.jpg,0.5813943,0.6571726
00046358.jpg,0.7412808,0.8236286
00053289.jpg,0.68149054,0.8074038
00041841.jpg,0.65193146,0.7649964
00027359.jpg,0.79652154,0.8598254
00041058.jpg,0.7573452,0.8150376
00046011.jpg,0.7784061,0.8019766
n03384352_14928.jpg,0.7593506,0.7752809
00008114.jpg,0.7252625,0.7563428
00003062.jpg,0.7400001,0.7939084
00049327.jpg,0.8393886,0.7749958
00017444.jpg,0.8544811,0.9377026
00042197.jpg,0.7258696,0.7025068
n04461696_9793.jpg,0.70124996,0.65555555
00035772.jpg,0.56982493,0.6504332
00032772.jpg,0.69015604,0.620817
00024244.jpg,0.84210795,0.915593
00018134.jpg,0.81470823,0.8888686
sun_aanjgkilxhsgjsyw.jpg,0.6648625,0.62857145
00016472.jpg,0.7846831,0.7807188
00025036.jpg,0.8125081,0.6763518
00031432.jpg,0.7291265,0.7879622
n02691156_4134.jpg,0.77856547,0.67391306
00032252.jpg,0.6944462,0.8063118
00045774.jpg,0.78316724,0.8587202
00015491.jpg,0.7426936,0.6729114
00006614.jpg,0.85752505,0.9005434
00055287.jpg,0.5748458,0.371648
00007288.jpg,0.77637804,0.7462274
00017866.jpg,0.92438316,0.945959
00004478.jpg,0.790237,0.7850654
00010954.jpg,0.7783364,0.851666
n09393605_53199.jpg,0.59997773,0.42222223
42c4b0a5b46cc4a8.jpg,0.7624121,0.73333335
00055214.jpg,0.7804029,0.7299536
00022883.jpg,0.7582341,0.6951904
00027220.jpg,0.717373,0.8750912
00025450.jpg,0.848206,0.848943
00049865.jpg,0.8839397,0.8724198
n07923748_5085.jpg,0.86609405,0.84444445
00036810.jpg,0.5899216,0.481755
00051884.jpg,0.84927046,0.9117852
00057024.jpg,0.7568045,0.7126516
00035722.jpg,0.8235959,0.9174044
000000421639.jpg,0.73923224,0.82222223
68f57951104d266e.jpg,0.5701148,0.48039216
00039304.jpg,0.6951378,0.6265448
00057217.jpg,0.8006461,0.7570908
00018493.jpg,0.86635214,0.8210272
000000126457.jpg,0.7472876,0.82978725
70c7cece24e9e005.jpg,0.5511267,0.6631579
00053777.jpg,0.81507546,0.8135854
a9bb39df7e78a550.jpg,0.8091525,0.72527474
00026399.jpg,0.7905867,0.961564
00032869.jpg,0.7779459,0.77269
00003935.jpg,0.8239372,0.866119
00055593.jpg,0.5526767,0.473906
00013485.jpg,0.68920434,0.7814128
00026941.jpg,0.8006363,0.7840954
00051747.jpg,0.90642023,0.912548
00058478.jpg,0.73667514,0.6973608
00022624.jpg,0.8315683,0.6293344
n07838073_14985.jpg,0.78466356,0.8888889
n09359803_25012.jpg,0.6032777,0.5463917
00024744.jpg,0.5846548,0.5559524
00010249.jpg,0.752746,0.7217414
n01514859_4910.jpg,0.8263949,0.8317757
n07929519_34765.jpg,0.8239751,0.8787879
n04467665_2.jpg,0.6748507,0.6666667
000000466635.jpg,0.79636514,0.8613861
00030083.jpg,0.6203954,0.6995126
00057611.jpg,0.9135307,0.9303914
00032196.jpg,0.77908874,0.7687322
00001084.jpg,0.790709,0.8073878
00002252.jpg,0.8212143,0.9182248
00026680.jpg,0.81458366,0.9270196
00032208.jpg,0.5794308,0.651981
00021370.jpg,0.74551785,0.7921758
00005501.jpg,0.73549867,0.741853
00054772.jpg,0.83585036,0.9405674
d0c20a0fd5c2a38b.jpg,0.71836734,0.6923077
00033909.jpg,0.6908294,0.643308
00017238.jpg,0.824355,0.823142
00047818.jpg,0.7593847,0.6674074
00012837.jpg,0.78685796,0.9430824
n09217230_3790.jpg,0.77205575,0.8255814
n02332755_5511.jpg,0.81980157,0.8111111
00029839.jpg,0.716306,0.75857
00004250.jpg,0.7290119,0.8214112
00040101.jpg,0.81495225,0.7820126
n02129165_24549.jpg,0.8451997,0.8269231
00055723.jpg,0.7804706,0.7624318
00007551.jpg,0.81748194,0.8231158
00017435.jpg,0.71331924,0.7938912
00040735.jpg,0.76482165,0.8087932
00040726.jpg,0.6890422,0.7157618
sun_arwbkcpbnacrivin.jpg,0.6192512,0.6145833
00049027.jpg,0.7837087,0.8604598
00050027.jpg,0.79141104,0.894316
00052087.jpg,0.80206776,0.8779842
00001114.jpg,0.61292976,0.4783836
00006415.jpg,0.64661664,0.632024
00038833.jpg,0.8410773,0.7203416
00011712.jpg,0.76372147,0.802675
n01846331_11880.jpg,0.73977757,0.6226415
00044795.jpg,0.6175372,0.5814352
00034134.jpg,0.714315,0.6500158
00004710.jpg,0.81072664,0.9058704
000000080948.jpg,0.7151333,0.8947368
00032683.jpg,0.5701968,0.6705646
00031006.jpg,0.8036028,0.9559302
00015559.jpg,0.86666936,0.8183664
00022245.jpg,0.8277818,0.8349836
00044910.jpg,0.7184874,0.7038572
121794a37b3aab8b.jpg,0.7690842,0.79646015
00052480.jpg,0.8374412,0.8198196
57974157103b6acf.jpg,0.8139905,0.8173077
00053587.jpg,0.7495686,0.8604234
00002671.jpg,0.7319288,0.550573
sun_acxtlssrlfsryvac.jpg,0.52221566,0.40625
sun_aobrdfggnifbqbhn.jpg,0.62131333,0.4716981
00011131.jpg,0.69517195,0.6653576
n07863374_18243.jpg,0.79659414,0.7058824
00020107.jpg,0.7417489,0.7744608
00015950.jpg,0.6434471,0.593974
000000264615.jpg,0.7211067,0.7916667
00050368.jpg,0.674137,0.4698482
00045258.jpg,0.78119177,0.6190746
00006593.jpg,0.77696085,0.7551042
00055336.jpg,0.7062861,0.8592848
00007360.jpg,0.71497416,0.7041668
000000393386.jpg,0.7092879,0.63829786
00052892.jpg,0.71044743,0.8801874
00056991.jpg,0.73336035,0.6267874
00019900.jpg,0.7923473,0.7876448
00008161.jpg,0.80994743,0.9026456
00025910.jpg,0.7590779,0.894324
00039994.jpg,0.60156894,0.704172
00010019.jpg,0.7684586,0.6694652
00008046.jpg,0.96806157,0.9083032
00017292.jpg,0.826638,0.7946966
00022619.jpg,0.7700952,0.8581522
00054800.jpg,0.861534,0.7931286
00023008.jpg,0.8358347,0.855106
n07717556_427.jpg,0.8302405,0.9313725
00029879.jpg,0.7143173,0.642778
00043889.jpg,0.8058945,0.8815582
n01811909_13116.jpg,0.7495326,0.6972477
00054379.jpg,0.7887697,0.7856982
00056994.jpg,0.8748419,0.8744626
00048480.jpg,0.80647016,0.8259174
00054877.jpg,0.8304822,0.7969946
00038080.jpg,0.7461107,0.5712946
00025796.jpg,0.79935014,0.8644632
00056455.jpg,0.7586788,0.7670632
00043000.jpg,0.7433579,0.8412206
00044942.jpg,0.83536184,0.8227256
00029797.jpg,0.74852204,0.6750236
00028423.jpg,0.73664194,0.6969336
00010831.jpg,0.849479,0.8071744
00033513.jpg,0.74289125,0.895013
00003942.jpg,0.80246824,0.7682942
00055210.jpg,0.6819077,0.866662
00036975.jpg,0.5926031,0.7088206
00021935.jpg,0.8632538,0.8840446
00026561.jpg,0.86448693,0.9407084
00042634.jpg,0.8111852,0.814906
n02396427_9595.jpg,0.74883777,0.7685185
00055411.jpg,0.69680744,0.7219638
00032958.jpg,0.6993724,0.718184
00048620.jpg,0.78275824,0.9319652
00015173.jpg,0.6599717,0.7807806
00028444.jpg,0.7308532,0.6118594
00054179.jpg,0.7524456,0.8284672
00058445.jpg,0.86002356,0.8105814
00020152.jpg,0.76471,0.7237074
00050165.jpg,0.7750635,0.8008614
00052185.jpg,0.8526788,0.9164392
00037767.jpg,0.69210994,0.5574344
00009407.jpg,0.86242056,0.7554716
00016627.jpg,0.68594724,0.6099142
00009806.jpg,0.6321825,0.56007
00029366.jpg,0.68746555,0.6694428
00014336.jpg,0.73770547,0.7605914
00037389.jpg,0.71222824,0.5911818
00054316.jpg,0.570649,0.636203
00047257.jpg,0.7040439,0.6437874
00029411.jpg,0.802902,0.7977078
00000471.jpg,0.8307328,0.9012288
00022228.jpg,0.7897315,0.7797664
00012448.jpg,0.81333494,0.974043
00034668.jpg,0.5588512,0.5858482
00054970.jpg,0.84138286,0.885168
00045304.jpg,0.70599467,0.5355032
00028506.jpg,0.79174745,0.6603814
6a9bb06320a811de.jpg,0.82796806,0.8210526
00021174.jpg,0.7902036,0.7338308
00032578.jpg,0.84450734,0.8351126
00049966.jpg,0.6702074,0.7401872
00000722.jpg,0.7547207,0.739581
n07697537_21976.jpg,0.8286897,0.95049506
00020712.jpg,0.62242305,0.6619306
00052815.jpg,0.88298684,0.9105736
000000265796.jpg,0.751837,0.7894737
00041425.jpg,0.62578136,0.6493408
00015053.jpg,0.79022014,0.8454352
00028383.jpg,0.84530437,0.944478
00009807.jpg,0.79114074,0.7084992
00021349.jpg,0.7957096,0.7847456
00016576.jpg,0.58802664,0.4533842
72b7174bbfb7deee.jpg,0.6943303,0.8041237
00028703.jpg,0.59138376,0.5546818
00026546.jpg,0.5392031,0.504824
00005924.jpg,0.69913447,0.4239378
00045852.jpg,0.8428688,0.8952738
00030988.jpg,0.80026627,0.866903
00051006.jpg,0.8771957,0.9414298
00019814.jpg,0.76682884,0.7591704
00050025.jpg,0.69873667,0.8966536
n09376198_16253.jpg,0.5826663,0.47524753
00036587.jpg,0.75775576,0.8633094
c94be4a43769a5bb.jpg,0.58624595,0.55172414
00001989.jpg,0.66250974,0.7159906
00030417.jpg,0.8394655,0.8725526
00056281.jpg,0.7145808,0.6476156
n12345899_10156.jpg,0.79959786,0.7525773
00032199.jpg,0.65294427,0.7495978
00041002.jpg,0.73147404,0.4746882
00049565.jpg,0.846683,0.8422194
00057599.jpg,0.9331696,0.9015518
00056199.jpg,0.5897995,0.6185836
00058487.jpg,0.9079977,0.9133704
00052117.jpg,0.74385285,0.7891316
00002950.jpg,0.7845606,0.8578014
00032815.jpg,0.90978175,0.8814418
00029747.jpg,0.5710748,0.4749166
n07849336_20909.jpg,0.73472756,0.54545456
00028049.jpg,0.8354176,0.940405
00045768.jpg,0.7659428,0.7145436
00024627.jpg,0.92923474,0.9465626
8aa6b2f1844fddbb.jpg,0.7695805,0.83495146
00003608.jpg,0.7528275,0.8654016
00009367.jpg,0.80431986,0.8146532
00055183.jpg,0.83296335,0.9332128
00041584.jpg,0.64339614,0.6300462
00020412.jpg,0.72636324,0.8128754
000000390991.jpg,0.8063275,0.8429752
00046631.jpg,0.7471963,0.7727464
00005232.jpg,0.6024342,0.5437824
00054888.jpg,0.9170796,0.9077088
000000310716.jpg,0.76952404,0.8037383
00004804.jpg,0.84057635,0.8259926
00048390.jpg,0.7607895,0.8580048
00009280.jpg,0.7746544,0.7313568
n00480993_19667.jpg,0.79329914,0.7777778
00001992.jpg,0.7959619,0.6985946
00057590.jpg,0.7335805,0.6014806
n02324045_28693.jpg,0.883746,0.96153843
sun_awtxtsuiqihltaao.jpg,0.6585604,0.6633663
00049062.jpg,0.81387734,0.8700742
n00445351_8627.jpg,0.82682693,0.88235295
00048840.jpg,0.6135907,0.7627832
00019377.jpg,0.8147005,0.8173
n03384352_9868.jpg,0.76905805,0.75
00054507.jpg,0.86928725,0.8773866
n02342885_888.jpg,0.82847494,0.8956522
n07720875_10151.jpg,0.85930616,0.9166667
00056875.jpg,0.8579761,0.9472164
00034713.jpg,0.55904216,0.6347278
00024411.jpg,0.7314601,0.6864988
00042282.jpg,0.75219727,0.819726
00054577.jpg,0.74276567,0.8600722
n00445351_4948.jpg,0.7655654,0.7169811
00048754.jpg,0.77997524,0.8511136
n09421951_9815.jpg,0.58009696,0.47368422
n03670208_36069.jpg,0.72657233,0.8817204
n09309168_7549.jpg,0.65058523,0.6666667
00012346.jpg,0.6576403,0.7622834
00010336.jpg,0.7358435,0.7183722
00007765.jpg,0.54898226,0.4405774
00046649.jpg,0.88003206,0.929962
00009927.jpg,0.7718506,0.7172574
00018751.jpg,0.6028661,0.6464638
00042806.jpg,0.64957935,0.7115474
d669d42c8c5ad87f.jpg,0.5659716,0.62184876
00048667.jpg,0.7563169,0.7736452
00056860.jpg,0.78785473,0.8922032
00051887.jpg,0.821613,0.8566034
n00464894_10747.jpg,0.71100736,0.73636365
00020757.jpg,0.8329665,0.9071172
00029671.jpg,0.79178923,0.86027
00057798.jpg,0.60473835,0.70028
000000540464.jpg,0.86634016,0.8804348
00055817.jpg,0.8668269,0.8866642
00050777.jpg,0.64060813,0.5671932
00012284.jpg,0.61753416,0.6772542
00043041.jpg,0.7322616,0.7257638
00055023.jpg,0.7879293,0.9079856
00030917.jpg,0.69371676,0.7514436
00045043.jpg,0.7256237,0.6705788
00038062.jpg,0.64303064,0.7512608
00003851.jpg,0.62548965,0.6405136
00004206.jpg,0.88122743,0.9544282
00004341.jpg,0.7333756,0.6373526
00032728.jpg,0.8876191,0.9071104
00011258.jpg,0.76341754,0.7984502
00017597.jpg,0.7453793,0.8175824
00010867.jpg,0.62007403,0.6223382
00003783.jpg,0.8385787,0.8019328
00008919.jpg,0.7003419,0.68991
00003891.jpg,0.7382116,0.9101892
00047163.jpg,0.8191521,0.878329
00004964.jpg,0.836161,0.9064092
00027474.jpg,0.8055036,0.8734506
00014870.jpg,0.61886257,0.5054704
00002627.jpg,0.8862477,0.6597982
00019938.jpg,0.58181536,0.5239354
00027598.jpg,0.7847929,0.8798614
00050835.jpg,0.806618,0.8877982
00013572.jpg,0.75669867,0.8149504
00004873.jpg,0.6831298,0.7734344
00036380.jpg,0.65048426,0.6855906
n07690273_20919.jpg,0.8341466,0.8787879
00026182.jpg,0.8884455,0.9690998
00019755.jpg,0.71782625,0.8486054
00033536.jpg,0.80877817,0.8148962
00041124.jpg,0.6590234,0.8825714
00001869.jpg,0.8252244,0.876647
00008740.jpg,0.78207815,0.8191748
n04461696_4084.jpg,0.6963847,0.6886792
00029609.jpg,0.83203214,0.8526126
00058447.jpg,0.71565455,0.5796084
00051885.jpg,0.82084394,0.8542782
00041149.jpg,0.66063315,0.6255506
n07654148_22848.jpg,0.79634637,0.89772725
00053492.jpg,0.84751326,0.8865078
00007435.jpg,0.7919648,0.8011792
n02396427_7072.jpg,0.7825142,0.7613636
00039282.jpg,0.7615386,0.7737482
00008683.jpg,0.8878926,0.868449
00018203.jpg,0.6414996,0.555373
00049319.jpg,0.79957753,0.795348
00003080.jpg,0.85234004,0.8006728
0dae295abfdff1ea.jpg,0.76249236,0.7977528
00048899.jpg,0.7464654,0.7966286
00022875.jpg,0.8094425,0.7583332
00015098.jpg,0.6675422,0.727392
00012894.jpg,0.75428486,0.7593286
00053217.jpg,0.7030812,0.6896144
00031380.jpg,0.7442775,0.7626604
00032300.jpg,0.8052664,0.875364
00037314.jpg,0.6460995,0.6303584
00027784.jpg,0.7738153,0.7235512
00034548.jpg,0.6989783,0.842912
00055714.jpg,0.7373345,0.6899814
00026259.jpg,0.80308104,0.934772
e40c9760d612b7b9.jpg,0.76824266,0.8125
00006843.jpg,0.71402013,0.7126946
00056194.jpg,0.8380218,0.79349
00022917.jpg,0.79919696,0.8613504
00007055.jpg,0.8538636,0.8687546
00035297.jpg,0.5452486,0.3803554
00008341.jpg,0.79263806,0.8409206
00000988.jpg,0.74533504,0.8110994
00050991.jpg,0.8568158,0.771764
00042297.jpg,0.682084,0.6744192
00014240.jpg,0.8995412,0.8023682
00026401.jpg,0.82260203,0.8322436
00023748.jpg,0.68196076,0.7114862
00009784.jpg,0.6741247,0.6972234
00055014.jpg,0.7811857,0.7990502
00053422.jpg,0.69187546,0.7772028
n02946348_4367.jpg,0.6482443,0.67256635
00036304.jpg,0.67006654,0.8417734
00016141.jpg,0.7622047,0.7680082
00013299.jpg,0.812045,0.8577918
n07716358_1018.jpg,0.88534313,0.88461536
00042782.jpg,0.6368934,0.584665
00044833.jpg,0.6689395,0.647711
00019544.jpg,0.7969344,0.7456924
00009553.jpg,0.7368939,0.802607
00031948.jpg,0.8201576,0.8128812
00020483.jpg,0.69587916,0.7362182
00031512.jpg,0.64463305,0.6749024
00042692.jpg,0.6600587,0.6608274
00051705.jpg,0.6235095,0.6851462
00009094.jpg,0.79267275,0.8547758
00003008.jpg,0.6222601,0.4570762
00020579.jpg,0.85777956,0.8101128
00008840.jpg,0.67499113,0.5873652
n09393605_58117.jpg,0.59661883,0.72380954
n04461696_6157.jpg,0.6869699,0.773913
000000264279.jpg,0.68788093,0.78651685
00043868.jpg,0.61711895,0.6373426
n07711569_3474.jpg,0.7866818,0.5888889
00034731.jpg,0.6692406,0.6871712
00027041.jpg,0.7104126,0.7436236
00048718.jpg,0.6625277,0.758219
n07850329_22018.jpg,0.8567935,0.9375
00042390.jpg,0.7321954,0.7005962
6d8a20a69d1f2667.jpg,0.8320643,0.85
n07679356_31549.jpg,0.8472702,0.9047619
00031340.jpg,0.8652193,0.8039102
00024945.jpg,0.8435421,0.8669276
00044911.jpg,0.71483004,0.6471922
n07753592_1750.jpg,0.86785686,0.85714287
00027275.jpg,0.75414336,0.8784348
00012429.jpg,0.8249843,0.828713
000000041908.jpg,0.7955633,0.82653064
00046908.jpg,0.7416891,0.793202
00002797.jpg,0.75202715,0.7309052
00002378.jpg,0.883474,0.9123562
00023410.jpg,0.74353814,0.7931488
00027316.jpg,0.7238195,0.8056042
00022962.jpg,0.6945331,0.671623
00057155.jpg,0.67681855,0.8054766
00002486.jpg,0.7859057,0.7107946
c9a18643266fb7a8.jpg,0.5620472,0.46666667
00042981.jpg,0.8001641,0.7767594
ac260e25915895d8.jpg,0.7855489,0.8214286
00014232.jpg,0.7427052,0.7477696
00057874.jpg,0.81796837,0.8535562
ecb104cafb930b5e.jpg,0.75187147,0.7592593
00016777.jpg,0.74428856,0.8426038
00028084.jpg,0.76409185,0.8061818
n07720875_1782.jpg,0.8301971,0.95535713
00041113.jpg,0.7073877,0.7436784
00056959.jpg,0.88121474,0.7030384
00005079.jpg,0.6341868,0.6803622
00030712.jpg,0.7843724,0.8273
00014523.jpg,0.7491994,0.683857
00026637.jpg,0.8724693,0.8518944
00032865.jpg,0.8769078,0.9542484
00012283.jpg,0.79045784,0.842199
00027404.jpg,0.71324015,0.803226
00001443.jpg,0.7639722,0.7122392
00056238.jpg,0.76244724,0.8027052
00001914.jpg,0.8346933,0.9083222
00054571.jpg,0.754588,0.7390644
00045417.jpg,0.84974396,0.7999614
00030786.jpg,0.7803495,0.8510122
00029046.jpg,0.7920909,0.770074
00050276.jpg,0.90451956,0.9154414
00048936.jpg,0.74449754,0.8875888
00003927.jpg,0.77592057,0.8624536
00030763.jpg,0.8039433,0.8763266
00018336.jpg,0.66015804,0.695805
n09376198_16757.jpg,0.60665065,0.37864077
00051983.jpg,0.79727083,0.7335994
00029102.jpg,0.63717663,0.757641
00041028.jpg,0.7050444,0.7530566
00024828.jpg,0.74400926,0.856974
00027776.jpg,0.7546513,0.7773412
00003260.jpg,0.8257186,0.8445414
00003441.jpg,0.8434374,0.8458332
00040861.jpg,0.7086728,0.7856958
00056308.jpg,0.74766946,0.7416492
n03541923_2907.jpg,0.7828864,0.8989899
00016585.jpg,0.90089715,0.9634362
00024979.jpg,0.78989583,0.7329836
00056530.jpg,0.78803486,0.8739228
00042616.jpg,0.7782723,0.8613566
00009921.jpg,0.7798561,0.8840078
00028428.jpg,0.7724666,0.7763414
00004650.jpg,0.762951,0.8801808
00024075.jpg,0.5877483,0.4610764
00047065.jpg,0.7384111,0.6843032
00040627.jpg,0.6971515,0.6956634
00050812.jpg,0.8302071,0.8932688
00003601.jpg,0.814808,0.8299016
00015530.jpg,0.8590758,0.8686698
00000330.jpg,0.7586116,0.8726348
00015348.jpg,0.7203089,0.7695972
000000319211.jpg,0.74991894,0.736
00018786.jpg,0.82499254,0.910711
00056748.jpg,0.8310148,0.9490504
00006135.jpg,0.7161342,0.7492066
00035290.jpg,0.62669295,0.6640212
00022608.jpg,0.8476809,0.826979
00028986.jpg,0.6677965,0.5025642
00005035.jpg,0.7040138,0.7352188
00054391.jpg,0.9500013,0.9437838
00018871.jpg,0.7135961,0.6892948
df438d38ff6da2cc.jpg,0.88731796,0.9266055
00003940.jpg,0.8400904,0.8617136
00047610.jpg,0.69823843,0.8067702
00014452.jpg,0.81368697,0.6939912
00018263.jpg,0.92711264,0.8826266
00037410.jpg,0.63368756,0.579692
00056908.jpg,0.9522277,0.8328508
00054102.jpg,0.81031567,0.7625516
00020576.jpg,0.8391431,0.7938124
00034833.jpg,0.5804505,0.5581202
00039937.jpg,0.770884,0.6813284
00010601.jpg,0.82511747,0.7570868
00045976.jpg,0.6838299,0.8011592
00031595.jpg,0.73190767,0.6958842
00022582.jpg,0.9113467,0.9431152
00004000.jpg,0.7352557,0.8010344
00028839.jpg,0.7634846,0.6904892
n07911677_782.jpg,0.8007251,0.84
00014012.jpg,0.7948432,0.6805656
00052969.jpg,0.845412,0.8098106
00019521.jpg,0.8014087,0.825767
00020686.jpg,0.77653027,0.8254392
00023161.jpg,0.61892545,0.671055
00030951.jpg,0.73834187,0.7054578
sun_ayyysrlyzcgxgato.jpg,0.7117104,0.3548387
00040328.jpg,0.71703565,0.6699042
00013281.jpg,0.6624805,0.373045
00035483.jpg,0.8444306,0.9467732
00024380.jpg,0.65050185,0.7440238
00009290.jpg,0.7328542,0.8010248
00013565.jpg,0.67930126,0.675406
00016201.jpg,0.8447109,0.8972902
00052847.jpg,0.83403426,0.8423442
00020242.jpg,0.81578267,0.7855344
00001663.jpg,0.8513012,0.8521882
n02324045_19278.jpg,0.8131655,0.9
00052334.jpg,0.6549042,0.612364
00018996.jpg,0.827602,0.840914
00001090.jpg,0.8793052,0.80364
00031068.jpg,0.7210469,0.69919
n02129165_4588.jpg,0.8428421,0.90816325
00037426.jpg,0.6098219,0.6375848
00038710.jpg,0.71464205,0.6613984
836d708f040594e8.jpg,0.69558805,0.8095238
00036865.jpg,0.64478624,0.6649558
00029539.jpg,0.5968709,0.730499
00011021.jpg,0.7925019,0.7542276
00010704.jpg,0.8196553,0.7802448
00013489.jpg,0.66502506,0.6799428
00052995.jpg,0.8707385,0.9118888
00034478.jpg,0.82444525,0.9072086
00017599.jpg,0.7695385,0.7843726
000000413242.jpg,0.6446409,0.7777778
n03790512_559.jpg,0.7651166,0.7641509
00000893.jpg,0.7733401,0.8007234
00026777.jpg,0.64547735,0.6081464
n02129165_1678.jpg,0.89501977,0.8974359
00057274.jpg,0.65158844,0.7378698
00054635.jpg,0.78428066,0.8515082
7e9596503b795607.jpg,0.80078995,0.84761906
00055889.jpg,0.87656593,0.847853
00027117.jpg,0.65942717,0.6894468
00041311.jpg,0.716919,0.768338
n00445351_8665.jpg,0.8511824,0.83516484
00018861.jpg,0.9248695,0.9475872
00054375.jpg,0.81101537,0.8660382
00021766.jpg,0.7829418,0.9327188
00049677.jpg,0.6185327,0.753458
00037003.jpg,0.6330023,0.6479678
n04465501_3069.jpg,0.75438637,0.74509805
00019200.jpg,0.6380568,0.574457
00037753.jpg,0.75288224,0.727831
00039655.jpg,0.80134004,0.7255224
00049857.jpg,0.6844653,0.6963376
00035034.jpg,0.783471,0.8074862
00030242.jpg,0.8199995,0.840758
00058579.jpg,0.60165364,0.5602948
00020898.jpg,0.84723717,0.9076242
000000494309.jpg,0.7492809,0.776699
00022907.jpg,0.82397044,0.8486196
00017596.jpg,0.75930065,0.802788
00049570.jpg,0.7598835,0.6536814
00008226.jpg,0.5922729,0.5469198
00048387.jpg,0.6646236,0.6452956
00045427.jpg,0.7497504,0.7663902
00040868.jpg,0.7451204,0.75554
00021679.jpg,0.7848732,0.855007
00030598.jpg,0.86003256,0.831777
00031416.jpg,0.52069056,0.562522
00047342.jpg,0.72613376,0.8263798
00017127.jpg,0.87109506,0.9393174
n09308572_1813.jpg,0.6367852,0.45833334
00009983.jpg,0.60099506,0.4864586
00012709.jpg,0.76623094,0.8227332
00031543.jpg,0.7645764,0.7577604
00058734.jpg,0.75901276,0.8075722
00050717.jpg,0.80101734,0.754341
sun_afdglfvfgxhjtaky.jpg,0.79976463,0.8543689
00022051.jpg,0.7801966,0.8185642
n02932891_3743.jpg,0.62301993,0.6666667
00031904.jpg,0.86570656,0.9221202
00017449.jpg,0.8187284,0.8556714
00027757.jpg,0.79823697,0.8316796
00023680.jpg,0.62486356,0.561065
n04465501_1273.jpg,0.72830576,0.7777778
00015547.jpg,0.83886987,0.831513
00007755.jpg,0.64789784,0.5590716
000000404471.jpg,0.596913,0.4065934
n04610013_3892.jpg,0.70499974,0.7181818
00015748.jpg,0.7773247,0.826713
n07690273_27508.jpg,0.8714552,0.8913044
00046916.jpg,0.8446729,0.8542958
00026811.jpg,0.8232483,0.8528526
00001626.jpg,0.62792856,0.6068768
00035133.jpg,0.7539868,0.8426922
00026402.jpg,0.78624356,0.8096652
00017158.jpg,0.75879806,0.690427
00012439.jpg,0.6234057,0.597946
00015753.jpg,0.7390959,0.7686868
00027164.jpg,0.568644,0.5917252
00002650.jpg,0.7123885,0.6748416
00035463.jpg,0.6034499,0.5855326
00026371.jpg,0.8562138,0.8736238
00000744.jpg,0.68704194,0.6120146
00018518.jpg,0.93171096,0.9335014
n01846331_15598.jpg,0.79132724,0.7676768
n07838073_5867.jpg,0.83461046,0.7894737
00038886.jpg,0.7890117,0.840297
00051607.jpg,0.7026528,0.817771
00005210.jpg,0.8679916,0.8830094
00054558.jpg,0.67061627,0.7016316
00011902.jpg,0.66943324,0.6305272
n04610013_7277.jpg,0.7087765,0.7802198
00046297.jpg,0.74656785,0.8179066
00050742.jpg,0.7370739,0.8765972
00039105.jpg,0.7562995,0.7933358
00053459.jpg,0.6163293,0.6941052
n01846331_3449.jpg,0.7877029,0.71428573
00051951.jpg,0.8333539,0.9179794
00042687.jpg,0.7713536,0.7320196
n04335435_12024.jpg,0.7498168,0.8055556
00004142.jpg,0.8638164,0.9127214
00002089.jpg,0.5429293,0.510561
00000887.jpg,0.6318862,0.6501668
00024645.jpg,0.76395404,0.7257162
00043230.jpg,0.7682376,0.6893696
sun_agudaktqbpkgxxhn.jpg,0.60168076,0.59
515b9693872ca759.jpg,0.7859893,0.7755102
00045742.jpg,0.67483497,0.7270764
00055573.jpg,0.8022753,0.8989132
00011086.jpg,0.8842325,0.801375
00048283.jpg,0.7871287,0.6858106
00017801.jpg,0.7307677,0.6747208
00020911.jpg,0.7549096,0.720707
00036912.jpg,0.676738,0.660504
00017544.jpg,0.7353793,0.680758
00020605.jpg,0.7776516,0.8508968
000000216726.jpg,0.7243534,0.85714287
00017044.jpg,0.8440075,0.8557036
00016620.jpg,0.7682357,0.8627508
00045021.jpg,0.61692214,0.7883178
00025586.jpg,0.7446038,0.8190396
00025655.jpg,0.83971775,0.8243548
00033730.jpg,0.85781574,0.8798668
00051483.jpg,0.7177181,0.7411592
00058630.jpg,0.9337124,0.9252492
00032371.jpg,0.6941936,0.5688118
00030344.jpg,0.8054013,0.9044912
00037163.jpg,0.7281137,0.6893558
000000082935.jpg,0.8159566,0.8446602
00008303.jpg,0.8173803,0.702303
00044220.jpg,0.83644044,0.9043208
00005979.jpg,0.80972797,0.8720278
00049532.jpg,0.72215974,0.779875
00003225.jpg,0.7062663,0.7348898
00029190.jpg,0.69346434,0.8296388
00021367.jpg,0.5709719,0.6453038
71ce7459bc05596d.jpg,0.7392997,0.721519
00021284.jpg,0.5788641,0.6439314
00030040.jpg,0.85014904,0.8579066
00011500.jpg,0.7219358,0.7412262
7e9320f10a4f1d60.jpg,0.80967623,0.92134833
00013798.jpg,0.78297055,0.7229826
n04461696_4324.jpg,0.7948661,0.85714287
058158a56c4e1048.jpg,0.80055887,0.872549
00013801.jpg,0.7330134,0.7109332
00003949.jpg,0.92182153,0.8887304
00001764.jpg,0.83834577,0.866473
00055821.jpg,0.8432731,0.829925
00041882.jpg,0.62122494,0.6776576
00056004.jpg,0.76748145,0.8464886
n03512147_6004.jpg,0.8028177,0.7407407
00041050.jpg,0.6000562,0.5899406
00053326.jpg,0.8066797,0.825479
00039134.jpg,0.7414639,0.7078556
00056839.jpg,0.6207939,0.701963
00053701.jpg,0.63032174,0.5354064
00007448.jpg,0.6303966,0.5019566
00029039.jpg,0.7469189,0.764917
sun_afxbfgxrtlczpwyn.jpg,0.5253873,0.5533981
00049511.jpg,0.8024759,0.7169304
00001972.jpg,0.8652346,0.983166
n07693725_13736.jpg,0.8677292,0.85555553
00005583.jpg,0.5595436,0.534329
00000803.jpg,0.7042425,0.8041274
00032521.jpg,0.7155974,0.7502234
00020858.jpg,0.7955067,0.7892498
00056713.jpg,0.82882655,0.850674
00053211.jpg,0.90008414,0.9507936
00031122.jpg,0.66801757,0.702594
00018021.jpg,0.549286,0.6087336
00010289.jpg,0.8305039,0.7117256
00030819.jpg,0.4981719,0.5486904
00025192.jpg,0.8328492,0.8956838
00013710.jpg,0.82007325,0.8475562
00014111.jpg,0.7373769,0.764594
00056678.jpg,0.7514211,0.7200828
00010313.jpg,0.79340005,0.8797696
00043079.jpg,0.70311195,0.6662858
00037158.jpg,0.6467542,0.6488076
00007247.jpg,0.74537176,0.805415
00025383.jpg,0.7088421,0.563894
00039875.jpg,0.6146452,0.7487614
00019211.jpg,0.83402526,0.9251856
00015470.jpg,0.78765404,0.6954058
00042763.jpg,0.5933214,0.5791818
00048859.jpg,0.668696,0.6896526
00033663.jpg,0.8786947,0.8951188
00049698.jpg,0.6926798,0.624632
n09270735_1884.jpg,0.76259863,0.7128713
00055224.jpg,0.7514751,0.7537192
00057603.jpg,0.67466736,0.6275602
00045312.jpg,0.82684535,0.8326984
00050260.jpg,0.7930889,0.696488
00012664.jpg,0.8250804,0.9070814
00050182.jpg,0.75695217,0.7941472
00009321.jpg,0.93325627,0.7114552
00017901.jpg,0.8166411,0.8951646
00044194.jpg,0.78272605,0.8376202
00047942.jpg,0.75419736,0.5767982
00013658.jpg,0.8182826,0.876102
00007413.jpg,0.87074995,0.8839028
00014007.jpg,0.76088905,0.681795
00023963.jpg,0.769475,0.9203722
00033860.jpg,0.6465865,0.4498508
00058586.jpg,0.7300608,0.5862788
00048009.jpg,0.7971467,0.913654
00055680.jpg,0.71827734,0.6307996
00042380.jpg,0.69571793,0.558521
00032373.jpg,0.7539313,0.8190476
00054568.jpg,0.78211063,0.849039
00029736.jpg,0.73175645,0.794883
00027270.jpg,0.754954,0.7367246
00021583.jpg,0.70161486,0.744426
00034638.jpg,0.5567388,0.6053746
00019649.jpg,0.7988242,0.8753974
00049934.jpg,0.82421607,0.8546768
00043514.jpg,0.8339579,0.8154868
00040971.jpg,0.69977796,0.6831812
00002691.jpg,0.79153085,0.8456404
00003789.jpg,0.7707758,0.6894864
00056305.jpg,0.78651696,0.8472372
000000069424.jpg,0.6532306,0.62376237
00046010.jpg,0.79662097,0.8160308
00004060.jpg,0.6976327,0.7230834
00041755.jpg,0.6956521,0.6696228
00034896.jpg,0.6869788,0.6481354
00048976.jpg,0.7788042,0.8713156
000000456436.jpg,0.7850877,0.8053097
00013025.jpg,0.8549212,0.8167396
00026710.jpg,0.8719516,0.9550558
00042450.jpg,0.67650044,0.6974586
00026280.jpg,0.68021536,0.6181578
00048895.jpg,0.79803777,0.752818
n02129165_148.jpg,0.8904141,0.94545454
00036973.jpg,0.6686803,0.5989816
00050641.jpg,0.7769718,0.7231114
00045362.jpg,0.70884454,0.513247
00042346.jpg,0.7449193,0.7074122
00009628.jpg,0.61668634,0.4858048
00045031.jpg,0.6974021,0.6823148
00032068.jpg,0.74207664,0.7571492
00007726.jpg,0.75596976,0.6848288
00010166.jpg,0.77941823,0.802508
00010778.jpg,0.81651366,0.8715984
n04252077_762.jpg,0.6121637,0.5609756
00054564.jpg,0.809722,0.8499252
00015521.jpg,0.8297677,0.8768296
sun_ayvmorfrgjhonmqd.jpg,0.5915028,0.7346939
00056414.jpg,0.7774155,0.6202202
00057415.jpg,0.5728908,0.5489742
00020131.jpg,0.8283709,0.8351046
00025186.jpg,0.67980665,0.6896136
00051025.jpg,0.815519,0.8131034
00017652.jpg,0.5754404,0.5286198
n04587559_9556.jpg,0.68512136,0.78899086
00016790.jpg,0.85076106,0.8099498
n02834778_10484.jpg,0.76971066,0.77319586
00001288.jpg,0.69253045,0.6669534
00013515.jpg,0.5282984,0.5834234
28fcd6e6f0f5677d.jpg,0.572623,0.5217391
00046574.jpg,0.79541564,0.7437674
00023025.jpg,0.7724943,0.734803
00042528.jpg,0.80823416,0.8233572
00053584.jpg,0.8010671,0.8598998
00042038.jpg,0.75753415,0.9089896
00021926.jpg,0.7132982,0.8335906
00013654.jpg,0.71975815,0.7381234
00021434.jpg,0.6389027,0.575078
n04587559_13370.jpg,0.7350223,0.76842105
n07893642_15353.jpg,0.80735445,0.9072165
00051109.jpg,0.60290897,0.5426574
00021938.jpg,0.76762336,0.8319482
3b08c6349cae9d39.jpg,0.8769231,0.8981481
00000378.jpg,0.8346494,0.7444508
00009298.jpg,0.77903724,0.783102
00050697.jpg,0.8286225,0.8326486
00058403.jpg,0.8347871,0.705371
00032469.jpg,0.7966155,0.8027064
00007342.jpg,0.55222034,0.3522306
00055981.jpg,0.722171,0.6341916
00047978.jpg,0.69055545,0.7570434
00030759.jpg,0.7016656,0.7238666
d4844275f480e5ce.jpg,0.68531895,0.62068963
sun_aqiiuxgbwrioenat.jpg,0.5309175,0.53932583
00050336.jpg,0.62576425,0.640896
00040727.jpg,0.7388362,0.66528
00039742.jpg,0.6268966,0.5736124
00034051.jpg,0.6876469,0.7728614
00001122.jpg,0.6816048,0.765041
00016076.jpg,0.71034104,0.890284
00038579.jpg,0.5351963,0.4397446
00046915.jpg,0.80513746,0.8193966
sun_aarnmhmjnoywelfb.jpg,0.57758045,0.30851063
00035761.jpg,0.61820614,0.4825178
00017377.jpg,0.6613618,0.6153518
00001018.jpg,0.73063993,0.828723
00032779.jpg,0.56322443,0.6482482
00000957.jpg,0.840415,0.8650922
00041062.jpg,0.8451593,0.900316
00050627.jpg,0.6449824,0.5792576
1bd57202eab83f72.jpg,0.8499732,0.8173077
00033452.jpg,0.7382353,0.7769162
00042607.jpg,0.64730537,0.6818036
00021764.jpg,0.8697972,0.9230526
00042937.jpg,0.72677195,0.6856322
00023005.jpg,0.6427177,0.6457272
00011629.jpg,0.5882736,0.6172482
00033486.jpg,0.804019,0.7781794
00031840.jpg,0.7598934,0.8781652
00027281.jpg,0.73871905,0.8108248
00040508.jpg,0.78073597,0.7894168
00008361.jpg,0.7951368,0.8405198
00005091.jpg,0.78787136,0.769524
00051894.jpg,0.8827493,0.9044222
00047450.jpg,0.8544602,0.9460998
n07654148_11193.jpg,0.83318305,0.8378378
00045075.jpg,0.75403017,0.6614686
n09359803_31886.jpg,0.64555645,0.6195652
00022826.jpg,0.8771035,0.8639256
00044549.jpg,0.6578521,0.7075778
00044680.jpg,0.7849939,0.7800552
00038222.jpg,0.6391142,0.5466172
00006554.jpg,0.86150336,0.9079394
00039007.jpg,0.70555735,0.6421358
00013335.jpg,0.7591876,0.8766836
00054178.jpg,0.78027344,0.7669622
00027157.jpg,0.7977484,0.7009612
00028290.jpg,0.8264538,0.71429
00004108.jpg,0.74455774,0.7968886
000000196839.jpg,0.70901006,0.61403507
00026609.jpg,0.6934185,0.8011358
00006096.jpg,0.73783183,0.6865232
00036120.jpg,0.5778406,0.5619682
00035985.jpg,0.60255414,0.6136546
00046247.jpg,0.6783912,0.744681
00006556.jpg,0.8149605,0.8404326
00000973.jpg,0.8377969,0.933957
00010775.jpg,0.6564499,0.5771132
00007475.jpg,0.86986196,0.746425
00056283.jpg,0.74448884,0.8367754
000000200272.jpg,0.78696215,0.9150943
00011759.jpg,0.75178885,0.816239
00051554.jpg,0.68699145,0.8670114
00008516.jpg,0.6175657,0.4545766
00043546.jpg,0.7399086,0.7120432
n04467665_23689.jpg,0.64262164,0.6741573
n04610013_9664.jpg,0.6633782,0.7047619
00029869.jpg,0.71530026,0.791464
n00480993_16163.jpg,0.810131,0.7222222
n04349306_8470.jpg,0.78653646,0.88461536
00055953.jpg,0.71942663,0.8125504
00028765.jpg,0.8455755,0.8836232
00044909.jpg,0.73546314,0.6877664
00002186.jpg,0.84197927,0.7592996
00055863.jpg,0.6871239,0.7204228
00027546.jpg,0.7248561,0.6803376
00001785.jpg,0.7270808,0.7125426
n07697537_4696.jpg,0.77418184,0.9047619
00036900.jpg,0.7052641,0.907139
00036213.jpg,0.6037878,0.6186214
00019934.jpg,0.6907711,0.5406466
00015189.jpg,0.95092416,0.9953488
00044972.jpg,0.65045226,0.6678542
00019918.jpg,0.68921757,0.7719802
00015150.jpg,0.80595964,0.8233058
00034735.jpg,0.60784185,0.5481742
000000114060.jpg,0.7970908,0.9807692
00026318.jpg,0.7357893,0.72857
00043452.jpg,0.8604834,0.8915384
00014227.jpg,0.7949923,0.8047966
00039277.jpg,0.7916807,0.8190996
00050753.jpg,0.8337455,0.7697286
00033197.jpg,0.78695875,0.9326728
00048714.jpg,0.7790233,0.7184446
00001385.jpg,0.8117179,0.8617546
00003005.jpg,0.81340307,0.8248104
n09376198_20395.jpg,0.58970225,0.5504587
00017370.jpg,0.78100723,0.8208198
00038869.jpg,0.6107578,0.6642344
00043817.jpg,0.6916054,0.7536288
00021133.jpg,0.67004186,0.5926234
00004085.jpg,0.70130384,0.7188924
00011415.jpg,0.5913644,0.5952346
00000659.jpg,0.83571076,0.8714374
00008011.jpg,0.82739013,0.9169246
n07679356_29539.jpg,0.8114341,0.77894735
00039368.jpg,0.7416791,0.7237916
00025370.jpg,0.68659455,0.6942148
00026738.jpg,0.83361435,0.8438138
00057910.jpg,0.7083036,0.664038
00010070.jpg,0.8710822,0.9217802
000000461245.jpg,0.71586037,0.7878788
00030918.jpg,0.85208553,0.758849
00010417.jpg,0.8070471,0.8489936
00036571.jpg,0.6899571,0.6271826
00028009.jpg,0.8456999,0.7551564
00036069.jpg,0.58565265,0.582904
00058504.jpg,0.742909,0.8052668
n02342885_6396.jpg,0.8643733,0.9347826
00022918.jpg,0.7283795,0.6912006
00024229.jpg,0.82953584,0.8776408
00033428.jpg,0.75935215,0.6669844
00018870.jpg,0.87182903,0.8646816
00032172.jpg,0.70470786,0.8420204
n04467665_1225.jpg,0.7554107,0.7356322
00043966.jpg,0.7254997,0.7370216
00050018.jpg,0.5556579,0.515051
n02324045_15673.jpg,0.87326896,0.9174312
00030037.jpg,0.86382544,0.9225496
00007452.jpg,0.66257656,0.6395738
00034807.jpg,0.75420153,0.813861
00058373.jpg,0.7541614,0.8332652
00039949.jpg,0.59548414,0.6848292
00055819.jpg,0.742609,0.792656
00026903.jpg,0.58889264,0.4124432
00055083.jpg,0.6768472,0.6259734
00006357.jpg,0.8117173,0.7424248
00030690.jpg,0.65707785,0.70585
00008544.jpg,0.7867639,0.8513178
000000149199.jpg,0.74233973,0.72164947
00048950.jpg,0.81955594,0.8668624
n02946348_18783.jpg,0.7949439,0.7747748
00034065.jpg,0.7491274,0.9054846
00039582.jpg,0.82320356,0.7030828
n07933274_32452.jpg,0.80598295,0.90909094
00051021.jpg,0.79734975,0.7767574
00043053.jpg,0.7418211,0.713337
87db71cce65f666e.jpg,0.7230336,0.6593407
8b5e46c0963a64ff.jpg,0.65597534,0.61946905
00020312.jpg,0.6736646,0.6701102
00032116.jpg,0.82273734,0.9050922
00027780.jpg,0.61921656,0.6745354
00042051.jpg,0.7912535,0.8219188
00010966.jpg,0.7345876,0.6942536
00039643.jpg,0.753417,0.8015706
00042342.jpg,0.7894536,0.665039
00025618.jpg,0.7408941,0.9434226
000000088173.jpg,0.8185264,0.9130435
00056061.jpg,0.78493536,0.840901
n07863374_17687.jpg,0.7721925,0.7222222
n04252077_41.jpg,0.6435376,0.63265306
00052368.jpg,0.7364122,0.82957
00003649.jpg,0.73109996,0.7166566
00018040.jpg,0.7671138,0.8408944
00030501.jpg,0.81492853,0.8572828
00032171.jpg,0.7827575,0.887078
00026004.jpg,0.66689825,0.848045
00021997.jpg,0.7776654,0.8084412
00021543.jpg,0.7588606,0.8333714
00057243.jpg,0.88714826,0.9384554
00036202.jpg,0.688457,0.6689062
00008126.jpg,0.8573079,0.837894
00015229.jpg,0.85206,0.9414064
n07717556_1745.jpg,0.7415212,0.8817204
00053205.jpg,0.7108196,0.7342344
00023965.jpg,0.80194914,0.8369376
00025692.jpg,0.8659744,0.7272406
00056802.jpg,0.79695874,0.7293546
00022387.jpg,0.755669,0.731022
00030183.jpg,0.50568515,0.4609094
n07863374_18636.jpg,0.84250146,0.8636364
n09415671_1182.jpg,0.54695004,0.45882353
9edfd68054226fc1.jpg,0.57248217,0.43023255
00032468.jpg,0.8331969,0.91771
00042113.jpg,0.79684186,0.8895044
00030466.jpg,0.66130394,0.7733708
00040743.jpg,0.76759285,0.7171522
00013862.jpg,0.5927849,0.5707654
168d8729f6861120.jpg,0.79517746,0.85263157
00013646.jpg,0.75767,0.756862
00045629.jpg,0.8184312,0.7846506
00007446.jpg,0.8917558,0.8933114
00018763.jpg,0.7831062,0.8050272
00016139.jpg,0.7435436,0.6947876
00008325.jpg,0.8531982,0.8072888
00027292.jpg,0.74699956,0.754534
00032615.jpg,0.57177997,0.395467
n02946348_33700.jpg,0.6346288,0.7128713
00036289.jpg,0.6232354,0.6150396
n02355227_12971.jpg,0.7780247,0.84313726
00016317.jpg,0.8424089,0.7970248
00027612.jpg,0.6392228,0.7070984
00012207.jpg,0.74852777,0.7121912
00003908.jpg,0.6015724,0.5201168
n02396427_18146.jpg,0.8289464,0.8041237
00031925.jpg,0.7106497,0.8274712
n09288635_1959.jpg,0.63534737,0.6666667
00023045.jpg,0.53093797,0.521698
00053791.jpg,0.6694565,0.7784958
00005284.jpg,0.75944126,0.7811024
00047657.jpg,0.71323466,0.7478492
00038697.jpg,0.7251903,0.6753214
00049782.jpg,0.7407907,0.9399602
00046296.jpg,0.6268482,0.4451522
00017351.jpg,0.7347332,0.8682252
00003981.jpg,0.78864515,0.7742808
00036860.jpg,0.6811032,0.6193934
1ca15ca38b387c26.jpg,0.5399512,0.3723404
00006581.jpg,0.7720399,0.8011482
00057699.jpg,0.84894216,0.964996
00013166.jpg,0.82888293,0.8802814
00029521.jpg,0.71185136,0.8546308
00041971.jpg,0.8068781,0.7059508
n02934451_1381.jpg,0.6827508,0.5604396
00028359.jpg,0.66958857,0.8022798
00017033.jpg,0.8157449,0.886599
00031008.jpg,0.86473405,0.8465386
00045517.jpg,0.7575827,0.783586
n04467665_25059.jpg,0.65493155,0.5714286
n03594945_2076.jpg,0.80175877,0.78350514
00050361.jpg,0.84753054,0.9331646
00031033.jpg,0.76295775,0.827939
00008887.jpg,0.88719404,0.9125252
00054667.jpg,0.8176235,0.8364768
00007189.jpg,0.7726058,0.8083038
00010252.jpg,0.6464292,0.6330954
00039278.jpg,0.6140489,0.6142592
00042236.jpg,0.7862327,0.7040574
00011521.jpg,0.83999527,0.8257426
00032649.jpg,0.7202145,0.793962
00023089.jpg,0.7557653,0.7480738
00001625.jpg,0.7572509,0.7871182
00019348.jpg,0.8227359,0.9065176
00034815.jpg,0.6857201,0.6265396
00053875.jpg,0.6279774,0.5105876
00023090.jpg,0.7245794,0.5951048
00038966.jpg,0.67863595,0.5711764
000000455443.jpg,0.74036247,0.7735849
00036352.jpg,0.70196074,0.6953012
00000046.jpg,0.66231745,0.652641
00019137.jpg,0.79393506,0.7672438
00026619.jpg,0.6591632,0.5962282
00001375.jpg,0.672351,0.8332818
00032678.jpg,0.68220896,0.8351536
00030096.jpg,0.8761475,0.8717546
00051380.jpg,0.86086506,0.861467
00018008.jpg,0.6112941,0.5378274
000000316000.jpg,0.6803027,0.5632184
00033965.jpg,0.6898234,0.6480944
00040981.jpg,0.6680119,0.7673248
00018745.jpg,0.57740813,0.5855144
00048325.jpg,0.7657657,0.7645388
00022884.jpg,0.76602054,0.9226758
89053529c35762a7.jpg,0.60781866,0.7222222
00000768.jpg,0.7961435,0.9182404
00052973.jpg,0.7112044,0.8779082
00030855.jpg,0.7407065,0.6659054
00043145.jpg,0.7559478,0.838242
00033988.jpg,0.72201854,0.78461
00030453.jpg,0.78500783,0.7868472
00033217.jpg,0.83409566,0.8468532
00006163.jpg,0.7679061,0.73444
00019515.jpg,0.8124325,0.9067362
00002409.jpg,0.8231492,0.7086806
n07753592_1234.jpg,0.8812481,0.91
00007399.jpg,0.79649585,0.7824772
00045589.jpg,0.78333247,0.8342278
00048306.jpg,0.8040972,0.875882
00023445.jpg,0.7683141,0.6392882
00053765.jpg,0.67653394,0.8612734
00041068.jpg,0.62386477,0.5098616
00031058.jpg,0.74005127,0.600133
00031013.jpg,0.5877014,0.6427004
00047730.jpg,0.729756,0.8695314
00039273.jpg,0.78687525,0.783017
00046864.jpg,0.8339454,0.8968352
00047494.jpg,0.865677,0.856346
00021866.jpg,0.7556145,0.5505668
00014010.jpg,0.6265583,0.7696026
00014937.jpg,0.8402581,0.9332828
n09270735_159.jpg,0.72454727,0.74509805
00002284.jpg,0.88168347,0.842758
000000066347.jpg,0.75243485,0.7525773
00049149.jpg,0.758685,0.6910118
00051398.jpg,0.72200567,0.6255254
00018764.jpg,0.698858,0.6640936
n03594945_25756.jpg,0.7896253,0.74747473
00056812.jpg,0.80923855,0.776268
00012522.jpg,0.72705877,0.852112
00005682.jpg,0.7770178,0.7810102
00008541.jpg,0.7867017,0.918082
00027398.jpg,0.73519325,0.758695
00030251.jpg,0.8117903,0.7715308
00021832.jpg,0.8063009,0.786562
00046860.jpg,0.81097543,0.7581896
000000284342.jpg,0.7220932,0.8095238
00050543.jpg,0.7696348,0.8877388
00004112.jpg,0.7326226,0.7994924
00018064.jpg,0.64651084,0.756544
00039859.jpg,0.83204997,0.843409
00028687.jpg,0.9059281,0.977334
00000127.jpg,0.731133,0.7180272
00002372.jpg,0.77545905,0.7925662
00034642.jpg,0.6469549,0.629014
00034170.jpg,0.56647354,0.4957964
00029653.jpg,0.7230241,0.5473714
n07806221_23330.jpg,0.75425875,0.84042555
00025463.jpg,0.721998,0.788936
00006761.jpg,0.8116398,0.752171
520ac5f11ebb926f.jpg,0.77034116,0.888
00001131.jpg,0.6516471,0.6344918
00037495.jpg,0.5831133,0.5715714
00004734.jpg,0.83240867,0.883342
00002482.jpg,0.7785631,0.7689056
00001384.jpg,0.64707154,0.5850706
00055782.jpg,0.74454796,0.763172
00001142.jpg,0.7169488,0.8063538
00038881.jpg,0.86653715,0.938157
00006583.jpg,0.84190536,0.94516
00055569.jpg,0.64437497,0.503772
00046834.jpg,0.7023312,0.6789038
00049898.jpg,0.81349224,0.8691452
00022864.jpg,0.83469045,0.890723
00001924.jpg,0.75002587,0.758337
00049909.jpg,0.7362134,0.671641
00032827.jpg,0.6501471,0.5243446
00022552.jpg,0.7155984,0.7771382
00051879.jpg,0.7968348,0.8356432
sun_atfudzdjdouzqtgp.jpg,0.657599,0.78571427
00052541.jpg,0.85684085,0.931222
00002708.jpg,0.78840125,0.7840762
00042619.jpg,0.8420111,0.7865592
00009838.jpg,0.73429537,0.7463702
00057957.jpg,0.7878095,0.8012984
00041618.jpg,0.78932273,0.8201868
7c2a6958d5f04db7.jpg,0.5646723,0.45794392
00009138.jpg,0.72686374,0.775498
00050507.jpg,0.7722528,0.7430484
00047202.jpg,0.5936737,0.6400104
9f2542f6a8f35b2c.jpg,0.80057,0.9056604
00053564.jpg,0.7490091,0.7338812
n09359803_41403.jpg,0.5504155,0.49514562
n04166281_2502.jpg,0.75860906,0.79130435
00002928.jpg,0.71973133,0.676682
00009525.jpg,0.7109156,0.7113952
00036621.jpg,0.6430617,0.8106706
00002513.jpg,0.69278556,0.5148438
00032677.jpg,0.6673855,0.6566248
00024482.jpg,0.81487936,0.8548576
00012034.jpg,0.7344726,0.7252416
00011502.jpg,0.864226,0.98036
00006452.jpg,0.75603205,0.7032104
n07753592_20027.jpg,0.85736233,0.9459459
sun_ayoerapgbyhrmmlq.jpg,0.5356147,0.53932583
00018517.jpg,0.60912836,0.6176972
00029017.jpg,0.6706449,0.6418412
00051179.jpg,0.76775163,0.829877
00005552.jpg,0.7893838,0.9018744
00010984.jpg,0.72046554,0.8559562
00037448.jpg,0.5926064,0.6379138
00026606.jpg,0.76061326,0.7199416
00030404.jpg,0.782605,0.9048526
00005468.jpg,0.67932636,0.7349732
00038783.jpg,0.63620603,0.7392688
00013601.jpg,0.8255705,0.7722134
00011235.jpg,0.7493198,0.7493758
49bf04a42c9d83c1.jpg,0.76778495,0.5591398
00058064.jpg,0.9317404,0.9713638
n02430045_5788.jpg,0.77352035,0.68
000000070812.jpg,0.70822734,0.73333335
