run_id,hidden_dims,dropout_rate,lr,batch_size,best_val_rho
0,"(512, 256)",0.3,0.0001,32,0.648625
1,"(512, 256)",0.3,0.0001,64,0.649157
2,"(512, 256)",0.3,5e-05,32,0.656749
