image_path,pred_score,true_score
00032587.jpg,0.63412285,0.8310162
00043033.jpg,0.76805866,0.7292648
00034909.jpg,0.59989387,0.6688198
00038374.jpg,0.61055267,0.667845
00020011.jpg,0.5582124,0.5599142
00056818.jpg,0.81723285,0.8192996
00046710.jpg,0.8296567,0.7388408
00006509.jpg,0.6411483,0.4934334
00024355.jpg,0.6806069,0.8069098
00026310.jpg,0.7549666,0.7894286
00029776.jpg,0.72648746,0.897728
000000480893.jpg,0.7499558,0.8125
00015331.jpg,0.6456515,0.742928
n02834778_8125.jpg,0.7188426,0.75490195
00013925.jpg,0.649183,0.6511924
00027858.jpg,0.76692307,0.7862894
00000980.jpg,0.8457625,0.9045692
00051513.jpg,0.9344727,0.9132344
00053751.jpg,0.7947422,0.8569164
000000020039.jpg,0.7712406,0.8207547
00051061.jpg,0.7684456,0.616585
00054890.jpg,0.9656363,0.878644
00002496.jpg,0.8281469,0.76838
00022792.jpg,0.7572814,0.7771168
00039428.jpg,0.61662596,0.6278292
00041933.jpg,0.7727862,0.8374632
00026113.jpg,0.64181995,0.5008208
00010021.jpg,0.8638283,0.8552518
00004127.jpg,0.74580944,0.7032444
00054084.jpg,0.6962679,0.5048634
00005502.jpg,0.71287096,0.7676512
00010208.jpg,0.79430115,0.920828
00016072.jpg,0.8170709,0.8710096
000000525226.jpg,0.69950914,0.65
00025305.jpg,0.76476055,0.3598452
00008654.jpg,0.79649055,0.6591874
00028380.jpg,0.760334,0.7851734
00050909.jpg,0.7917434,0.7219634
00031643.jpg,0.8290211,0.6635302
00049531.jpg,0.79019535,0.7449238
00019873.jpg,0.84950525,0.923929
00016956.jpg,0.7899981,0.8155094
58d2be049bbcc797.jpg,0.6183679,0.7619048
00057474.jpg,0.80469143,0.8963854
00029060.jpg,0.8170118,0.7195478
00009953.jpg,0.7530784,0.7490552
n07696839_10895.jpg,0.7888763,0.8452381
00016189.jpg,0.81663674,0.8425424
00022012.jpg,0.62183666,0.4638638
sun_becpynhazdxerqrj.jpg,0.6735556,0.57575756
00020071.jpg,0.7325823,0.8254312
00036785.jpg,0.724933,0.7726194
00028517.jpg,0.8716525,0.8568434
00036449.jpg,0.858518,0.9391618
00017703.jpg,0.7520038,0.5209288
00022247.jpg,0.87853235,0.9308212
00019814.jpg,0.7351085,0.7591704
00026791.jpg,0.7730676,0.753156
n02118333_344.jpg,0.71166885,0.72649574
00028659.jpg,0.6954346,0.7733208
00024440.jpg,0.8904941,0.9080932
00042413.jpg,0.82256126,0.775947
000000032059.jpg,0.69916105,0.6506024
00019007.jpg,0.7888926,0.8545692
00026831.jpg,0.9020287,0.8651654
00053262.jpg,0.60646456,0.666899
00012704.jpg,0.7206668,0.8831724
00016397.jpg,0.8259635,0.886573
00004896.jpg,0.7396118,0.6231032
00020320.jpg,0.77356994,0.917035
n07574602_24537.jpg,0.80656934,0.8181818
00052019.jpg,0.7507602,0.792966
00037882.jpg,0.67043453,0.6785072
00035588.jpg,0.66479015,0.7327556
00056384.jpg,0.6832335,0.6622244
00007176.jpg,0.76367086,0.7732956
00029567.jpg,0.77842385,0.8426034
00052054.jpg,0.94272226,0.9174954
00021204.jpg,0.7596729,0.8123754
00052188.jpg,0.8273617,0.7535088
00012956.jpg,0.8197684,0.8771546
00000633.jpg,0.64920306,0.6416288
00028549.jpg,0.68920946,0.7780924
00058064.jpg,0.70581996,0.9713638
00007554.jpg,0.7941781,0.9633196
00013850.jpg,0.66669226,0.724569
00008091.jpg,0.79044783,0.8715344
00001505.jpg,0.7937714,0.721393
00034941.jpg,0.641967,0.6317434
00028272.jpg,0.82056046,0.8094724
00004811.jpg,0.70090896,0.7807676
00013805.jpg,0.6876526,0.7584468
00023422.jpg,0.84310126,0.9187158
00031555.jpg,0.8210958,0.9155716
00013796.jpg,0.7430818,0.8363912
00058523.jpg,0.7233058,0.7554202
00056617.jpg,0.8422203,0.9407914
n00464894_9950.jpg,0.6828506,0.8148148
00036972.jpg,0.7458973,0.7885496
00055451.jpg,0.6269228,0.7210812
00031726.jpg,0.77554905,0.7049212
00040510.jpg,0.7621558,0.5770512
00022554.jpg,0.8108566,0.8066068
00024058.jpg,0.5609089,0.647136
sun_alvtgvepnlzhngjv.jpg,0.56269616,0.43564355
00005531.jpg,0.56504965,0.5337768
00020749.jpg,0.77982205,0.6627868
000000064442.jpg,0.7804687,0.8659794
00020769.jpg,0.77227664,0.8162122
00001680.jpg,0.6712862,0.7710204
00008660.jpg,0.6815109,0.4598052
00018871.jpg,0.75424194,0.6892948
000000295804.jpg,0.79606533,0.85
00021863.jpg,0.64226925,0.5896754
00045160.jpg,0.7208315,0.6867506
00024113.jpg,0.75934994,0.8366864
00056621.jpg,0.7180275,0.810699
00018622.jpg,0.7898425,0.8632012
n01793435_1195.jpg,0.8404459,0.877551
00013663.jpg,0.6466439,0.7376652
00049138.jpg,0.8068451,0.6859258
00028987.jpg,0.78384185,0.759539
076078740387b572.jpg,0.8292427,0.8333333
00005405.jpg,0.78415847,0.7841058
00017809.jpg,0.73347217,0.8522842
00009609.jpg,0.8136927,0.6677912
n02946348_35937.jpg,0.7118471,0.8172043
00047345.jpg,0.75892985,0.5569656
00055546.jpg,0.6320661,0.7525962
00015252.jpg,0.7815134,0.8867642
00031190.jpg,0.7587949,0.9126286
00012483.jpg,0.9284484,0.7848272
00043376.jpg,0.7431849,0.586824
00036978.jpg,0.63737357,0.6773866
00053890.jpg,0.68529826,0.697498
n01514668_17062.jpg,0.7458446,0.68817204
00057689.jpg,0.791517,0.7979
00033842.jpg,0.672326,0.6668204
n03512147_2169.jpg,0.69473064,0.75308645
00019484.jpg,0.67618763,0.623567
00042604.jpg,0.8217765,0.7316602
00055400.jpg,0.817009,0.857817
42ce0e541e865b81.jpg,0.80389476,0.8411215
00052977.jpg,0.8032892,0.8109494
00056788.jpg,0.6392745,0.6835482
00006854.jpg,0.8104633,0.7440332
00009535.jpg,0.5947167,0.691204
00032263.jpg,0.80902064,0.8311436
00022063.jpg,0.7731302,0.8070082
00057724.jpg,0.84766114,0.8653712
00003977.jpg,0.7992852,0.8941848
00016963.jpg,0.80458343,0.8474054
00020861.jpg,0.80734473,0.9290692
c9e8efe103a3898a.jpg,0.7822696,0.73636365
00045943.jpg,0.76964295,0.8433128
00010100.jpg,0.8800921,0.840042
00041500.jpg,0.70937,0.735763
00009170.jpg,0.8423853,0.9012354
00043256.jpg,0.84897125,0.7245856
n04467665_1174.jpg,0.7231853,0.54901963
sun_atzflbqtkvlughxp.jpg,0.51851004,0.57731956
00031178.jpg,0.67676634,0.5916278
n02450034_10783.jpg,0.89052445,0.8736842
00008208.jpg,0.80590594,0.7782882
00017111.jpg,0.8958197,0.8932524
00046149.jpg,0.7945157,0.7977632
00040696.jpg,0.7216018,0.6214986
00043403.jpg,0.80322564,0.7606056
000000407768.jpg,0.76929027,0.75
00007807.jpg,0.6906534,0.6586994
00045095.jpg,0.6307224,0.8044248
00015426.jpg,0.7891062,0.8388652
00053909.jpg,0.79941887,0.860661
000000117380.jpg,0.7310543,0.7322835
00053620.jpg,0.86266845,0.8286896
00036882.jpg,0.67862105,0.7790018
00046908.jpg,0.7462504,0.793202
n04335435_8423.jpg,0.74936867,0.8118812
00012279.jpg,0.74767715,0.9171408
00002812.jpg,0.73936117,0.7400874
00013575.jpg,0.758974,0.765662
00026010.jpg,0.7985819,0.754535
00004090.jpg,0.72725165,0.7832552
00033180.jpg,0.6737349,0.6661784
00022320.jpg,0.8454375,0.8677094
00030586.jpg,0.5492896,0.534813
00015736.jpg,0.78647184,0.9086346
00024731.jpg,0.75406075,0.86515
00047584.jpg,0.81511396,0.851863
n07690273_23539.jpg,0.82296526,0.81609195
00021110.jpg,0.8119507,0.7791272
00031944.jpg,0.65317166,0.5441034
00021109.jpg,0.80710423,0.9147336
00017592.jpg,0.68857104,0.8326706
00025256.jpg,0.8329346,0.7232436
00044765.jpg,0.6854144,0.7985558
n09288635_3716.jpg,0.69781697,0.8211382
00003178.jpg,0.80886734,0.6984972
00057796.jpg,0.64152795,0.5214192
00009975.jpg,0.69505215,0.7365446
00054540.jpg,0.78676665,0.668687
00024470.jpg,0.6004764,0.824271
00023778.jpg,0.7682843,0.801565
00002712.jpg,0.80823725,0.907002
00034177.jpg,0.7389674,0.5706742
00050439.jpg,0.7494949,0.6829346
00000882.jpg,0.60386777,0.6885136
00058461.jpg,0.83410704,0.6673016
n02878222_34897.jpg,0.66213346,0.7631579
00010602.jpg,0.74350953,0.7413332
n09468604_48588.jpg,0.55873156,0.5154639
n04166281_21492.jpg,0.6469814,0.7425743
00036900.jpg,0.7118711,0.907139
000000228166.jpg,0.6885715,0.58474576
00058149.jpg,0.66753054,0.8854626
n07911677_1207.jpg,0.7939556,0.85714287
00023170.jpg,0.5561915,0.5991132
2e45b2652f7e1f7f.jpg,0.80082464,0.66972476
00024823.jpg,0.7624717,0.923777
00047166.jpg,0.7920606,0.9331826
00039630.jpg,0.6461726,0.72049
00032704.jpg,0.6636032,0.717668
00030357.jpg,0.8151349,0.819183
00042071.jpg,0.85799134,0.7316276
00057710.jpg,0.8175739,0.9108376
00014692.jpg,0.79650176,0.7924954
00006183.jpg,0.73282254,0.7232704
000000110480.jpg,0.7329396,0.7
00024729.jpg,0.8672682,0.872974
00021233.jpg,0.7822155,0.7924736
00035228.jpg,0.74599457,0.8303724
00057301.jpg,0.7868515,0.7518798
00022452.jpg,0.81511515,0.803134
000000400686.jpg,0.66811943,0.6304348
00045026.jpg,0.6915266,0.722874
00009993.jpg,0.623292,0.611997
00033517.jpg,0.8175324,0.8254792
00012189.jpg,0.6852043,0.8835714
00046196.jpg,0.72196877,0.7209252
00018230.jpg,0.6487591,0.6508712
00048718.jpg,0.7044213,0.758219
00056597.jpg,0.64396083,0.719504
00011013.jpg,0.6712335,0.7390422
00057664.jpg,0.6982653,0.861192
n09428293_3364.jpg,0.5938627,0.8055556
00033691.jpg,0.72246337,0.5548912
00011706.jpg,0.68980336,0.8312078
n00464894_15525.jpg,0.7032376,0.82417583
00042829.jpg,0.73892117,0.6109342
00023543.jpg,0.7085359,0.802797
00052983.jpg,0.815159,0.802349
00035055.jpg,0.6874238,0.6182682
00002498.jpg,0.7694972,0.7172726
00013772.jpg,0.7276504,0.8092308
00009986.jpg,0.72286725,0.7951134
00052478.jpg,0.74145603,0.655999
00013802.jpg,0.7915394,0.8593482
00042866.jpg,0.8636651,0.9553054
26c881a4fad723e9.jpg,0.7367413,0.7207207
00056177.jpg,0.9479883,0.9484886
00049370.jpg,0.74612164,0.8699978
00003722.jpg,0.7205121,0.3403026
e306debdd4e9da9c.jpg,0.8301917,0.9117647
00005653.jpg,0.689554,0.8779638
00049341.jpg,0.8063788,0.960734
00041730.jpg,0.7724383,0.8463548
00029984.jpg,0.7764461,0.8816956
00035000.jpg,0.6631838,0.7069504
00055472.jpg,0.6492083,0.7160118
00008148.jpg,0.69629663,0.7586818
00053238.jpg,0.9069919,0.9037336
00014039.jpg,0.7578752,0.8732
00002358.jpg,0.8620542,0.6446724
00034709.jpg,0.7916205,0.5691016
00052422.jpg,0.8031945,0.9268912
00010089.jpg,0.548886,0.4596204
00030384.jpg,0.7338351,0.6715578
00020826.jpg,0.6479194,0.753966
00046807.jpg,0.77226967,0.8284992
00051567.jpg,0.724124,0.4025346
00051365.jpg,0.6758007,0.8363156
00003258.jpg,0.8475932,0.8034454
00031840.jpg,0.74329835,0.8781652
00004648.jpg,0.76553005,0.7799086
6142922d5809e5de.jpg,0.77514446,0.7105263
00011456.jpg,0.6433433,0.6923424
00041417.jpg,0.7816232,0.7036784
00026737.jpg,0.81135315,0.6967966
00042659.jpg,0.73566484,0.750309
00040032.jpg,0.8167008,0.8142328
00006872.jpg,0.73634714,0.853712
00000461.jpg,0.9090819,0.9293828
00001718.jpg,0.77164453,0.8621652
n07583197_6247.jpg,0.7843788,0.82828283
00010381.jpg,0.894263,0.921309
00046482.jpg,0.6489835,0.6902538
00012132.jpg,0.7875732,0.7460908
00056193.jpg,0.8931104,0.8325954
n04465501_2499.jpg,0.71091795,0.71875
00024924.jpg,0.6168066,0.6368286
00020825.jpg,0.94840556,0.9542076
00006524.jpg,0.7460245,0.5395122
n07923748_18139.jpg,0.78984064,0.8090909
00013919.jpg,0.7027929,0.8436754
00026816.jpg,0.71160764,0.8545032
00042538.jpg,0.80435055,0.6785432
00001056.jpg,0.66489446,0.6186214
00032045.jpg,0.6454781,0.7353688
n12345899_18668.jpg,0.5952301,0.7941176
00019486.jpg,0.6138984,0.6113696
00018447.jpg,0.774311,0.8814368
00048207.jpg,0.71715295,0.639375
00023836.jpg,0.57418764,0.6074734
00016480.jpg,0.8371507,0.8928288
00030520.jpg,0.72990465,0.7086706
00037807.jpg,0.7362155,0.5894484
000000082039.jpg,0.60866874,0.6728972
00049157.jpg,0.8544732,0.9298078
00041716.jpg,0.6775362,0.9102048
00019929.jpg,0.839767,0.6865388
00049443.jpg,0.8005848,0.8657444
00054668.jpg,0.7935022,0.8082352
00025406.jpg,0.61618054,0.3788284
00056789.jpg,0.6724978,0.7463114
00014184.jpg,0.77666414,0.6784822
00004135.jpg,0.6420623,0.5073392
00027877.jpg,0.70989627,0.7554016
00006359.jpg,0.689916,0.7878552
00036510.jpg,0.77694607,0.7721764
00020198.jpg,0.78856754,0.7999066
00030507.jpg,0.7633635,0.810603
00029192.jpg,0.7695806,0.8617858
00044062.jpg,0.81128937,0.6298552
00017275.jpg,0.7452238,0.8301518
00007094.jpg,0.8322585,0.8655792
00044215.jpg,0.75522494,0.8007368
00028124.jpg,0.7111608,0.6857964
00025713.jpg,0.71693754,0.7569086
23a9162f4356427c.jpg,0.77957773,0.84070796
000000003488.jpg,0.6964951,0.75238097
00026366.jpg,0.639807,0.4559718
00041615.jpg,0.84072745,0.9466568
00026340.jpg,0.8152765,0.8067072
00040006.jpg,0.75126606,0.7156376
00036560.jpg,0.6389914,0.5527696
00018010.jpg,0.7207748,0.7696344
00050921.jpg,0.71301585,0.9297848
00040678.jpg,0.7741526,0.7174644
00042080.jpg,0.66109204,0.6621598
00036682.jpg,0.7046554,0.7666886
00045099.jpg,0.77620864,0.6626128
n03670208_5603.jpg,0.74035907,0.9266055
00034109.jpg,0.61352384,0.8119142
00051444.jpg,0.72919655,0.5948424
n00445351_8665.jpg,0.6603651,0.83516484
00041327.jpg,0.7888105,0.7286798
00025638.jpg,0.5407684,0.6715646
00009825.jpg,0.6528441,0.748487
00027072.jpg,0.7821984,0.7868564
00031492.jpg,0.662802,0.834133
00045140.jpg,0.8056743,0.8252356
00019827.jpg,0.7652784,0.8572822
00049923.jpg,0.7768076,0.6984682
00054431.jpg,0.82848674,0.8757074
00043811.jpg,0.65330696,0.718797
00019406.jpg,0.68160164,0.8767104
00028345.jpg,0.6135932,0.5944604
00040319.jpg,0.86884415,0.7583898
00056504.jpg,0.7480062,0.846019
00043822.jpg,0.7782501,0.9348116
00017964.jpg,0.57803357,0.4715494
000000267571.jpg,0.76001734,0.8787879
00051843.jpg,0.73849034,0.70325
00005162.jpg,0.8314135,0.755691
00057765.jpg,0.8692483,0.956813
00039868.jpg,0.6840512,0.590604
00011925.jpg,0.66411424,0.7259904
00037811.jpg,0.7440769,0.7787582
000000250639.jpg,0.7422326,0.83157897
00054279.jpg,0.80759275,0.9108362
00003179.jpg,0.63387775,0.713012
00030465.jpg,0.8287324,0.9275922
00033044.jpg,0.6352136,0.5705618
00002474.jpg,0.6560658,0.742821
n03791053_1838.jpg,0.7220516,0.8761062
00034201.jpg,0.6787212,0.8020752
00038689.jpg,0.75672436,0.636066
00021284.jpg,0.65550435,0.6439314
00013367.jpg,0.6818125,0.8943394
00030863.jpg,0.8516567,0.8019532
00028083.jpg,0.78151464,0.7646896
00030504.jpg,0.7241016,0.784281
00032162.jpg,0.88568306,0.6922306
00049601.jpg,0.7272734,0.720002
n03351262_7325.jpg,0.6285739,0.65384614
00045100.jpg,0.7784128,0.729639
00055946.jpg,0.52235615,0.624486
00001518.jpg,0.6790731,0.7279398
00023375.jpg,0.8602946,0.8236004
n07801091_55837.jpg,0.50313336,0.3655914
00043570.jpg,0.73313034,0.8066666
00048564.jpg,0.7618809,0.825024
00031870.jpg,0.70207405,0.756732
00030984.jpg,0.71643645,0.7995712
00009844.jpg,0.73680216,0.794393
00031968.jpg,0.8481736,0.8375218
00046439.jpg,0.79237413,0.787262
00029903.jpg,0.9728395,0.9363576
00036931.jpg,0.6909963,0.8972454
00013712.jpg,0.78481716,0.9578148
00052968.jpg,0.7172484,0.932558
000000419037.jpg,0.7497764,0.7582418
00052995.jpg,0.8014722,0.9118888
00002510.jpg,0.7259491,0.8008076
000000424289.jpg,0.7776882,0.8148148
00039435.jpg,0.8194834,0.6807372
00004492.jpg,0.52421844,0.5305226
000000216455.jpg,0.6827169,0.6448598
00053632.jpg,0.7478397,0.781079
00044594.jpg,0.7859336,0.7409644
00054701.jpg,0.822594,0.9138392
00043463.jpg,0.78982484,0.7971544
00025489.jpg,0.6686993,0.7045332
00030303.jpg,0.7451432,0.8258694
00039030.jpg,0.71031344,0.8255578
n04349306_2632.jpg,0.72737217,0.8378378
00046056.jpg,0.77020454,0.7506348
00003558.jpg,0.87777346,0.8257196
00013124.jpg,0.7771698,0.853572
00052386.jpg,0.62285995,0.547644
00055830.jpg,0.71124494,0.700382
00005761.jpg,0.7776297,0.821164
00025326.jpg,0.76147604,0.8896544
00026838.jpg,0.70459545,0.7990882
00017564.jpg,0.78120446,0.751866
00031455.jpg,0.7203661,0.6643774
000000556669.jpg,0.754632,0.7029703
00001211.jpg,0.7809952,0.8493466
00025450.jpg,0.68301165,0.848943
00010939.jpg,0.60219836,0.4236578
00041064.jpg,0.57862717,0.5377598
00038774.jpg,0.7771328,0.7439454
00006465.jpg,0.7675642,0.7478906
00047678.jpg,0.82069963,0.943932
00009631.jpg,0.78604937,0.7752888
00021946.jpg,0.8074383,0.8760898
3e5f7dc48d210ad0.jpg,0.78972554,0.9255319
00007557.jpg,0.62891704,0.5974044
00039364.jpg,0.69914645,0.7602838
00054442.jpg,0.84768516,0.8031876
00040104.jpg,0.58460325,0.6885334
00041529.jpg,0.78857195,0.7935136
n03594945_16473.jpg,0.71503615,0.78571427
000000202888.jpg,0.7263856,0.7938144
00057471.jpg,0.91629267,0.7636898
00024814.jpg,0.59520775,0.6962316
00055209.jpg,0.7475817,0.813776
00052190.jpg,0.63909674,0.5826532
00030718.jpg,0.56135744,0.4950386
00001682.jpg,0.7976626,0.8466226
00026362.jpg,0.70340025,0.854366
00028882.jpg,0.7806028,0.6251676
00043871.jpg,0.7621552,0.6780942
00051999.jpg,0.6276926,0.7451146
00050582.jpg,0.7257923,0.6035266
00001241.jpg,0.75321203,0.7420066
00003500.jpg,0.63802993,0.7030964
00041707.jpg,0.89675117,0.8474828
00051245.jpg,0.7930099,0.7957404
00000068.jpg,0.892403,0.867281
00040420.jpg,0.73264414,0.600159
00048945.jpg,0.91186726,0.8052424
00025780.jpg,0.74053943,0.6933052
00039081.jpg,0.66332793,0.647766
00034042.jpg,0.62651014,0.545075
00008105.jpg,0.7724856,0.6720412
00051493.jpg,0.682197,0.8140324
00025748.jpg,0.83296645,0.6932308
00030373.jpg,0.72555405,0.8186876
00054198.jpg,0.8315994,0.9059986
00008545.jpg,0.88706964,0.8137494
00008977.jpg,0.7670251,0.8357284
n02430045_4491.jpg,0.677402,0.69148934
00022030.jpg,0.53556883,0.4607162
00020469.jpg,0.7119461,0.731948
00046108.jpg,0.8162509,0.8344822
00041057.jpg,0.8021781,0.7383538
n02324045_21877.jpg,0.7422226,0.74561405
00007016.jpg,0.82830095,0.9759
00055294.jpg,0.60314274,0.6135874
000000440314.jpg,0.7662387,0.87
00003655.jpg,0.8344381,0.8064546
00046711.jpg,0.80828625,0.730149
n04461696_1918.jpg,0.76777947,0.8165138
00044464.jpg,0.6914302,0.7813276
00034955.jpg,0.7343987,0.7437534
00014291.jpg,0.6841892,0.7163068
00014158.jpg,0.77220595,0.5343236
00043517.jpg,0.7016618,0.6734312
00005362.jpg,0.7273958,0.814357
00021742.jpg,0.67140794,0.4560534
00004711.jpg,0.90421796,0.7924852
00013215.jpg,0.8060878,0.8584792
00052002.jpg,0.6070295,0.5930552
00005905.jpg,0.6238464,0.4398768
00043303.jpg,0.7775671,0.6412912
00040781.jpg,0.6991261,0.6333936
00035483.jpg,0.78767025,0.9467732
00001851.jpg,0.8121603,0.9197552
00009450.jpg,0.72513473,0.8361812
00020968.jpg,0.75228596,0.8138416
00018928.jpg,0.6938708,0.5397512
00027273.jpg,0.6403227,0.6380288
00053039.jpg,0.73827636,0.5571726
000000557137.jpg,0.86537856,0.94382024
00013701.jpg,0.667008,0.6534264
00020731.jpg,0.6485579,0.4813428
00034664.jpg,0.59179235,0.703184
00052293.jpg,0.8337467,0.8465164
sun_avdpvygwmitpiwrm.jpg,0.63464797,0.58
00003987.jpg,0.80274034,0.7540424
00019978.jpg,0.7862518,0.7347754
00039089.jpg,0.8516638,0.8313966
00009188.jpg,0.7378124,0.7014112
00036462.jpg,0.73279536,0.8794932
00009041.jpg,0.7536737,0.7451684
00053045.jpg,0.86273444,0.8645642
00030100.jpg,0.76601946,0.8152934
00027613.jpg,0.80998623,0.7178072
00027836.jpg,0.71458757,0.28113
00019374.jpg,0.63236564,0.6678136
00038410.jpg,0.6838844,0.6383582
00049489.jpg,0.81278574,0.8632758
00030368.jpg,0.84542394,0.9237618
00006770.jpg,0.7894387,0.8332238
sun_awjqhmphorknpjcn.jpg,0.6271172,0.5510204
00007486.jpg,0.83995533,0.827857
00050173.jpg,0.63228726,0.5173376
00005936.jpg,0.60466266,0.6013964
00025652.jpg,0.77729857,0.744632
00009584.jpg,0.65718603,0.6092836
00057618.jpg,0.7577038,0.6260428
00043158.jpg,0.7732698,0.6743316
n09270735_28592.jpg,0.6149048,0.8666667
00012033.jpg,0.5725843,0.7020634
00012096.jpg,0.62886846,0.5887774
000000564654.jpg,0.6599977,0.88235295
00003649.jpg,0.69956183,0.7166566
00017232.jpg,0.7261319,0.6978194
00045505.jpg,0.66580987,0.767746
00005727.jpg,0.70491874,0.7185418
n02878222_1516.jpg,0.6755465,0.5048544
n07717556_3396.jpg,0.7281518,0.9326923
00030274.jpg,0.86131275,0.7199866
n02396427_10306.jpg,0.82498825,0.7920792
00009646.jpg,0.783302,0.8383186
00052564.jpg,0.56355727,0.5592152
00038207.jpg,0.57122356,0.6431808
00022719.jpg,0.7584213,0.805814
00015801.jpg,0.7280534,0.776813
00018037.jpg,0.7657245,0.7215568
00005608.jpg,0.779502,0.7659276
00024719.jpg,0.71844816,0.6149948
00031988.jpg,0.7236334,0.7867068
00010315.jpg,0.699908,0.9105062
000000202328.jpg,0.74122965,0.85393256
sun_atlxncsxfmqwisuw.jpg,0.6588307,0.6086956
000000341209.jpg,0.79507095,0.9456522
000000242368.jpg,0.7551172,0.7685185
000000470292.jpg,0.6918945,0.7075472
00001766.jpg,0.7669474,0.8051038
00015142.jpg,0.7114366,0.8521666
00039108.jpg,0.6990505,0.7586654
00012179.jpg,0.66539663,0.745502
00030930.jpg,0.8211273,0.8887278
n09308572_2962.jpg,0.5396443,0.8130841
00012535.jpg,0.85979855,0.9269798
00026186.jpg,0.6852329,0.7604606
000000569223.jpg,0.82803893,0.88659793
000000238511.jpg,0.68505716,0.8035714
00049680.jpg,0.7618445,0.8030088
n00470966_20798.jpg,0.78335094,0.8313253
00052100.jpg,0.5560997,0.5052506
00034334.jpg,0.7686255,0.8054528
00026040.jpg,0.71767974,0.6806328
00023184.jpg,0.68426484,0.7993834
00042216.jpg,0.8434734,0.89915
00016308.jpg,0.8993501,0.8287564
00031578.jpg,0.6775803,0.575922
00002532.jpg,0.7843509,0.7182306
00012653.jpg,0.711266,0.826873
00013099.jpg,0.7971539,0.9134126
n07806221_21594.jpg,0.7270967,0.69298244
00038791.jpg,0.72820276,0.6488302
000000080363.jpg,0.7218218,0.8269231
n02118333_7642.jpg,0.6912008,0.9247312
n07863374_17966.jpg,0.80757314,0.8636364
n04231693_5428.jpg,0.63485706,0.76635516
000000272599.jpg,0.74508643,0.8494624
00018925.jpg,0.75935704,0.9728406
00001413.jpg,0.6714853,0.8292748
00054975.jpg,0.9196383,0.8975384
b5d328a10a792d7e.jpg,0.72696495,0.72727275
00031677.jpg,0.68768215,0.7905742
00023960.jpg,0.7409,0.851957
00021102.jpg,0.7864069,0.8849592
00020719.jpg,0.748909,0.7899842
00013353.jpg,0.80461514,0.6655164
n01846331_8672.jpg,0.75010747,0.93457943
00008884.jpg,0.79602003,0.7913848
00023973.jpg,0.88346636,0.918328
n07806221_23904.jpg,0.8280286,0.75789475
00010874.jpg,0.8015814,0.510283
00000614.jpg,0.6744948,0.683938
00006592.jpg,0.77234757,0.6049114
n01514668_20239.jpg,0.79739976,0.7264151
00033702.jpg,0.7647386,0.7063372
00022005.jpg,0.69743145,0.7328364
00005365.jpg,0.7002483,0.7326338
00048883.jpg,0.8201276,0.922746
n07711569_3474.jpg,0.8439275,0.5888889
00000801.jpg,0.76243,0.8986204
00014304.jpg,0.9466611,0.9425226
00030723.jpg,0.8973458,0.8836762
00055241.jpg,0.7667883,0.8455622
n03791053_15494.jpg,0.7724044,0.76842105
00002002.jpg,0.58475065,0.6043284
00004218.jpg,0.77897465,0.8883122
00023210.jpg,0.8432081,0.8250444
00032843.jpg,0.8425616,0.8574358
00036089.jpg,0.5350108,0.6070754
00041769.jpg,0.79089713,0.7202692
00033709.jpg,0.7526049,0.7824246
00022092.jpg,0.84236157,0.7627492
00000445.jpg,0.7819615,0.8857134
sun_aruigsdszusgsffm.jpg,0.581584,0.53409094
00030075.jpg,0.7340414,0.6304426
00025816.jpg,0.7291728,0.7229484
n02691156_5942.jpg,0.824559,0.83495146
00049078.jpg,0.7746496,0.7875738
00034687.jpg,0.79796046,0.7897132
n04335435_4637.jpg,0.66791284,0.7659575
00010056.jpg,0.720453,0.828538
00057211.jpg,0.83128273,0.8075068
00031313.jpg,0.7595626,0.7099092
00047314.jpg,0.7219237,0.7859072
00037132.jpg,0.6741569,0.6903966
00025649.jpg,0.8434174,0.8732582
000000328185.jpg,0.7600566,0.8659794
00050746.jpg,0.74952084,0.5941434
00002273.jpg,0.6152804,0.843515
00050948.jpg,0.7687253,0.8237642
00010377.jpg,0.75004053,0.7577352
00040358.jpg,0.7201728,0.6260216
00030076.jpg,0.6642449,0.730043
00003100.jpg,0.5873946,0.588487
00015070.jpg,0.55346024,0.421292
a35f36389c0cac44.jpg,0.8041452,0.8541667
00037053.jpg,0.7709782,0.7214566
00055449.jpg,0.81459236,0.8992792
00006668.jpg,0.8348446,0.912457
00027542.jpg,0.68102705,0.8212608
00032114.jpg,0.84213495,0.9288604
00030522.jpg,0.77121145,0.7953998
00034834.jpg,0.7163967,0.6617312
00009769.jpg,0.7062682,0.8514704
00022047.jpg,0.68998665,0.7861374
00012967.jpg,0.74975455,0.6191392
00011418.jpg,0.85203654,0.8147436
n03384352_2419.jpg,0.6659635,0.85294116
00017779.jpg,0.6285269,0.8090984
00028297.jpg,0.57550263,0.6458772
00016986.jpg,0.57803553,0.6535236
n04610013_5514.jpg,0.61006594,0.6732673
00007146.jpg,0.8139138,0.9457478
00032549.jpg,0.7771355,0.8092838
00054488.jpg,0.83604366,0.866964
00004929.jpg,0.6909857,0.7392376
00042109.jpg,0.7101664,0.6757426
00020312.jpg,0.64934474,0.6701102
00004613.jpg,0.6184234,0.7599958
00046135.jpg,0.84911954,0.8931576
00045890.jpg,0.7725717,0.7201982
00020520.jpg,0.62749076,0.6439246
00012551.jpg,0.76153946,0.7294004
00039236.jpg,0.7330113,0.7362632
00031390.jpg,0.68003,0.7607176
00054464.jpg,0.7983908,0.8124826
00011180.jpg,0.82263756,0.980488
sun_abrwdgsipagiljbz.jpg,0.6349253,0.61538464
n02118333_1731.jpg,0.7512117,0.8958333
00033277.jpg,0.7339802,0.716819
00039639.jpg,0.6858642,0.7813402
00027275.jpg,0.8183961,0.8784348
n09468604_11173.jpg,0.5413315,0.38709676
00021141.jpg,0.6876713,0.81425
00011823.jpg,0.72297835,0.727571
00049584.jpg,0.6528461,0.6412596
00054024.jpg,0.6689371,0.766296
00001079.jpg,0.73865664,0.6843778
00032667.jpg,0.8448049,0.7940964
00014768.jpg,0.7631884,0.8047192
00057945.jpg,0.7832738,0.7904268
00052520.jpg,0.7974644,0.8060984
00004633.jpg,0.71793234,0.8143506
00037554.jpg,0.71312606,0.675983
00010442.jpg,0.7066035,0.8209252
00002336.jpg,0.80623126,0.8126288
00052626.jpg,0.750007,0.8200494
00041877.jpg,0.7336216,0.5783494
00021680.jpg,0.8255521,0.8781746
000000193824.jpg,0.7193967,0.8947368
00003174.jpg,0.64015424,0.5257528
00054512.jpg,0.7758794,0.640921
00058432.jpg,0.7183808,0.926867
00055038.jpg,0.72923607,0.8053986
00023756.jpg,0.80222225,0.8126348
00012397.jpg,0.74549377,0.7816152
00043006.jpg,0.7449174,0.6510848
00007287.jpg,0.7762199,0.7226446
sun_azmnsxrpcylcebsm.jpg,0.6065892,0.65957445
00016988.jpg,0.64804804,0.8838448
00011031.jpg,0.7847445,0.8478074
n02129165_9095.jpg,0.71366805,0.9245283
sun_avbdzkswapneahnf.jpg,0.5114491,0.30555555
00001230.jpg,0.8409015,0.875163
00012187.jpg,0.7781713,0.8460406
00018132.jpg,0.7798059,0.8299586
00037829.jpg,0.8065834,0.703234
00043349.jpg,0.7906956,0.6765204
n07801508_13723.jpg,0.8568096,0.93043476
00053971.jpg,0.82291853,0.914948
00040411.jpg,0.7070565,0.6268726
n04467665_50806.jpg,0.70203334,0.6886792
00024306.jpg,0.7164611,0.7225886
000000511644.jpg,0.7441875,0.98717946
00006476.jpg,0.53911805,0.6439866
00014122.jpg,0.8416964,0.83658
00042197.jpg,0.7060882,0.7025068
00025102.jpg,0.81276274,0.8534432
00021834.jpg,0.6199931,0.7259536
00004087.jpg,0.75917506,0.900816
00024193.jpg,0.535223,0.612695
00032977.jpg,0.7884432,0.887032
n02324045_2666.jpg,0.7650584,0.8773585
00005926.jpg,0.6511798,0.657958
n07583197_6797.jpg,0.8389037,0.9514563
00036982.jpg,0.5608152,0.772847
00044281.jpg,0.7419182,0.6839314
000000175210.jpg,0.67759335,0.84210527
00054237.jpg,0.80905217,0.8309206
00014992.jpg,0.5506105,0.5817772
00004395.jpg,0.8124795,0.7595852
00047000.jpg,0.805788,0.8539574
00014690.jpg,0.7980318,0.7604668
00035356.jpg,0.6213272,0.6910698
00003915.jpg,0.5516556,0.4335184
n09393605_34572.jpg,0.55904675,0.44036698
00000826.jpg,0.79499197,0.7063022
00054740.jpg,0.8087721,0.8316524
00050441.jpg,0.8515636,0.8701348
00026104.jpg,0.67226493,0.6974378
00031316.jpg,0.5949825,0.5754662
00004155.jpg,0.7645257,0.7765096
00018218.jpg,0.80885136,0.617975
000000142637.jpg,0.81214726,0.86238533
00037499.jpg,0.7051874,0.5697094
00029268.jpg,0.73501825,0.8313114
00001585.jpg,0.80635583,0.8880022
d5d2bfbf1d397b5b.jpg,0.6659322,0.7407407
00041502.jpg,0.66255116,0.7810512
00021542.jpg,0.8205831,0.7977888
00017398.jpg,0.9113986,0.6366872
00018182.jpg,0.77358997,0.833857
00013396.jpg,0.8399803,0.8218562
00041990.jpg,0.84042215,0.8959224
000000178022.jpg,0.86148286,0.8039216
00001265.jpg,0.5909785,0.5069886
00026853.jpg,0.78319716,0.7924708
00054632.jpg,0.7539906,0.8388574
00024939.jpg,0.8101212,0.7593114
n07849336_22947.jpg,0.7941258,0.75268817
00030879.jpg,0.71120214,0.8372148
00032505.jpg,0.86814415,0.872546
00017246.jpg,0.69437397,0.916776
00047621.jpg,0.72002107,0.871623
n02355227_7587.jpg,0.72850543,0.60227275
n02946348_33646.jpg,0.7516587,0.7173913
00012744.jpg,0.7081761,0.7270758
00031096.jpg,0.6797713,0.6028184
00057688.jpg,0.75362164,0.824114
00011035.jpg,0.544828,0.6518592
00002504.jpg,0.77646077,0.785676
00034128.jpg,0.6482362,0.6802946
00041436.jpg,0.714102,0.7573452
00023964.jpg,0.6997204,0.8411836
00050334.jpg,0.7689252,0.8493172
00008368.jpg,0.7581348,0.705235
00049209.jpg,0.68340474,0.8331108
00033678.jpg,0.77891016,0.6952532
00046520.jpg,0.6920593,0.5346512
00001381.jpg,0.76650274,0.8572964
00009800.jpg,0.718169,0.8196426
00012659.jpg,0.6948823,0.769753
n07863374_18632.jpg,0.83249205,0.8867925
00057594.jpg,0.78782094,0.848858
00022939.jpg,0.7045209,0.5304628
00017313.jpg,0.79038334,0.8104782
00001130.jpg,0.6128823,0.5822876
00005793.jpg,0.8085803,0.6140284
00018981.jpg,0.8372729,0.8522684
00022768.jpg,0.60125005,0.4979478
00024136.jpg,0.7966291,0.7664272
00005611.jpg,0.7395858,0.8440532
00006370.jpg,0.70719534,0.7262788
00047222.jpg,0.828053,0.7703604
00027504.jpg,0.71010804,0.8406204
00018598.jpg,0.75619805,0.8787788
n03790512_10899.jpg,0.6881532,0.84313726
n07711569_5955.jpg,0.8669018,0.7083333
00041240.jpg,0.77839625,0.9082702
00029669.jpg,0.68586755,0.857676
00014680.jpg,0.6248197,0.7361694
00015436.jpg,0.7159636,0.5993322
00006543.jpg,0.8430134,0.7537838
00051101.jpg,0.7118138,0.7653614
00017454.jpg,0.6352857,0.5278384
000000540027.jpg,0.7792226,0.83495146
00032804.jpg,0.847777,0.8765514
000000049369.jpg,0.6979909,0.85714287
00032348.jpg,0.88865614,0.8893026
00028205.jpg,0.85348505,0.8706302
00017618.jpg,0.68789923,0.6954276
00002518.jpg,0.76792884,0.6337906
00046978.jpg,0.55159247,0.6450732
00035606.jpg,0.81328785,0.700881
00022991.jpg,0.88381255,0.7548996
000000119373.jpg,0.71410584,0.7419355
00051858.jpg,0.73416483,0.8103388
00012052.jpg,0.78457284,0.738608
00028378.jpg,0.7761019,0.5518604
00019836.jpg,0.7005689,0.9034826
00041124.jpg,0.62986976,0.8825714
00051905.jpg,0.8494348,0.9589394
00044428.jpg,0.7428911,0.811157
00023944.jpg,0.6385679,0.5926032
00010489.jpg,0.79261243,0.8084388
sun_aggfowjpvviyezvb.jpg,0.6209483,0.6363636
00047107.jpg,0.79417694,0.773976
00016280.jpg,0.74150693,0.8208004
00007952.jpg,0.7428532,0.8846804
00016613.jpg,0.5544352,0.6805402
00008387.jpg,0.58906835,0.637856
n02118333_2287.jpg,0.7301076,0.7254902
00020477.jpg,0.74174625,0.4446812
00011610.jpg,0.9085394,0.7811496
00023389.jpg,0.8387513,0.8238766
00051726.jpg,0.77266645,0.786403
00013267.jpg,0.6660209,0.6880598
00011675.jpg,0.6864258,0.7768836
00013268.jpg,0.54356056,0.574223
00009102.jpg,0.7501466,0.9013176
00037573.jpg,0.6670575,0.762761
00014966.jpg,0.753108,0.6046478
00004525.jpg,0.86626315,0.9371432
00011041.jpg,0.7233964,0.7641918
00042932.jpg,0.6219398,0.6407246
n09376198_20394.jpg,0.5614812,0.63
00044933.jpg,0.72363794,0.7867198
000000146601.jpg,0.8414271,0.9223301
00025144.jpg,0.6505982,0.616922
00057991.jpg,0.60509187,0.7549262
00005452.jpg,0.6911448,0.5321758
00048439.jpg,0.7734159,0.7376828
n09303008_28029.jpg,0.5803671,0.33333334
00002837.jpg,0.8542333,0.7092424
00052158.jpg,0.6528408,0.5076584
00016869.jpg,0.7614836,0.755452
000000167647.jpg,0.80373126,0.8543689
00021498.jpg,0.68447745,0.7706714
00044969.jpg,0.7452947,0.6281896
00001881.jpg,0.7686039,0.5150364
6066408c8757fe60.jpg,0.8097057,0.9255319
00044930.jpg,0.74025565,0.6348994
00028646.jpg,0.6302393,0.599141
00040208.jpg,0.7390245,0.7421744
00023990.jpg,0.55408895,0.725779
00018043.jpg,0.84425145,0.819968
00050162.jpg,0.7412627,0.6817756
00034261.jpg,0.89105046,0.9544678
00056066.jpg,0.7728472,0.7935392
00045708.jpg,0.8330115,0.7402362
00012269.jpg,0.73828703,0.5957882
00057103.jpg,0.8262316,0.5625482
00045241.jpg,0.74063337,0.817445
00009866.jpg,0.70360994,0.74508
00015730.jpg,0.80856824,0.7154776
00016517.jpg,0.73975277,0.8839682
00054508.jpg,0.8568515,0.7943198
00011350.jpg,0.7736696,0.9344236
00020518.jpg,0.63969076,0.5538562
00005522.jpg,0.7457255,0.6979032
00052647.jpg,0.6960039,0.8985346
n04465501_13294.jpg,0.65306216,0.59090906
00056479.jpg,0.812469,0.8496606
00002020.jpg,0.66291404,0.6581842
00020457.jpg,0.58756393,0.633437
n02129165_304.jpg,0.77283674,0.75510204
00023443.jpg,0.7279645,0.8334062
sun_aafblbfkfftldfxp.jpg,0.5855269,0.34579438
00007539.jpg,0.7581127,0.5893086
00047719.jpg,0.8844756,0.6084368
00043849.jpg,0.83097804,0.8117344
00037984.jpg,0.7293956,0.6611318
00006895.jpg,0.80359805,0.711746
00033979.jpg,0.61021,0.601619
000000212824.jpg,0.6865294,0.8495575
00058215.jpg,0.79803985,0.8537652
00030809.jpg,0.7649894,0.8818446
n04335435_13394.jpg,0.72442865,0.853211
00020111.jpg,0.75030506,0.8320232
00035280.jpg,0.8014574,0.9137364
00016345.jpg,0.8152878,0.882118
00004177.jpg,0.83063626,0.8170176
00044606.jpg,0.740371,0.8822256
00048912.jpg,0.8112731,0.8921864
00007823.jpg,0.76153874,0.7950744
00006334.jpg,0.58744717,0.5358762
00058666.jpg,0.7603058,0.8110022
000000465765.jpg,0.67961264,0.69
n02342885_5046.jpg,0.81862473,0.9207921
00044064.jpg,0.7237533,0.823676
00037229.jpg,0.70892483,0.9084014
00004909.jpg,0.7014253,0.6633362
00009268.jpg,0.6572083,0.6473808
00042796.jpg,0.7359964,0.8448322
00001865.jpg,0.74460304,0.8552368
00023531.jpg,0.8450378,0.7945262
00007020.jpg,0.7568314,0.9082052
00002602.jpg,0.7772188,0.831692
00056686.jpg,0.6882333,0.6275348
00035137.jpg,0.71958244,0.8629984
00030613.jpg,0.6057373,0.5499382
00030284.jpg,0.92907387,0.8457274
00009682.jpg,0.71648604,0.7029124
00003324.jpg,0.87837726,0.8003724
00039068.jpg,0.725091,0.6244918
n07806221_23282.jpg,0.80728924,0.7307692
00049553.jpg,0.71399057,0.7058184
00019253.jpg,0.796818,0.7900344
n07711569_1815.jpg,0.8633858,0.78431374
00010669.jpg,0.69621843,0.8549502
00035278.jpg,0.63688636,0.6470616
00021820.jpg,0.61072093,0.511318
00026719.jpg,0.60434985,0.6183854
00056767.jpg,0.77980864,0.4275922
00028262.jpg,0.83043754,0.8686714
00007271.jpg,0.7701161,0.6577894
00029650.jpg,0.85536015,0.8109052
00003855.jpg,0.70578516,0.5932126
00002279.jpg,0.8290469,0.8453386
00010000.jpg,0.75942254,0.6867442
00035791.jpg,0.70772845,0.7810258
00040417.jpg,0.70339984,0.592918
00018208.jpg,0.76883006,0.8384986
00043838.jpg,0.6723011,0.698105
00052849.jpg,0.74645716,0.9190818
00032598.jpg,0.8191736,0.7381962
00010554.jpg,0.53445303,0.5428852
00057906.jpg,0.5654506,0.566265
00028308.jpg,0.74697936,0.6881352
00032169.jpg,0.89756536,0.8501412
00014331.jpg,0.7331692,0.6730846
00045098.jpg,0.808676,0.5906706
00043589.jpg,0.6612936,0.6869162
00023052.jpg,0.83666897,0.7004532
00000965.jpg,0.6438348,0.8948924
00055005.jpg,0.73921895,0.7885766
00022606.jpg,0.9223534,0.8475088
00038353.jpg,0.7366612,0.773008
n04465501_2168.jpg,0.68416905,0.90625
00005866.jpg,0.7675541,0.8395594
00018061.jpg,0.7122517,0.8100288
00055669.jpg,0.8356526,0.9115318
n04461696_8486.jpg,0.7935091,0.712963
00026152.jpg,0.87334776,0.7306984
00054246.jpg,0.6339588,0.7262732
n02396427_10706.jpg,0.77983046,0.8372093
n07574602_26579.jpg,0.8631158,0.79268295
00005275.jpg,0.82128423,0.8374708
00044657.jpg,0.75001085,0.6526664
00001782.jpg,0.7232064,0.6975258
00040413.jpg,0.80201703,0.6848906
00016557.jpg,0.76815003,0.8230962
00024579.jpg,0.73838854,0.8060772
00016828.jpg,0.80279636,0.5534958
00002059.jpg,0.59359634,0.8579916
00058375.jpg,0.65434015,0.6848152
00036850.jpg,0.6673855,0.854902
n07849336_20809.jpg,0.801586,0.8717949
n04461696_14074.jpg,0.7206938,0.79268295
00021236.jpg,0.7846088,0.868966
00025472.jpg,0.729439,0.9154376
00037928.jpg,0.5666698,0.5851822
00041284.jpg,0.76013786,0.7901892
00016164.jpg,0.7707151,0.773112
00040352.jpg,0.80477,0.7610292
00055181.jpg,0.57656085,0.5162426
00028506.jpg,0.7939415,0.6603814
00003564.jpg,0.59832025,0.6897936
00032640.jpg,0.771937,0.8811392
00055347.jpg,0.7729608,0.8795206
00013547.jpg,0.5918812,0.671832
00049545.jpg,0.8824542,0.849341
00027071.jpg,0.7391814,0.7376608
00016477.jpg,0.65993243,0.698088
00057147.jpg,0.7586054,0.7946992
00023481.jpg,0.8989335,0.9328078
6d717c219226d63d.jpg,0.6058928,0.62886596
00026037.jpg,0.7687957,0.8367764
00026239.jpg,0.7650402,0.8960426
00025252.jpg,0.76916903,0.8297342
00014916.jpg,0.7492857,0.8096718
00004600.jpg,0.8506254,0.9236242
00053432.jpg,0.8387984,0.8775422
n01846331_5391.jpg,0.7808173,0.7395833
00054181.jpg,0.7964664,0.7906284
00042631.jpg,0.64636564,0.6543728
00030739.jpg,0.76501745,0.6805082
00022385.jpg,0.8112351,0.8723154
00045916.jpg,0.8023596,0.8565422
00001860.jpg,0.6787572,0.5899076
00047145.jpg,0.8970698,0.816423
n07806221_23337.jpg,0.83775175,0.8411215
00044307.jpg,0.69344693,0.7636854
00033700.jpg,0.7000423,0.5947048
00031233.jpg,0.7566342,0.9248204
00055140.jpg,0.80758965,0.7723228
00001980.jpg,0.5984146,0.7928012
00035343.jpg,0.57520837,0.7349504
00020655.jpg,0.88907546,0.8419516
00032377.jpg,0.6765028,0.8055744
00056707.jpg,0.6094259,0.4921938
00043131.jpg,0.8024897,0.7848486
00058463.jpg,0.86021173,0.7306578
n04465501_8390.jpg,0.6867752,0.8172043
00039095.jpg,0.7038702,0.6008314
00050122.jpg,0.8477247,0.7630514
00015440.jpg,0.7796421,0.7485724
00012458.jpg,0.7054181,0.8719408
n02355227_13981.jpg,0.7731823,0.8363636
00006163.jpg,0.7449089,0.73444
00006919.jpg,0.8350614,0.9679426
00055901.jpg,0.7843454,0.8483152
n01811909_1560.jpg,0.797063,0.80851066
00057229.jpg,0.7848611,0.8248818
00014716.jpg,0.7821308,0.7360198
00048964.jpg,0.63909674,0.6120292
00008917.jpg,0.7751954,0.9158572
00006021.jpg,0.63220346,0.8725354
00047819.jpg,0.8071381,0.7416366
00055037.jpg,0.7014818,0.8158418
00054093.jpg,0.74566543,0.7685338
00028593.jpg,0.8213041,0.7205324
00037452.jpg,0.6746528,0.5216924
00046422.jpg,0.7549176,0.6887514
00027101.jpg,0.8100647,0.7064194
000000215565.jpg,0.796628,0.9318182
00027382.jpg,0.76364654,0.5405674
00016035.jpg,0.834149,0.7545816
00037878.jpg,0.6803404,0.823067
00053065.jpg,0.8562193,0.9268846
00024359.jpg,0.63239336,0.710998
00025840.jpg,0.6052977,0.6303652
00007249.jpg,0.9502806,0.7889716
00055215.jpg,0.7668257,0.72313
00041277.jpg,0.7769913,0.5728092
00058308.jpg,0.5691636,0.7317266
00038858.jpg,0.7730234,0.6530874
00041857.jpg,0.7000015,0.7688538
00048980.jpg,0.76685566,0.8451284
00011529.jpg,0.6057644,0.535502
00050825.jpg,0.7171773,0.8137542
00010146.jpg,0.7606703,0.7485318
00018718.jpg,0.81910956,0.9007298
00053519.jpg,0.8455663,0.8735594
00010864.jpg,0.71394914,0.693044
00023858.jpg,0.89219606,0.8041616
000000259150.jpg,0.81593955,0.90909094
00036997.jpg,0.6826618,0.778059
00047830.jpg,0.78235734,0.767937
00037746.jpg,0.67980224,0.7329308
00027324.jpg,0.81388307,0.9518654
00039448.jpg,0.7103505,0.709985
00022506.jpg,0.7870872,0.8157466
00026690.jpg,0.5974347,0.5177396
00044462.jpg,0.7377029,0.8036374
00043616.jpg,0.7307371,0.808877
00014759.jpg,0.7731044,0.8165646
00057197.jpg,0.7526512,0.547035
00052727.jpg,0.7785424,0.8679144
00041120.jpg,0.864134,0.7780846
00051207.jpg,0.79273504,0.804388
00054653.jpg,0.76462245,0.7789548
n01846331_13327.jpg,0.8041092,0.8
00029177.jpg,0.8043284,0.8547666
00029037.jpg,0.859899,0.8418732
00021446.jpg,0.7400857,0.8532542
00052687.jpg,0.82182753,0.9281286
00017150.jpg,0.6891396,0.7539602
00015099.jpg,0.754984,0.7434574
00052077.jpg,0.86625147,0.694036
00013591.jpg,0.71033704,0.5948414
n03791053_6407.jpg,0.739033,0.8484849
00037831.jpg,0.7953454,0.7718086
00013133.jpg,0.7023686,0.6388984
00029585.jpg,0.64994484,0.674287
00010249.jpg,0.74666256,0.7217414
00021894.jpg,0.5905415,0.557094
00031878.jpg,0.7226423,0.7081272
000000168741.jpg,0.8602537,0.8863636
8b5e46c0963a64ff.jpg,0.66600955,0.61946905
00001362.jpg,0.83785355,0.8016652
00003011.jpg,0.8241304,0.9908334
00015211.jpg,0.85437775,0.7641436
00023864.jpg,0.86875284,0.6981028
00011328.jpg,0.7300621,0.7113154
00019544.jpg,0.82498103,0.7456924
00025454.jpg,0.66224825,0.773484
00007241.jpg,0.74307835,0.9385388
00002119.jpg,0.83265346,0.8363362
00033262.jpg,0.856367,0.8174584
00034083.jpg,0.716153,0.7145876
n01811909_12826.jpg,0.811341,0.66019416
00038824.jpg,0.6180841,0.7877264
00050126.jpg,0.6187736,0.7514416
00005898.jpg,0.77929384,0.631816
00024492.jpg,0.8503438,0.7370436
00037417.jpg,0.6712144,0.6945028
00012572.jpg,0.6469511,0.5904546
00000611.jpg,0.75015235,0.785708
n02342885_4950.jpg,0.7811011,0.7826087
00017220.jpg,0.8247228,0.7968774
00015447.jpg,0.7081512,0.8772798
00004571.jpg,0.7619841,0.7009126
n04467665_21087.jpg,0.71311826,0.8
00007434.jpg,0.62645257,0.5341878
00007089.jpg,0.8604413,0.6367452
00012112.jpg,0.86760235,0.879763
00017239.jpg,0.73636174,0.7409128
e28c0aa13f315c69.jpg,0.77169913,0.76237625
00012016.jpg,0.7782352,0.7273816
00021726.jpg,0.7700879,0.8401628
00054798.jpg,0.84047365,0.818558
00058027.jpg,0.7840719,0.7935864
00037312.jpg,0.7287049,0.6771364
00047467.jpg,0.66421115,0.6936188
00032231.jpg,0.7661388,0.894492
00029329.jpg,0.686094,0.7460058
00022901.jpg,0.75032306,0.6739738
00021704.jpg,0.87989575,0.8104326
00007849.jpg,0.8368889,0.8183456
00018907.jpg,0.8203684,0.7347822
00029471.jpg,0.77835256,0.8200538
00004865.jpg,0.8436595,0.7818236
00053408.jpg,0.59768677,0.7091738
00048668.jpg,0.72989756,0.7699954
00054097.jpg,0.586191,0.7678282
00007862.jpg,0.7806436,0.7954782
00000492.jpg,0.71839225,0.811833
00056009.jpg,0.8342107,0.7527988
00011811.jpg,0.5684618,0.6062652
00010006.jpg,0.79460436,0.8440866
n01811909_897.jpg,0.7762296,0.73333335
00010279.jpg,0.8159248,0.8869494
00016042.jpg,0.75401664,0.8326952
00043756.jpg,0.75839007,0.8545642
00044921.jpg,0.7658323,0.7303422
00041322.jpg,0.6461001,0.607455
n07923748_2109.jpg,0.7317363,0.92156863
00044550.jpg,0.81854314,0.8190634
71e61c1183f5bfba.jpg,0.6777563,0.80582523
00012726.jpg,0.5610977,0.6701414
00015724.jpg,0.77070355,0.7635016
00007840.jpg,0.83441615,0.6420174
00056532.jpg,0.81069547,0.942314
00050271.jpg,0.608948,0.7264798
00025552.jpg,0.8123393,0.6584544
00033864.jpg,0.8261746,0.7834834
00050338.jpg,0.85747397,0.8520152
00045755.jpg,0.57596505,0.5410852
00011067.jpg,0.73326206,0.7118222
00035474.jpg,0.6852465,0.475238
00040160.jpg,0.6621796,0.6368466
00019885.jpg,0.6719272,0.6694928
00016371.jpg,0.73794127,0.7469882
00021708.jpg,0.72517914,0.7077834
00021378.jpg,0.6250717,0.6916852
000000545930.jpg,0.84701097,0.8947368
00050749.jpg,0.81819016,0.7511138
00027976.jpg,0.6565541,0.6325954
00055977.jpg,0.79639655,0.9515066
00038594.jpg,0.71226156,0.8148584
00058466.jpg,0.55083656,0.7151346
00014281.jpg,0.79803467,0.869457
00023814.jpg,0.8153292,0.8483048
00052985.jpg,0.8103483,0.9186634
sun_apfxmcvujzcxypuq.jpg,0.58658165,0.58928573
00029982.jpg,0.69901675,0.6283822
00014394.jpg,0.693421,0.6795956
00048082.jpg,0.8480561,0.6975102
00057125.jpg,0.6397793,0.8093016
00054475.jpg,0.6449215,0.677736
00001981.jpg,0.784476,0.8644222
00032221.jpg,0.70889324,0.6544672
00038951.jpg,0.7863677,0.6673116
00008168.jpg,0.78618383,0.8371694
00038713.jpg,0.65508795,0.5929262
n07711569_4905.jpg,0.9068477,0.9126214
00004689.jpg,0.80247104,0.8461438
00025193.jpg,0.6729056,0.5754294
00056237.jpg,0.75396156,0.902784
aeddefe970b1f7fc.jpg,0.7540183,0.8348624
00030860.jpg,0.6004708,0.7580774
00030443.jpg,0.8215523,0.889821
00006639.jpg,0.61952627,0.556807
00035949.jpg,0.6993559,0.6519684
n07863374_20803.jpg,0.8314315,0.83168316
00000370.jpg,0.6028383,0.6198264
000000347773.jpg,0.7907338,0.88349515
00005280.jpg,0.82779014,0.790424
00018778.jpg,0.78245306,0.7271452
00026683.jpg,0.81431633,0.7978762
00012290.jpg,0.78873533,0.7819408
00045451.jpg,0.7588414,0.7065022
00034736.jpg,0.73299235,0.544642
00003687.jpg,0.7847264,0.7715598
00038748.jpg,0.6327781,0.5634656
00055547.jpg,0.7653969,0.77836
00026645.jpg,0.8597548,0.8502302
00031321.jpg,0.7507354,0.8142908
000000105952.jpg,0.59251934,0.6233766
00001801.jpg,0.80886567,0.7661996
00051620.jpg,0.63627815,0.7104368
00045222.jpg,0.7245013,0.8737232
00021453.jpg,0.70630157,0.712279
00057281.jpg,0.7930726,0.8265006
00005070.jpg,0.7008805,0.6281278
00014364.jpg,0.8983755,0.9211204
00004629.jpg,0.74502265,0.7567214
00007044.jpg,0.7813575,0.6784122
000000139075.jpg,0.8246349,0.83157897
00018732.jpg,0.8306706,0.894466
00048595.jpg,0.8031333,0.8361708
00002668.jpg,0.75972265,0.7928158
00014495.jpg,0.7869042,0.9179294
00010409.jpg,0.6968758,0.595478
00019415.jpg,0.72572255,0.6564286
00044618.jpg,0.7392625,0.7369656
00027847.jpg,0.77134717,0.7507736
00035219.jpg,0.73357135,0.8397946
00009891.jpg,0.7829976,0.5449504
000000055601.jpg,0.7547068,0.8137255
00055145.jpg,0.57977337,0.7005136
00014335.jpg,0.8192323,0.7559602
00014897.jpg,0.75665283,0.8627246
00012367.jpg,0.8255503,0.8035474
00026122.jpg,0.6820703,0.692021
00009106.jpg,0.77279806,0.7840974
00020412.jpg,0.78507465,0.8128754
00010828.jpg,0.57222575,0.6222776
00055380.jpg,0.81704605,0.896057
00021393.jpg,0.7959684,0.826353
00007979.jpg,0.79395723,0.9115156
00010918.jpg,0.69834334,0.627163
00056157.jpg,0.7217376,0.9073866
00026097.jpg,0.70075357,0.594754
00028119.jpg,0.7230315,0.5934336
00033941.jpg,0.6272455,0.5612876
00051955.jpg,0.7183719,0.837008
sun_aobzojzeyotxkmpe.jpg,0.61669254,0.6018519
00041542.jpg,0.71540916,0.6179472
00012978.jpg,0.67610323,0.5999216
00013340.jpg,0.59950376,0.5891644
00035156.jpg,0.7515405,0.7978386
00048278.jpg,0.86981696,0.77677
00006548.jpg,0.7946593,0.7283942
n03790512_7560.jpg,0.7276679,0.7818182
000000032964.jpg,0.8582076,0.8854167
n03384352_1664.jpg,0.6624794,0.5326087
00006264.jpg,0.71801233,0.7333762
00036318.jpg,0.77958214,0.6707078
n00468480_9707.jpg,0.71173084,0.65048546
00027207.jpg,0.62272835,0.7897558
00019294.jpg,0.6076729,0.520677
00032627.jpg,0.7019708,0.8459642
00045393.jpg,0.6856724,0.5864064
00001647.jpg,0.8060031,0.7873756
00027147.jpg,0.8242617,0.7927298
00030536.jpg,0.7515524,0.8429664
00048502.jpg,0.74104077,0.548917
00045038.jpg,0.70812273,0.804765
00004063.jpg,0.81321144,0.758853
00037263.jpg,0.8347907,0.8138074
93bd25e8154bb8b9.jpg,0.8032595,0.7717391
00057457.jpg,0.74516135,0.9201416
00001181.jpg,0.8428198,0.7184008
00001729.jpg,0.6729151,0.579465
00029115.jpg,0.83373547,0.9459344
00031194.jpg,0.66590226,0.7447328
00012103.jpg,0.8142754,0.8321198
00058171.jpg,0.834563,0.8547272
n02932891_15330.jpg,0.6226206,0.43564355
00056708.jpg,0.726231,0.7919384
00000497.jpg,0.67833126,0.81037
00014308.jpg,0.70517373,0.676708
n02396427_4425.jpg,0.8218706,0.84375
00037032.jpg,0.7510223,0.5512488
n07880968_2771.jpg,0.88189983,0.9507042
00008156.jpg,0.74726224,0.848903
00037630.jpg,0.7772529,0.7325592
00015745.jpg,0.7437246,0.7845182
00010991.jpg,0.79360145,0.7874344
00022443.jpg,0.68786514,0.5973904
n07711569_5526.jpg,0.8080362,0.8255814
00026288.jpg,0.7815233,0.9274846
00023986.jpg,0.80933285,0.9330184
sun_ahnszpffynlympqu.jpg,0.50191146,0.5222222
00011617.jpg,0.59889823,0.513723
00035322.jpg,0.71452063,0.9298404
00050527.jpg,0.72161245,0.8436508
n02118333_13624.jpg,0.7376927,0.8981481
00039172.jpg,0.69506615,0.7456306
00039016.jpg,0.72289836,0.7299802
00000442.jpg,0.7451987,0.8020084
00041303.jpg,0.8928891,0.8625914
00050324.jpg,0.82010895,0.7295618
00004408.jpg,0.7823683,0.8739382
00040098.jpg,0.892805,0.8326662
00057296.jpg,0.734646,0.6070226
00012977.jpg,0.7005692,0.7400614
00017003.jpg,0.61791277,0.6044998
00056514.jpg,0.61107564,0.6833514
00007668.jpg,0.80433506,0.6534022
00047998.jpg,0.7260352,0.953702
00051313.jpg,0.6355353,0.5652106
00051546.jpg,0.7279334,0.674642
00039001.jpg,0.5612531,0.7687546
00052169.jpg,0.8261584,0.9248728
00010895.jpg,0.7420026,0.745232
000000297738.jpg,0.6936634,0.9074074
00027655.jpg,0.6264229,0.6324276
00051969.jpg,0.6485144,0.6287802
00017641.jpg,0.54493105,0.8065068
00025039.jpg,0.6712369,0.597274
sun_abnigvorwhcefgca.jpg,0.5854185,0.43333334
00014508.jpg,0.67553973,0.6914426
00044013.jpg,0.6436419,0.5272416
00005472.jpg,0.7733292,0.909077
00034102.jpg,0.73721755,0.648481
00015298.jpg,0.79160655,0.7068614
00009169.jpg,0.63867843,0.7425588
00044377.jpg,0.7816436,0.5090504
00002780.jpg,0.5867512,0.8076602
00053815.jpg,0.79093677,0.8555176
00015875.jpg,0.60292304,0.695708
00007090.jpg,0.6023719,0.6025486
00043414.jpg,0.7866528,0.8756106
00027790.jpg,0.7212371,0.8615232
00003738.jpg,0.8335015,0.8341828
00041823.jpg,0.7561923,0.6816696
00053621.jpg,0.85651624,0.751129
00019189.jpg,0.73156285,0.5954766
00028109.jpg,0.6669054,0.7269302
n07863374_16986.jpg,0.8201572,0.78
00006593.jpg,0.6941006,0.7551042
544cf56975736880.jpg,0.7704661,0.8064516
00014459.jpg,0.85223496,0.8079028
00000783.jpg,0.7778919,0.7081206
00017365.jpg,0.8639095,0.8863806
00052833.jpg,0.72007644,0.8049484
00039044.jpg,0.73000723,0.7701766
00057168.jpg,0.74643314,0.7585316
00008253.jpg,0.76989806,0.7062076
00030480.jpg,0.835502,0.811771
00041825.jpg,0.7550303,0.7381502
00015839.jpg,0.6966261,0.9001168
00010330.jpg,0.77878344,0.7583004
00004561.jpg,0.7150749,0.7444464
00001204.jpg,0.76048404,0.8440962
00032355.jpg,0.6601373,0.4678788
00023332.jpg,0.5379375,0.517699
00022745.jpg,0.8184508,0.734663
00042997.jpg,0.73069006,0.6975774
00002085.jpg,0.7858443,0.8908852
00041071.jpg,0.79647875,0.749874
00033761.jpg,0.7346545,0.6417858
00056813.jpg,0.7917042,0.902876
n07716358_19627.jpg,0.77041775,0.7977528
000000358088.jpg,0.62577516,0.6666667
00006134.jpg,0.7627938,0.837312
n09393605_53199.jpg,0.59704936,0.42222223
00056135.jpg,0.76904804,0.8265934
00055396.jpg,0.7407324,0.7210872
00052990.jpg,0.70932865,0.7894912
00026191.jpg,0.69916064,0.7475946
00001151.jpg,0.80185074,0.8894678
n02342885_7041.jpg,0.8574689,0.8596491
00042210.jpg,0.6952423,0.592128
00014299.jpg,0.7704798,0.887267
00005432.jpg,0.783611,0.7098324
00030768.jpg,0.82632494,0.8002088
00053251.jpg,0.8444532,0.8625798
00048066.jpg,0.68629104,0.772216
00042266.jpg,0.7720163,0.80153
00037899.jpg,0.8009757,0.7981434
00003826.jpg,0.85040784,0.8836722
00002448.jpg,0.8306743,0.8962316
00011002.jpg,0.72896636,0.9294396
00044753.jpg,0.82463753,0.7376642
00019557.jpg,0.7361384,0.6881772
00055706.jpg,0.74339205,0.7123748
00013786.jpg,0.91898584,0.9410906
00015934.jpg,0.7618759,0.7629212
00009612.jpg,0.71505415,0.7470996
00003718.jpg,0.7959652,0.8781226
n12345899_35112.jpg,0.65513945,0.7614679
00014924.jpg,0.6592597,0.8315416
00040824.jpg,0.75656176,0.7189494
00024072.jpg,0.78612226,0.7599662
00047868.jpg,0.72220385,0.5967426
00028711.jpg,0.71521354,0.8085172
00013039.jpg,0.5498169,0.6725066
00020239.jpg,0.6634519,0.78804
00052946.jpg,0.63909674,0.581695
00044369.jpg,0.7851507,0.5257468
00036912.jpg,0.6961361,0.660504
00046708.jpg,0.68774223,0.8415606
n04610013_11968.jpg,0.63218504,0.7058824
4ba30c0ec637fd23.jpg,0.7932551,0.8804348
00030760.jpg,0.73526466,0.7633416
00017730.jpg,0.82182443,0.9464038
00022194.jpg,0.6867093,0.719578
00053469.jpg,0.7408518,0.7445914
00054321.jpg,0.7201272,0.702734
00051152.jpg,0.81782776,0.953833
00036022.jpg,0.6090497,0.3977776
00048849.jpg,0.58535963,0.7632506
00057625.jpg,0.8179079,0.759975
00052837.jpg,0.788929,0.8264912
00029741.jpg,0.73328143,0.8431612
00000322.jpg,0.847622,0.8815936
00010069.jpg,0.68161047,0.5511224
00036720.jpg,0.5661565,0.6343508
000000535651.jpg,0.7782583,0.84761906
00043869.jpg,0.70479244,0.6425562
00003423.jpg,0.7494062,0.6830884
00045457.jpg,0.7653302,0.6580756
00036023.jpg,0.54826194,0.478627
00005817.jpg,0.6681837,0.8103306
00002382.jpg,0.7001593,0.7546014
00045369.jpg,0.6756682,0.6955232
00022062.jpg,0.73373795,0.8516888
00051278.jpg,0.7906221,0.8116878
00020353.jpg,0.8010355,0.8665
00047856.jpg,0.61184734,0.7272072
00025724.jpg,0.79682535,0.8947852
00032623.jpg,0.8625367,0.948228
00046215.jpg,0.61592126,0.741462
00001642.jpg,0.76781595,0.9705444
000000019413.jpg,0.7411133,0.7979798
00005219.jpg,0.69715154,0.6665604
000000225358.jpg,0.736681,0.8584071
00031413.jpg,0.7333237,0.820658
00015945.jpg,0.7983916,0.8452456
00012521.jpg,0.69993997,0.6183074
n09393605_44117.jpg,0.5941989,0.8018018
00051490.jpg,0.7249393,0.7327798
00048857.jpg,0.851285,0.9077742
00025294.jpg,0.7769762,0.7357894
00017570.jpg,0.62040627,0.507161
00000451.jpg,0.8242729,0.8082204
00002821.jpg,0.764932,0.8094974
00023003.jpg,0.6901475,0.8590888
00033334.jpg,0.79951924,0.8802042
00028981.jpg,0.5807827,0.4914834
00007747.jpg,0.5526436,0.5424194
00026206.jpg,0.7204872,0.878643
00002374.jpg,0.7477629,0.8754402
00000484.jpg,0.78686523,0.8783838
00047441.jpg,0.7214544,0.73583
00048757.jpg,0.6179061,0.6062726
00055363.jpg,0.7486102,0.81426
00017138.jpg,0.7907534,0.7242508
00049835.jpg,0.61800635,0.848069
00024604.jpg,0.6770332,0.9442696
00041242.jpg,0.8201488,0.9164402
00034211.jpg,0.72836214,0.7470046
00001393.jpg,0.7230755,0.8274212
n03351262_7679.jpg,0.65369654,0.6796116
00054983.jpg,0.7300947,0.6692924
00058531.jpg,0.5993715,0.671947
00024970.jpg,0.6944411,0.874394
n07806221_25185.jpg,0.79496336,0.8660714
n02432983_11100.jpg,0.6902437,0.6972477
00015207.jpg,0.7371416,0.724372
00056047.jpg,0.7977873,0.7960766
00043729.jpg,0.7461343,0.6856646
00058528.jpg,0.842013,0.7603634
00013254.jpg,0.65390724,0.832289
00052938.jpg,0.8190497,0.9653358
n07574602_31019.jpg,0.7914559,0.88
00025685.jpg,0.5813282,0.7130458
n07880968_6571.jpg,0.84822667,0.8214286
00016736.jpg,0.8085891,0.8454654
00001256.jpg,0.7790123,0.7198762
00048424.jpg,0.7336538,0.8523732
00017801.jpg,0.7996215,0.6747208
000000433792.jpg,0.7715669,0.7920792
00049980.jpg,0.83843374,0.7964178
00037936.jpg,0.66402996,0.6720982
00040440.jpg,0.82835066,0.8833194
00047044.jpg,0.57091683,0.623897
00030394.jpg,0.67896664,0.7458838
00023932.jpg,0.699986,0.7140936
1ad03c0542449be2.jpg,0.73565614,0.7927928
00020596.jpg,0.6177646,0.8516362
00021234.jpg,0.7786611,0.7265454
00005892.jpg,0.842067,0.7939488
00028270.jpg,0.8437465,0.9545832
00056938.jpg,0.70978916,0.7076298
00028954.jpg,0.6275759,0.7785538
00037301.jpg,0.7461313,0.7186858
00010197.jpg,0.81161153,0.9452362
00022716.jpg,0.79831266,0.8418906
00005400.jpg,0.70550704,0.7036456
n02342885_12804.jpg,0.8045489,0.9047619
00034743.jpg,0.58290774,0.7171976
00013315.jpg,0.65592486,0.7572326
00038362.jpg,0.7585641,0.7918644
00026137.jpg,0.7995481,0.9249876
00016117.jpg,0.6541238,0.8153604
00041751.jpg,0.71601665,0.8210424
00013857.jpg,0.6763418,0.6953472
612f8c0c59f8ff5e.jpg,0.6247467,0.61538464
00037177.jpg,0.71658885,0.7658528
00040452.jpg,0.705855,0.6265164
00034681.jpg,0.6857668,0.6794862
00017999.jpg,0.8088974,0.9130872
00055046.jpg,0.58347666,0.592586
00015711.jpg,0.84283054,0.8242442
00022702.jpg,0.7428096,0.8722042
00023601.jpg,0.68150115,0.6014052
n09308572_13624.jpg,0.6208916,0.8
00010994.jpg,0.6276349,0.4939016
00042774.jpg,0.6472459,0.7847982
00044639.jpg,0.7758915,0.7606518
00021219.jpg,0.6162257,0.8104506
00007658.jpg,0.8063419,0.4397202
00024407.jpg,0.9114,0.8664128
00027025.jpg,0.68754387,0.5879882
00029274.jpg,0.78123885,0.9662258
00002650.jpg,0.6812026,0.6748416
00023377.jpg,0.7215637,0.7563816
00040644.jpg,0.74408746,0.8044334
00054706.jpg,0.78770465,0.7441986
00019020.jpg,0.7740444,0.8156012
00002781.jpg,0.7895151,0.8617662
00003527.jpg,0.8140109,0.8767776
00033666.jpg,0.8078122,0.8440306
00034117.jpg,0.5323256,0.7863142
00013609.jpg,0.85915995,0.8556608
n04335435_8881.jpg,0.66259557,0.8152174
00029735.jpg,0.66056436,0.6785408
00056783.jpg,0.86812055,0.8674126
00028146.jpg,0.80325294,0.898599
00036270.jpg,0.76567125,0.7244166
00021182.jpg,0.7838576,0.700007
n07690273_21696.jpg,0.8013721,0.9
00037972.jpg,0.7028754,0.7686094
00026931.jpg,0.7932054,0.7189832
00008495.jpg,0.5961065,0.47821
00044126.jpg,0.8133747,0.4205508
00012553.jpg,0.7292495,0.4582156
00021099.jpg,0.7462982,0.8222132
00044054.jpg,0.7592294,0.8761194
00000133.jpg,0.6287533,0.7142042
00048893.jpg,0.7704645,0.9052788
00031614.jpg,0.8425971,0.7780068
00028811.jpg,0.71818936,0.8421956
00049721.jpg,0.78471375,0.7335736
00039643.jpg,0.72664016,0.8015706
00002831.jpg,0.58676624,0.4866722
00019180.jpg,0.6353152,0.8110802
00028651.jpg,0.5808277,0.6707902
00033708.jpg,0.71614164,0.5955642
n09308572_862.jpg,0.560246,0.6666667
00005290.jpg,0.86091226,0.879042
00047460.jpg,0.694976,0.7552518
00033012.jpg,0.69349456,0.6954
00031695.jpg,0.72150534,0.7772338
00012753.jpg,0.73456264,0.7953972
00022989.jpg,0.7554175,0.813634
00052517.jpg,0.6959474,0.7301188
00007764.jpg,0.73161083,0.7436034
00024403.jpg,0.8296313,0.7835246
00000310.jpg,0.7352576,0.7855804
00010134.jpg,0.76180184,0.5780958
00041634.jpg,0.7174348,0.646356
00049476.jpg,0.7861286,0.6928424
00012896.jpg,0.681898,0.7976292
n03791053_22912.jpg,0.7712714,0.8117647
00002466.jpg,0.6932126,0.560413
sun_aquooyehnlaehzjy.jpg,0.51114416,0.44444445
00057455.jpg,0.78400904,0.686508
00032647.jpg,0.76964307,0.8411062
00045453.jpg,0.67079455,0.7617666
00000459.jpg,0.85097337,0.6937758
00036483.jpg,0.74129605,0.6310504
00052161.jpg,0.8126706,0.9175952
00056727.jpg,0.70854616,0.7473922
00015295.jpg,0.6079704,0.4472166
00025523.jpg,0.7316874,0.8795254
00053312.jpg,0.7623431,0.6745102
00011285.jpg,0.7747956,0.7281832
00053204.jpg,0.7822683,0.9097726
00016213.jpg,0.55389965,0.5846266
00030043.jpg,0.6887425,0.5027932
00040820.jpg,0.65795195,0.8172964
000000576322.jpg,0.7279296,0.7051282
n02129165_22697.jpg,0.72466695,0.7980769
00008238.jpg,0.766318,0.7982288
00026789.jpg,0.51305443,0.4829378
00019204.jpg,0.7333245,0.8220252
n02834778_6485.jpg,0.7168344,0.6666667
00035183.jpg,0.77710176,0.6160034
00042783.jpg,0.7832178,0.714136
00038009.jpg,0.6519203,0.8350008
00000812.jpg,0.6713673,0.7088484
n04610013_6804.jpg,0.6921507,0.7184466
00040447.jpg,0.7249348,0.8675398
00003906.jpg,0.7154846,0.6258562
00006504.jpg,0.725358,0.713274
00047580.jpg,0.7062505,0.6078764
00049376.jpg,0.83173966,0.7595288
00009132.jpg,0.50322956,0.7453956
00030797.jpg,0.7151149,0.749516
00021575.jpg,0.81384486,0.761854
00031118.jpg,0.8443308,0.9051118
00020897.jpg,0.634516,0.6107122
00036084.jpg,0.71477115,0.6519632
00018495.jpg,0.8215593,0.7826656
00028310.jpg,0.80241704,0.783486
00010566.jpg,0.700194,0.830376
000000577221.jpg,0.8024185,0.82653064
00031624.jpg,0.78088135,0.8567624
00024854.jpg,0.7301693,0.7925096
00031123.jpg,0.79812396,0.878726
00011963.jpg,0.78682065,0.780786
00040007.jpg,0.72582823,0.701224
n02324045_1010.jpg,0.7687328,0.8598131
00021529.jpg,0.6764178,0.6991048
n07753592_1773.jpg,0.7830517,0.95652175
00042242.jpg,0.70527637,0.7733938
00052269.jpg,0.6758034,0.7655302
00028985.jpg,0.90534985,0.7700708
n04610013_1854.jpg,0.58483756,0.7473684
00000904.jpg,0.7392757,0.8894336
00029013.jpg,0.7900276,0.7989144
00050448.jpg,0.8148906,0.793965
00034048.jpg,0.6664156,0.6927458
00018930.jpg,0.8363563,0.8417384
00004604.jpg,0.6906404,0.578054
00008614.jpg,0.88576716,0.833901
00036148.jpg,0.64391303,0.4556148
00029598.jpg,0.89215016,0.8707908
00004066.jpg,0.7284521,0.8375908
00055184.jpg,0.75409615,0.9051294
00057482.jpg,0.63025546,0.61635
00013503.jpg,0.64921916,0.714534
00033046.jpg,0.7811477,0.7354902
00027998.jpg,0.71502477,0.7034692
00020608.jpg,0.7765941,0.7613456
00041790.jpg,0.61586946,0.7364498
00046980.jpg,0.8185792,0.7447992
00005485.jpg,0.8781326,0.866236
00044776.jpg,0.7504871,0.6146482
n03791053_6163.jpg,0.7404914,0.76404494
n07711569_1927.jpg,0.80245805,0.9120879
00042201.jpg,0.7355122,0.766159
00024404.jpg,0.81323755,0.838515
00014146.jpg,0.6800741,0.6988004
208fcde7b90bcbf8.jpg,0.89113927,0.9326923
00025550.jpg,0.78150403,0.7516028
00002992.jpg,0.71103156,0.5104848
n02932891_32573.jpg,0.6574633,0.6111111
00054138.jpg,0.80158114,0.777849
00046735.jpg,0.8224206,0.7000132
00023327.jpg,0.57433313,0.7407682
00006289.jpg,0.8637377,0.8545748
00058095.jpg,0.5919885,0.6831968
00042564.jpg,0.69992197,0.7764956
00035438.jpg,0.7529183,0.8808636
00020781.jpg,0.8897581,0.7366058
00039322.jpg,0.73007715,0.7492218
00058366.jpg,0.8109852,0.8639346
00054462.jpg,0.6371066,0.802761
00043618.jpg,0.75331855,0.72525
00032969.jpg,0.6655319,0.7782802
000000147301.jpg,0.67902434,0.62222224
00013698.jpg,0.7110503,0.6660954
00054304.jpg,0.70395315,0.752253
00054020.jpg,0.7402799,0.7823042
00038428.jpg,0.45852128,0.617968
00022732.jpg,0.61174333,0.6262272
00008288.jpg,0.71763986,0.6200594
00014881.jpg,0.76665306,0.9037064
00004132.jpg,0.7859901,0.8165768
00045413.jpg,0.70380044,0.550699
bdeddf90d587c363.jpg,0.62909,0.72727275
00010149.jpg,0.6544601,0.7155514
00049177.jpg,0.841228,0.7945984
00024421.jpg,0.63857853,0.586215
00052543.jpg,0.8439862,0.7864746
n00480993_17313.jpg,0.775154,0.6666667
00010042.jpg,0.756938,0.7785374
00030762.jpg,0.71877384,0.8292168
n03512147_3122.jpg,0.6625217,0.7888889
000000425131.jpg,0.7065838,0.9111111
00034340.jpg,0.70804834,0.6124164
00000416.jpg,0.6659336,0.7026904
00030571.jpg,0.71891284,0.5966804
00022117.jpg,0.72785795,0.7899852
00040914.jpg,0.7661642,0.6999776
00020644.jpg,0.7677334,0.8190024
00049172.jpg,0.8277998,0.9512562
00028118.jpg,0.7253899,0.7623256
00004794.jpg,0.6652076,0.6346658
00027374.jpg,0.70113593,0.7787752
00020270.jpg,0.76773924,0.9419874
n09468604_89593.jpg,0.5749486,0.8468468
00044107.jpg,0.64843196,0.5946838
00040027.jpg,0.72101736,0.8070606
00016065.jpg,0.8313435,0.745587
00030003.jpg,0.86509156,0.8255874
00034835.jpg,0.5615549,0.6692012
00004527.jpg,0.5849586,0.7217146
00057206.jpg,0.5967338,0.6937596
00050331.jpg,0.63102716,0.5868912
00046429.jpg,0.79618,0.5585664
00049254.jpg,0.6697813,0.6767648
00013600.jpg,0.8578849,0.8881538
00028095.jpg,0.7465139,0.5715124
00055951.jpg,0.8295598,0.8929722
00040519.jpg,0.6600336,0.6601516
00033774.jpg,0.75098354,0.7746622
00024503.jpg,0.75944495,0.800485
00022529.jpg,0.5672548,0.7786434
00012832.jpg,0.6124604,0.6963416
000000357386.jpg,0.77686596,0.76344085
4012db4437e6a0e8.jpg,0.7920242,0.6875
00005646.jpg,0.7026166,0.7110384
00047032.jpg,0.7484875,0.7946034
00034939.jpg,0.5500483,0.669707
00029208.jpg,0.8302858,0.7493444
00033983.jpg,0.6341039,0.7355966
00003034.jpg,0.81303954,0.8315468
n09415671_8779.jpg,0.5035009,0.33653846
00020453.jpg,0.789861,0.8767116
00013886.jpg,0.74085426,0.6128978
00047942.jpg,0.72658104,0.5767982
00032543.jpg,0.85113853,0.7965992
00021690.jpg,0.7006657,0.8677158
00025296.jpg,0.6263164,0.8378288
9980f148e56325da.jpg,0.7647717,0.7387387
00049382.jpg,0.7054205,0.7649872
00023328.jpg,0.7364312,0.7776828
00019580.jpg,0.8081771,0.8485148
00042678.jpg,0.6891415,0.713836
00055939.jpg,0.7919474,0.8001588
00058616.jpg,0.7679049,0.6265508
00017792.jpg,0.7870429,0.8537916
000000319211.jpg,0.63742274,0.736
00028179.jpg,0.6625088,0.8238302
n07690273_20374.jpg,0.85563135,0.79569894
00058334.jpg,0.73671186,0.7716462
00040703.jpg,0.64075637,0.5714028
00011005.jpg,0.76391983,0.6053842
00023897.jpg,0.8524737,0.7248466
00014151.jpg,0.70730513,0.9842994
00034204.jpg,0.6844485,0.6095844
00043959.jpg,0.6459447,0.6059944
00021916.jpg,0.9073077,0.8957088
00012492.jpg,0.75030506,0.758277
000000205854.jpg,0.80755293,0.84615386
00014999.jpg,0.78650975,0.7814606
00023010.jpg,0.8201148,0.9237076
00048471.jpg,0.78572875,0.8504102
00026502.jpg,0.8529015,0.7705762
00018627.jpg,0.7431377,0.8110078
00046381.jpg,0.71558535,0.7753202
sun_biqmabkmyhrrasmc.jpg,0.59292644,0.4107143
00015522.jpg,0.5946426,0.6131966
00000470.jpg,0.8210391,0.742303
000000546020.jpg,0.75635636,0.6597938
00045110.jpg,0.7792534,0.785427
000000311290.jpg,0.7435156,0.9126214
00044617.jpg,0.7398505,0.838972
00039937.jpg,0.7605995,0.6813284
00054225.jpg,0.6969764,0.812507
00010016.jpg,0.6769614,0.8847076
n09468604_56818.jpg,0.6560892,0.5555556
00037584.jpg,0.4740398,0.4777756
00018070.jpg,0.745135,0.8429372
00054230.jpg,0.77236915,0.81222
00031079.jpg,0.6352999,0.6789316
00052964.jpg,0.80013,0.9574804
00037228.jpg,0.7493419,0.5917156
00042842.jpg,0.8422135,0.7813616
00051619.jpg,0.6183651,0.7853174
00028906.jpg,0.6513666,0.552875
00041899.jpg,0.74339986,0.5489
00040602.jpg,0.7451814,0.7777284
00024166.jpg,0.83981466,0.7987264
cdf060cec6f45e89.jpg,0.70356,0.71028036
n09468604_23170.jpg,0.62572724,0.75
00018184.jpg,0.7217773,0.8118372
00040127.jpg,0.7867429,0.8117812
sun_bujzmvmaktrcwuqg.jpg,0.5719888,0.39
00057497.jpg,0.7651155,0.7785716
00038583.jpg,0.6972142,0.6727604
00013535.jpg,0.5998494,0.6412922
00002225.jpg,0.6375747,0.5839806
00051936.jpg,0.7841628,0.8483874
00042956.jpg,0.780043,0.6421986
00002819.jpg,0.6803152,0.5846106
00005734.jpg,0.7659273,0.8212358
00048770.jpg,0.68400383,0.7912946
00012812.jpg,0.5730612,0.777642
00034344.jpg,0.6096002,0.5062194
00041820.jpg,0.6966476,0.8850436
00018194.jpg,0.7528902,0.8650564
00042336.jpg,0.7416807,0.7691518
00026341.jpg,0.7535124,0.711498
00029000.jpg,0.8298279,0.8371972
00005904.jpg,0.70382845,0.5898604
00052577.jpg,0.8426836,0.9463148
000000150691.jpg,0.8043473,0.9464286
n02324045_25672.jpg,0.7653542,0.8362069
00012672.jpg,0.6279472,0.562171
00034997.jpg,0.68623513,0.4154834
88d6c8356cfa5cbe.jpg,0.70209575,0.90909094
00036782.jpg,0.65237844,0.6451102
00044116.jpg,0.7541734,0.7276428
00003607.jpg,0.6690226,0.6603092
00030010.jpg,0.78175443,0.8467142
00047022.jpg,0.7926444,0.8050994
00023615.jpg,0.74909997,0.7312418
00051447.jpg,0.9242245,0.913507
n01514668_20315.jpg,0.7781937,0.77011496
00013160.jpg,0.7790725,0.7330378
00005923.jpg,0.8438407,0.6775696
00039702.jpg,0.7881714,0.7959962
00046091.jpg,0.8409465,0.8911642
00027491.jpg,0.7518188,0.736331
00047337.jpg,0.7687916,0.8010182
00031262.jpg,0.81994236,0.9082188
00010458.jpg,0.78143054,0.9942858
00052737.jpg,0.7358629,0.655126
087b1062dc719626.jpg,0.73435557,0.8114754
00015838.jpg,0.62364364,0.6524048
000000426428.jpg,0.7970675,0.64646465
00039397.jpg,0.81276464,0.8012704
00051607.jpg,0.6300324,0.817771
00004417.jpg,0.8703648,0.8108126
00017054.jpg,0.75537574,0.6271242
00020888.jpg,0.67268515,0.716751
00041220.jpg,0.8160418,0.8237738
00037163.jpg,0.66102445,0.6893558
00002671.jpg,0.61264217,0.550573
00032612.jpg,0.767975,0.6969996
00025744.jpg,0.6861884,0.72181
00035998.jpg,0.7049608,0.598392
00004854.jpg,0.7719095,0.8806876
00055225.jpg,0.7180412,0.8100238
00018816.jpg,0.69607764,0.7949564
00053069.jpg,0.79263175,0.8039876
00026178.jpg,0.66995704,0.7873798
00025876.jpg,0.80271953,0.9172192
00020341.jpg,0.68736506,0.8086874
00045371.jpg,0.73475254,0.784729
00052501.jpg,0.89357924,0.8394484
00030515.jpg,0.7690906,0.7688976
00056957.jpg,0.6824945,0.8722418
00050564.jpg,0.6784397,0.5110618
00044035.jpg,0.6749982,0.6509804
00028268.jpg,0.7294131,0.709798
00050495.jpg,0.90374947,0.8845228
00033410.jpg,0.6210458,0.5554456
00020627.jpg,0.7936063,0.790865
00055028.jpg,0.7108717,0.5869266
00049242.jpg,0.69771886,0.7673646
00053883.jpg,0.8057984,0.899791
00011847.jpg,0.6972507,0.9098344
00018553.jpg,0.85533184,0.8579356
00057424.jpg,0.82044756,0.6820926
00050556.jpg,0.761919,0.8003138
00045936.jpg,0.73340094,0.6079772
00026989.jpg,0.6523902,0.6987848
00040505.jpg,0.6318256,0.7499706
00056112.jpg,0.8110432,0.8087036
00055618.jpg,0.7291792,0.942585
00042919.jpg,0.6971545,0.6955254
00018639.jpg,0.53420484,0.7121896
00037830.jpg,0.72420657,0.6870584
00039220.jpg,0.7085959,0.766841
00028878.jpg,0.6760398,0.622546
00021867.jpg,0.7971308,0.945704
00003599.jpg,0.75967246,0.7145784
00007293.jpg,0.63230467,0.7807284
00016609.jpg,0.60568905,0.6780988
00032192.jpg,0.7037598,0.8450008
00008276.jpg,0.9136151,0.838421
00004743.jpg,0.64513373,0.5873596
00026952.jpg,0.8382293,0.9027324
7236064c35684dba.jpg,0.66138136,0.8255814
00054548.jpg,0.6289253,0.6705084
00004255.jpg,0.72389835,0.6619544
00006325.jpg,0.829811,0.823871
00025730.jpg,0.5759263,0.7131072
sun_acipoggjpwiqmypg.jpg,0.6132184,0.74285716
00054803.jpg,0.83138263,0.956021
00003867.jpg,0.83493936,0.8370322
n00464894_13639.jpg,0.6679071,0.7777778
00056067.jpg,0.81058145,0.876726
00028028.jpg,0.630929,0.8562416
00012480.jpg,0.65368396,0.7641178
00023772.jpg,0.8316692,0.852646
00031215.jpg,0.6851995,0.8456564
n07863374_17828.jpg,0.86823195,0.8317757
00021073.jpg,0.70488536,0.6894662
00028548.jpg,0.82316047,0.8885464
00041762.jpg,0.8713702,0.9167596
00030157.jpg,0.8907392,0.8137252
00056342.jpg,0.7645562,0.7031646
00045917.jpg,0.7884442,0.6057638
00002654.jpg,0.87684095,0.7849226
n09472597_30060.jpg,0.57985044,0.5283019
00043295.jpg,0.80731094,0.8005422
00006797.jpg,0.5961434,0.4195292
00011624.jpg,0.6820164,0.718749
n07717556_1221.jpg,0.8600633,0.8045977
00035990.jpg,0.5746079,0.5735144
00043051.jpg,0.65593165,0.6361464
54d149d732cd530b.jpg,0.70421445,0.77272725
00013297.jpg,0.70394313,0.637465
000000045558.jpg,0.7813952,0.9347826
00025345.jpg,0.68223953,0.792991
n03384352_10775.jpg,0.7227414,0.85555553
00031042.jpg,0.6295464,0.7697282
00035007.jpg,0.59515345,0.6172486
00017762.jpg,0.9215939,0.7189766
00031487.jpg,0.7266536,0.836095
00014850.jpg,0.7168446,0.6886948
dab8b622490cfc61.jpg,0.78218573,0.66019416
000000271190.jpg,0.65073717,0.7619048
7b96be62afaaac4d.jpg,0.5812456,0.79545456
00027883.jpg,0.757844,0.438907
n09359803_19326.jpg,0.58189446,0.5154639
00017469.jpg,0.7315529,0.8036344
000000489186.jpg,0.69856364,0.59183675
00039267.jpg,0.66889393,0.6664752
00043771.jpg,0.69402933,0.8332984
00013536.jpg,0.6992251,0.557108
n02450034_5956.jpg,0.750073,0.47115386
00047238.jpg,0.7433172,0.6739666
00047852.jpg,0.71236074,0.708918
00030623.jpg,0.88566726,0.7853412
00056569.jpg,0.7992046,0.8228878
00000452.jpg,0.7166264,0.6912312
00005438.jpg,0.7532498,0.5158168
00005913.jpg,0.7885241,0.9405028
00051074.jpg,0.84186697,0.9557794
00046487.jpg,0.6361941,0.7819006
n04349306_4622.jpg,0.7075516,0.69072163
00009760.jpg,0.7680824,0.8482874
7015248aec86e3ca.jpg,0.5785787,0.7029703
00052973.jpg,0.59525406,0.8779082
00047813.jpg,0.84191084,0.7916494
00055135.jpg,0.7791023,0.7070816
00002909.jpg,0.70009756,0.7979602
31ce868de373d467.jpg,0.76887476,0.75961536
00013309.jpg,0.782902,0.8158034
00050231.jpg,0.848134,0.9457946
00033649.jpg,0.77417004,0.7542866
00024971.jpg,0.8313272,0.7542006
sun_arhsuyqmegcknown.jpg,0.6560365,0.62886596
00042200.jpg,0.65106493,0.633625
00025333.jpg,0.6924062,0.7410682
00043597.jpg,0.80998933,0.662778
00023031.jpg,0.859292,0.7515314
00023317.jpg,0.7820714,0.9147476
00005851.jpg,0.8325366,0.8537902
00003627.jpg,0.79395163,0.8582774
00023977.jpg,0.7538296,0.763525
00017885.jpg,0.79273576,0.847916
00001872.jpg,0.7644387,0.897403
00037370.jpg,0.79912996,0.7996632
00015279.jpg,0.7107188,0.5633078
n09468604_15728.jpg,0.51339024,0.65555555
00025828.jpg,0.70898485,0.6856194
00018111.jpg,0.80522037,0.7566834
00008377.jpg,0.75323176,0.8645394
00052208.jpg,0.80944157,0.6839986
00006089.jpg,0.8371825,0.7598872
00013005.jpg,0.7906469,0.7320984
n02932891_8633.jpg,0.5893692,0.6195652
00012513.jpg,0.5451657,0.6035784
00018002.jpg,0.7175033,0.671193
00052368.jpg,0.76244056,0.82957
00011015.jpg,0.7747394,0.8511484
8ca9624b99f261f2.jpg,0.78909063,0.8
n07680932_39981.jpg,0.86855894,0.9010989
00024229.jpg,0.7640949,0.8776408
00052814.jpg,0.82708824,0.9024302
00024561.jpg,0.5713883,0.6287438
00036308.jpg,0.7281668,0.6290702
n00439826_7591.jpg,0.7986184,0.8636364
00053952.jpg,0.7987617,0.9307088
00022870.jpg,0.7177991,0.8002414
00034875.jpg,0.58918357,0.5224402
00031700.jpg,0.843613,0.821865
00012621.jpg,0.7611505,0.7049118
00028995.jpg,0.7457652,0.853388
00023933.jpg,0.7689257,0.7254704
00022742.jpg,0.7855501,0.8460488
00027558.jpg,0.88031507,0.9410036
00038316.jpg,0.51708484,0.6503068
00051623.jpg,0.8186269,0.7978932
00009286.jpg,0.7214103,0.6319048
00032757.jpg,0.8472024,0.8314218
00043375.jpg,0.81376004,0.7668262
n07838073_15091.jpg,0.8480708,0.90816325
00036916.jpg,0.5830028,0.6965978
00029826.jpg,0.7876208,0.856692
00036803.jpg,0.5883608,0.5288456
n04465501_983.jpg,0.64604956,0.6952381
00056495.jpg,0.66570413,0.6962776
00010585.jpg,0.784629,0.883135
00043663.jpg,0.6041865,0.5182438
n02324045_4916.jpg,0.7405033,0.8173077
00047080.jpg,0.8152216,0.7673804
00046236.jpg,0.7922566,0.8183454
00051595.jpg,0.835703,0.947619
00011361.jpg,0.7887771,0.6464482
00050296.jpg,0.7181243,0.9016374
00009027.jpg,0.6705406,0.6640706
00014590.jpg,0.68800503,0.6519428
00013365.jpg,0.74232996,0.8365868
00045812.jpg,0.7897788,0.7524642
00009878.jpg,0.6955142,0.8863456
00050297.jpg,0.5880045,0.7160762
00022228.jpg,0.70172083,0.7797664
n07880968_5513.jpg,0.84214795,0.8181818
00055227.jpg,0.8296484,0.966424
00035074.jpg,0.679052,0.5600342
00028793.jpg,0.82285696,0.9022006
00007957.jpg,0.76850504,0.7052876
00008871.jpg,0.6771209,0.6197454
00047134.jpg,0.65950334,0.4221836
00006845.jpg,0.77147806,0.848973
00019437.jpg,0.77573645,0.688689
00058428.jpg,0.8201663,0.8810886
00016974.jpg,0.67079747,0.7482058
00034392.jpg,0.6813053,0.5653856
000000126131.jpg,0.7714,0.7809524
00056704.jpg,0.68702406,0.7030888
00052634.jpg,0.87721086,0.9079626
00058568.jpg,0.784636,0.9580462
00022400.jpg,0.7560401,0.851361
00054638.jpg,0.7886658,0.8316964
00026324.jpg,0.80948186,0.8735644
00034379.jpg,0.79526347,0.7038014
00042144.jpg,0.7618164,0.6253044
00031195.jpg,0.6416447,0.6571714
00043895.jpg,0.74757075,0.6960838
00036305.jpg,0.8108885,0.7247152
00026200.jpg,0.82980275,0.5549754
00042846.jpg,0.76138467,0.598155
00050751.jpg,0.75277555,0.8474866
00029628.jpg,0.6648251,0.5853052
n02129165_748.jpg,0.8216886,0.7380952
00006151.jpg,0.92670995,0.833092
00021743.jpg,0.68453705,0.7968426
00003292.jpg,0.83209956,0.7254932
00000970.jpg,0.73447263,0.5129534
00018906.jpg,0.72661513,0.6483586
00020571.jpg,0.65180993,0.4820678
00000086.jpg,0.74414206,0.5508188
00024975.jpg,0.7401062,0.6897192
n09288635_695.jpg,0.653628,0.5591398
00056413.jpg,0.76835155,0.6228536
00018012.jpg,0.5916214,0.504081
00058032.jpg,0.80274796,0.941068
7c718f850fba4d2f.jpg,0.7873845,0.70666665
sun_aayounnakjpewywf.jpg,0.64181405,0.5677966
00043622.jpg,0.83407354,0.6921082
00020050.jpg,0.6445072,0.7218436
00022237.jpg,0.7482045,0.9009128
000000414853.jpg,0.7533923,0.76623374
00023888.jpg,0.7610588,0.7747312
00010649.jpg,0.58883625,0.6059912
00045863.jpg,0.8909134,0.90081
n12345899_2031.jpg,0.5906236,0.82474226
00048843.jpg,0.59392893,0.511127
00047252.jpg,0.71179247,0.7304854
00030892.jpg,0.8107302,0.8676384
00016782.jpg,0.86374074,0.810742
00049453.jpg,0.71091616,0.6635742
00009016.jpg,0.72399473,0.7523546
n09303008_31240.jpg,0.5296395,0.4864865
00051211.jpg,0.7474436,0.8956108
000000106331.jpg,0.74489367,0.56989247
00010601.jpg,0.7655889,0.7570868
n07594066_9764.jpg,0.90376693,0.9186047
00032228.jpg,0.83562505,0.7750756
00018758.jpg,0.7084107,0.529692
00000856.jpg,0.6704005,0.6750212
0951e7d928bb210f.jpg,0.84980834,0.7920792
00046256.jpg,0.8111599,0.8632464
00055506.jpg,0.569995,0.7976304
00020772.jpg,0.83218163,0.7488338
00019228.jpg,0.82473797,0.8205232
00043595.jpg,0.7318053,0.9256938
00031187.jpg,0.67870283,0.6532882
n02355227_15347.jpg,0.7727661,0.8192771
00042990.jpg,0.6403644,0.6461648
00018344.jpg,0.7647805,0.9198016
00038125.jpg,0.7119959,0.7173432
00025147.jpg,0.80740565,0.7094772
00013468.jpg,0.71549475,0.6065496
00019279.jpg,0.54004055,0.7027176
00016064.jpg,0.78271985,0.8300542
00053257.jpg,0.6736541,0.8006128
00012353.jpg,0.67158484,0.7793472
00033472.jpg,0.7965959,0.7311796
00015905.jpg,0.86603445,0.8522556
00042753.jpg,0.7558948,0.7315586
00014013.jpg,0.70828307,0.6331782
00038242.jpg,0.5940212,0.548143
00024292.jpg,0.85001314,0.8044224
00032878.jpg,0.71069217,0.6531592
00027181.jpg,0.85685575,0.6441688
00042482.jpg,0.8355875,0.8003162
00027869.jpg,0.78754276,0.8844372
00049193.jpg,0.6450596,0.754533
00004365.jpg,0.7749484,0.792196
00016470.jpg,0.729501,0.8005084
00014937.jpg,0.8973982,0.9332828
00022550.jpg,0.81561553,0.8485934
00053786.jpg,0.7952306,0.8296556
00045176.jpg,0.6153165,0.6153518
00007695.jpg,0.5987479,0.6324176
00022821.jpg,0.71691906,0.9110822
00010620.jpg,0.7798753,0.7270984
00016611.jpg,0.7221384,0.5892486
n01811909_12450.jpg,0.75820744,0.6989247
00000432.jpg,0.74566686,0.6907246
00054657.jpg,0.8267359,0.8165582
00047949.jpg,0.95994705,0.9220452
00057692.jpg,0.8323883,0.8019598
00039720.jpg,0.6768049,0.737736
n02932891_34888.jpg,0.7018322,0.62886596
00003290.jpg,0.8110549,0.8276574
00055904.jpg,0.7718302,0.4715566
00015861.jpg,0.76249874,0.7296992
00029861.jpg,0.60992813,0.7757576
00029752.jpg,0.66472733,0.711
4da5228bc6dd9e69.jpg,0.76921177,0.6458333
00029354.jpg,0.7432852,0.808396
00010062.jpg,0.8047641,0.8662444
n07933274_32193.jpg,0.75140077,0.8556701
00033882.jpg,0.62212265,0.7599972
00047364.jpg,0.8171433,0.7582208
00021274.jpg,0.76835996,0.8713374
00017063.jpg,0.73821986,0.7644052
00057101.jpg,0.71955997,0.7874014
00010365.jpg,0.8818609,0.8724822
00012496.jpg,0.85126317,0.7676942
00056705.jpg,0.7655226,0.9392412
00021653.jpg,0.8427161,0.901698
00013999.jpg,0.7691443,0.9232288
00048133.jpg,0.7357203,0.7948286
00008881.jpg,0.7476203,0.6575444
00015495.jpg,0.86222786,0.894015
00020006.jpg,0.79390407,0.90589
00020489.jpg,0.5878111,0.4892808
1c64d0a5c94e520b.jpg,0.8784295,0.86868685
00003600.jpg,0.6860715,0.8604658
00010023.jpg,0.8371874,0.9677642
00018800.jpg,0.5425604,0.7065156
00040105.jpg,0.77826977,0.6785478
11780aff4017e22b.jpg,0.5548608,0.47959185
00029432.jpg,0.8553832,0.703764
00018726.jpg,0.761613,0.8907586
n00464894_9505.jpg,0.7323791,0.73333335
00053770.jpg,0.81165606,0.7940728
00029383.jpg,0.8144383,0.739717
000000423529.jpg,0.74674976,0.8888889
00057463.jpg,0.8260635,0.8470348
00000120.jpg,0.7261869,0.7753648
00031925.jpg,0.8139278,0.8274712
00034219.jpg,0.6662579,0.7513356
00016315.jpg,0.77472174,0.821041
00056194.jpg,0.8791387,0.79349
n07893642_25055.jpg,0.71455336,0.814433
00044156.jpg,0.75657415,0.6714334
00041407.jpg,0.74565804,0.6174662
00051451.jpg,0.6354642,0.6898096
00026225.jpg,0.6314776,0.6703074
00012611.jpg,0.595278,0.6400066
n04465501_1825.jpg,0.5870361,0.815534
00057126.jpg,0.7841619,0.820896
00051943.jpg,0.6667738,0.8552238
00016523.jpg,0.85846055,0.8213614
00031827.jpg,0.8380792,0.8902688
00005882.jpg,0.855181,0.812797
00005116.jpg,0.8459952,0.9003966
ccfd38dcbe6838fd.jpg,0.8333245,0.76744187
00038472.jpg,0.70999676,0.7544874
00042110.jpg,0.78044647,0.65266
00028957.jpg,0.75216335,0.732215
00050284.jpg,0.7036833,0.8836682
00035458.jpg,0.6818593,0.620148
00030998.jpg,0.83752257,0.842761
00031173.jpg,0.71708965,0.8158544
n07880968_4442.jpg,0.80037,0.8245614
00043713.jpg,0.71456146,0.6563922
00058465.jpg,0.8200165,0.6915124
n09289331_5740.jpg,0.5733573,0.44660193
f869549ef1bbc8a5.jpg,0.5772144,0.7837838
00030371.jpg,0.7551753,0.9013566
00007349.jpg,0.5643038,0.636914
00024676.jpg,0.70303357,0.9281164
00053597.jpg,0.83643603,0.9257174
00032132.jpg,0.6937077,0.6225332
00008493.jpg,0.580438,0.6104162
00029002.jpg,0.8889152,0.7542436
00010772.jpg,0.8226074,0.8468342
00054551.jpg,0.6472739,0.6412358
n07753592_6754.jpg,0.74569285,0.8192771
00007332.jpg,0.8387449,0.759944
00042035.jpg,0.8593761,0.9056112
00021589.jpg,0.6182443,0.7411484
00036219.jpg,0.66408587,0.7289348
00046306.jpg,0.7094836,0.7433636
00035269.jpg,0.67407656,0.390776
00013818.jpg,0.6685838,0.845803
00049813.jpg,0.83163035,0.9126652
00054666.jpg,0.8328476,0.8252808
00027689.jpg,0.7022311,0.6291828
00014420.jpg,0.7849785,0.7392948
00002725.jpg,0.7464029,0.80317
00024966.jpg,0.83955675,0.8948824
00056076.jpg,0.8487605,0.874177
00049943.jpg,0.76192594,0.7757334
00025925.jpg,0.5893547,0.6147048
550b3a9e874134de.jpg,0.80958694,0.7326733
00048835.jpg,0.73289037,0.725125
00055599.jpg,0.7460108,0.7416958
00025265.jpg,0.81612504,0.7013918
00036934.jpg,0.5954157,0.7968928
00005148.jpg,0.816928,0.7521152
00042102.jpg,0.7044381,0.7994222
00013134.jpg,0.59232974,0.7165748
000000468933.jpg,0.76529926,0.75
00009149.jpg,0.76225436,0.8219606
n09421951_32540.jpg,0.56938267,0.71929824
00055377.jpg,0.82230026,0.8425608
00018260.jpg,0.76664245,0.742759
00020390.jpg,0.8394674,0.9103854
00006140.jpg,0.79734325,0.7391898
00008484.jpg,0.78042233,0.7463438
00045087.jpg,0.77500236,0.813052
00029006.jpg,0.69535565,0.841574
00036243.jpg,0.6434882,0.5895284
00012311.jpg,0.7807353,0.7495348
n09468604_27551.jpg,0.64187896,0.6122449
00039477.jpg,0.790149,0.637913
00010043.jpg,0.58384395,0.6329282
00005332.jpg,0.7987776,0.8642488
00037926.jpg,0.75784385,0.7635592
00030105.jpg,0.7281785,0.6761236
00028494.jpg,0.84983814,0.807958
00019072.jpg,0.74740046,0.6929466
n02946348_18783.jpg,0.8040181,0.7747748
n03384352_3206.jpg,0.71486145,0.875
00018903.jpg,0.775718,0.884204
52d6421dbe9e7100.jpg,0.7209054,0.8333333
00058193.jpg,0.8723923,0.7721036
00048292.jpg,0.7092236,0.8826744
00023243.jpg,0.8025924,0.7741966
n01811909_3004.jpg,0.7672154,0.7830189
00024192.jpg,0.7609269,0.7785476
n07716358_11450.jpg,0.85806787,0.9247312
00011612.jpg,0.71826637,0.8168068
00042265.jpg,0.7475725,0.7905764
00035594.jpg,0.68073785,0.5937818
00005534.jpg,0.8912765,0.884634
n07923748_15637.jpg,0.75685835,0.7757009
00053252.jpg,0.7432587,0.7922552
00030085.jpg,0.7327758,0.7737744
00055107.jpg,0.84889793,0.7896496
00027429.jpg,0.85836047,0.6410278
00045565.jpg,0.8179543,0.8222328
n09288635_2858.jpg,0.6110658,0.59
00049916.jpg,0.7416988,0.8698954
00034885.jpg,0.77275014,0.809464
00007085.jpg,0.87212354,0.8841186
00004070.jpg,0.79403126,0.8019752
00019550.jpg,0.72585094,0.788937
00025966.jpg,0.8303306,0.851119
00026183.jpg,0.7777268,0.9452126
000000427438.jpg,0.68395364,0.872093
00047350.jpg,0.7706251,0.7672582
00025181.jpg,0.8396486,0.8875766
00020875.jpg,0.7645712,0.7888668
00045520.jpg,0.7871617,0.5766122
00041271.jpg,0.5811303,0.8033448
00021920.jpg,0.6752924,0.8560348
00013529.jpg,0.7475505,0.6871012
00031149.jpg,0.82912195,0.8896402
00012877.jpg,0.665511,0.8954966
n04349306_10198.jpg,0.79291964,0.6732673
00051362.jpg,0.53034264,0.4643308
00047904.jpg,0.7550718,0.7265248
00056414.jpg,0.8121599,0.6202202
00006805.jpg,0.7967335,0.8297842
00026111.jpg,0.72943664,0.9235564
00056449.jpg,0.77477497,0.797528
00001271.jpg,0.84227383,0.7316658
00016037.jpg,0.6769453,0.5451286
00058440.jpg,0.563114,0.480728
00024458.jpg,0.7244267,0.7331726
00041745.jpg,0.7437078,0.8589394
00037376.jpg,0.8335192,0.7825334
00025503.jpg,0.7151487,0.916854
00052160.jpg,0.809685,0.798346
00026469.jpg,0.7168391,0.6627488
n09468604_25432.jpg,0.57747614,0.54444444
00041172.jpg,0.6909138,0.794157
00023999.jpg,0.7042889,0.7334778
00030385.jpg,0.5992546,0.640142
00038448.jpg,0.70159316,0.8829148
00016435.jpg,0.6678997,0.6573978
n01846331_3202.jpg,0.7035434,0.71028036
00038720.jpg,0.65736246,0.5760586
00002561.jpg,0.73806226,0.8617172
00038560.jpg,0.65481836,0.8190798
00046427.jpg,0.70088446,0.804048
00054374.jpg,0.5863081,0.6407534
00049859.jpg,0.67767894,0.7489222
00011222.jpg,0.78719985,0.724688
00049994.jpg,0.8466946,0.9103194
1220fa5cbeeaea92.jpg,0.5444862,0.53271025
00029076.jpg,0.7709768,0.8360694
00018695.jpg,0.7061462,0.7318714
00029343.jpg,0.71327263,0.8207372
00001679.jpg,0.7657805,0.8020226
00032571.jpg,0.81623244,0.9173186
00021415.jpg,0.8233181,0.9206984
00010569.jpg,0.8776723,0.8668976
00011075.jpg,0.74148655,0.6674954
00009085.jpg,0.57825404,0.6711802
00041420.jpg,0.71825737,0.7980264
00026598.jpg,0.7547884,0.868929
00028137.jpg,0.6549409,0.6479028
00030627.jpg,0.7084005,0.7404954
n01811909_7116.jpg,0.7709204,0.8148148
00000309.jpg,0.6330104,0.4056044
00039948.jpg,0.7846575,0.8377116
00018426.jpg,0.8871759,0.9918984
00030867.jpg,0.79846257,0.8422964
00006097.jpg,0.72863466,0.5843876
00023559.jpg,0.80950856,0.8841568
00000919.jpg,0.8041055,0.834014
00042792.jpg,0.7820062,0.6574942
00057320.jpg,0.74429375,0.8722678
00008108.jpg,0.783323,0.8873798
00041854.jpg,0.5729398,0.344322
00028883.jpg,0.70006895,0.8465174
00007060.jpg,0.6722552,0.7147206
00022382.jpg,0.76500297,0.6118882
000000207549.jpg,0.7174838,0.8969072
00015735.jpg,0.72165173,0.5556972
00032771.jpg,0.785602,0.9208644
00035249.jpg,0.7587506,0.7541316
000000220292.jpg,0.7720769,0.8425926
00009232.jpg,0.6517612,0.7770338
00036833.jpg,0.70193714,0.7398196
00041292.jpg,0.6876384,0.64612
23439e2bab87d9e2.jpg,0.72968644,0.5714286
00023142.jpg,0.87341803,0.8573034
00027659.jpg,0.78365636,0.8124442
00048921.jpg,0.8687645,0.6235278
00030597.jpg,0.8603195,0.8060564
00015898.jpg,0.7818306,0.8183156
00048926.jpg,0.70632577,0.709169
00016769.jpg,0.7144339,0.8567206
00057967.jpg,0.84496295,0.9414848
00032806.jpg,0.93905663,0.9111108
00041978.jpg,0.7214451,0.6947344
n09270735_19361.jpg,0.5758952,0.6732673
00049388.jpg,0.8886207,0.830061
n03670208_285.jpg,0.76592433,0.87096775
00020142.jpg,0.69004685,0.7811836
00029869.jpg,0.79221463,0.791464
00023345.jpg,0.690846,0.6865568
00041063.jpg,0.59965324,0.702092
00008494.jpg,0.73530054,0.7940854
00042613.jpg,0.69402766,0.7032804
00039651.jpg,0.8349663,0.8313434
n01846331_9747.jpg,0.72067654,0.8545455
00023358.jpg,0.8695686,0.8019962
00005324.jpg,0.7857612,0.8201622
00003190.jpg,0.7849928,0.8215874
00020726.jpg,0.8943918,0.83926
00010359.jpg,0.8541342,0.7237014
00056527.jpg,0.80197,0.8938962
00041464.jpg,0.75383663,0.881226
00048946.jpg,0.68625873,0.7927746
00028239.jpg,0.8016504,0.9330176
00009948.jpg,0.6643942,0.7706728
00057722.jpg,0.8189682,0.7899788
n02332755_4260.jpg,0.77351856,0.8979592
00043931.jpg,0.5490545,0.6482698
00016495.jpg,0.5331592,0.543993
00036743.jpg,0.6687809,0.7876326
00003265.jpg,0.8256037,0.7438962
00004657.jpg,0.70627904,0.7321872
00030004.jpg,0.8885782,0.8156036
00029154.jpg,0.6389104,0.7091896
00007540.jpg,0.70128757,0.7436626
00026665.jpg,0.84036505,0.7575852
00038835.jpg,0.730053,0.7889426
00033008.jpg,0.8536309,0.8357558
00015872.jpg,0.7697724,0.9251026
n00445351_6131.jpg,0.68231106,0.8604651
00007954.jpg,0.8200965,0.8743834
00031137.jpg,0.8495916,0.9134092
00018777.jpg,0.6148428,0.6746344
00010175.jpg,0.7645244,0.7577432
00041398.jpg,0.7354416,0.6471706
sun_bbgflftewjdxxhmu.jpg,0.7161825,0.8202247
00045232.jpg,0.7902988,0.7188732
00025339.jpg,0.77511233,0.7285812
00041942.jpg,0.70278674,0.6112664
00046428.jpg,0.7808006,0.8259704
03f74f6c5682c786.jpg,0.80037147,0.7777778
00028826.jpg,0.69087416,0.831007
00009552.jpg,0.6843436,0.5775302
000000423231.jpg,0.6351626,0.8988764
00010040.jpg,0.75117266,0.673967
00021119.jpg,0.7513498,0.889512
n04231693_1225.jpg,0.6706312,0.7714286
00047905.jpg,0.62971556,0.6104958
000000139455.jpg,0.67705214,0.5263158
n09421951_18936.jpg,0.618243,0.7676768
00029615.jpg,0.86976016,0.8134694
n03541923_1765.jpg,0.7792727,0.86585367
n00480993_10840.jpg,0.78397393,0.73333335
00050992.jpg,0.7685764,0.721662
n02934451_16027.jpg,0.6044421,0.7659575
00054483.jpg,0.89793843,0.691273
00004793.jpg,0.57792944,0.628771
00040835.jpg,0.7644825,0.7792704
00021838.jpg,0.8541064,0.6181838
00041664.jpg,0.67617524,0.7281008
00022044.jpg,0.633953,0.7876202
00057895.jpg,0.79501116,0.7273046
00047577.jpg,0.76637363,0.8817428
00008887.jpg,0.74284303,0.9125252
00055090.jpg,0.7232845,0.9231574
00043994.jpg,0.7496661,0.6344914
00046706.jpg,0.7983568,0.586361
00041924.jpg,0.7583987,0.636465
00049750.jpg,0.75376815,0.8170896
00038766.jpg,0.7483353,0.716475
00012952.jpg,0.5463556,0.6998342
00004968.jpg,0.78506666,0.8116858
00052184.jpg,0.7382865,0.729486
00016814.jpg,0.5786688,0.6925208
00037781.jpg,0.6833416,0.6956218
00042355.jpg,0.7766276,0.820801
n00470966_24980.jpg,0.752822,0.86315787
n04349306_14590.jpg,0.72396415,0.73195875
00042828.jpg,0.6678956,0.8136032
00005368.jpg,0.82689637,0.9614374
00041001.jpg,0.7038218,0.81049
00010884.jpg,0.8600937,0.8943962
00014539.jpg,0.90304816,0.8087734
00042999.jpg,0.73000216,0.7538628
00025688.jpg,0.7807481,0.8072706
00006988.jpg,0.6025196,0.475257
00019545.jpg,0.73797244,0.7453906
060871e66b31ee84.jpg,0.7394804,0.83
00006742.jpg,0.7209168,0.896071
n04467665_13331.jpg,0.75843155,0.6213592
00053187.jpg,0.7555218,0.877686
00033798.jpg,0.68349004,0.5949536
000000203076.jpg,0.76086336,0.8173077
00020976.jpg,0.75509703,0.805965
00032201.jpg,0.6961539,0.8371894
00044994.jpg,0.79797345,0.8171722
n09415671_13467.jpg,0.5194552,0.4950495
n03512147_3959.jpg,0.6770464,0.76237625
00011850.jpg,0.7222483,0.789405
00006148.jpg,0.6995747,0.8972598
00040842.jpg,0.7597584,0.887927
00010460.jpg,0.5898576,0.5040302
00007181.jpg,0.74712896,0.8267264
00040664.jpg,0.7402272,0.5943
00044851.jpg,0.64623016,0.602269
00007025.jpg,0.71633506,0.879836
n00439826_6640.jpg,0.82329756,0.9285714
00029103.jpg,0.7076956,0.6534886
00021664.jpg,0.74910295,0.7767246
00005986.jpg,0.72237355,0.5982798
00042496.jpg,0.6673502,0.559703
00012871.jpg,0.7459931,0.7781136
00056137.jpg,0.56068105,0.6120288
00026866.jpg,0.7637708,0.6969136
00028284.jpg,0.8129597,0.8374904
00000161.jpg,0.6603841,0.7318668
00035977.jpg,0.6643355,0.6149644
00040616.jpg,0.7625958,0.812012
00021432.jpg,0.79095984,0.9112616
00020543.jpg,0.6266937,0.7821622
00005171.jpg,0.69989955,0.74223
00015410.jpg,0.8111011,0.7236432
00036653.jpg,0.64114654,0.7158442
00046099.jpg,0.7147635,0.7377744
00039470.jpg,0.718717,0.8407902
00017076.jpg,0.6283753,0.6282668
00056612.jpg,0.75861156,0.9168548
00006193.jpg,0.6824541,0.8313742
00054401.jpg,0.65050876,0.7258526
000000126755.jpg,0.8079022,0.68817204
00015235.jpg,0.6951489,0.630224
00025915.jpg,0.6812756,0.7080614
00022598.jpg,0.72074115,0.727637
000000205234.jpg,0.6922933,0.70873785
00021508.jpg,0.6558255,0.7676154
00027908.jpg,0.80306923,0.890376
00028261.jpg,0.7586438,0.6526172
00032756.jpg,0.96236384,0.9143776
00024634.jpg,0.9282393,0.9829392
00029379.jpg,0.6784861,0.707426
00014993.jpg,0.6574131,0.8679104
00023711.jpg,0.6690893,0.7376512
00004354.jpg,0.70208544,0.7934294
00003345.jpg,0.75719917,0.8880442
00057255.jpg,0.58745563,0.6226836
00054720.jpg,0.7331419,0.6637632
00025793.jpg,0.7775035,0.7527008
n07863374_18396.jpg,0.82147515,0.8125
00013388.jpg,0.9129609,0.8473708
00043068.jpg,0.73629737,0.7981596
00028225.jpg,0.7772935,0.8670304
00020413.jpg,0.7371669,0.7243092
00015955.jpg,0.8129203,0.903243
00024626.jpg,0.5870607,0.6068238
00032892.jpg,0.7603502,0.8210816
00057879.jpg,0.7549679,0.7517762
00046712.jpg,0.7157332,0.6571432
00048479.jpg,0.74851716,0.7252628
00049366.jpg,0.7598427,0.7610064
00015984.jpg,0.78131497,0.8683766
00036870.jpg,0.6161076,0.588175
00032492.jpg,0.8624754,0.9282318
00054605.jpg,0.6527252,0.7530834
188fcb471d077f6b.jpg,0.72795975,0.80582523
00052768.jpg,0.7197582,0.866244
n04252077_1557.jpg,0.72932607,0.6732673
00026862.jpg,0.7604933,0.8619122
00041785.jpg,0.68811303,0.6325234
00021558.jpg,0.53179574,0.4843734
00046441.jpg,0.77199453,0.7573006
00022674.jpg,0.8202786,0.9039042
00056424.jpg,0.77676296,0.8990658
00016003.jpg,0.7492732,0.7778534
000000385381.jpg,0.81076986,0.83838385
00047438.jpg,0.77027345,0.779889
00022477.jpg,0.5798708,0.6223336
00039353.jpg,0.7081535,0.5739602
a309464face2453a.jpg,0.79156864,0.88073397
00041350.jpg,0.78216046,0.8377958
00048380.jpg,0.65298593,0.7638154
00009302.jpg,0.68881714,0.7853878
00034957.jpg,0.6305338,0.5562714
00042889.jpg,0.80791247,0.7477488
00030923.jpg,0.81626856,0.9140474
00004510.jpg,0.8373424,0.7855192
00004327.jpg,0.80423546,0.8362832
00023845.jpg,0.756945,0.6611066
00024063.jpg,0.5970925,0.556
00037029.jpg,0.57306325,0.6457532
00053274.jpg,0.76267236,0.9230582
00014550.jpg,0.7504741,0.6275608
00041728.jpg,0.7164015,0.7151224
00034826.jpg,0.6858368,0.660977
00031973.jpg,0.7020869,0.8166464
00020604.jpg,0.69087684,0.8326112
00052834.jpg,0.84399503,0.9045276
00034121.jpg,0.67250645,0.548803
00004163.jpg,0.79241776,0.7716538
n01846331_4035.jpg,0.7440996,0.8446602
70314a9f079fc940.jpg,0.62994134,0.5826087
00009171.jpg,0.77237225,0.9200128
n07583197_926.jpg,0.8175034,0.9195402
n07753592_5844.jpg,0.7777606,0.8703704
00043564.jpg,0.7113205,0.6979198
000000576072.jpg,0.76614743,0.85858583
00012615.jpg,0.5457169,0.4214478
00033557.jpg,0.8002684,0.8987264
000000010478.jpg,0.7376065,0.8118812
00057922.jpg,0.8186984,0.8914578
00051220.jpg,0.7752073,0.7848062
00039337.jpg,0.758032,0.4912498
00001011.jpg,0.8173606,0.8478526
n02793495_352.jpg,0.6389695,0.64835167
00021563.jpg,0.71524274,0.7476446
00015166.jpg,0.771131,0.8338642
00027650.jpg,0.7938409,0.7564588
00011077.jpg,0.8324615,0.7577816
00037583.jpg,0.70993125,0.7836848
n04467665_44969.jpg,0.7270252,0.72043014
5ce6490d4d1dbdf8.jpg,0.6333272,0.5154639
00022233.jpg,0.72715473,0.8113338
00043669.jpg,0.734214,0.8361898
00054958.jpg,0.5299067,0.6756456
00030678.jpg,0.69467163,0.5882978
00025482.jpg,0.58424306,0.7501616
00020431.jpg,0.85207343,0.8445136
00037317.jpg,0.6713876,0.586819
00007782.jpg,0.5781843,0.8191136
00025902.jpg,0.8327689,0.8781492
00033165.jpg,0.7348162,0.9573326
00026463.jpg,0.8439969,0.8165168
00010072.jpg,0.79634196,0.9431728
00056573.jpg,0.6046035,0.562396
sun_almbxcurjahdxery.jpg,0.571997,0.54022986
00046354.jpg,0.8100266,0.6328522
00044488.jpg,0.62487984,0.6777246
00016578.jpg,0.7183422,0.673453
00042580.jpg,0.7533153,0.7773378
00039770.jpg,0.77171683,0.7067176
00035543.jpg,0.5803081,0.5390138
00016388.jpg,0.88335276,0.8571558
n07693725_3014.jpg,0.95654273,0.89320385
n02342885_14070.jpg,0.786253,0.93457943
00053135.jpg,0.8779824,1.0
n01514859_12538.jpg,0.8047222,0.9240506
00049075.jpg,0.6304664,0.7544368
00039747.jpg,0.68881154,0.816038
00011688.jpg,0.81449807,0.8501442
00011738.jpg,0.7619605,0.782832
00017811.jpg,0.70909053,0.7686038
00000509.jpg,0.6852989,0.7668472
00050465.jpg,0.76180196,0.8116664
00041086.jpg,0.71331966,0.6896746
00027038.jpg,0.82597387,0.8890414
00037089.jpg,0.7272087,0.7678964
n07583197_5525.jpg,0.8471917,0.8018018
00034129.jpg,0.68293273,0.6746996
00001031.jpg,0.5384649,0.6250206
00042479.jpg,0.7854962,0.6697008
00039183.jpg,0.7709888,0.8981214
000000213945.jpg,0.696388,0.6
n03791053_10242.jpg,0.69021326,0.6494845
00032527.jpg,0.6910706,0.724577
n04349306_2897.jpg,0.6663969,0.89361703
00044646.jpg,0.7587757,0.69887
00036507.jpg,0.72665966,0.8215056
00033135.jpg,0.8188858,0.8642124
00030981.jpg,0.83511096,0.827119
000000295241.jpg,0.75217354,0.88235295
00017704.jpg,0.68492204,0.6407142
00032274.jpg,0.6424089,0.5364914
00058520.jpg,0.69022566,0.7643792
00031105.jpg,0.80725706,0.7489678
00013813.jpg,0.76676184,0.7862522
00005658.jpg,0.86935973,0.816733
00056069.jpg,0.73434585,0.8006216
00001012.jpg,0.92707086,0.9008184
00058481.jpg,0.7419222,0.8119466
00004393.jpg,0.77149975,0.8917272
00049163.jpg,0.8213786,0.6825982
00021828.jpg,0.75246614,0.6312646
00027366.jpg,0.733108,0.7208056
00057180.jpg,0.85291696,0.868227
00005666.jpg,0.78529423,0.717688
n09288635_1515.jpg,0.6860899,0.61764705
00039186.jpg,0.7531538,0.8914368
00007961.jpg,0.7155448,0.8606276
00036079.jpg,0.66070986,0.6003302
00043779.jpg,0.820874,0.7633882
00032545.jpg,0.7447034,0.9182316
00049231.jpg,0.76938075,0.7808344
00037875.jpg,0.63107264,0.6866356
00036873.jpg,0.5653483,0.6382086
00009785.jpg,0.69102526,0.6202542
94cb6dc3b5293417.jpg,0.61391175,0.5049505
00046480.jpg,0.7520536,0.6570896
n00445351_12076.jpg,0.5858813,0.7264151
00010794.jpg,0.6507007,0.811708
00048225.jpg,0.67824095,0.6051976
n07911677_4338.jpg,0.7699845,0.8333333
00045315.jpg,0.67419004,0.594778
00017751.jpg,0.879152,0.8142424
00056040.jpg,0.8213514,0.68065
00045390.jpg,0.700161,0.7427086
c5a29227546d0846.jpg,0.7169812,0.5826087
000000318464.jpg,0.64022404,0.6037736
00042689.jpg,0.7311841,0.8273028
00033315.jpg,0.762002,0.7161378
00018243.jpg,0.69199634,0.7838492
00013290.jpg,0.67684275,0.555806
00017791.jpg,0.57647735,0.7007088
00033488.jpg,0.7354562,0.7317214
00025965.jpg,0.86212254,0.9409062
00016776.jpg,0.6323719,0.6348988
00045991.jpg,0.6783293,0.6993128
00034163.jpg,0.69918895,0.493704
00028215.jpg,0.7783495,0.8421232
00008690.jpg,0.66491693,0.6184432
00043546.jpg,0.74865305,0.7120432
00032099.jpg,0.6393397,0.5624538
00039202.jpg,0.76261497,0.7624124
00012533.jpg,0.6760299,0.7475862
00039189.jpg,0.76732147,0.8008136
00017511.jpg,0.6770939,0.7573922
00029121.jpg,0.72143185,0.8108044
00047181.jpg,0.7371807,0.728824
000000302964.jpg,0.64067745,0.5652174
00012299.jpg,0.8509902,0.8272616
00024983.jpg,0.69165945,0.6445816
00026342.jpg,0.81949437,0.788244
00030524.jpg,0.8438566,0.9026542
00040573.jpg,0.6522223,0.6277358
00029014.jpg,0.76349854,0.7555876
00011524.jpg,0.76021063,0.826836
00011896.jpg,0.7995392,0.751958
n02332755_2388.jpg,0.7663826,0.8761905
00029961.jpg,0.7588095,0.9427382
00051849.jpg,0.63909674,0.6402224
00016544.jpg,0.83712083,0.9003866
00014549.jpg,0.6387577,0.708565
00034126.jpg,0.6493297,0.6403822
00010734.jpg,0.60782075,0.5589852
00027180.jpg,0.55653805,0.7526938
00026053.jpg,0.7666731,0.7564048
00022908.jpg,0.586771,0.4773004
00024304.jpg,0.6850383,0.5810786
n03670208_7885.jpg,0.7543952,0.8962264
00004347.jpg,0.86824286,0.7740624
00050409.jpg,0.8176735,0.8361298
00022907.jpg,0.7883944,0.8486196
00019822.jpg,0.7301301,0.6418334
00025037.jpg,0.68923354,0.8598484
00052381.jpg,0.89151776,0.7532772
00057203.jpg,0.87399393,0.7852518
00044465.jpg,0.803514,0.7263334
00044843.jpg,0.8561102,0.8517664
n09393605_15838.jpg,0.62596047,0.9029126
n07806221_23188.jpg,0.78521,0.8072289
00007844.jpg,0.6051624,0.7164094
00006516.jpg,0.86842084,0.9141376
52a99c70ee4a0746.jpg,0.7544789,0.7386364
00011375.jpg,0.7082591,0.5921146
00042434.jpg,0.7886806,0.8016218
00051416.jpg,0.7763783,0.7459986
00038465.jpg,0.7063099,0.6033086
00045409.jpg,0.6469936,0.5771858
00014822.jpg,0.8251798,0.853854
00020185.jpg,0.741788,0.8866066
00013487.jpg,0.7875185,0.727831
00007203.jpg,0.6611991,0.6268278
00040366.jpg,0.6510485,0.5640562
00038956.jpg,0.7629248,0.7366796
00030531.jpg,0.62348807,0.9010244
00043041.jpg,0.75128937,0.7257638
00034830.jpg,0.67480826,0.4907938
00046409.jpg,0.70148444,0.7316512
00049953.jpg,0.7738073,0.5638576
00051082.jpg,0.6344707,0.56614
00032723.jpg,0.7852417,0.885711
00017639.jpg,0.7525854,0.6412698
00017436.jpg,0.6653251,0.7837766
eb8f7163a6a2866f.jpg,0.52688456,0.53571427
00023527.jpg,0.7414808,0.917011
00012604.jpg,0.82755923,0.8189144
00031556.jpg,0.6987033,0.7619404
00009022.jpg,0.8472416,0.8911736
00045862.jpg,0.70620835,0.6535468
00001261.jpg,0.82832205,0.7387652
00021197.jpg,0.7224275,0.7867384
00025605.jpg,0.7917413,0.9049194
00026561.jpg,0.80691564,0.9407084
000000292819.jpg,0.6965927,0.79347825
000000126255.jpg,0.7598997,0.9099099
00023745.jpg,0.6741818,0.71059
00024217.jpg,0.73828685,0.7556744
00054123.jpg,0.7135821,0.8616834
000000132041.jpg,0.7660706,0.9322034
00023594.jpg,0.7840018,0.8331906
00026708.jpg,0.7513346,0.7561922
00055728.jpg,0.7508417,0.7646968
00047320.jpg,0.8398186,0.8110526
00058118.jpg,0.6905576,0.8136522
00047756.jpg,0.81851554,0.9124562
00039622.jpg,0.7388543,0.7425856
00049332.jpg,0.8902468,0.9284458
00008889.jpg,0.5295069,0.486897
00040501.jpg,0.71486455,0.761658
00026385.jpg,0.81196237,0.6460866
n02129165_10931.jpg,0.8122748,0.8695652
00028134.jpg,0.8198807,0.7222512
00017367.jpg,0.87213063,0.9088592
00033536.jpg,0.8338431,0.8148962
00039812.jpg,0.75047386,0.870976
00056743.jpg,0.59581405,0.7416868
00027665.jpg,0.7964182,0.693494
00037545.jpg,0.63269246,0.8411882
00037242.jpg,0.6422542,0.8547522
00020580.jpg,0.6925984,0.7682842
00001107.jpg,0.6135613,0.573611
00040133.jpg,0.56696653,0.6495062
00024993.jpg,0.8013109,0.8577972
n04335435_2973.jpg,0.5351896,0.74157304
n02342885_4368.jpg,0.8180643,0.92783505
00053898.jpg,0.75644094,0.6774612
00035818.jpg,0.6182561,0.6240906
00052049.jpg,0.82981753,0.7668102
00042550.jpg,0.81349146,0.679058
00032535.jpg,0.626864,0.8041812
00029110.jpg,0.52600896,0.6636442
00020524.jpg,0.76385164,0.897129
00022653.jpg,0.814847,0.801232
00047729.jpg,0.7493843,0.8336564
00036038.jpg,0.7462907,0.7084984
00051844.jpg,0.68229353,0.8939842
00055015.jpg,0.79547477,0.7719562
00053515.jpg,0.7535672,0.8272866
00027026.jpg,0.81745076,0.85671
00004231.jpg,0.6326905,0.7321022
00020764.jpg,0.5500393,0.7035556
00047473.jpg,0.80664444,0.6409592
000000353562.jpg,0.75648177,0.60638297
00025182.jpg,0.7283243,0.8483332
00029125.jpg,0.7581565,0.4121522
00022683.jpg,0.62441087,0.7288372
n04465501_7315.jpg,0.6600504,0.7244898
00028525.jpg,0.79655087,0.7951778
00054800.jpg,0.8524057,0.7931286
00039297.jpg,0.92562854,0.7790258
n02396427_10405.jpg,0.7697215,0.8651685
00047581.jpg,0.6885328,0.8681936
00030714.jpg,0.68641776,0.7317568
00052763.jpg,0.8861526,0.8972978
00032053.jpg,0.779475,0.8795268
00006979.jpg,0.7013289,0.433399
00038209.jpg,0.7466593,0.6215154
00042592.jpg,0.83370054,0.8202382
00054603.jpg,0.6989423,0.6053382
00002663.jpg,0.84061956,0.8734244
00054972.jpg,0.829659,0.8557748
00029300.jpg,0.7574258,0.7433048
n03384352_9868.jpg,0.70146316,0.75
00014264.jpg,0.5817176,0.6299038
00030675.jpg,0.8114679,0.7311096
00011987.jpg,0.9166549,0.8683982
00054125.jpg,0.8207051,0.6976552
00002765.jpg,0.8192048,0.6984876
00017548.jpg,0.73677635,0.935389
00024944.jpg,0.7706937,0.6428238
n02355227_2164.jpg,0.8178137,0.9099099
00055314.jpg,0.548326,0.6197462
00057518.jpg,0.8183812,0.8823154
00032207.jpg,0.65409887,0.843644
00058222.jpg,0.6887653,0.7814252
00053849.jpg,0.78757,0.8427088
000000422560.jpg,0.6987884,0.73394495
00038244.jpg,0.66683984,0.7114574
8e99579c6d59b4ea.jpg,0.6848579,0.74766356
00028046.jpg,0.8119507,0.8682648
00012060.jpg,0.6148513,0.6543204
00038675.jpg,0.5718663,0.5468074
00031362.jpg,0.63699555,0.7129042
000000310757.jpg,0.7884908,0.8854167
00028459.jpg,0.7147069,0.803872
00026453.jpg,0.67364633,0.6139942
00055373.jpg,0.7416309,0.8022732
n07880968_6786.jpg,0.8157811,0.86915886
00047991.jpg,0.62029165,0.6935896
00054493.jpg,0.7869443,0.9666174
00023241.jpg,0.835646,0.8074446
00003938.jpg,0.53975713,0.483255
00011671.jpg,0.7772094,0.789495
00058444.jpg,0.5793535,0.5175402
00032050.jpg,0.88917243,0.8803292
00046813.jpg,0.7750232,0.7197302
sun_azbaifnovkzxbkxd.jpg,0.60831016,0.33620688
00053946.jpg,0.6877817,0.685958
00032149.jpg,0.86771524,0.8134822
00051205.jpg,0.8631027,0.921757
00005361.jpg,0.8208107,0.7726756
b58a33b4dadb7b64.jpg,0.76663685,0.85263157
00041141.jpg,0.87687266,0.9045106
n03541923_3169.jpg,0.61292815,0.8773585
00048033.jpg,0.58880746,0.7818642
00030558.jpg,0.6351448,0.7116546
n03384352_6321.jpg,0.65257215,0.71900827
n07838073_15549.jpg,0.8589393,0.5811966
00023918.jpg,0.74782866,0.7495898
00003930.jpg,0.8066304,0.8258922
n01811909_4836.jpg,0.83368385,0.90361446
00001167.jpg,0.57017344,0.4464186
00016577.jpg,0.8017062,0.8412212
00041723.jpg,0.7490214,0.828045
00002771.jpg,0.6834188,0.835486
00013420.jpg,0.7830777,0.7175702
00024467.jpg,0.76874685,0.6963744
00044092.jpg,0.7476079,0.6726096
57251d1cf556fa5e.jpg,0.8137365,0.93203884
44da855f8db7d75f.jpg,0.72921133,0.69736844
00020482.jpg,0.79189706,0.9065342
00058246.jpg,0.8303933,0.8460318
n09421951_8175.jpg,0.5543741,0.75789475
00025321.jpg,0.7514338,0.781691
00022544.jpg,0.8273238,0.8112142
00030419.jpg,0.7420301,0.6603026
00017674.jpg,0.6275552,0.8577804
00007758.jpg,0.6856937,0.6165564
00048704.jpg,0.79985553,0.8017844
00015550.jpg,0.77906114,0.821496
00029714.jpg,0.7737177,0.8720314
00032440.jpg,0.82697624,0.9273952
000000150181.jpg,0.79880416,0.592233
n07838073_11152.jpg,0.8835153,0.73255813
00023251.jpg,0.8827535,0.939429
00010106.jpg,0.84448373,0.8211634
00044622.jpg,0.84351903,0.7896514
00021208.jpg,0.6693929,0.821834
00032238.jpg,0.5219251,0.4077898
00031090.jpg,0.6512692,0.6897552
00005108.jpg,0.78944,0.8016354
00053779.jpg,0.834218,0.831031
00052668.jpg,0.7053096,0.8123044
n04166281_21769.jpg,0.7861216,0.7090909
00023265.jpg,0.78858614,0.8471354
00036674.jpg,0.7390095,0.604244
00036714.jpg,0.7563169,0.6425808
00002492.jpg,0.7584586,0.85008
e97c33fb1147a86e.jpg,0.8149644,0.7
00030092.jpg,0.60190505,0.4050746
00017278.jpg,0.79332364,0.7058578
00047489.jpg,0.6387168,0.5554978
00025160.jpg,0.82226205,0.9013172
n09376198_5120.jpg,0.5720201,0.4408602
00039707.jpg,0.7512195,0.7356494
00030636.jpg,0.738695,0.7483328
00035774.jpg,0.66151434,0.7320634
00001436.jpg,0.74208134,0.8108376
00023744.jpg,0.7735846,0.8486364
00049874.jpg,0.6168148,0.7439382
00039113.jpg,0.8095792,0.7000794
00000638.jpg,0.6842837,0.6733472
00002319.jpg,0.69886243,0.6267434
00053637.jpg,0.7898247,0.853381
00051402.jpg,0.6049662,0.7489074
00027854.jpg,0.78307915,0.7192122
00000862.jpg,0.7779908,0.9568084
00044755.jpg,0.74122727,0.6492628
00046003.jpg,0.6740476,0.5786294
00011108.jpg,0.5262075,0.6532408
00003580.jpg,0.7645043,0.7611112
00003612.jpg,0.735366,0.860366
00015572.jpg,0.72155684,0.8006822
00018101.jpg,0.83801067,0.9282066
00042579.jpg,0.83683646,0.695974
00037222.jpg,0.6164835,0.7202368
00025619.jpg,0.8592516,0.9372664
00031519.jpg,0.7326638,0.8705966
00052359.jpg,0.8557918,0.8991286
00021721.jpg,0.7576616,0.814679
n02355227_13400.jpg,0.7893231,0.8333333
00017240.jpg,0.7217629,0.780643
00048687.jpg,0.7686342,0.7588142
00034987.jpg,0.6612426,0.7945382
00044793.jpg,0.7763386,0.8038406
00027042.jpg,0.67098534,0.4445082
00002172.jpg,0.6335119,0.7052282
00056774.jpg,0.8834762,0.9445558
00025611.jpg,0.8652317,0.9393264
00048667.jpg,0.761191,0.7736452
00047371.jpg,0.72478914,0.5744068
00008771.jpg,0.77600014,0.6678448
00025315.jpg,0.7417188,0.8422312
00045797.jpg,0.8281175,0.7434038
00046283.jpg,0.75883174,0.7916076
00023552.jpg,0.88671684,0.8507472
00034684.jpg,0.70650494,0.797917
00014061.jpg,0.68271744,0.7487824
00038570.jpg,0.73031944,0.799098
00017807.jpg,0.7334198,0.617735
00058261.jpg,0.68500847,0.6866612
00000050.jpg,0.9033741,0.7660786
n07880968_3916.jpg,0.8191006,0.76086956
000000186109.jpg,0.72934496,0.71
00014031.jpg,0.8217321,0.7274394
00053652.jpg,0.62659705,0.6915378
00031444.jpg,0.80801773,0.8980462
00040547.jpg,0.79331696,0.8404208
00030377.jpg,0.8006817,0.763534
00017425.jpg,0.86834264,0.8261752
00004547.jpg,0.705292,0.6702958
000000318837.jpg,0.8021897,0.8301887
00020535.jpg,0.8845365,0.8720032
00055491.jpg,0.7231639,0.8373292
00036180.jpg,0.6935425,0.728595
00016693.jpg,0.81741905,0.6913846
00046580.jpg,0.76891977,0.7982668
00033971.jpg,0.6715766,0.6972932
00017144.jpg,0.8783066,0.9152378
00048825.jpg,0.7573587,0.9459416
00000496.jpg,0.77929854,0.8859188
00057969.jpg,0.8180016,0.7406278
00017611.jpg,0.7133777,0.6773588
00002368.jpg,0.796404,0.8412906
00000885.jpg,0.81941396,0.723473
00023676.jpg,0.7870244,0.794092
00057222.jpg,0.75583065,0.8414918
00054774.jpg,0.8725445,0.9491122
00008575.jpg,0.73879206,0.9034216
00041902.jpg,0.726128,0.8773496
00028564.jpg,0.80635,0.9080544
00040537.jpg,0.84868014,0.79425
00008647.jpg,0.74820983,0.7028908
n09288635_333.jpg,0.6773086,0.71276593
000000559838.jpg,0.76789534,0.83809525
00033235.jpg,0.5896331,0.7416274
00053467.jpg,0.8038259,0.89441
00031157.jpg,0.7489259,0.801198
00044515.jpg,0.7680953,0.670663
00044529.jpg,0.76286215,0.8347808
00000175.jpg,0.72957706,0.841544
00048060.jpg,0.7743312,0.7838006
00046341.jpg,0.8350944,0.8723258
000000099336.jpg,0.8284879,0.82828283
00035908.jpg,0.6892046,0.4934612
00053107.jpg,0.7450582,0.697103
00000025.jpg,0.6729915,0.694894
00026281.jpg,0.77772635,0.908351
00014221.jpg,0.550248,0.3497932
00034099.jpg,0.598773,0.683503
00040141.jpg,0.6322262,0.599126
00008001.jpg,0.7411355,0.6856114
00046661.jpg,0.6945272,0.6538208
sun_ayjpisrqdpbcufcm.jpg,0.6059113,0.5319149
000000432752.jpg,0.6311926,0.6330275
00044413.jpg,0.7948299,0.7554924
00058090.jpg,0.81153554,0.8708064
00046253.jpg,0.72182745,0.7328728
000000135959.jpg,0.77381337,0.89772725
00033679.jpg,0.7054113,0.7722928
00020182.jpg,0.7243992,0.7541076
00050587.jpg,0.76894057,0.9217214
00055486.jpg,0.7785702,0.7750358
00058188.jpg,0.84909904,0.7904562
00057267.jpg,0.69548506,0.6242772
00017262.jpg,0.7478666,0.6922652
00041717.jpg,0.7271966,0.601899
00038108.jpg,0.77241147,0.8684228
00031759.jpg,0.78242576,0.8072186
00036382.jpg,0.7235841,0.6078114
00043315.jpg,0.7925693,0.8089606
00058574.jpg,0.77800715,0.6856516
00018812.jpg,0.86947757,0.8768802
00010192.jpg,0.7249761,0.6573822
00006567.jpg,0.6416419,0.6199846
00032313.jpg,0.6736108,0.7048334
00005030.jpg,0.686424,0.7691764
00007431.jpg,0.77866495,0.8329658
00056305.jpg,0.83901143,0.8472372
00055379.jpg,0.78074753,0.8177956
n04166281_4975.jpg,0.6572155,0.875
00043223.jpg,0.6788382,0.768072
00015247.jpg,0.66804975,0.9213854
00023695.jpg,0.59024763,0.782177
00009752.jpg,0.53941286,0.5214874
00020177.jpg,0.7388271,0.8513796
00000184.jpg,0.5690907,0.4727776
00022805.jpg,0.7885659,0.8198886
00007222.jpg,0.7250303,0.7546858
00049770.jpg,0.6778375,0.6131876
00047876.jpg,0.70901334,0.8123646
00043424.jpg,0.82160634,0.73392
n07717556_4167.jpg,0.7931044,0.8082192
00047943.jpg,0.8791871,0.959091
n03384352_4420.jpg,0.71267474,0.6210526
00037536.jpg,0.6466404,0.7872328
00027532.jpg,0.7987033,0.9821074
a662c633c9963448.jpg,0.7063753,0.5809524
00000288.jpg,0.7930809,0.7746634
00021587.jpg,0.66618705,0.6649198
00056257.jpg,0.74347746,0.775372
00035790.jpg,0.56046855,0.6030906
00039617.jpg,0.8091848,0.7156702
n09472597_33908.jpg,0.6236322,0.6363636
n02434954_4936.jpg,0.7403163,0.6125
00056826.jpg,0.7821007,0.7554222
00033545.jpg,0.75490904,0.8936498
00048171.jpg,0.7716936,0.8088208
00024645.jpg,0.8509805,0.7257162
00012181.jpg,0.8355124,0.8910402
000000381509.jpg,0.81231636,0.82978725
00051625.jpg,0.74644554,0.9586346
00021281.jpg,0.7989461,0.8546594
00058623.jpg,0.7202616,0.8098778
00005769.jpg,0.84336853,0.8235092
00024710.jpg,0.7193485,0.7708142
00021964.jpg,0.853755,0.790147
00050756.jpg,0.8519044,0.9594612
00050361.jpg,0.8046094,0.9331646
00019842.jpg,0.6124371,0.5307372
00004239.jpg,0.7032534,0.769193
00018617.jpg,0.75440204,0.7938256
00047792.jpg,0.75883615,0.8364388
00024926.jpg,0.78440195,0.8959576
00040321.jpg,0.6291037,0.8049904
00026373.jpg,0.79877293,0.7745748
n02878222_8171.jpg,0.696362,0.76842105
00052023.jpg,0.6895901,0.7783768
00010191.jpg,0.7376394,0.6688616
00047979.jpg,0.8347695,0.3687736
00011818.jpg,0.6608709,0.5528116
00043588.jpg,0.8325366,0.8473448
00003857.jpg,0.7730839,0.8572264
00055056.jpg,0.57955605,0.6994628
n04461696_5739.jpg,0.7675118,0.6792453
00024164.jpg,0.8704821,0.808926
00057957.jpg,0.7472916,0.8012984
00010338.jpg,0.83227247,0.9896824
00003384.jpg,0.69231254,0.7203128
00036138.jpg,0.68765783,0.5029914
n03594945_12838.jpg,0.7815989,0.8468468
00027195.jpg,0.8652782,0.7759696
00021096.jpg,0.65337396,0.734082
00011760.jpg,0.7640598,0.7869154
00051230.jpg,0.75640047,0.7492716
00014806.jpg,0.7211416,0.7577664
00042662.jpg,0.786624,0.8129414
00016171.jpg,0.8194981,0.8131418
00019579.jpg,0.7757686,0.8514286
00021561.jpg,0.7541821,0.6679778
00030916.jpg,0.74791884,0.9205138
00021782.jpg,0.7276381,0.7300586
00004709.jpg,0.82232296,0.7729862
00023250.jpg,0.6880427,0.7126244
00038963.jpg,0.7176368,0.7232608
00031458.jpg,0.6862057,0.9624602
n04610013_7516.jpg,0.62934804,0.6513761
000000240817.jpg,0.62958944,0.7787611
00023054.jpg,0.82945615,0.7697156
00022587.jpg,0.8231193,0.9739272
00055433.jpg,0.6204963,0.5479574
00048367.jpg,0.7949635,0.9755556
00002287.jpg,0.72469753,0.7624746
000000090245.jpg,0.76065755,0.85858583
00036039.jpg,0.7177456,0.799476
00036968.jpg,0.76671493,0.5178988
00028894.jpg,0.6753644,0.5663124
00028138.jpg,0.74763745,0.7005202
00020577.jpg,0.785985,0.8774802
00048004.jpg,0.6076907,0.7177244
00015766.jpg,0.5448385,0.494935
00026493.jpg,0.7717608,0.823421
00001527.jpg,0.74832046,0.8224966
00008863.jpg,0.85128826,0.8335432
00026268.jpg,0.62604046,0.6140278
n07711569_6094.jpg,0.83754784,0.8020833
00053935.jpg,0.83094394,0.8707626
n03670208_12615.jpg,0.6723689,0.88349515
00036525.jpg,0.57480836,0.585528
00008600.jpg,0.7238283,0.8485546
00043497.jpg,0.77336204,0.899323
00029422.jpg,0.78582656,0.8281296
00008256.jpg,0.6437577,0.8751844
00044511.jpg,0.78857124,0.8009096
00007261.jpg,0.6772151,0.6857056
00034978.jpg,0.8195666,0.7585804
000000199131.jpg,0.818545,0.81395346
n07654148_18423.jpg,0.8267025,0.7647059
00040940.jpg,0.86326957,0.7999484
00057651.jpg,0.7148696,0.781584
00016418.jpg,0.84010047,0.65797
00008111.jpg,0.7654754,0.7529348
00027527.jpg,0.71993667,0.5453544
00004720.jpg,0.7138987,0.818026
00032391.jpg,0.706723,0.7422998
00034310.jpg,0.6196473,0.5097724
00156ac2ee0c3d58.jpg,0.76902664,0.78899086
00049898.jpg,0.7489556,0.8691452
00051085.jpg,0.9569724,0.764852
00008246.jpg,0.68190277,0.7802714
00029570.jpg,0.7176569,0.6389016
00000673.jpg,0.7457344,0.854961
00022236.jpg,0.58467746,0.6376804
00043942.jpg,0.77349544,0.7986182
00009280.jpg,0.61904514,0.7313568
sun_ajcopavjqtimjnsa.jpg,0.58359486,0.6785714
00046974.jpg,0.7367848,0.7140914
00005753.jpg,0.93770975,0.6655148
00039000.jpg,0.5985836,0.7907942
00025276.jpg,0.731721,0.8887284
00047760.jpg,0.85564446,0.8889012
00055560.jpg,0.7475411,0.6703524
00057642.jpg,0.8555797,0.812574
00023306.jpg,0.7973495,0.792241
00042877.jpg,0.7398851,0.8074636
00023818.jpg,0.7984973,0.8116664
00044072.jpg,0.8310573,0.7293428
00010299.jpg,0.76657295,0.9028152
00040498.jpg,0.84802306,0.6863006
00006311.jpg,0.82055026,0.8525092
00052862.jpg,0.79207766,0.780875
00030629.jpg,0.84986246,0.7735026
00028415.jpg,0.68908393,0.6748306
00001591.jpg,0.6888416,0.7767268
00042011.jpg,0.6877645,0.7699128
00052362.jpg,0.67946994,0.8164654
00054825.jpg,0.7525158,0.7535458
00006749.jpg,0.777128,0.769559
00055673.jpg,0.81765264,0.8162434
00012373.jpg,0.77429867,0.744663
00033331.jpg,0.76434386,0.762194
000000033633.jpg,0.8335805,0.94285715
00043042.jpg,0.7617632,0.7431476
00056371.jpg,0.8211708,0.841683
00028738.jpg,0.81611884,0.952744
00021039.jpg,0.757666,0.884288
00014240.jpg,0.84085864,0.8023682
00016027.jpg,0.7852252,0.7108728
n07801508_12118.jpg,0.8836147,0.85714287
00007401.jpg,0.8128834,0.7277714
00046790.jpg,0.70225805,0.647443
00007290.jpg,0.70717144,0.5535762
00019106.jpg,0.68285584,0.8105638
00058589.jpg,0.7460485,0.8181918
00015893.jpg,0.8074013,0.8262648
n02793495_8877.jpg,0.61615145,0.6
00047359.jpg,0.7751969,0.735191
00034465.jpg,0.53251356,0.4934274
00053970.jpg,0.66805696,0.9098532
00049327.jpg,0.8441003,0.7749958
00002136.jpg,0.8001467,0.807614
00024824.jpg,0.8199297,0.832508
00003589.jpg,0.79337233,0.8266422
sun_ayyuirpvrzyeopqo.jpg,0.6294579,0.60714287
00002674.jpg,0.7379656,0.9443478
00030962.jpg,0.7494921,0.5843902
00043890.jpg,0.70722735,0.7860344
00038967.jpg,0.68447155,0.5670854
00014185.jpg,0.85109055,0.850031
n07574602_25237.jpg,0.7969111,0.9468085
00051639.jpg,0.8160331,0.9251384
00055251.jpg,0.7451401,0.7913374
00049817.jpg,0.66434824,0.7007222
00014157.jpg,0.6763364,0.787422
00035413.jpg,0.5239601,0.505447
00041007.jpg,0.754392,0.8925002
00017785.jpg,0.76479703,0.7688004
n07806221_24082.jpg,0.76978314,0.8333333
00036043.jpg,0.52210426,0.6550432
000000516740.jpg,0.64295185,0.7307692
n07680932_32793.jpg,0.83612776,0.9139785
00030315.jpg,0.74331844,0.8744222
00003976.jpg,0.7846023,0.709656
n02132136_1954.jpg,0.7526444,0.78350514
00053547.jpg,0.7645553,0.9076578
00047272.jpg,0.7271015,0.7649834
00012371.jpg,0.74093294,0.8153052
00041704.jpg,0.82976365,0.9060726
sun_awtsuxtgcspyztsx.jpg,0.6303295,0.7307692
00018109.jpg,0.7661215,0.857579
n03384352_29.jpg,0.66601276,0.6853933
n07574602_26851.jpg,0.8250343,0.80582523
00006900.jpg,0.76888984,0.8859024
n09415671_18246.jpg,0.5742297,0.40186915
00032568.jpg,0.7855475,0.9029606
n09270735_21232.jpg,0.6724472,0.7708333
00032676.jpg,0.8490664,0.90131
n07753592_708.jpg,0.7169399,0.91358024
00053523.jpg,0.8466444,0.7936102
00005471.jpg,0.67838,0.785353
n04166281_2937.jpg,0.73791444,0.8118812
00057867.jpg,0.9121254,0.9179728
00055004.jpg,0.79552466,0.857908
n07693725_8314.jpg,0.82999164,0.89411765
00045798.jpg,0.68343055,0.5751178
00029613.jpg,0.70106566,0.7681852
n01792640_22171.jpg,0.78406775,0.7777778
000000099553.jpg,0.6744339,0.7979798
00003447.jpg,0.8705075,0.7899884
00004806.jpg,0.7024876,0.7742334
00041614.jpg,0.63163143,0.4244058
00042677.jpg,0.7505998,0.6604976
00004823.jpg,0.6690716,0.7931748
00007810.jpg,0.7332234,0.7943818
00056123.jpg,0.7228492,0.8540516
00004166.jpg,0.8018397,0.8496818
00016774.jpg,0.6140621,0.443309
00027943.jpg,0.7238443,0.8270582
00032537.jpg,0.73881555,0.8170426
00030343.jpg,0.7277296,0.7844836
00025415.jpg,0.8849268,0.8850836
00000224.jpg,0.7439574,0.6713676
00006522.jpg,0.8761393,0.9686006
00010599.jpg,0.75904095,0.8896796
00025278.jpg,0.6778766,0.7204018
n04335435_17377.jpg,0.7489591,0.7758621
00021088.jpg,0.65424585,0.7912576
00056253.jpg,0.8118731,0.6995968
00015592.jpg,0.905802,0.890273
00015566.jpg,0.5790124,0.4895328
n03512147_5486.jpg,0.75487864,0.745283
n04166281_9737.jpg,0.86015415,0.8021978
00037635.jpg,0.7849537,0.7547336
00057896.jpg,0.6154925,0.6212236
00043488.jpg,0.72721887,0.7349012
00021577.jpg,0.78207725,0.5961794
00033939.jpg,0.60873055,0.7500226
00026411.jpg,0.74312973,0.762993
n02355227_15913.jpg,0.79425097,0.8839286
00027192.jpg,0.6138782,0.786523
n09468604_23607.jpg,0.6435219,0.5420561
00033729.jpg,0.79546756,0.8134422
0625a4ba200992e6.jpg,0.6340668,0.4574468
00030747.jpg,0.6745455,0.671279
000000378613.jpg,0.640417,0.7263158
000000464871.jpg,0.8292257,0.8064516
00022722.jpg,0.7573547,0.6512966
00008423.jpg,0.76350784,0.7932062
00032172.jpg,0.6961217,0.8420204
000000289040.jpg,0.7545649,0.85470086
00002168.jpg,0.66413105,0.7532776
00025716.jpg,0.7021006,0.70903
00035903.jpg,0.7011012,0.8555102
889e9b55c8ac6bf0.jpg,0.776701,0.8
n09359803_28999.jpg,0.5416999,0.48598132
00032344.jpg,0.7443542,0.8916776
00018475.jpg,0.68767715,0.5964416
00021074.jpg,0.6120305,0.8281456
00045769.jpg,0.7985456,0.7362514
00030260.jpg,0.76151675,0.7178132
00035613.jpg,0.7454759,0.8634448
00041661.jpg,0.7540011,0.634862
00047788.jpg,0.6420928,0.6162008
00044974.jpg,0.5772916,0.6716442
00032548.jpg,0.72077596,0.719259
00016339.jpg,0.5881047,0.7197804
n03790512_38630.jpg,0.73971766,0.85542166
00018445.jpg,0.82424855,0.8573368
00003773.jpg,0.5783105,0.6140756
00046766.jpg,0.6624949,0.4874076
00021942.jpg,0.78121203,0.8561486
00038320.jpg,0.635084,0.5659268
00034360.jpg,0.73999405,0.7600764
00044456.jpg,0.5739974,0.6726302
00013690.jpg,0.6219491,0.4714852
00054329.jpg,0.78636444,0.9320986
00031604.jpg,0.77075213,0.648146
00020205.jpg,0.73853236,0.7668962
00025421.jpg,0.5850751,0.6482556
00011340.jpg,0.7589472,0.6858984
00009980.jpg,0.74008185,0.6413636
n04461696_19012.jpg,0.72744834,0.64
00049544.jpg,0.72105753,0.547903
00005125.jpg,0.5930667,0.5281056
4757aebe700d4238.jpg,0.76411724,0.87777776
00047574.jpg,0.7094681,0.7524054
00014766.jpg,0.7785475,0.7671988
00017935.jpg,0.80307746,0.8106358
00036645.jpg,0.5095258,0.710088
00049555.jpg,0.80733126,0.87398
00015978.jpg,0.5811617,0.5639776
00014662.jpg,0.69711155,0.6587528
00052832.jpg,0.86808,0.8764604
00045547.jpg,0.7087707,0.6163594
00007439.jpg,0.6532886,0.7200342
00038471.jpg,0.8330927,0.5604462
000000078307.jpg,0.7692227,0.7757009
00003110.jpg,0.76066554,0.685451
00013466.jpg,0.77874637,0.9030636
00040582.jpg,0.85468924,0.738972
00036313.jpg,0.7764308,0.6702246
000000367571.jpg,0.8212186,0.9010989
00052662.jpg,0.60682976,0.6765416
00007068.jpg,0.68442994,0.7947512
00006748.jpg,0.76054156,0.890095
00021594.jpg,0.5934606,0.454765
000000083142.jpg,0.6992688,0.8606557
00018143.jpg,0.7297553,0.7355102
00020318.jpg,0.71170187,0.6846046
c5b9ff0502b34dc7.jpg,0.5680531,0.72321427
00012028.jpg,0.8618276,0.8933056
00040261.jpg,0.6939937,0.7185028
c1eeb414a921c7be.jpg,0.7135204,0.787037
00057944.jpg,0.7136177,0.765649
00037989.jpg,0.5932803,0.6402972
n02091032_1121.jpg,0.8732785,0.8541667
n09217230_815.jpg,0.64721704,0.5913978
00033439.jpg,0.8243298,0.9124954
00013211.jpg,0.8601093,0.8499374
00033496.jpg,0.7785359,0.5722886
00012257.jpg,0.6256081,0.6882496
00013918.jpg,0.7747128,0.729892
00031771.jpg,0.74794817,0.8791538
00058490.jpg,0.80379343,0.766957
00013867.jpg,0.73590875,0.8456182
00014162.jpg,0.7272748,0.7225856
00051852.jpg,0.62938946,0.6590118
00016547.jpg,0.80659115,0.8839694
00005375.jpg,0.8113714,0.9420062
00039403.jpg,0.7930602,0.8669868
00046671.jpg,0.66209877,0.682906
00017652.jpg,0.56687605,0.5286198
00002021.jpg,0.7517382,0.8724782
00021731.jpg,0.8073702,0.7666924
00024399.jpg,0.60766226,0.633352
00050994.jpg,0.7048452,0.8688746
00049557.jpg,0.725096,0.8113776
00058087.jpg,0.73289216,0.6103924
00054143.jpg,0.8100209,0.8686414
00050518.jpg,0.66748786,0.8992466
00032607.jpg,0.68730366,0.7159522
00005651.jpg,0.7420696,0.9376164
00021584.jpg,0.82931554,0.6752178
00006828.jpg,0.84171516,0.9556864
00056876.jpg,0.7472888,0.6738062
00000250.jpg,0.71612155,0.6327994
00030834.jpg,0.56132555,0.6524644
00016757.jpg,0.8987152,0.7750494
000000296984.jpg,0.74379194,0.73195875
00010503.jpg,0.7317295,0.9586196
00049693.jpg,0.7588378,0.797589
n02396427_11973.jpg,0.8012924,0.87356323
00019659.jpg,0.8021359,0.8010644
00030378.jpg,0.7378332,0.770932
00009190.jpg,0.60257536,0.5137764
00028136.jpg,0.500869,0.6215498
00049668.jpg,0.8117013,0.8287842
00058225.jpg,0.7152078,0.8812664
00050196.jpg,0.7243539,0.8475154
00020170.jpg,0.78825384,0.857003
00039430.jpg,0.77093846,0.768384
00000593.jpg,0.8618374,0.8567016
000000362005.jpg,0.69195807,0.86021507
00048797.jpg,0.79351705,0.7047834
00044160.jpg,0.7580904,0.8886048
00032722.jpg,0.6935431,0.8335272
00036274.jpg,0.7426454,0.5012814
00000291.jpg,0.773005,0.8653738
00024517.jpg,0.67310905,0.8831908
00033484.jpg,0.8750789,0.8391338
00021974.jpg,0.7055248,0.7094474
00057872.jpg,0.747349,0.7876414
ae94118f9beaa808.jpg,0.7274915,0.9230769
00008100.jpg,0.9155061,0.7853884
00017513.jpg,0.5852147,0.5613602
00044110.jpg,0.6530063,0.7197954
00047378.jpg,0.7690254,0.5658778
00025868.jpg,0.81780547,0.620983
00030845.jpg,0.8558286,0.9474926
00043449.jpg,0.7670704,0.8299932
n00468480_7838.jpg,0.8244803,0.7378641
00004545.jpg,0.822294,0.859377
00022305.jpg,0.7591201,0.7834346
00027700.jpg,0.82486707,0.8188906
00002989.jpg,0.8772516,0.9424018
00022946.jpg,0.76257384,0.9267022
00046839.jpg,0.7160808,0.8767678
00004914.jpg,0.75290096,0.7898736
00025380.jpg,0.8722932,0.7451384
b758d8693bf30491.jpg,0.8119867,0.6732673
00007612.jpg,0.7824396,0.679762
00017480.jpg,0.64714694,0.5967104
00003140.jpg,0.73799664,0.6599566
sun_aqbpztfbkpkfbxqx.jpg,0.61999637,0.6122449
00023881.jpg,0.8814167,0.885403
00011614.jpg,0.73435974,0.647202
00007043.jpg,0.76190484,0.8136448
00010200.jpg,0.80649096,0.8444792
00031673.jpg,0.78243995,0.9013826
n02878222_30785.jpg,0.6611855,0.6952381
00019074.jpg,0.60332865,0.5306272
00058601.jpg,0.77147293,0.7722974
00031345.jpg,0.7715733,0.9256854
n09289331_7730.jpg,0.53838015,0.33333334
00014997.jpg,0.72112715,0.703446
00007010.jpg,0.79873824,0.8247384
00017092.jpg,0.78557175,0.7997132
00055738.jpg,0.7328379,0.7239662
00014321.jpg,0.6544125,0.6552274
00040404.jpg,0.7961621,0.7428056
00028953.jpg,0.630244,0.5518746
00009569.jpg,0.68725,0.7705392
00014144.jpg,0.7083423,0.8445854
00001129.jpg,0.6961186,0.8466036
00048886.jpg,0.8165836,0.8603058
00012691.jpg,0.6979345,0.7933534
00023005.jpg,0.64189374,0.6457272
000000156500.jpg,0.8181534,0.85714287
00023295.jpg,0.8402687,0.9638742
00039793.jpg,0.7825592,0.7087268
00010099.jpg,0.81945056,0.8193058
00030375.jpg,0.80013454,0.871517
00027963.jpg,0.7643224,0.7492584
00025128.jpg,0.7449124,0.5577866
00006123.jpg,0.7411104,0.9055646
00001741.jpg,0.79206985,0.7871744
3c4e294f8d735775.jpg,0.66216475,0.8034188
00030757.jpg,0.79687303,0.8491892
n07863374_18299.jpg,0.8506679,0.91
00058664.jpg,0.7982787,0.7944574
00034574.jpg,0.64702123,0.5666854
00018537.jpg,0.7901783,0.8300928
00029558.jpg,0.71182495,0.6848412
00009463.jpg,0.620767,0.7684894
00026553.jpg,0.6447154,0.8857594
00053703.jpg,0.68556166,0.8505504
n07863374_17652.jpg,0.79211116,0.84042555
00015000.jpg,0.7016846,0.7727754
00030600.jpg,0.72848105,0.8551916
00010119.jpg,0.7374988,0.6219812
00006157.jpg,0.80884093,0.80371
00033473.jpg,0.61066735,0.6080072
00034597.jpg,0.7983216,0.7889604
00017687.jpg,0.8416085,0.8989098
00036048.jpg,0.8052993,0.8893908
00045459.jpg,0.76344275,0.7485304
00040331.jpg,0.7170635,0.6615778
00028761.jpg,0.69340557,0.7923132
00038498.jpg,0.7054697,0.6855738
00031898.jpg,0.82347924,0.7124116
n09468604_31670.jpg,0.5334501,0.54385966
00013768.jpg,0.6968875,0.7698616
00014491.jpg,0.6202202,0.6433288
00042563.jpg,0.7641709,0.6748946
00031853.jpg,0.5969597,0.5785482
00015071.jpg,0.556917,0.660134
00054956.jpg,0.8122754,0.8853718
00042664.jpg,0.78479075,0.6579862
00052372.jpg,0.77864134,0.7296644
00018685.jpg,0.85198444,0.9413422
705a34e58044ec9f.jpg,0.77147007,0.8703704
00038769.jpg,0.84633255,0.762048
00026543.jpg,0.7874331,0.8550128
n03512147_1888.jpg,0.612888,0.7906977
00025521.jpg,0.8030316,0.9022064
n04610013_2600.jpg,0.66138566,0.65
00027660.jpg,0.7943656,0.8940756
n07720875_3236.jpg,0.84734935,0.8924731
00036434.jpg,0.6320658,0.6926126
00034789.jpg,0.599229,0.600677
00046150.jpg,0.8472091,0.720186
00014475.jpg,0.68472254,0.8732666
00052034.jpg,0.7611796,0.8221062
00041989.jpg,0.6465504,0.7958876
00057420.jpg,0.6233129,0.8025956
00015269.jpg,0.7296531,0.8678828
000000362563.jpg,0.79030573,0.78431374
00055493.jpg,0.77197516,0.866879
00006276.jpg,0.7167095,0.8109288
00008280.jpg,0.7798489,0.8948852
00029173.jpg,0.6048523,0.6233048
00027525.jpg,0.7841053,0.811336
00016416.jpg,0.8761965,0.8001768
00050273.jpg,0.7319399,0.7144576
000000014835.jpg,0.76175964,0.86
00031043.jpg,0.5583908,0.547388
00004165.jpg,0.81248313,0.9184274
00003538.jpg,0.62065816,0.371769
00036581.jpg,0.6324776,0.7942098
n02450034_10320.jpg,0.81888676,0.8181818
00036124.jpg,0.72667205,0.6559314
00029382.jpg,0.78593016,0.892191
00015619.jpg,0.7974526,0.6479922
00005423.jpg,0.56184125,0.541905
00006251.jpg,0.8712588,0.7941826
n07880968_5202.jpg,0.8606381,0.9
00053063.jpg,0.7957335,0.9360946
n07801508_897.jpg,0.8228047,0.96842104
00042857.jpg,0.7918416,0.7381252
n07720875_10162.jpg,0.8025681,0.7619048
n02118333_10716.jpg,0.7279687,0.8367347
00015589.jpg,0.7876661,0.798883
00010568.jpg,0.56203246,0.5642624
00014003.jpg,0.61332065,0.6429488
00007415.jpg,0.6692667,0.670246
00002373.jpg,0.8577489,0.842739
00003909.jpg,0.76473784,0.8386986
000000040890.jpg,0.7995508,0.7938144
n01791625_17466.jpg,0.8014439,0.8148148
00056467.jpg,0.5952381,0.8072032
00022936.jpg,0.77653056,0.8019432
00048763.jpg,0.7313969,0.7891658
00014041.jpg,0.792577,0.9665296
n09308572_6103.jpg,0.50931054,0.81914896
00022774.jpg,0.828715,0.7068866
00004277.jpg,0.7399364,0.788645
00017353.jpg,0.56661975,0.5209928
000000132161.jpg,0.86767966,0.90625
00028571.jpg,0.6949264,0.7308832
00037347.jpg,0.7341906,0.7462078
n00470966_25827.jpg,0.7835051,0.7876106
00056372.jpg,0.7672881,0.837353
00000160.jpg,0.609149,0.6693912
00054988.jpg,0.77584445,0.9734086
00042416.jpg,0.79114103,0.7521032
00034493.jpg,0.71769285,0.7678474
00049702.jpg,0.56317,0.6170376
00003124.jpg,0.5603998,0.6930388
000000018534.jpg,0.59088683,0.6781609
00027748.jpg,0.6515168,0.8455786
00034287.jpg,0.6138741,0.6247836
00000901.jpg,0.81546915,0.907371
00038699.jpg,0.66528696,0.619608
n07911677_539.jpg,0.72938883,0.9183673
00029035.jpg,0.7509588,0.8131302
00037501.jpg,0.6985838,0.8177154
00009688.jpg,0.70544314,0.754782
00037409.jpg,0.64777684,0.6569172
00018372.jpg,0.8768261,0.8519794
00051298.jpg,0.8577967,0.7813154
00034483.jpg,0.58425885,0.785641
00039924.jpg,0.80250704,0.6430296
00053818.jpg,0.751506,0.730246
00029008.jpg,0.6947228,0.8144234
000000244846.jpg,0.8411565,0.95098037
00000419.jpg,0.7855005,0.712822
n07583197_6842.jpg,0.84552443,0.8787879
00022403.jpg,0.79122806,0.8794708
00057060.jpg,0.7307047,0.7814956
00048943.jpg,0.56982565,0.4845234
00027955.jpg,0.77291995,0.7325624
00056291.jpg,0.7096604,0.8270592
00030242.jpg,0.94176567,0.840758
00037668.jpg,0.65715075,0.7621028
00029311.jpg,0.57276756,0.704355
00051123.jpg,0.7089645,0.7227246
00043938.jpg,0.69446003,0.6230328
00011141.jpg,0.68986917,0.9061886
00016803.jpg,0.8127807,0.957112
00017581.jpg,0.84127325,0.719101
00037838.jpg,0.6626005,0.8465922
00011891.jpg,0.7822131,0.786784
00058649.jpg,0.7592354,0.6214196
00021150.jpg,0.78824043,0.825618
00009191.jpg,0.6493205,0.4392186
00047956.jpg,0.7800652,0.6901642
00030703.jpg,0.65494895,0.7220444
00039194.jpg,0.8524864,0.8314506
00010653.jpg,0.58478993,0.6818936
00050590.jpg,0.71601987,0.7999918
00001095.jpg,0.7973671,0.922554
n02332755_948.jpg,0.7569454,0.88990825
n07698672_1483.jpg,0.81156945,0.66292137
00053026.jpg,0.8276342,0.822512
00028096.jpg,0.64311206,0.6901604
00041801.jpg,0.8403587,0.7069406
00012889.jpg,0.7510313,0.6443838
n02932891_10246.jpg,0.6583446,0.697479
00001352.jpg,0.7469303,0.932438
00058104.jpg,0.72735155,0.85031
n07654148_18263.jpg,0.80594856,0.8817204
00052902.jpg,0.7777512,0.9057422
00003792.jpg,0.7663504,0.8507542
00045542.jpg,0.77564037,0.871586
00047384.jpg,0.7374301,0.7571128
00054179.jpg,0.7275733,0.8284672
00029001.jpg,0.8787166,0.8049062
00029065.jpg,0.8239919,0.8271334
00017781.jpg,0.8233222,0.7901134
00017118.jpg,0.58254427,0.6226546
5df8c1d42709cdda.jpg,0.5451483,0.52577317
00035925.jpg,0.7216263,0.8070678
00043470.jpg,0.8176075,0.6723506
000000133837.jpg,0.73106194,0.74747473
00021421.jpg,0.7753751,0.8202468
00002996.jpg,0.82676584,0.8665238
00046181.jpg,0.68409586,0.835368
00030103.jpg,0.6384423,0.6199544
00050198.jpg,0.6173778,0.743443
00015011.jpg,0.71210074,0.6550454
00031119.jpg,0.7908263,0.8559494
00020043.jpg,0.7216566,0.8865534
00034386.jpg,0.7490887,0.6114104
00030276.jpg,0.756851,0.764132
00007392.jpg,0.6731554,0.7752704
00018486.jpg,0.7046772,0.7066442
00013948.jpg,0.68984425,0.7552086
00013846.jpg,0.68103814,0.6896342
00014834.jpg,0.63169694,0.741816
00011655.jpg,0.69361883,0.6951102
00038122.jpg,0.60144204,0.583168
00031490.jpg,0.62311864,0.5236604
00012714.jpg,0.8108169,0.8202298
00045939.jpg,0.7002454,0.7083458
00053236.jpg,0.736444,0.8351028
02208a6a6d4b110c.jpg,0.5343217,0.5217391
00052698.jpg,0.8161901,0.8003438
00015390.jpg,0.7594323,0.7040988
00029915.jpg,0.78832245,0.6309638
00012998.jpg,0.78024083,0.8488134
00047353.jpg,0.7535668,0.5688758
00041860.jpg,0.7880112,0.8287374
00050397.jpg,0.8855072,0.8313172
000000278665.jpg,0.75043875,0.6956522
00024128.jpg,0.87256694,0.9449428
00008157.jpg,0.64090943,0.8239694
00024140.jpg,0.73310274,0.5655304
000000039516.jpg,0.8174328,0.87096775
00048623.jpg,0.82477826,0.7436556
00031027.jpg,0.7324953,0.7101708
00001002.jpg,0.6583886,0.7593486
00036994.jpg,0.60489315,0.703001
9abd18b0c7220a0d.jpg,0.61939394,0.6354167
00049069.jpg,0.8312765,0.9024216
00034123.jpg,0.57071245,0.7997634
00022239.jpg,0.5674656,0.638854
6c2d44f9a68bbe96.jpg,0.58249795,0.6698113
00001903.jpg,0.6870482,0.7147254
00031638.jpg,0.74538195,0.8165334
000000278437.jpg,0.7294441,0.7263158
n07717556_957.jpg,0.7523074,0.8761062
00027385.jpg,0.67915404,0.9122988
00036297.jpg,0.6350148,0.6325468
00011365.jpg,0.6278119,0.7063882
00004925.jpg,0.60237664,0.629302
00043399.jpg,0.7358506,0.6931024
00041880.jpg,0.8194749,0.9340078
00018469.jpg,0.7620895,0.7839292
00002449.jpg,0.7483028,0.8048062
00014032.jpg,0.7392123,0.748667
00033688.jpg,0.7325561,0.713033
00035175.jpg,0.73617256,0.7197756
00002937.jpg,0.65492815,0.859779
00050075.jpg,0.75809216,0.9293348
00014246.jpg,0.87053883,0.972067
00055455.jpg,0.63909674,0.5276124
00041111.jpg,0.6613678,0.7495358
n09468604_15732.jpg,0.5646594,0.43269232
00052238.jpg,0.56906074,0.555136
n04610013_17599.jpg,0.6256395,0.556701
00055921.jpg,0.7753792,0.8785534
00000338.jpg,0.6981384,0.7829816
00008097.jpg,0.8294074,0.8870458
00014742.jpg,0.6155037,0.6873422
00020293.jpg,0.7633421,0.7759286
n01846331_3530.jpg,0.76471853,0.7413793
00054200.jpg,0.74768806,0.8343108
00015748.jpg,0.6919208,0.826713
00051886.jpg,0.7495395,0.8122588
00030953.jpg,0.84513307,0.8577228
00036559.jpg,0.58200353,0.6368694
00024034.jpg,0.9067422,0.8384648
00039464.jpg,0.71449316,0.9070538
00010995.jpg,0.8047818,0.8363936
n03791053_2009.jpg,0.72835183,0.7614679
00005078.jpg,0.74644613,0.5550196
00050568.jpg,0.5897035,0.703721
00054623.jpg,0.76286125,0.6360058
00043882.jpg,0.6196258,0.8046514
00008216.jpg,0.8517321,0.879555
00024314.jpg,0.7300476,0.6965238
00048015.jpg,0.6955553,0.667603
00043072.jpg,0.73060906,0.6937302
00053057.jpg,0.77140296,0.7764388
n07849336_22025.jpg,0.8692552,0.8301887
n07911677_3536.jpg,0.71795934,0.9569892
00050163.jpg,0.8374183,0.7532386
00016576.jpg,0.5877509,0.4533842
00032679.jpg,0.7744578,0.8260108
00055879.jpg,0.7798861,0.8064054
00025237.jpg,0.76326144,0.8023432
83b7de7cc77bedd8.jpg,0.7773515,0.6744186
00026460.jpg,0.72507405,0.9267764
n02324045_29023.jpg,0.7248634,0.83
00001322.jpg,0.7282533,0.8278464
00036933.jpg,0.7088183,0.589183
sun_ahhlccroxiadjixl.jpg,0.54903823,0.28301886
00041214.jpg,0.90635836,0.886692
00033830.jpg,0.7058844,0.7089904
00019607.jpg,0.7461391,0.8846236
00058314.jpg,0.79266506,0.7536932
00042856.jpg,0.77019775,0.713812
00020680.jpg,0.6487398,0.4846672
00000929.jpg,0.74855214,0.7749172
00024281.jpg,0.8458941,0.889898
00056281.jpg,0.6642531,0.6476156
00034305.jpg,0.6962165,0.6399712
n02793495_1919.jpg,0.58655274,0.7352941
00052181.jpg,0.7556607,0.733449
00033451.jpg,0.75165987,0.7510088
00040656.jpg,0.6565659,0.7897806
00043021.jpg,0.7780537,0.8696032
00047421.jpg,0.76077485,0.7564414
00002041.jpg,0.79288006,0.6236254
00003465.jpg,0.8023654,0.9361964
00004575.jpg,0.80073875,0.6999056
00026517.jpg,0.80039465,0.6242676
00051940.jpg,0.79613626,0.8403196
00026389.jpg,0.78656596,0.7755968
00001397.jpg,0.6790943,0.7298192
00038078.jpg,0.71987134,0.7702374
00007776.jpg,0.79343545,0.819377
00000932.jpg,0.88000524,0.890779
00055052.jpg,0.806406,0.777941
00031850.jpg,0.83023,0.7677754
00016690.jpg,0.7170595,0.7451946
00005330.jpg,0.7739295,0.910804
00016404.jpg,0.77740014,0.8491216
00045887.jpg,0.77547204,0.9112206
00031265.jpg,0.887553,0.9027466
00031672.jpg,0.77235013,0.826644
00033938.jpg,0.6704319,0.5107644
00002195.jpg,0.7961823,0.7952602
00035534.jpg,0.7716632,0.7599354
00014734.jpg,0.68317187,0.8371914
00016561.jpg,0.52915496,0.6961748
00050367.jpg,0.90584433,0.7970052
00009708.jpg,0.6162275,0.7177858
00020931.jpg,0.80398905,0.7838528
00023705.jpg,0.6767672,0.8277984
00055316.jpg,0.6462749,0.7852042
00026876.jpg,0.8039986,0.6911904
00052136.jpg,0.6926029,0.8489928
00046966.jpg,0.75079274,0.6208396
00000981.jpg,0.777103,0.8292964
00014211.jpg,0.5835021,0.4065522
00034656.jpg,0.73146665,0.7198028
00035867.jpg,0.71427554,0.5739198
00053345.jpg,0.8375752,0.8384914
00018484.jpg,0.7857505,0.8259584
00019919.jpg,0.70179963,0.652464
00024507.jpg,0.85273767,0.7804182
00052924.jpg,0.8863521,0.928621
00052046.jpg,0.76346666,0.854866
00005949.jpg,0.82063043,0.8367374
00030909.jpg,0.6680263,0.8271516
n04166281_927.jpg,0.77178836,0.74444443
00037660.jpg,0.6583816,0.8103896
00019444.jpg,0.79999244,0.9116828
00042699.jpg,0.7761522,0.674797
00026557.jpg,0.8452821,0.8613338
00040928.jpg,0.7577012,0.681903
00011049.jpg,0.8023561,0.6038028
n02691156_6870.jpg,0.7279811,0.7019231
00004638.jpg,0.74810547,0.7179748
00057987.jpg,0.7138593,0.7292282
00035091.jpg,0.5869788,0.6077668
00011731.jpg,0.5449316,0.6201756
00009958.jpg,0.76168966,0.7889512
00058099.jpg,0.7738302,0.909923
00001957.jpg,0.8128775,0.7479974
00007843.jpg,0.71473163,0.8590044
00041011.jpg,0.58742607,0.471483
00057209.jpg,0.79260343,0.930273
n02129165_992.jpg,0.8024689,0.82857144
00056018.jpg,0.87287015,0.8451706
n03541923_5874.jpg,0.64072067,0.67676765
00043742.jpg,0.7742982,0.851438
n02342885_13864.jpg,0.7703066,0.8487395
00004007.jpg,0.67422897,0.5808378
00004646.jpg,0.6520121,0.6517688
00056075.jpg,0.8037464,0.9403044
00047595.jpg,0.80468297,0.6630604
00042168.jpg,0.8148997,0.8303592
n03594945_7419.jpg,0.74715894,0.7263158
00058460.jpg,0.7872222,0.759177
00011142.jpg,0.85206425,0.9172986
00032480.jpg,0.5450139,0.628376
df1a1069546aaebe.jpg,0.5859113,0.7904762
00053544.jpg,0.55866635,0.5892954
00007566.jpg,0.77016914,0.7467466
00051496.jpg,0.71034217,0.8287722
n04461696_2315.jpg,0.6974976,0.61538464
00046214.jpg,0.7644942,0.91614
00030865.jpg,0.65757537,0.6095818
00015817.jpg,0.73883003,0.9447382
00040260.jpg,0.7300545,0.7259938
2c06e792a2b5823c.jpg,0.6064205,0.6168224
00007930.jpg,0.81588876,0.7810258
00008902.jpg,0.7085779,0.8898222
n04349306_5257.jpg,0.759295,0.8674699
00034476.jpg,0.69409025,0.75273
feb2c1b891915ffa.jpg,0.8428104,0.7826087
00026886.jpg,0.6887852,0.7902094
00006513.jpg,0.6811641,0.7114636
00026258.jpg,0.80042607,0.8389674
00027271.jpg,0.7693201,0.685519
00021792.jpg,0.6148133,0.7122582
00004316.jpg,0.6104328,0.6813116
00055029.jpg,0.999383,0.8722684
00016808.jpg,0.7935598,0.7522318
00025848.jpg,0.5042948,0.876221
00022307.jpg,0.8053193,0.7297346
00045667.jpg,0.6652157,0.6389864
00046308.jpg,0.8287744,0.9073966
00012617.jpg,0.6376939,0.5177754
00002378.jpg,0.84875745,0.9123562
00038143.jpg,0.64982295,0.769282
00034754.jpg,0.6757389,0.5680382
00035243.jpg,0.76077056,0.7019994
00052495.jpg,0.6350483,0.6254528
00046447.jpg,0.784569,0.663271
00029953.jpg,0.86158216,0.859018
000000061779.jpg,0.70524573,0.7777778
00032791.jpg,0.7148422,0.753575
00009212.jpg,0.57501334,0.7050054
00001816.jpg,0.8182806,0.8539514
00055538.jpg,0.59169793,0.6769246
00020382.jpg,0.74417114,0.7811286
00028460.jpg,0.69636595,0.8170814
00019706.jpg,0.73710626,0.6261074
00021140.jpg,0.80113816,0.6956656
00030406.jpg,0.71216404,0.773216
00006905.jpg,0.5944754,0.7527636
00043755.jpg,0.6898967,0.7382664
00034739.jpg,0.6168237,0.6193068
00030646.jpg,0.5904627,0.6857324
00015409.jpg,0.5951918,0.7596994
00001541.jpg,0.84519994,0.9115962
00046162.jpg,0.6675168,0.7267168
00046450.jpg,0.7580037,0.8333
00035148.jpg,0.6018007,0.6684296
n03512147_5436.jpg,0.64917284,0.7117117
00021170.jpg,0.67377865,0.7287488
00017053.jpg,0.7728898,0.7455118
00053522.jpg,0.72643137,0.8986432
00035346.jpg,0.7897441,0.6822004
1bd904846b4ac438.jpg,0.83149725,0.84761906
00024810.jpg,0.80260396,0.808465
00033531.jpg,0.7422788,0.7750732
00039571.jpg,0.7807479,0.7915162
00008345.jpg,0.7017962,0.7042998
00042639.jpg,0.58610845,0.4857146
00033392.jpg,0.74952763,0.8848092
00015980.jpg,0.7397954,0.9230482
00024381.jpg,0.77693444,0.821473
00022808.jpg,0.7936715,0.7363324
00020012.jpg,0.8080129,0.6556326
00046925.jpg,0.6949054,0.7663462
00002879.jpg,0.73221356,0.9409768
00012831.jpg,0.78886515,0.7579124
00005771.jpg,0.67258674,0.5527788
00055759.jpg,0.6937198,0.6948108
00001929.jpg,0.79521495,0.7494378
00000087.jpg,0.7778088,0.7986174
00041213.jpg,0.91314584,0.7436384
00050864.jpg,0.8014965,0.8770142
00006160.jpg,0.73628736,0.8392308
00047374.jpg,0.7724774,0.62299
00055569.jpg,0.63713944,0.503772
00001575.jpg,0.81523323,0.8638872
00002228.jpg,0.6764697,0.6510288
00045033.jpg,0.75093526,0.7811612
00043365.jpg,0.72278035,0.6738938
n02932891_37818.jpg,0.6694683,0.625
00033122.jpg,0.8030405,0.7679092
00038634.jpg,0.66477966,0.5806034
00056152.jpg,0.75665,0.8333106
00007083.jpg,0.7625954,0.7217624
00014001.jpg,0.8301817,0.8463862
00033026.jpg,0.69713175,0.6160564
00045647.jpg,0.8262731,0.5268982
000000234475.jpg,0.7697414,0.87288135
00000002.jpg,0.6071053,0.6524204
00005144.jpg,0.7335521,0.7066078
n07838073_5903.jpg,0.8465004,0.74766356
8b932b1337db7e2a.jpg,0.83811176,0.87058824
00003257.jpg,0.6922479,0.8647088
95cddaef02ea78b0.jpg,0.58006155,0.42574257
00049789.jpg,0.8219259,0.7950306
00040466.jpg,0.6453914,0.6574264
00043181.jpg,0.7544613,0.87547
00040199.jpg,0.7793843,0.7696364
00034867.jpg,0.64646685,0.4928858
00024311.jpg,0.84061396,0.9498102
00023109.jpg,0.68944144,0.6086402
00027316.jpg,0.76665205,0.8056042
n09288635_798.jpg,0.68170893,0.6909091
n04349306_7930.jpg,0.6898575,0.8039216
00002516.jpg,0.7890333,0.8208504
00041074.jpg,0.7379841,0.859944
00011167.jpg,0.6600676,0.7413588
00026519.jpg,0.7984435,0.7346016
00005591.jpg,0.68565094,0.7164356
00008880.jpg,0.759233,0.8246394
00041640.jpg,0.7023891,0.8532464
00001566.jpg,0.7498636,0.7833918
00019568.jpg,0.88712466,0.9032738
03fb5628ea9fc281.jpg,0.7285681,0.7241379
00008140.jpg,0.82029885,0.7497416
00024536.jpg,0.7135312,0.776724
00027961.jpg,0.6944331,0.7046746
00015080.jpg,0.78580034,0.7304004
00022414.jpg,0.75466466,0.8897398
c810fffff069e9ff.jpg,0.697675,0.8
00043421.jpg,0.751119,0.8155282
00001491.jpg,0.7521746,0.770887
00028033.jpg,0.6995911,0.7482646
n07893642_7275.jpg,0.6887021,0.8695652
00003571.jpg,0.79678035,0.7263772
00054132.jpg,0.71541834,0.7697572
00021826.jpg,0.69356847,0.6175692
00011773.jpg,0.692968,0.6538556
00027631.jpg,0.816769,0.864863
00017750.jpg,0.6272313,0.660671
000000016465.jpg,0.71288455,0.72727275
00032648.jpg,0.7161869,0.7942956
00050013.jpg,0.6755981,0.7639394
00042454.jpg,0.8119868,0.7934478
00034472.jpg,0.7024813,0.6116682
000000263104.jpg,0.671425,0.7894737
00029400.jpg,0.77721226,0.7933106
00018116.jpg,0.6312789,0.7482192
000000567057.jpg,0.70662975,0.8181818
0618cd4758301cb9.jpg,0.53493804,0.50526315
00031685.jpg,0.7084006,0.8115372
00012092.jpg,0.79569435,0.7965772
00037072.jpg,0.5871725,0.4836882
00030543.jpg,0.7497916,0.8662272
00053552.jpg,0.76804125,0.7917772
00011269.jpg,0.83311766,0.8436296
00054908.jpg,0.8371117,0.9318496
00057446.jpg,0.9160633,0.718075
00022429.jpg,0.74155533,0.7823802
n02129165_22110.jpg,0.8055283,0.7345133
n01811909_9035.jpg,0.76444274,0.88073397
00011000.jpg,0.67177814,0.6206948
00040479.jpg,0.77993715,0.746038
00043712.jpg,0.81026995,0.693396
00024286.jpg,0.5825689,0.5319346
00017731.jpg,0.7339956,0.6514388
00031260.jpg,0.7751466,0.847628
00009185.jpg,0.8350507,0.5818146
000000067823.jpg,0.79731333,0.6818182
00000832.jpg,0.7777772,0.8508904
00035556.jpg,0.49948686,0.6584898
00007150.jpg,0.68541276,0.6211106
00033796.jpg,0.5875758,0.6495818
00048333.jpg,0.8946622,0.7284364
n07911677_5425.jpg,0.8117626,0.83157897
00019808.jpg,0.5809619,0.6995586
00054771.jpg,0.7740207,0.7666476
00002651.jpg,0.8844192,0.7389208
00034395.jpg,0.6467414,0.5997632
n04610013_10495.jpg,0.59939307,0.6486486
00005660.jpg,0.76764476,0.8234434
00027822.jpg,0.7774229,0.7851102
n02878222_18070.jpg,0.62258184,0.61
n02878222_13850.jpg,0.66545314,0.7395833
00006018.jpg,0.7451356,0.8283266
00058249.jpg,0.6998768,0.7151052
00022254.jpg,0.7764871,0.824396
00019554.jpg,0.77737224,0.9579262
00040099.jpg,0.7838004,0.702764
00024367.jpg,0.5911319,0.6377588
00000552.jpg,0.8043653,0.7232828
00026654.jpg,0.75915813,0.8288736
00027709.jpg,0.52589965,0.538762
00016966.jpg,0.72201836,0.797706
n07583197_6672.jpg,0.8346915,0.88235295
00057992.jpg,0.8075284,0.8907444
00044866.jpg,0.79086834,0.66057
00055235.jpg,0.72683823,0.7242758
000000253395.jpg,0.7989299,0.8488372
00003819.jpg,0.780781,0.8303302
00050881.jpg,0.8546437,0.8405134
00012908.jpg,0.6659074,0.8095018
00002203.jpg,0.797214,0.8861134
00052569.jpg,0.8034382,0.8657026
00038146.jpg,0.65686667,0.7323512
00005585.jpg,0.7034791,0.668128
00027811.jpg,0.7588159,0.8461664
00042021.jpg,0.8080585,0.933366
00046532.jpg,0.7507583,0.7822066
00042745.jpg,0.7847905,0.856925
00038477.jpg,0.6082257,0.7264854
00041782.jpg,0.8168704,0.8989738
00018657.jpg,0.82913506,0.8127684
00034082.jpg,0.6584517,0.6323892
00025746.jpg,0.6651841,0.8054234
00047538.jpg,0.85279214,0.8650732
00016359.jpg,0.7992312,0.7616536
00051049.jpg,0.70868516,0.808489
n07929519_35662.jpg,0.83776295,0.72
00011679.jpg,0.75232124,0.8131818
00028520.jpg,0.7825446,0.9099208
00028760.jpg,0.6512726,0.8270306
00046146.jpg,0.7220346,0.6260402
00029521.jpg,0.7840445,0.8546308
00048674.jpg,0.7411844,0.8115608
00014968.jpg,0.6029033,0.7344088
00029817.jpg,0.7820542,0.9148834
00040997.jpg,0.6526158,0.5571932
00053269.jpg,0.82085377,0.8697724
00046050.jpg,0.7855153,0.7873742
00039662.jpg,0.7306379,0.7980296
00031212.jpg,0.75872856,0.8282612
sun_aejcebvykjvhuget.jpg,0.6736171,0.5326087
00041637.jpg,0.6853341,0.5955666
00011862.jpg,0.85593927,0.7252288
000000055469.jpg,0.670843,0.76344085
00008435.jpg,0.82547605,0.6815776
00037475.jpg,0.51184106,0.5529426
00044842.jpg,0.6705087,0.8344212
00009955.jpg,0.6504717,0.8981124
00015799.jpg,0.81659377,0.7427882
00018169.jpg,0.83142436,0.8739806
00030619.jpg,0.7850721,0.9869092
00011315.jpg,0.79335874,0.8659856
000000436203.jpg,0.62556124,0.7079646
n00439826_6314.jpg,0.8586495,0.7314815
sun_ayesjxhptorufemh.jpg,0.6015222,0.60465115
00045751.jpg,0.650579,0.7631486
00008657.jpg,0.82129514,0.8346966
00038365.jpg,0.61936414,0.63875
00012056.jpg,0.80047923,0.8611608
00053357.jpg,0.5997087,0.8237288
00050804.jpg,0.67912006,0.6213798
n04335435_23800.jpg,0.65502346,0.8433735
00007681.jpg,0.739313,0.5864336
00026953.jpg,0.76469195,0.6998126
00058119.jpg,0.8056113,0.9293654
n04461696_3759.jpg,0.7474868,0.75
00020782.jpg,0.77489334,0.8450358
00005689.jpg,0.90472406,0.9488562
n07801091_51542.jpg,0.6035874,0.6179775
00043685.jpg,0.7465458,0.679545
00031621.jpg,0.6686391,0.6070818
00044771.jpg,0.7478703,0.655254
00056100.jpg,0.6498899,0.5897994
00015188.jpg,0.87666976,0.7892304
00015339.jpg,0.80156094,0.8504666
00058330.jpg,0.8135592,0.9022986
00009180.jpg,0.7151965,0.7749564
n07711569_5653.jpg,0.7748393,0.9396552
00056853.jpg,0.8559261,0.881997
00051611.jpg,0.726199,0.8034
00003981.jpg,0.86993885,0.7742808
00014135.jpg,0.6188365,0.4491618
n09288635_10214.jpg,0.67478144,0.8372093
00013907.jpg,0.72666174,0.8655368
00032986.jpg,0.78375936,0.8588998
00034506.jpg,0.6646061,0.4073138
sun_bzlmupmmiqdoxiio.jpg,0.5811052,0.34408602
00025637.jpg,0.68985605,0.5793114
00047952.jpg,0.6309183,0.7110662
00009974.jpg,0.7818372,0.8863606
00026641.jpg,0.8486302,0.8087534
00046222.jpg,0.5150172,0.501901
00055540.jpg,0.6741669,0.6234504
00009160.jpg,0.76221156,0.8313426
00024526.jpg,0.8865824,0.8915194
00019306.jpg,0.6639767,0.716565
00025370.jpg,0.6836426,0.6942148
00006941.jpg,0.6848052,0.8411494
00051485.jpg,0.7624408,0.7461382
00051398.jpg,0.58062804,0.6255254
00040690.jpg,0.80924195,0.8241088
00031414.jpg,0.665694,0.7492364
00003644.jpg,0.8128369,0.9158622
00022962.jpg,0.7518028,0.671623
00052358.jpg,0.84499776,0.7981776
00019704.jpg,0.7343216,0.5769288
00030633.jpg,0.5894158,0.6300154
n09288635_25124.jpg,0.63758767,0.54444444
00050647.jpg,0.7365252,0.6714714
000000402362.jpg,0.7773273,0.75
00013357.jpg,0.8298398,0.923188
00054662.jpg,0.88728637,0.862925
00004068.jpg,0.752288,0.7511284
00007367.jpg,0.723866,0.5934002
00056144.jpg,0.7739949,0.4599642
00020331.jpg,0.85569465,0.9650128
00001345.jpg,0.6133994,0.570327
00005060.jpg,0.7789937,0.8344434
00017607.jpg,0.730773,0.6410116
00009076.jpg,0.8000807,0.739294
n07893642_18209.jpg,0.7612853,0.8854167
00036683.jpg,0.6999247,0.8367862
00021289.jpg,0.74164987,0.8155648
2d3e71fb4b3ff54c.jpg,0.5746114,0.6699029
00025607.jpg,0.8052355,0.6496744
00034452.jpg,0.7473397,0.7608154
00025949.jpg,0.65755594,0.6664738
00033466.jpg,0.76163185,0.91225
00034807.jpg,0.68241996,0.813861
00014418.jpg,0.78798413,0.8862484
00017426.jpg,0.63709617,0.5926826
00047782.jpg,0.77811235,0.8222806
00033151.jpg,0.5926437,0.6362276
00003240.jpg,0.84478915,0.8377032
sun_ajgxbesgeiwalpxd.jpg,0.5349331,0.6262626
00024187.jpg,0.57739025,0.6903646
00053967.jpg,0.8142972,0.6952648
n04465501_7737.jpg,0.6875584,0.6979167
000000367007.jpg,0.8161621,0.79591835
00035465.jpg,0.66528475,0.8179922
n03670208_36693.jpg,0.7549834,0.6909091
00037804.jpg,0.70949996,0.7297736
00013440.jpg,0.47906253,0.5816786
000000348107.jpg,0.7358475,0.68
00016665.jpg,0.79971683,0.9337554
00034532.jpg,0.6761627,0.4576094
00034769.jpg,0.8470974,0.8394784
00019765.jpg,0.6943356,0.805861
00014141.jpg,0.8142144,0.8151956
00043778.jpg,0.8237866,0.8122654
00012562.jpg,0.73764706,0.8651266
00031851.jpg,0.5995154,0.6482596
sun_bzmowxxstqyyqvns.jpg,0.6797887,0.7358491
00010598.jpg,0.8374802,0.8082736
00009453.jpg,0.7383734,0.3594166
n07690273_20834.jpg,0.8292903,0.9318182
n01791625_12250.jpg,0.8047817,0.72727275
00031969.jpg,0.66490996,0.7327522
00050016.jpg,0.54716223,0.7116032
00016649.jpg,0.75042856,0.6495976
00008084.jpg,0.7154045,0.6714788
00013280.jpg,0.87015045,0.6644414
00012473.jpg,0.6519399,0.713743
sun_akunqvyxlnqigojo.jpg,0.67503744,0.82608694
00033755.jpg,0.658048,0.606015
00025614.jpg,0.644583,0.7863142
00037225.jpg,0.6149274,0.6685
n09289331_1661.jpg,0.6169977,0.7311828
00049845.jpg,0.74865943,0.8601952
sun_apuwqhnxyyoryrhd.jpg,0.56414855,0.65555555
00005578.jpg,0.80177885,0.9834834
00049562.jpg,0.71898097,0.5815892
00048087.jpg,0.7276186,0.7926336
00029827.jpg,0.7596143,0.6994924
00038141.jpg,0.64574635,0.7522166
00013273.jpg,0.78283054,0.838095
00005164.jpg,0.7621389,0.7474238
00056836.jpg,0.68492854,0.7894122
00004409.jpg,0.76431775,0.725095
00049776.jpg,0.83618224,0.7821078
d4bfe00b896bae57.jpg,0.580293,0.71028036
00005823.jpg,0.70633173,0.7869382
00029376.jpg,0.8099584,0.865826
00049110.jpg,0.8079545,0.6324208
00045993.jpg,0.7326152,0.7913664
00018919.jpg,0.7533146,0.8352462
00048378.jpg,0.653412,0.6519138
00054064.jpg,0.7919225,0.7210152
00026792.jpg,0.75873125,0.7638048
00025817.jpg,0.7727878,0.7932904
00022825.jpg,0.64667,0.5759156
00051644.jpg,0.8207357,1.0
00039275.jpg,0.86174893,0.6653368
n09359803_23069.jpg,0.49870944,0.5046729
00053246.jpg,0.7230983,0.8064918
00031086.jpg,0.7635234,0.7058782
00038400.jpg,0.70743406,0.8447466
ed77196681372fcd.jpg,0.73792726,0.7
00046753.jpg,0.6318239,0.6270866
00048874.jpg,0.6820365,0.8948292
00056463.jpg,0.7503612,0.718752
00035115.jpg,0.69915354,0.6304012
00017863.jpg,0.8857698,0.8883964
00051118.jpg,0.810848,0.7000324
00055656.jpg,0.7072104,0.6360332
00043611.jpg,0.8257921,0.730443
n03791053_9992.jpg,0.6946151,0.7752809
00000075.jpg,0.5700849,0.613205
00044582.jpg,0.8098825,0.7254126
00011133.jpg,0.6335111,0.7485992
00050242.jpg,0.81804365,0.8154276
00051783.jpg,0.6729127,0.5608124
00037903.jpg,0.64841616,0.5189134
00016646.jpg,0.86055505,0.9017354
00054451.jpg,0.83485025,0.7978366
00016768.jpg,0.71983933,0.7145512
00005654.jpg,0.8037814,0.9407398
00057136.jpg,0.80092746,0.8272526
00040022.jpg,0.744439,0.8878014
00048972.jpg,0.7067051,0.7967318
00019389.jpg,0.71101177,0.8830474
00047503.jpg,0.7689894,0.6390142
00043161.jpg,0.7709528,0.558374
00023153.jpg,0.8271068,0.9388216
00036144.jpg,0.8145082,0.7420984
00001257.jpg,0.66345084,0.6238212
00037960.jpg,0.7626301,0.6876342
00021047.jpg,0.7175634,0.7516548
00051149.jpg,0.82992613,0.8514108
00038387.jpg,0.6068316,0.693788
00032509.jpg,0.66964793,0.8557994
00028395.jpg,0.5550002,0.696539
00055734.jpg,0.8772723,0.8998
00005802.jpg,0.6081965,0.6903462
n07753592_5409.jpg,0.80393285,0.8611111
00041088.jpg,0.71620667,0.8343188
00002515.jpg,0.68445456,0.5095092
00047666.jpg,0.706063,0.4654108
00017116.jpg,0.68220794,0.7543052
00028974.jpg,0.8844824,0.6640132
00009229.jpg,0.8031761,0.8217534
00037071.jpg,0.5859174,0.637264
00051686.jpg,0.8161191,0.8909468
00024691.jpg,0.8124492,0.8241078
00013602.jpg,0.76692027,0.6223414
00006752.jpg,0.6484307,0.7465634
00044607.jpg,0.62049943,0.7103272
00053484.jpg,0.84255654,0.8840484
00025086.jpg,0.8051377,0.9582214
00021520.jpg,0.8778534,0.8964498
n07717556_1126.jpg,0.9042734,0.8172043
00022767.jpg,0.73597103,0.8776786
00041108.jpg,0.8006828,0.8620164
00019361.jpg,0.7170019,0.6241196
00008707.jpg,0.55904526,0.6403694
00006514.jpg,0.54567176,0.4597802
00043322.jpg,0.8263915,0.7690826
000000456436.jpg,0.7305145,0.8053097
00026727.jpg,0.65483165,0.5872748
00047120.jpg,0.8383994,0.6563364
00033154.jpg,0.7871512,0.8104958
sun_avqahgdnxxemgnje.jpg,0.49879676,0.31182796
00053709.jpg,0.79873914,0.814588
00016326.jpg,0.68430424,0.7971854
00012526.jpg,0.822389,0.7570488
00057445.jpg,0.6387186,0.7541348
00049280.jpg,0.8610194,0.8124378
00034933.jpg,0.6351624,0.7175372
00056594.jpg,0.7564615,0.7625764
00029973.jpg,0.879596,0.860644
00000871.jpg,0.7560505,0.6336252
00032322.jpg,0.5408088,0.643725
00039756.jpg,0.68662107,0.5909526
n03634034_7346.jpg,0.4951103,0.28
00012825.jpg,0.6469618,0.7245022
00052309.jpg,0.6618668,0.6801818
n07911677_193.jpg,0.7924001,0.7818182
00050471.jpg,0.6462687,0.5340604
00043029.jpg,0.66344726,0.7206808
00038404.jpg,0.62926716,0.6228548
00033397.jpg,0.718367,0.7467574
00029594.jpg,0.7344924,0.5641052
00020828.jpg,0.74784136,0.8458116
00003668.jpg,0.7695428,0.7226706
00049837.jpg,0.78880656,0.7591672
00028233.jpg,0.75808793,0.748295
00009421.jpg,0.672699,0.862875
00058583.jpg,0.6914836,0.7261744
00019023.jpg,0.7322285,0.6800736
00050576.jpg,0.9178957,0.8268002
00055391.jpg,0.767168,0.8504258
00030428.jpg,0.6397251,0.6820386
00000242.jpg,0.854998,0.8385614
00038656.jpg,0.6023658,0.6020142
00036927.jpg,0.77380896,0.923957
00023172.jpg,0.5819265,0.6589756
00011800.jpg,0.7544136,0.7827772
00015916.jpg,0.6415291,0.5705918
00024091.jpg,0.83226067,0.573911
00016071.jpg,0.59893274,0.5368504
00011091.jpg,0.84469885,0.898894
00027821.jpg,0.64513886,0.8476904
00029273.jpg,0.79271513,0.8720696
n07801091_38101.jpg,0.5737364,0.43
00010113.jpg,0.8471247,0.8971198
00017478.jpg,0.7317029,0.6948668
00047302.jpg,0.7295624,0.7641806
000000321173.jpg,0.8285547,0.8446602
00034119.jpg,0.59978753,0.7465814
00043736.jpg,0.70284986,0.6383842
00054126.jpg,0.81635225,0.76785
00038517.jpg,0.6644592,0.7225564
00036947.jpg,0.5907194,0.6372648
00004233.jpg,0.8044691,0.83029
00052418.jpg,0.6247565,0.8017408
00018875.jpg,0.6830536,0.7542358
00031432.jpg,0.7888322,0.7879622
00012517.jpg,0.7956565,0.7326118
00056481.jpg,0.7349378,0.679947
00056513.jpg,0.7946423,0.6510616
00042235.jpg,0.55069643,0.5306746
00032749.jpg,0.81384194,0.8536858
00020348.jpg,0.52267605,0.428109
00041665.jpg,0.6816375,0.6363096
00033952.jpg,0.554085,0.759636
00026932.jpg,0.865565,0.8716054
00042469.jpg,0.7486479,0.6957406
00017119.jpg,0.6128726,0.6032728
00041918.jpg,0.7209586,0.7301818
000000486686.jpg,0.72343266,0.7171717
00024056.jpg,0.7757122,0.7620436
n02793495_297.jpg,0.5797389,0.7375
00001267.jpg,0.7941263,0.74939
00046851.jpg,0.79627335,0.8389136
00055698.jpg,0.9234205,0.9251308
00042619.jpg,0.8514058,0.7865592
00035286.jpg,0.60460114,0.6444656
00013044.jpg,0.6745873,0.6306528
00024713.jpg,0.6342053,0.7256538
00035018.jpg,0.5683626,0.6835466
00041807.jpg,0.7704577,0.702566
00044887.jpg,0.7843709,0.7288902
00011497.jpg,0.80485845,0.751907
00057359.jpg,0.86623895,0.8002184
00029703.jpg,0.8625215,0.9588046
00024273.jpg,0.76721096,0.8575786
52eec65ddbd47cea.jpg,0.4871233,0.4787234
00040242.jpg,0.76612747,0.753592
00048583.jpg,0.7917161,0.9111172
00051176.jpg,0.83025825,0.8410412
00020443.jpg,0.74400043,0.8274604
00026074.jpg,0.7728737,0.6972406
00041600.jpg,0.75899065,0.799026
000000182773.jpg,0.7359845,0.8
14628317fdcc9e39.jpg,0.59112394,0.48913044
n07680932_30974.jpg,0.8076612,0.9074074
00017826.jpg,0.62973195,0.6017746
00009746.jpg,0.8076426,0.899346
00026837.jpg,0.73872983,0.9554002
00050898.jpg,0.70165443,0.7993716
00048838.jpg,0.64798903,0.5508532
00000126.jpg,0.8431163,0.7917168
00049144.jpg,0.7568819,0.8673428
n04587559_11777.jpg,0.6263597,0.7244898
00042163.jpg,0.6756997,0.800749
00031341.jpg,0.61355615,0.6527216
00008086.jpg,0.5966767,0.7895028
00043844.jpg,0.7349762,0.7885528
00013007.jpg,0.6768744,0.8122844
n02129165_6920.jpg,0.8252133,0.8137255
00042129.jpg,0.78725123,0.597517
00053458.jpg,0.8332321,0.983107
00037549.jpg,0.58245987,0.597443
00019115.jpg,0.66591597,0.7760388
00029265.jpg,0.758284,0.8428056
00044525.jpg,0.7264601,0.812482
00029062.jpg,0.80329555,0.8396344
88bcf1c971644e86.jpg,0.81025445,0.8131868
00016082.jpg,0.657259,0.768971
00056416.jpg,0.8926285,0.7288936
00016687.jpg,0.8893089,0.8357504
00037948.jpg,0.67541707,0.413201
00046195.jpg,0.76055837,0.7761716
00021660.jpg,0.73859596,0.7656742
00039190.jpg,0.8216788,0.7540614
n03512147_6317.jpg,0.63225293,0.75238097
00000265.jpg,0.79813564,0.7691626
00051985.jpg,0.60609496,0.6836386
sun_agaqfmzbvvklorsd.jpg,0.6558639,0.5462963
00052915.jpg,0.6095177,0.6347406
n03512147_853.jpg,0.64134395,0.8272727
00025646.jpg,0.6821501,0.7771862
00011107.jpg,0.59869695,0.7132536
000000169529.jpg,0.7595973,0.8484849
00054547.jpg,0.7291206,0.6002414
00039599.jpg,0.7875197,0.804945
00048996.jpg,0.7496673,0.8664238
00006780.jpg,0.83491683,0.776266
00032957.jpg,0.70602787,0.81899
00025501.jpg,0.7839094,0.67737
00054025.jpg,0.9117593,0.758101
00054772.jpg,0.7374047,0.9405674
00053003.jpg,0.78114676,0.681129
00041184.jpg,0.7587024,0.7089194
00051015.jpg,0.83070254,0.784801
00030509.jpg,0.798023,0.8141342
00048772.jpg,0.6718031,0.6629092
00052891.jpg,0.7983297,0.8931248
00023596.jpg,0.718908,0.634074
00004006.jpg,0.8167021,0.887818
00052623.jpg,0.7180952,0.869657
00018086.jpg,0.71121246,0.7975058
00003414.jpg,0.8184209,0.8950634
00014563.jpg,0.81659424,0.8443138
00056189.jpg,0.7726611,0.830462
n03512147_6294.jpg,0.6795864,0.75630254
00014582.jpg,0.7876386,0.689343
00032827.jpg,0.7030009,0.5243446
00015744.jpg,0.6658175,0.659113
00016167.jpg,0.761406,0.7593846
00051283.jpg,0.8109298,0.9425224
00045644.jpg,0.64157444,0.6848652
n04610013_19726.jpg,0.6595775,0.7291667
00002425.jpg,0.7167624,0.85761
00002927.jpg,0.79605347,0.8207906
00025951.jpg,0.7823936,0.9248592
00033487.jpg,0.8058374,0.8832072
00006388.jpg,0.7189071,0.7349086
00027349.jpg,0.6983902,0.8077202
00014905.jpg,0.7097572,0.8256068
00056562.jpg,0.74468297,0.7968882
00008648.jpg,0.6343531,0.5388768
eef37194bf91e872.jpg,0.64235467,0.62025315
00032315.jpg,0.72751725,0.8154822
00008286.jpg,0.59206116,0.5008488
00013230.jpg,0.8374173,0.877965
n02332755_6074.jpg,0.78082544,0.86904764
00038826.jpg,0.81904995,0.7589794
n03351262_2268.jpg,0.57439137,0.7830189
00014942.jpg,0.8370581,0.9406622
00008703.jpg,0.68370134,0.8103714
00046772.jpg,0.7511249,0.7356396
00012202.jpg,0.7256192,0.6143462
00033786.jpg,0.82366586,0.9322076
00014579.jpg,0.717973,0.8938188
00039832.jpg,0.8180618,0.7639382
00054151.jpg,0.8611445,0.8004316
00015664.jpg,0.8650044,0.9127122
00039783.jpg,0.8506497,0.8479752
00029890.jpg,0.8734536,0.8868594
00033721.jpg,0.80589247,0.813799
00021425.jpg,0.8442325,0.8512502
00018827.jpg,0.75367343,0.7031402
n07720875_3102.jpg,0.853374,0.90123457
00024073.jpg,0.80061364,0.7817138
00034914.jpg,0.6014342,0.5871864
00038123.jpg,0.5553991,0.6182616
00028846.jpg,0.8437924,0.7343588
00018034.jpg,0.6456879,0.7453688
00048923.jpg,0.82531846,0.8074524
n09415671_11747.jpg,0.5788702,0.47058824
00024919.jpg,0.57804036,0.6321308
00047843.jpg,0.7535441,0.914476
00051850.jpg,0.76037973,0.7859288
00021396.jpg,0.66521055,0.751346
00029205.jpg,0.89021844,0.9138834
00036410.jpg,0.6892015,0.7347226
00017603.jpg,0.753584,0.795762
269ff2d9438b0934.jpg,0.73014987,0.85046726
00010820.jpg,0.91045725,0.8747154
00009884.jpg,0.8114681,0.63004
00040913.jpg,0.68598026,0.8244614
n07654148_13921.jpg,0.86535376,0.96
8cc2cf830a0391ec.jpg,0.566579,0.56122446
00034761.jpg,0.6850493,0.7287972
00035386.jpg,0.8186239,0.8371158
00016022.jpg,0.7911668,0.8082222
000000323258.jpg,0.6806761,0.6909091
00001159.jpg,0.752635,0.909984
00023824.jpg,0.8109958,0.8848808
00028902.jpg,0.6902827,0.7475292
00005388.jpg,0.6759077,0.888362
00022021.jpg,0.6203824,0.6417648
00026699.jpg,0.7103838,0.7121148
00008523.jpg,0.5830664,0.6975
00014561.jpg,0.62585634,0.6603236
00030029.jpg,0.6416086,0.7375468
00053660.jpg,0.72947526,0.7409418
00005745.jpg,0.7388232,0.895532
00040077.jpg,0.8306207,0.7610322
00047833.jpg,0.7251532,0.8001338
00038233.jpg,0.66005087,0.7891388
00006244.jpg,0.72230387,0.941347
00038091.jpg,0.6863463,0.7398982
00054925.jpg,0.82968354,0.9028926
00055300.jpg,0.7739104,0.872133
00052008.jpg,0.82641506,0.7629734
00051481.jpg,0.81367743,0.8237164
00052057.jpg,0.58760464,0.7756848
00005131.jpg,0.79314893,0.7549188
00029228.jpg,0.82436424,0.6720696
n04461696_544.jpg,0.7920933,0.8333333
00014073.jpg,0.734492,0.6019194
00025546.jpg,0.6643847,0.7998468
059001702b9b91e5.jpg,0.804448,0.8235294
00056282.jpg,0.6595546,0.7493138
00053290.jpg,0.6437578,0.5275788
00019879.jpg,0.669169,0.7880402
00032080.jpg,0.69928306,0.7944192
n07711569_3154.jpg,0.8504721,0.84782606
00021976.jpg,0.78944397,0.8117316
00010605.jpg,0.7004626,0.8381878
00055556.jpg,0.808101,0.711905
00055437.jpg,0.6508201,0.5977826
00005336.jpg,0.80228174,0.8512722
00046604.jpg,0.78162825,0.817645
n02396427_18469.jpg,0.77402854,0.7027027
00020507.jpg,0.78067166,0.8699052
00013317.jpg,0.6741812,0.812262
n02324045_22804.jpg,0.7528186,0.73626375
00057648.jpg,0.66678655,0.6623656
00034615.jpg,0.63299245,0.660673
00026016.jpg,0.82531387,0.7606708
00012428.jpg,0.7792063,0.8915014
00045361.jpg,0.805547,0.7578292
00055944.jpg,0.7050003,0.6908306
00011125.jpg,0.81077164,0.8405526
00003922.jpg,0.8235145,0.7918922
00038390.jpg,0.58825296,0.801835
000000226961.jpg,0.7096447,0.8192771
00020601.jpg,0.78443235,0.8846748
00002403.jpg,0.7306208,0.8411566
00008337.jpg,0.6794508,0.6077456
00001237.jpg,0.8138935,0.7398208
00053729.jpg,0.6204692,0.7575758
00020018.jpg,0.702805,0.671166
00038587.jpg,0.52814794,0.5625594
000000111969.jpg,0.8474808,0.7653061
00012508.jpg,0.8942631,0.864816
00033662.jpg,0.5519337,0.4999734
00037993.jpg,0.6591394,0.6520502
00001247.jpg,0.8358112,0.775778
00004680.jpg,0.76939917,0.749363
00027912.jpg,0.72382945,0.8639
00026581.jpg,0.70863277,0.7867324
00042687.jpg,0.7839482,0.7320196
00055302.jpg,0.77563894,0.811515
00047643.jpg,0.74845576,0.825359
00028731.jpg,0.6901438,0.7496794
00038509.jpg,0.5379891,0.62237
00022436.jpg,0.7679646,0.7906976
n02332755_9587.jpg,0.7817564,0.875
00000650.jpg,0.63140833,0.5762806
00032661.jpg,0.706995,0.6707996
00056603.jpg,0.73349565,0.655853
00034973.jpg,0.720583,0.5894454
00025842.jpg,0.70867324,0.6872592
00057106.jpg,0.83870417,0.9276364
00038945.jpg,0.6724683,0.6908424
00041461.jpg,0.76365024,0.745681
00054922.jpg,0.9148798,0.9505642
00008998.jpg,0.78621906,0.7523222
00010748.jpg,0.749578,0.7600966
00035136.jpg,0.7937546,0.6371148
00052788.jpg,0.8902822,0.9327624
00026524.jpg,0.6532997,0.5937558
00015707.jpg,0.82261634,0.8727706
00035383.jpg,0.78698456,0.7961592
00046566.jpg,0.6641289,0.7549856
00038850.jpg,0.58069533,0.7162976
00043944.jpg,0.78359324,0.6998826
00000327.jpg,0.7397566,0.7133646
00003299.jpg,0.8549941,0.8937108
00005209.jpg,0.7550628,0.7062662
00045360.jpg,0.70287544,0.8069184
00036959.jpg,0.75487655,0.4606362
000000117105.jpg,0.7502389,0.9009901
00050691.jpg,0.71444035,0.7295968
00045246.jpg,0.6478523,0.7379214
00000413.jpg,0.7240174,0.9048468
n09393605_32348.jpg,0.56937,0.5588235
00006487.jpg,0.8360442,0.7051906
00056809.jpg,0.68649,0.8294358
00047820.jpg,0.7488827,0.740228
00039867.jpg,0.74414074,0.8751918
00057384.jpg,0.78289557,0.8501824
00047391.jpg,0.7168667,0.7411728
000000496939.jpg,0.709991,0.91071427
00006490.jpg,0.689936,0.7108378
00015715.jpg,0.63365704,0.617168
00049288.jpg,0.71981466,0.8516964
00019153.jpg,0.77031654,0.806924
00044232.jpg,0.788581,0.777624
00003232.jpg,0.8505069,0.8105858
00038137.jpg,0.64386415,0.505426
00043591.jpg,0.6502714,0.8680462
00047415.jpg,0.7916626,0.8058698
00049455.jpg,0.7556668,0.8270166
00014037.jpg,0.73391676,0.6500254
00038786.jpg,0.68180406,0.7000714
00037707.jpg,0.68903714,0.5733792
00019015.jpg,0.8671222,0.84944
00038324.jpg,0.70206493,0.5431404
00056301.jpg,0.6374209,0.755821
n07693725_8841.jpg,0.8606879,0.83168316
00017843.jpg,0.8466358,0.7666734
00040424.jpg,0.76420516,0.8182806
00045424.jpg,0.8554636,0.7151362
00048503.jpg,0.8082187,0.6163094
00014030.jpg,0.8797904,0.9011326
00004728.jpg,0.8070304,0.664112
00006815.jpg,0.8281021,0.6071178
n07693725_8602.jpg,0.8861526,0.90833336
00015441.jpg,0.7174884,0.7187026
00053041.jpg,0.88823366,0.7991154
n01811909_12189.jpg,0.75969136,0.8979592
00012518.jpg,0.7856394,0.7972806
00041759.jpg,0.7934451,0.7137352
00049627.jpg,0.79871196,0.660151
00054033.jpg,0.6094255,0.6031156
8f82fbb148cbb7b4.jpg,0.756748,0.60227275
00057073.jpg,0.655535,0.7482268
00029709.jpg,0.83447564,0.750138
00028176.jpg,0.8427799,0.9031218
00025205.jpg,0.62518096,0.4967916
00006427.jpg,0.77580935,0.995
00011265.jpg,0.7408377,0.8204872
00020157.jpg,0.7898307,0.9140316
00029333.jpg,0.7816745,0.7177644
8677ea1bec084ac3.jpg,0.7513474,0.86238533
00044289.jpg,0.72141004,0.819406
00015672.jpg,0.5328319,0.500831
00057426.jpg,0.8391423,0.7635882
00054899.jpg,0.87296337,0.9070026
a90def9b4dddf21b.jpg,0.82972544,0.78571427
00051475.jpg,0.7821058,0.8655218
f0dc35cfaad9d472.jpg,0.5565383,0.41860464
00041523.jpg,0.69752127,0.7066144
00020155.jpg,0.83280426,0.9015864
000000022983.jpg,0.7374401,0.65
00028664.jpg,0.6410543,0.7437364
00028721.jpg,0.73997056,0.7201286
00012497.jpg,0.77150553,0.6592054
00044906.jpg,0.7773843,0.7667544
00007501.jpg,0.6977042,0.8021126
00053968.jpg,0.65068334,0.7445868
00037761.jpg,0.73752874,0.5242172
00027935.jpg,0.6122987,0.7376712
00050384.jpg,0.7870935,0.7386774
00047052.jpg,0.6901073,0.6956358
00007232.jpg,0.74196076,0.7664894
00058429.jpg,0.82901174,0.8698846
00039373.jpg,0.8056736,0.7046362
00030753.jpg,0.6039194,0.637765
00057843.jpg,0.8288373,0.9109548
00013667.jpg,0.7615582,0.7699082
00055769.jpg,0.62786627,0.8707446
00050117.jpg,0.8209957,0.9158828
00004396.jpg,0.71891415,0.7385054
00019970.jpg,0.90260154,0.8884426
00000393.jpg,0.84927046,0.7921838
00003278.jpg,0.619872,0.8474174
n02324045_25240.jpg,0.7639413,0.8989899
00049809.jpg,0.76621634,0.7459326
00032403.jpg,0.721573,0.8318658
000000173150.jpg,0.85827124,0.96
00042561.jpg,0.6338269,0.776465
00014270.jpg,0.6101942,0.7406672
00055531.jpg,0.64989585,0.8068722
00049678.jpg,0.7380193,0.9135086
00035408.jpg,0.6620472,0.5017398
00023513.jpg,0.75945604,0.9197746
00052588.jpg,0.73848486,0.6069454
00035953.jpg,0.559914,0.5006112
954ef758d906cb65.jpg,0.6144893,0.47916666
00019657.jpg,0.70721066,0.6915062
00056029.jpg,0.711648,0.479702
00038178.jpg,0.7385316,0.5485524
n07693725_1602.jpg,0.8140016,0.9339623
n07711569_1768.jpg,0.8140302,0.88235295
00015933.jpg,0.846275,0.8663228
00023203.jpg,0.7825454,0.8848434
00023611.jpg,0.64134574,0.828064
00009820.jpg,0.84964275,0.8587022
00041219.jpg,0.9116732,0.6483812
00034726.jpg,0.55930394,0.5745788
00028344.jpg,0.81406105,0.767609
n03594945_21268.jpg,0.72231734,0.7263158
00022054.jpg,0.8034063,0.6806386
00027764.jpg,0.9163822,0.8770324
00048329.jpg,0.7477629,0.8294284
000000280599.jpg,0.69967633,0.84042555
00051881.jpg,0.7912363,0.8234472
00055711.jpg,0.7651231,0.6155378
00008289.jpg,0.7394286,0.7587834
00058113.jpg,0.6940462,0.593927
00015474.jpg,0.7536289,0.7597074
00004269.jpg,0.8727386,0.9350392
00022823.jpg,0.80982643,0.8851122
00051339.jpg,0.7141905,0.6537826
00011604.jpg,0.70520127,0.7772572
00045750.jpg,0.77477,0.5694592
00019953.jpg,0.762913,0.7788512
00050854.jpg,0.7954489,0.8011684
00032858.jpg,0.80722165,0.7953986
00027929.jpg,0.6242457,0.731772
00033015.jpg,0.715858,0.7833
00016007.jpg,0.8520902,0.8117826
00023512.jpg,0.70608044,0.7243026
00052941.jpg,0.67150843,0.7867984
00029406.jpg,0.79825544,0.8485704
n03384352_3683.jpg,0.66773367,0.7281553
00010307.jpg,0.6404513,0.7574984
00053227.jpg,0.8001777,0.6650002
n02129165_13068.jpg,0.7455106,0.9313725
00044291.jpg,0.7382841,0.7099528
00024792.jpg,0.7718533,0.9562768
00003593.jpg,0.78536016,0.5422138
00025371.jpg,0.6758964,0.6417612
00037921.jpg,0.6776029,0.8534742
00010793.jpg,0.6984886,0.6727944
00039746.jpg,0.8233061,0.8531194
00042800.jpg,0.6582196,0.6632136
00026603.jpg,0.7978164,0.8382122
00045999.jpg,0.7769284,0.8957142
00046188.jpg,0.879676,0.8535928
00022309.jpg,0.8047594,0.8085346
00030763.jpg,0.7811044,0.8763266
00032361.jpg,0.6758083,0.6535592
00021091.jpg,0.6055282,0.441126
00002678.jpg,0.7032256,0.681462
00012412.jpg,0.5874665,0.5724034
00057105.jpg,0.7331228,0.7990152
00007351.jpg,0.8059867,0.7896764
00056415.jpg,0.7751645,0.802866
00021578.jpg,0.7811127,0.8286638
n03791053_7694.jpg,0.72033924,0.8021978
00027183.jpg,0.7356448,0.8640572
00034328.jpg,0.7364886,0.804095
00003632.jpg,0.7875198,0.9156166
00003385.jpg,0.8043644,0.8505156
00006481.jpg,0.7533748,0.849517
00032976.jpg,0.62499243,0.6041794
00041797.jpg,0.75492907,0.6465224
00005427.jpg,0.81537163,0.9747872
00035725.jpg,0.61552984,0.6539462
00055230.jpg,0.768847,0.7910364
00044265.jpg,0.7406031,0.7737658
00034896.jpg,0.65844154,0.6481354
00029425.jpg,0.82974374,0.9334126
00018293.jpg,0.7731953,0.855121
00051467.jpg,0.72111213,0.815594
bde032dcf7d9ef26.jpg,0.5448909,0.6666667
00045394.jpg,0.75158477,0.580671
00003382.jpg,0.78041655,0.940283
00002848.jpg,0.83901364,0.9095954
00022339.jpg,0.5853996,0.6260094
000000463338.jpg,0.6904087,0.82222223
00033137.jpg,0.714762,0.8870738
00035373.jpg,0.7604935,0.8063126
00053402.jpg,0.77077305,0.8123858
00051501.jpg,0.78115904,0.8286476
000000484287.jpg,0.6170211,0.7746479
00000959.jpg,0.7736304,0.3912666
n09288635_1801.jpg,0.68242973,0.86868685
00010008.jpg,0.5999303,0.6680712
00027267.jpg,0.7420403,0.7874492
n00440941_8171.jpg,0.7822953,0.67346936
00025400.jpg,0.7898383,0.8728124
n07850329_18900.jpg,0.79031575,0.9
00015395.jpg,0.62672126,0.6135268
00025674.jpg,0.8242784,0.9600538
n01514859_6640.jpg,0.8064337,0.83495146
00016217.jpg,0.85108113,0.8654972
00037469.jpg,0.6884562,0.6493826
00058543.jpg,0.7384902,0.8590702
000000291348.jpg,0.71869427,0.90217394
n01811909_2685.jpg,0.8287106,0.7882353
00007562.jpg,0.74461156,0.7752208
00004349.jpg,0.79640955,0.8045138
00028535.jpg,0.815893,0.7159734
00054527.jpg,0.777397,0.846855
00052894.jpg,0.747767,0.8212258
271cb17332a4eba5.jpg,0.6011206,0.47252747
n00445351_13510.jpg,0.69700575,0.9010989
00026858.jpg,0.5770784,0.5667242
00002389.jpg,0.82791483,0.93168
2fd1948266c82802.jpg,0.74753034,0.75268817
n09288635_4733.jpg,0.6838151,0.7875
00032695.jpg,0.8002468,0.8585714
00017193.jpg,0.53043795,0.6318634
00012183.jpg,0.53580767,0.5929452
65be698e9bedbe8c.jpg,0.62920874,0.4488189
00049215.jpg,0.731287,0.9059696
00003338.jpg,0.70807195,0.625593
00030052.jpg,0.78093785,0.703296
00042104.jpg,0.70790446,0.6912458
00034316.jpg,0.7016522,0.7509526
00046614.jpg,0.7936591,0.7480062
00010418.jpg,0.7493497,0.8962122
00002899.jpg,0.7689623,0.9288152
00023811.jpg,0.808286,0.87224
00022071.jpg,0.6721519,0.6987586
00035481.jpg,0.55135363,0.5565152
00042112.jpg,0.66006166,0.5941826
00024791.jpg,0.6925333,0.7047916
00012654.jpg,0.660077,0.7927394
00048313.jpg,0.7700686,0.7831902
00011689.jpg,0.81576216,0.8216304
00050286.jpg,0.7056011,0.7020176
00033146.jpg,0.863871,0.8419864
00004437.jpg,0.7752354,0.8676982
00045107.jpg,0.7982283,0.8332112
00040919.jpg,0.8558135,0.5907174
n07929519_33781.jpg,0.79335546,0.88785046
00048610.jpg,0.7591832,0.7815686
00043167.jpg,0.79859746,0.8623252
00030955.jpg,0.85539764,0.8283404
00005016.jpg,0.65771616,0.58703
00039711.jpg,0.7360193,0.6081842
00034456.jpg,0.70613134,0.6798416
00057064.jpg,0.70193964,0.7312034
00009018.jpg,0.78885996,0.5539736
00043422.jpg,0.6538534,0.7380422
n09289331_10402.jpg,0.6098645,0.7032967
00006124.jpg,0.6501527,0.7946824
00046662.jpg,0.78056985,0.8301008
00045130.jpg,0.59988034,0.9004222
00029787.jpg,0.57248163,0.7039034
00018556.jpg,0.67054176,0.7063802
00026384.jpg,0.7465035,0.8522166
00052502.jpg,0.7351447,0.7706194
n02396427_871.jpg,0.82549405,0.90384614
00003330.jpg,0.69360673,0.6469046
59346dfdc14f4b81.jpg,0.54252326,0.5670103
00023693.jpg,0.7548404,0.8224334
03e15185cfaf3edf.jpg,0.8943393,0.91463417
00053034.jpg,0.75708425,0.8907796
00027470.jpg,0.82060516,0.6510086
00056575.jpg,0.80390954,0.863662
00049032.jpg,0.61446995,0.7402364
00015473.jpg,0.6930198,0.7692738
00004916.jpg,0.99430853,0.9470548
00009946.jpg,0.7160906,0.5172184
00034156.jpg,0.6776018,0.7519138
00027293.jpg,0.7751048,0.8528388
00012750.jpg,0.7417389,0.6056736
00038197.jpg,0.58874416,0.6907272
00049260.jpg,0.80904996,0.7704448
00008934.jpg,0.891981,0.9058372
00051951.jpg,0.87184346,0.9179794
00032014.jpg,0.6439378,0.4320224
00027139.jpg,0.81135225,0.8560248
00006322.jpg,0.6382378,0.759561
00035154.jpg,0.6511042,0.4612378
00022224.jpg,0.79690945,0.849283
00046950.jpg,0.7804446,0.8598882
00035905.jpg,0.7064314,0.546219
n09217230_11848.jpg,0.561157,0.39166668
000000269926.jpg,0.7498127,0.9139785
n00440941_11599.jpg,0.6754201,0.8369565
n07679356_26486.jpg,0.77633274,0.84313726
000000389041.jpg,0.6544552,0.6931818
00012586.jpg,0.6760376,0.8451726
00020827.jpg,0.80593526,0.8426194
00037004.jpg,0.86074483,0.8576532
00003139.jpg,0.7307278,0.8553876
00024812.jpg,0.8109217,0.7492608
00007568.jpg,0.7305976,0.726995
00030393.jpg,0.70860827,0.8803332
00015543.jpg,0.63863665,0.5328074
00010724.jpg,0.74578947,0.7805124
00007867.jpg,0.65338665,0.700191
00014945.jpg,0.8275815,0.8338932
00022377.jpg,0.8713459,0.756883
00003979.jpg,0.7401,0.7996414
00036416.jpg,0.63713914,0.5109092
00006843.jpg,0.8121318,0.7126946
00033773.jpg,0.62157714,0.4415914
00000047.jpg,0.7626556,0.8991732
00040639.jpg,0.6396543,0.6612006
000000468992.jpg,0.70590603,0.65909094
n07717556_60.jpg,0.7783327,0.9791667
00009726.jpg,0.7728833,0.9018044
00026134.jpg,0.79039705,0.7514868
00056015.jpg,0.8042307,0.834477
n02934451_2999.jpg,0.60836875,0.6893204
00051928.jpg,0.9033029,0.904617
sun_avyvuodyzgegylua.jpg,0.591798,0.4631579
00023951.jpg,0.8245237,0.8062474
00048937.jpg,0.77034867,0.7906366
n01811909_10858.jpg,0.78156984,0.85858583
00029532.jpg,0.62739336,0.6204848
00033160.jpg,0.8616121,0.8913644
00031670.jpg,0.7394879,0.7999746
n07583197_5817.jpg,0.84564644,0.74757284
00058597.jpg,0.755473,0.8147296
00042940.jpg,0.8513568,0.9266538
a95dc5629f599ea4.jpg,0.7734641,0.78723407
00018565.jpg,0.75021863,0.8473218
00035006.jpg,0.5956399,0.4867066
000000213911.jpg,0.7345173,0.8125
00019357.jpg,0.81519353,0.9104724
00027090.jpg,0.7889529,0.738796
00027560.jpg,0.6842986,0.6706558
00025104.jpg,0.8244203,0.9035226
00049118.jpg,0.8202524,0.8640016
00036646.jpg,0.7983985,0.8664976
00054042.jpg,0.85454136,0.9541844
00032870.jpg,0.75785184,0.8146908
00002696.jpg,0.77889687,0.8871198
00046916.jpg,0.76755846,0.8542958
000000112820.jpg,0.74874806,0.6857143
00000381.jpg,0.58444726,0.5126086
sun_azygdhuijrbfollv.jpg,0.6043789,0.5
00033656.jpg,0.808524,0.8735394
00030207.jpg,0.9032268,0.743438
00025247.jpg,0.7443837,0.842785
00031739.jpg,0.7744434,0.9137906
00054290.jpg,0.8596291,0.9181478
00047163.jpg,0.8284245,0.878329
00000275.jpg,0.79497105,0.7526568
n02090827_160.jpg,0.7976765,0.79591835
n03670208_5369.jpg,0.7276099,0.9047619
00005679.jpg,0.7397312,0.6713762
00006631.jpg,0.7269795,0.6730468
000000092529.jpg,0.710375,0.75247526
00019085.jpg,0.7715763,0.5234118
00038203.jpg,0.82403094,0.7477398
00026667.jpg,0.6647285,0.4678058
00017158.jpg,0.8843159,0.690427
00026017.jpg,0.813477,0.888414
00035870.jpg,0.72666454,0.6096592
00006172.jpg,0.7089026,0.7803972
00012380.jpg,0.80125463,0.741568
00015901.jpg,0.7690279,0.8663982
n09472597_21598.jpg,0.59368074,0.6388889
00022393.jpg,0.74066997,0.8717596
00007978.jpg,0.7302857,0.807732
00011084.jpg,0.7745716,0.86912
00023043.jpg,0.69191986,0.7410642
00007291.jpg,0.78734654,0.8082404
00002525.jpg,0.727763,0.7459672
000000117036.jpg,0.7205769,0.7777778
00005549.jpg,0.88071036,0.8736164
00044853.jpg,0.64463794,0.5916428
00024806.jpg,0.637838,0.7444088
00053199.jpg,0.8738093,0.7629776
00035830.jpg,0.6266849,0.7991696
00033286.jpg,0.7585094,0.7717904
n07863374_18268.jpg,0.78276026,0.88461536
00031671.jpg,0.7443663,0.7725236
00042933.jpg,0.78127325,0.8125668
00058715.jpg,0.7069948,0.6750378
00026871.jpg,0.64679146,0.4672224
00045655.jpg,0.72689986,0.9148784
000000081390.jpg,0.7374588,0.8348624
00031064.jpg,0.7038125,0.7189548
00051521.jpg,0.7837332,0.905642
00051094.jpg,0.75859153,0.7500626
n02118333_6480.jpg,0.75295234,0.89285713
00047996.jpg,0.76497734,0.798626
00009732.jpg,0.65619355,0.5778744
00037968.jpg,0.6336247,0.7018172
00055105.jpg,0.7786622,0.5075902
00011060.jpg,0.7917613,0.873106
n02932891_3159.jpg,0.58950424,0.5714286
00002669.jpg,0.7459425,0.6111296
00053352.jpg,0.80651814,0.8999764
00032552.jpg,0.7634992,0.7501382
00025959.jpg,0.70289797,0.8091084
n07680932_27862.jpg,0.86971223,0.9306931
00003680.jpg,0.6639232,0.703539
00049782.jpg,0.7697562,0.9399602
00008395.jpg,0.8444332,0.7430306
00040524.jpg,0.68621004,0.7120832
00044620.jpg,0.7483674,0.7533234
00032036.jpg,0.786535,0.8381918
00002380.jpg,0.58314115,0.4547866
00022026.jpg,0.7954682,0.6374564
00040818.jpg,0.72027826,0.7113492
00010496.jpg,0.8713393,0.843063
00012860.jpg,0.8088237,0.8791062
00056264.jpg,0.8953255,0.9699844
n01846331_1582.jpg,0.67253345,0.7948718
00040762.jpg,0.7055514,0.5503476
00049033.jpg,0.76864314,0.9019558
n03670208_10624.jpg,0.77119976,0.85
00014268.jpg,0.6964781,0.6423058
00042220.jpg,0.7260797,0.624652
00033947.jpg,0.7368406,0.6709866
00048963.jpg,0.7255472,0.8910108
00052789.jpg,0.72190076,0.8262198
00045580.jpg,0.70729196,0.6425016
n03384352_377.jpg,0.72752154,0.75247526
00038541.jpg,0.7889019,0.8214762
n07880968_516.jpg,0.7677597,0.85858583
00053788.jpg,0.8118424,0.672249
000000131714.jpg,0.698257,0.8288288
00055545.jpg,0.73033756,0.7770104
00044598.jpg,0.6516886,0.731718
00026585.jpg,0.67033243,0.4917982
854a262f5ef9d933.jpg,0.7195704,0.6627907
00043594.jpg,0.5952437,0.6883756
00047691.jpg,0.8149407,0.795839
00012854.jpg,0.81335795,0.562939
00025929.jpg,0.7494979,0.8414176
00001912.jpg,0.7477002,0.6890462
sun_agqnaqaigkgpfvia.jpg,0.56121564,0.42990655
n09468604_45655.jpg,0.5217676,0.6632653
000000302582.jpg,0.669698,0.63461536
00027292.jpg,0.7715788,0.754534
00034788.jpg,0.49684942,0.5612268
00001456.jpg,0.6562652,0.7178972
00058176.jpg,0.7311114,0.8183486
00053231.jpg,0.7923001,0.7856884
00037362.jpg,0.8301389,0.676856
00044855.jpg,0.8368088,0.9152566
00050609.jpg,0.70368207,0.8942148
00046455.jpg,0.73551244,0.7739424
00019096.jpg,0.80851924,0.8275902
00029942.jpg,0.7022898,0.731897
00046992.jpg,0.80089784,0.7135596
00029181.jpg,0.6289108,0.5245868
00002285.jpg,0.710399,0.7218176
00036307.jpg,0.5963522,0.646997
00018697.jpg,0.7861581,0.921005
00025410.jpg,0.8114844,0.6828374
00008200.jpg,0.6597487,0.8096968
00030517.jpg,0.6938429,0.7097912
000000445427.jpg,0.6935231,0.7586207
00013411.jpg,0.64962244,0.5554736
00049416.jpg,0.6003562,0.659552
00055270.jpg,0.77873045,0.6885678
00039554.jpg,0.7874825,0.5627594
00014675.jpg,0.7045921,0.7368168
00052068.jpg,0.7359495,0.7371374
00041886.jpg,0.755581,0.8813504
00026050.jpg,0.9247687,0.8817664
n07923748_4867.jpg,0.7797358,0.69148934
00027363.jpg,0.7020943,0.8101922
00020143.jpg,0.74429595,0.919801
00020402.jpg,0.69494325,0.8709504
00028880.jpg,0.70752966,0.8018028
00034757.jpg,0.692292,0.8363302
00013741.jpg,0.7920464,0.8009898
n02793495_22937.jpg,0.5882659,0.76237625
00010773.jpg,0.68930405,0.6377462
00048244.jpg,0.8026278,0.883849
00037711.jpg,0.7152869,0.6464484
00029025.jpg,0.8742473,0.8328804
00019740.jpg,0.65808135,0.7929884
00042063.jpg,0.87391716,0.936145
00022140.jpg,0.812397,0.8219396
00004808.jpg,0.8423035,0.6424672
00009691.jpg,0.7817634,0.8719022
00057528.jpg,0.8981354,0.8226466
00051996.jpg,0.7429522,0.8259804
00045091.jpg,0.784081,0.6705938
00002055.jpg,0.89668727,0.7570066
00017287.jpg,0.75574684,0.6982324
00002482.jpg,0.8151851,0.7689056
00046956.jpg,0.785966,0.7660322
00029298.jpg,0.7988584,0.6673434
00032941.jpg,0.79367816,0.8159336
00033239.jpg,0.75454116,0.6684968
00006834.jpg,0.6963974,0.7647482
n04335435_21915.jpg,0.65478384,0.6893204
00001366.jpg,0.7234374,0.7230788
00044859.jpg,0.7558217,0.710397
00040556.jpg,0.7317092,0.7330686
00018245.jpg,0.6722599,0.8425064
00005543.jpg,0.76709074,0.6482708
00050697.jpg,0.77246416,0.8326486
00020722.jpg,0.69013786,0.802816
00058498.jpg,0.7674304,0.650581
00017700.jpg,0.77231836,0.8957142
00057898.jpg,0.79333496,0.8252254
00022177.jpg,0.75670695,0.8443218
00018808.jpg,0.7442832,0.7737284
00049939.jpg,0.6834925,0.9405236
00045367.jpg,0.87376124,0.8141822
00041531.jpg,0.69527614,0.7639246
00018393.jpg,0.6087649,0.8053762
n07697537_5782.jpg,0.85081583,0.85858583
n03512147_3709.jpg,0.5711549,0.7411765
00042370.jpg,0.73437357,0.794045
00004440.jpg,0.69253385,0.7026056
00028794.jpg,0.72410524,0.7888678
00052285.jpg,0.7505572,0.645215
00003808.jpg,0.77508175,0.7363784
00012836.jpg,0.67727435,0.7674156
00044764.jpg,0.7619412,0.6491506
00039497.jpg,0.7662704,0.8926312
00043816.jpg,0.8838143,0.9096966
00043628.jpg,0.78374225,0.6534654
00050886.jpg,0.87171125,0.684745
00014301.jpg,0.57653296,0.8015854
00045441.jpg,0.6401224,0.5812738
n02324045_23562.jpg,0.79473937,0.8425926
00056632.jpg,0.58225584,0.5193972
00051741.jpg,0.64270306,0.7124638
00052812.jpg,0.67583823,0.7474282
00048600.jpg,0.63014215,0.7626442
00045234.jpg,0.820323,0.7949934
00005839.jpg,0.7318784,0.6213272
00020285.jpg,0.726938,0.6330142
00033826.jpg,0.59691894,0.7402754
n07679356_28420.jpg,0.82705057,0.90909094
00057193.jpg,0.75976,0.7911698
00001332.jpg,0.7935269,0.8620308
n02132580_21450.jpg,0.707464,0.8181818
00027108.jpg,0.5828048,0.6039218
00017672.jpg,0.7002962,0.8463128
00010514.jpg,0.7891927,0.6023932
00006024.jpg,0.6953522,0.8031642
00043796.jpg,0.71358776,0.8572772
00030016.jpg,0.8086731,0.8426412
00020877.jpg,0.7448367,0.72803
00027707.jpg,0.772906,0.7080918
00005550.jpg,0.583496,0.5182068
00003898.jpg,0.8642424,0.537765
00033330.jpg,0.8207779,0.8730106
00001991.jpg,0.7411304,0.853784
00023383.jpg,0.81898105,0.7578284
00013366.jpg,0.7019981,0.8374064
000000203459.jpg,0.7299578,0.85046726
00001007.jpg,0.74956405,0.7452728
00019920.jpg,0.8233652,0.9040946
00006116.jpg,0.7880094,0.77713
000000034372.jpg,0.74274147,0.65217394
00036029.jpg,0.7173502,0.5293458
00018008.jpg,0.6985387,0.5378274
00001806.jpg,0.67555207,0.8104234
00013684.jpg,0.78655,0.834008
00019433.jpg,0.57272506,0.4643692
00051833.jpg,0.7452941,0.8854798
00042443.jpg,0.7670785,0.8174372
f96e52bef139ae52.jpg,0.763382,0.9130435
00037915.jpg,0.6999173,0.7865236
00011344.jpg,0.78788304,0.9053924
00057236.jpg,0.72360885,0.7788056
00022481.jpg,0.76141334,0.8795642
00015399.jpg,0.74996054,0.9029878
00035898.jpg,0.59890175,0.739482
00008898.jpg,0.6381759,0.5827828
00001739.jpg,0.61636543,0.6126596
00024757.jpg,0.91259027,0.7690108
00044723.jpg,0.7626969,0.8445074
00034351.jpg,0.75221854,0.5586848
00012736.jpg,0.6622607,0.738306
00006645.jpg,0.79618704,0.7330686
sun_axsxcmrepgxeeyxh.jpg,0.6213074,0.78409094
00056702.jpg,0.81740975,0.8668016
00031299.jpg,0.90723985,0.7139662
00034940.jpg,0.6254011,0.4886394
00034103.jpg,0.6043161,0.5325942
00015813.jpg,0.9367691,0.7837654
00003341.jpg,0.805367,0.851427
n07717556_7101.jpg,0.8074306,0.9484536
00003087.jpg,0.74902713,0.5997936
000000407067.jpg,0.7184713,0.8217822
00003322.jpg,0.80430746,0.6992244
00053191.jpg,0.71742266,0.915044
00053440.jpg,0.8555143,0.9475584
00010891.jpg,0.5686004,0.5629528
00057791.jpg,0.8198267,0.6421354
00030993.jpg,0.6737304,0.7920358
00045915.jpg,0.7881943,0.7023674
n02132580_19931.jpg,0.7457305,0.872093
00055049.jpg,0.723471,0.8776364
00036839.jpg,0.5707513,0.658391
00014064.jpg,0.73777753,0.8051302
00023136.jpg,0.6291798,0.7143072
00055360.jpg,0.81847715,0.6934368
00025507.jpg,0.6305784,0.5555896
00020022.jpg,0.77135444,0.7540832
n09288635_10938.jpg,0.6612104,0.63461536
n02450034_7460.jpg,0.8026057,0.72115386
00000316.jpg,0.7694224,0.9054528
00039669.jpg,0.7139109,0.7016094
00026266.jpg,0.5840358,0.6932404
00024346.jpg,0.60353017,0.7557452
00000985.jpg,0.5572258,0.5648918
000000122097.jpg,0.8321997,0.86
00004144.jpg,0.81364906,0.7873654
00026749.jpg,0.83289903,0.8648156
00054110.jpg,0.64856905,0.8206288
000000277375.jpg,0.8363871,0.9680851
00037111.jpg,0.78436446,0.6355396
00018824.jpg,0.7272421,0.8490078
00044294.jpg,0.7648996,0.801776
00012422.jpg,0.8687054,0.8179158
00053151.jpg,0.6242858,0.6496616
00007946.jpg,0.76203084,0.937085
n00440941_12149.jpg,0.62894666,0.75490195
00017321.jpg,0.80698407,0.8459162
000000201698.jpg,0.7000078,0.7692308
00056839.jpg,0.6689333,0.701963
00001382.jpg,0.7682191,0.7970044
00051300.jpg,0.8279019,0.8370598
00009222.jpg,0.7425739,0.7388482
00039408.jpg,0.614877,0.5605034
00022285.jpg,0.7642058,0.8389082
00024642.jpg,0.7308788,0.756513
sun_aazwxarwchtbkpuq.jpg,0.7093723,0.72115386
00003098.jpg,0.82831377,0.8869596
00014406.jpg,0.6832144,0.74214
00023893.jpg,0.8389797,0.7881672
00004271.jpg,0.81616426,0.8352394
00010075.jpg,0.6426454,0.8467492
00040766.jpg,0.8437943,0.8359118
00007004.jpg,0.7276536,0.7590398
00045747.jpg,0.76806223,0.8809348
00053497.jpg,0.5788925,0.597787
00041632.jpg,0.7114924,0.6563562
00000991.jpg,0.9057496,0.928439
00023623.jpg,0.6472361,0.536526
00000654.jpg,0.9282191,0.845492
00045218.jpg,0.76176775,0.7503674
00045760.jpg,0.676963,0.5150014
00039959.jpg,0.7855592,0.7247374
00029262.jpg,0.6079329,0.6708604
n02878222_5540.jpg,0.63804543,0.71428573
00011426.jpg,0.78690565,0.7577804
00046865.jpg,0.74749184,0.5916398
00031928.jpg,0.76538754,0.4816994
00001117.jpg,0.76002604,0.6987196
00005512.jpg,0.58817124,0.7899628
00019340.jpg,0.689335,0.933819
00004189.jpg,0.84337723,0.8725502
00031093.jpg,0.6792174,0.861963
00026331.jpg,0.6124695,0.5094648
00008547.jpg,0.5466728,0.4132324
00031235.jpg,0.7367944,0.7931572
00054903.jpg,0.7572006,0.95354
00051506.jpg,0.80156237,0.758247
00051716.jpg,0.83501303,0.9055442
00037721.jpg,0.70573735,0.6790862
00052070.jpg,0.79061496,0.8192954
00000369.jpg,0.8443412,0.9362918
00037889.jpg,0.73929745,0.5989326
n02793495_2558.jpg,0.5001227,0.54545456
00014226.jpg,0.6197936,0.5177934
00057155.jpg,0.6603904,0.8054766
00048309.jpg,0.61002195,0.6487476
n07911677_5488.jpg,0.8366982,0.82828283
n04349306_6213.jpg,0.70395184,0.85470086
n02946348_23420.jpg,0.69393116,0.8541667
n03670208_12165.jpg,0.7342024,0.74545455
000000096445.jpg,0.72640944,0.7777778
00008861.jpg,0.6743232,0.8227252
00001083.jpg,0.85328954,0.8033724
00005546.jpg,0.66253066,0.6450326
00028807.jpg,0.80677515,0.8769756
00050109.jpg,0.57470673,0.6474714
00008123.jpg,0.66381085,0.5258172
00032765.jpg,0.7975056,0.7713184
00044563.jpg,0.6968102,0.715633
00001703.jpg,0.75978017,0.5280192
00049733.jpg,0.76313335,0.9092106
00021417.jpg,0.7701075,0.6182084
00035041.jpg,0.6702112,0.7822324
00053291.jpg,0.744138,0.8626124
00017558.jpg,0.7748345,0.834222
00015822.jpg,0.70262593,0.7713742
00031832.jpg,0.979132,0.8654626
00030521.jpg,0.71754134,0.7894956
00055919.jpg,0.69014686,0.7161668
000000185082.jpg,0.71569765,0.7244898
n09393605_23116.jpg,0.57452613,0.56435645
00039820.jpg,0.8331169,0.8529064
00056827.jpg,0.7043738,0.7219142
00006705.jpg,0.82920766,0.8392318
00034135.jpg,0.65716916,0.775839
n09288635_10303.jpg,0.61882526,0.76363635
00021031.jpg,0.6514347,0.6342716
00049954.jpg,0.7325292,0.5538888
n02432983_20323.jpg,0.7053803,0.79347825
00054014.jpg,0.907722,0.9398494
00005630.jpg,0.7303239,0.6546608
00046019.jpg,0.7922167,0.6695188
00022170.jpg,0.7119995,0.7512378
00018916.jpg,0.6652591,0.7952312
00005990.jpg,0.760066,0.811483
00034312.jpg,0.7083645,0.721184
00012922.jpg,0.8420862,0.8938986
00045373.jpg,0.8094849,0.859143
00029296.jpg,0.7217177,0.81996
00047867.jpg,0.74899507,0.73737
00032927.jpg,0.69859886,0.573352
000000018781.jpg,0.82426333,0.8363636
00014098.jpg,0.58711773,0.6629886
n09376198_13928.jpg,0.5410984,0.5092593
00049742.jpg,0.7393499,0.8630736
00009744.jpg,0.69479096,0.73415
00017366.jpg,0.7600626,0.986247
00039589.jpg,0.82964456,0.8971518
00014103.jpg,0.83547616,0.8254738
00041128.jpg,0.7573451,0.846653
00029347.jpg,0.76466435,0.8132216
00025787.jpg,0.6648453,0.7113664
3bda7bfbe820a82f.jpg,0.7308434,0.64912283
00014996.jpg,0.691952,0.8133436
00040273.jpg,0.79171157,0.5700338
00058088.jpg,0.7100864,0.7841744
00056429.jpg,0.66610897,0.6763542
00047242.jpg,0.82078874,0.8681648
00043377.jpg,0.7003189,0.5985842
00005140.jpg,0.632552,0.5899358
00039314.jpg,0.7771721,0.833446
00007987.jpg,0.7635932,0.7050184
00045309.jpg,0.79420483,0.6476872
00052477.jpg,0.69304943,0.8020562
00012810.jpg,0.66435325,0.8249702
00019386.jpg,0.79391694,0.9146036
00018480.jpg,0.8985994,0.7920668
00031912.jpg,0.6998418,0.8337744
00012138.jpg,0.73440796,0.814736
00033920.jpg,0.5379694,0.7258372
00023812.jpg,0.7938975,0.8428548
00052652.jpg,0.7771338,0.8189862
0c79a0995798a379.jpg,0.65700805,0.6888889
00015709.jpg,0.910539,0.8767176
00025330.jpg,0.7654195,0.7698644
00051084.jpg,0.77258146,0.795449
00027340.jpg,0.6448909,0.8571968
00054407.jpg,0.4861652,0.5465226
00025105.jpg,0.62884665,0.7481212
00053071.jpg,0.5833313,0.6016478
00033580.jpg,0.5824653,0.4700988
00031686.jpg,0.7582009,0.965769
00016029.jpg,0.72321105,0.8097596
00035100.jpg,0.52821064,0.4530384
00055453.jpg,0.7388229,0.7485266
00022186.jpg,0.82244396,0.8907846
00000159.jpg,0.7970985,0.9380442
00051006.jpg,0.8464378,0.9414298
00030975.jpg,0.9216417,0.8628804
00049454.jpg,0.7692782,0.703481
00014957.jpg,0.63255084,0.64466
n01811909_8696.jpg,0.84700406,0.7659575
00046230.jpg,0.7649783,0.677778
00036062.jpg,0.5750828,0.649966
n04335435_13810.jpg,0.7071167,0.84782606
00044786.jpg,0.7437587,0.8229158
00041388.jpg,0.76769245,0.7441252
00028635.jpg,0.7372637,0.8430634
00045072.jpg,0.7615303,0.7261904
n09289331_10832.jpg,0.6134329,0.6666667
00052399.jpg,0.792942,0.7434544
00054477.jpg,0.7063184,0.7706888
00047556.jpg,0.55588275,0.625371
00019299.jpg,0.80334365,0.7985272
00055978.jpg,0.77661276,0.678679
00009508.jpg,0.7203238,0.8234864
00008138.jpg,0.7489325,0.6969028
n04610013_2048.jpg,0.64804864,0.65
e5b67ef6e91c1cf2.jpg,0.85375506,0.88505745
00021185.jpg,0.8195529,0.8917834
00043592.jpg,0.76790184,0.8585684
00019881.jpg,0.8365265,0.814321
sun_arpgdgpfyuexqiuj.jpg,0.52517116,0.4516129
00030837.jpg,0.8241346,0.8539112
00026606.jpg,0.81058764,0.7199416
00019035.jpg,0.8154969,0.7919386
00001310.jpg,0.712182,0.7253146
00052263.jpg,0.73192465,0.6741064
00001255.jpg,0.84270275,0.7984918
00034943.jpg,0.77670705,0.8450896
00001221.jpg,0.8081371,0.8200284
00012632.jpg,0.74508524,0.8259794
00047839.jpg,0.74984,0.7824154
00006569.jpg,0.75841045,0.7968932
00019834.jpg,0.729358,0.74112
00046824.jpg,0.63588494,0.787572
00012332.jpg,0.64346117,0.859507
00036085.jpg,0.71579987,0.7609858
00056939.jpg,0.77322876,0.5906404
00037246.jpg,0.6744145,0.5062648
00035472.jpg,0.74001306,0.8356166
00014323.jpg,0.5988518,0.743328
00034964.jpg,0.6370313,0.6799792
00056729.jpg,0.6864966,0.7206436
00039288.jpg,0.8044709,0.747485
00023022.jpg,0.71596503,0.767608
00017711.jpg,0.8084009,1.0
00019853.jpg,0.81690896,0.919253
00050322.jpg,0.8368181,0.7456686
000000306363.jpg,0.75740004,0.8
00028396.jpg,0.6060399,0.750757
00025753.jpg,0.7418252,0.790295
000000444166.jpg,0.72486246,0.81632656
00046272.jpg,0.84124786,0.792641
00039774.jpg,0.75533104,0.8874956
00016361.jpg,0.7124487,0.591702
00034708.jpg,0.73088825,0.776546
00043114.jpg,0.7609533,0.8092604
000000468615.jpg,0.76368415,0.9270833
00022190.jpg,0.61516476,0.6965994
00042948.jpg,0.7001811,0.5153834
000000422953.jpg,0.76939166,0.6886792
607fc30becccf762.jpg,0.6087614,0.41379312
00042741.jpg,0.7790586,0.8929462
00035756.jpg,0.7409953,0.7326688
00036760.jpg,0.73133004,0.5751084
n02932891_20917.jpg,0.6166464,0.5494506
00021655.jpg,0.7758141,0.905957
n09472597_4661.jpg,0.58113676,0.53846157
n07880968_1068.jpg,0.8263758,0.81914896
00005875.jpg,0.7389816,0.8963152
00023198.jpg,0.8728431,0.7912166
00022085.jpg,0.8560351,0.7926828
00036464.jpg,0.6669454,0.725237
00018904.jpg,0.76834124,0.80859
00030659.jpg,0.7820555,0.7574384
00028263.jpg,0.7926886,0.9121374
00014422.jpg,0.686154,0.6819114
n03670208_2214.jpg,0.74344033,0.8913044
00049891.jpg,0.7803241,0.8928438
00045330.jpg,0.8113629,0.5775954
00055189.jpg,0.7456062,0.9315134
00025864.jpg,0.80088574,0.9031048
n07806221_24656.jpg,0.8221345,0.8369565
00040290.jpg,0.7671506,0.7104694
00029157.jpg,0.73602843,0.5628572
00041261.jpg,0.794863,0.6444136
00019777.jpg,0.63811636,0.6415074
00015780.jpg,0.62488365,0.6459798
n04349306_2756.jpg,0.77646756,0.8543689
00008440.jpg,0.8442853,0.719835
00035823.jpg,0.69540256,0.5652614
00043150.jpg,0.7663089,0.663429
000000554597.jpg,0.6384989,0.65217394
n02793495_8093.jpg,0.6223907,0.7904762
00001165.jpg,0.7298175,0.8121338
00032574.jpg,0.79386246,0.8843654
00007648.jpg,0.6891969,0.7824478
00005636.jpg,0.77737653,0.6663752
00056667.jpg,0.7044245,0.7411168
00015289.jpg,0.7323377,0.792045
00038940.jpg,0.714249,0.7862092
d8a84aa39b7cc0e2.jpg,0.7131067,0.9207921
00006076.jpg,0.7616806,0.7933366
00038230.jpg,0.7095877,0.7245662
00009065.jpg,0.59799767,0.5833438
00050308.jpg,0.7513881,0.8832508
00038160.jpg,0.5264928,0.5477466
00024065.jpg,0.79775894,0.8462642
000000352276.jpg,0.7202736,0.6526316
000000207509.jpg,0.7639696,0.9484536
n01846331_2820.jpg,0.6863894,0.8736842
00036182.jpg,0.78658295,0.9089336
00042855.jpg,0.58827376,0.5122368
fb27b24865985601.jpg,0.73495364,0.6938776
00057163.jpg,0.6997915,0.7659036
00015324.jpg,0.8897315,0.8489482
00056425.jpg,0.6492549,0.6766174
00016310.jpg,0.88555586,0.8039014
00041230.jpg,0.6945207,0.7150986
00028031.jpg,0.6692342,0.6549936
00030445.jpg,0.6237531,0.4171302
00040203.jpg,0.814386,0.656049
00042421.jpg,0.708958,0.8120312
00004949.jpg,0.72310627,0.6575868
00029165.jpg,0.6419594,0.6276016
00038378.jpg,0.78483194,0.8535326
00011003.jpg,0.8040651,0.9352654
00028163.jpg,0.8381756,0.7647024
00032331.jpg,0.7462385,0.8424228
00031665.jpg,0.7016851,0.816256
00054300.jpg,0.8302175,0.8573472
00047483.jpg,0.8537446,0.7949888
00020685.jpg,0.7277474,0.739067
00034642.jpg,0.6714375,0.629014
00002734.jpg,0.7702718,0.8731636
00008382.jpg,0.8241265,0.9072164
00001450.jpg,0.747924,0.9314316
00021919.jpg,0.71462166,0.7903548
sun_aesztpkgrxeusozn.jpg,0.55241406,0.42307693
00054955.jpg,0.79008764,0.804062
00051968.jpg,0.6992491,0.650935
00039188.jpg,0.86413264,0.8031016
00026110.jpg,0.6875285,0.7356854
00034636.jpg,0.74153537,0.7969508
00011454.jpg,0.6815113,0.7314546
00041070.jpg,0.7797687,0.6958104
00008786.jpg,0.77937686,0.7147716
00014429.jpg,0.86149895,0.8748452
00007160.jpg,0.7342168,0.8623586
00030986.jpg,0.7062969,0.921136
00045536.jpg,0.7955011,0.8949358
00044279.jpg,0.73889214,0.8116592
24073df6a9c58c6b.jpg,0.705408,0.8969072
00023829.jpg,0.8827854,0.914521
00006034.jpg,0.7490548,0.830067
00049218.jpg,0.5770227,0.6336162
00055892.jpg,0.77845,0.7602054
00048216.jpg,0.75164324,0.650121
00013626.jpg,0.5877655,0.697124
00002960.jpg,0.83552235,0.8013878
00051689.jpg,0.797487,0.7045192
00022421.jpg,0.7028247,0.6209478
00005835.jpg,0.84717834,0.8536828
00004232.jpg,0.64198,0.4541442
00036380.jpg,0.63910186,0.6855906
00009768.jpg,0.69000036,0.836663
00017844.jpg,0.79785264,0.8573892
00003144.jpg,0.6425873,0.7275032
00049241.jpg,0.6031872,0.6073566
00028478.jpg,0.7161801,0.745111
00013858.jpg,0.8227117,0.8429558
00033382.jpg,0.8622752,0.7900262
00024450.jpg,0.71990085,0.7611834
n03541923_889.jpg,0.7153583,0.8068182
00024703.jpg,0.7102694,0.5793668
n07716358_680.jpg,0.82566655,0.94623655
00035971.jpg,0.7407785,0.9096294
00020531.jpg,0.7578472,0.633019
00025630.jpg,0.756207,0.8213262
00038399.jpg,0.5149846,0.6309216
n04349306_9944.jpg,0.65943784,0.83505154
00021288.jpg,0.8455757,0.9111808
00038800.jpg,0.67839414,0.8010886
00004588.jpg,0.8173456,0.7766666
00016247.jpg,0.7208917,0.8434634
00005196.jpg,0.7884474,0.8377084
00045380.jpg,0.6824102,0.623274
00037264.jpg,0.7463213,0.850922
00001845.jpg,0.5589826,0.606939
00057805.jpg,0.6774727,0.7277744
00018766.jpg,0.84553236,0.7279532
00020455.jpg,0.8062836,0.879144
00033181.jpg,0.8129491,0.8770678
00052011.jpg,0.82206607,0.8711304
n07923748_14810.jpg,0.77789384,0.8901099
n07801508_890.jpg,0.8177686,0.8172043
00050853.jpg,0.78948075,0.8009764
00020765.jpg,0.6054512,0.6111782
00043305.jpg,0.6293516,0.7321706
00002411.jpg,0.6973946,0.3363248
00000592.jpg,0.65147257,0.6703178
00016262.jpg,0.8435632,0.6968332
00031115.jpg,0.78348106,0.7460042
n07923748_1310.jpg,0.7458807,0.7070707
00034396.jpg,0.70781183,0.7939916
00018538.jpg,0.7455825,0.5611792
00054389.jpg,0.73928,0.7380234
00022577.jpg,0.69906473,0.7382908
n07880968_6843.jpg,0.82770663,0.79816514
00022561.jpg,0.8661472,0.8510608
00052713.jpg,0.7818333,0.8006678
00015557.jpg,0.84647083,0.7736818
n04465501_2988.jpg,0.6069441,0.87234044
00017542.jpg,0.7552071,0.8007682
00045782.jpg,0.7591865,0.7659536
00047445.jpg,0.7207552,0.762203
00040916.jpg,0.630473,0.5372844
00051538.jpg,0.81632733,0.9372256
00005776.jpg,0.6806251,0.8152264
00013259.jpg,0.63838685,0.4355636
00032785.jpg,0.6842833,0.878431
00054193.jpg,0.7339618,0.7997524
00048925.jpg,0.90432715,0.9300418
00035645.jpg,0.6315632,0.3901542
00056974.jpg,0.7616818,0.932563
00045268.jpg,0.66556597,0.620532
00027380.jpg,0.6552755,0.6175308
00011701.jpg,0.7500067,0.7109216
00030308.jpg,0.91923124,0.9500052
9ae6eb66b27d02b7.jpg,0.57877696,0.5607477
n00480993_11381.jpg,0.7230829,0.5925926
00000749.jpg,0.7978645,0.8526092
00026210.jpg,0.6998655,0.7450786
00054723.jpg,0.7919473,0.8946136
00031162.jpg,0.6787584,0.7948468
00004338.jpg,0.6965245,0.5885762
00026363.jpg,0.76394403,0.8352524
n03790512_12076.jpg,0.7505379,0.7809524
00051024.jpg,0.5533936,0.6074094
00007543.jpg,0.5841833,0.5936814
00040107.jpg,0.83906114,0.6756846
00028641.jpg,0.7695925,0.8339942
00044342.jpg,0.7527862,0.6571362
00025995.jpg,0.7044257,0.7568716
00055820.jpg,0.8002092,0.8517442
00052232.jpg,0.8332593,0.8005406
00022507.jpg,0.7538961,0.6674378
00042820.jpg,0.8988739,0.8736544
00053207.jpg,0.813077,0.876811
00052357.jpg,0.8286234,0.8825262
00026035.jpg,0.5978596,0.6542912
00051146.jpg,0.7270477,0.8645974
n09376198_21260.jpg,0.5418969,0.6442308
n04467665_4989.jpg,0.6655751,0.56179774
00038832.jpg,0.6977627,0.8352972
00016135.jpg,0.7380219,0.9173622
00049736.jpg,0.5873054,0.433726
73615c36a8c71ff6.jpg,0.7673094,0.7010309
000000381430.jpg,0.7417896,0.82474226
00004762.jpg,0.66276956,0.8515434
00044915.jpg,0.7313554,0.6449278
00043763.jpg,0.8253739,0.7634294
00018225.jpg,0.6673566,0.6541984
00002625.jpg,0.759617,0.8261014
00033316.jpg,0.7306301,0.7342506
00004083.jpg,0.58698,0.5221768
00043667.jpg,0.7471315,0.7076164
00027313.jpg,0.79600656,0.886682
00030799.jpg,0.71726257,0.8422204
00048071.jpg,0.74127364,0.5957084
00017559.jpg,0.81649446,0.7533704
00029348.jpg,0.81699145,0.8108248
00048620.jpg,0.8336133,0.9319652
00055900.jpg,0.8230346,0.8015796
00026905.jpg,0.75107944,0.732751
00033073.jpg,0.58632195,0.570715
00025865.jpg,0.83337224,0.683726
00028889.jpg,0.7343074,0.800849
00036533.jpg,0.56651485,0.7713944
00054732.jpg,0.8031783,0.8567766
00005609.jpg,0.7222241,0.89607
00030426.jpg,0.7795712,0.6548692
00002784.jpg,0.7086889,0.7707364
00039567.jpg,0.78461504,0.6543556
n00445351_4658.jpg,0.5408368,0.8396226
00049578.jpg,0.7783559,0.7119596
00024489.jpg,0.70843863,0.6807836
00034149.jpg,0.61395514,0.7004318
00036605.jpg,0.70821714,0.4826524
00021656.jpg,0.7950863,0.5976346
00016244.jpg,0.7766262,0.8309268
00020481.jpg,0.613082,0.48766
00039104.jpg,0.79870045,0.8387192
00032456.jpg,0.7645458,0.8034966
00046001.jpg,0.7233598,0.6837462
00041238.jpg,0.770419,0.8506234
00048081.jpg,0.7599514,0.64959
00037809.jpg,0.70226026,0.7434892
00046555.jpg,0.7966712,0.7059494
00032356.jpg,0.7238265,0.9154728
3e92430853ab3484.jpg,0.7580646,0.75789475
00009325.jpg,0.82469124,0.7469826
00045883.jpg,0.6597921,0.7441304
00032653.jpg,0.9095018,0.8880286
00024333.jpg,0.6507566,0.7582538
00003788.jpg,0.7817003,0.949389
00003062.jpg,0.76959306,0.7939084
00040605.jpg,0.72794104,0.6682134
00045037.jpg,0.6557985,0.5791064
sun_acecbesdnsqijtva.jpg,0.62470007,0.42222223
00004149.jpg,0.7672548,0.7919874
00034730.jpg,0.6095902,0.7686724
00016079.jpg,0.7071456,0.5869112
00009623.jpg,0.7470108,0.9168312
00044204.jpg,0.7986144,0.6423838
00032272.jpg,0.80977786,0.7954746
00004157.jpg,0.70505977,0.8353174
00008272.jpg,0.8074033,0.7724454
00022639.jpg,0.9336237,0.9421264
00052248.jpg,0.6063858,0.5975274
00025498.jpg,0.776816,0.7771126
00003176.jpg,0.6776347,0.8124112
00030160.jpg,0.55365485,0.5115746
00029093.jpg,0.7201737,0.6625398
00050651.jpg,0.8547548,0.924704
00017859.jpg,0.83492035,0.8479206
00024490.jpg,0.7200117,0.9138152
00031579.jpg,0.5809959,0.7596198
00037190.jpg,0.7094048,0.8114386
00036119.jpg,0.6520419,0.6410912
00021465.jpg,0.59173334,0.6410584
000000056452.jpg,0.72406316,0.9111111
00041867.jpg,0.62599534,0.68232
00003023.jpg,0.78818876,0.8954528
00032144.jpg,0.75293344,0.8398612
00051960.jpg,0.83556616,0.8186342
00053503.jpg,0.72028613,0.9146716
00023286.jpg,0.74398434,0.9311908
00005924.jpg,0.67604977,0.4239378
00054175.jpg,0.7417643,0.8426784
00037881.jpg,0.596266,0.6490634
00048521.jpg,0.72817194,0.5552864
00011373.jpg,0.6505532,0.6313894
00029535.jpg,0.77290106,0.7653002
00050941.jpg,0.73711383,0.9029014
00009982.jpg,0.9195646,0.9244714
00052273.jpg,0.7751521,0.7718964
00055840.jpg,0.77484995,0.6715796
00035912.jpg,0.7246529,0.5954346
00012430.jpg,0.8026501,0.7760966
00046225.jpg,0.8214443,0.9400994
00014456.jpg,0.6591,0.5047696
00050830.jpg,0.7508781,0.766897
n02092002_4921.jpg,0.8298528,0.75652176
00002840.jpg,0.83430237,0.854684
000000578203.jpg,0.73865217,0.83505154
00028608.jpg,0.78490734,0.6662164
00015491.jpg,0.7680696,0.6729114
n07693725_11023.jpg,0.8475337,0.8796296
n02129165_10052.jpg,0.79145163,0.82568806
00053976.jpg,0.7511269,0.7306944
00041774.jpg,0.77608395,0.6895336
00034891.jpg,0.7168813,0.639259
n01514668_11498.jpg,0.7848902,0.9245283
00030089.jpg,0.6230352,0.5867478
00042397.jpg,0.8229116,0.6388732
00029683.jpg,0.72487926,0.8505258
00057489.jpg,0.8272663,0.7769092
00026630.jpg,0.7581786,0.6738406
00035855.jpg,0.667776,0.6980816
000000002066.jpg,0.77855724,0.8811881
2b08282fb15a689b.jpg,0.6415751,0.7
00041348.jpg,0.7854683,0.7265824
00043034.jpg,0.70917803,0.7644888
000000567375.jpg,0.73384154,0.8764045
00013705.jpg,0.7012783,0.7267456
00035248.jpg,0.74907464,0.7273772
00015544.jpg,0.7344029,0.866257
00000859.jpg,0.6470423,0.664833
00008323.jpg,0.61353725,0.479859
00010044.jpg,0.7764798,0.7659604
00001852.jpg,0.7044229,0.658683
00034331.jpg,0.7174174,0.5622172
00025514.jpg,0.8014952,0.748639
00030841.jpg,0.74489987,0.7057822
00019400.jpg,0.46617332,0.5935882
00046868.jpg,0.7539848,0.7206964
00009338.jpg,0.5575156,0.5133156
00004667.jpg,0.69354963,0.6726256
00054646.jpg,0.85104156,0.8009208
00036032.jpg,0.7206458,0.5502926
00038755.jpg,0.7933363,0.7793574
00014027.jpg,0.685785,0.646266
00055732.jpg,0.6349879,0.7369898
00048669.jpg,0.65660566,0.733395
00050566.jpg,0.81779444,0.8742094
00050292.jpg,0.6074802,0.6982174
00048335.jpg,0.8454458,0.842828
00055299.jpg,0.816838,0.7450836
00057303.jpg,0.8326771,0.8698822
00030387.jpg,0.6888079,0.834867
00054062.jpg,0.7050227,0.773974
00031134.jpg,0.66554844,0.8217188
00030256.jpg,0.7877802,0.7121332
000000393386.jpg,0.7152192,0.63829786
34961cea9977c655.jpg,0.7110758,0.6938776
00033272.jpg,0.8500941,0.9654578
00034447.jpg,0.6189897,0.7753634
00055263.jpg,0.63758516,0.735026
00027329.jpg,0.84705985,0.8186148
00022654.jpg,0.75669956,0.8036066
00057171.jpg,0.91373897,0.871621
00009904.jpg,0.6063385,0.522888
00000828.jpg,0.80500257,0.798192
00012515.jpg,0.7202508,0.7106286
00041816.jpg,0.6490839,0.6476638
00025236.jpg,0.6878366,0.6748286
00029131.jpg,0.69735426,0.9130536
00029775.jpg,0.78149205,0.869072
00041334.jpg,0.70421636,0.7721698
00055000.jpg,0.7748977,0.7734694
37fc6aef44db3fe0.jpg,0.68880844,0.7383177
00047895.jpg,0.77153325,0.6151406
00055630.jpg,0.69281805,0.6653332
00020228.jpg,0.7064953,0.7224266
00045202.jpg,0.76657087,0.8867894
00034573.jpg,0.65428066,0.539957
48f14f79a9686d8c.jpg,0.45490918,0.5280899
00048455.jpg,0.77855134,0.7970226
00040380.jpg,0.7637536,0.7108888
00029153.jpg,0.75619,0.7632224
00027440.jpg,0.7558793,0.7013766
00018975.jpg,0.71967494,0.85727
000000066347.jpg,0.79548323,0.7525773
00007538.jpg,0.73453265,0.7615978
n04587559_2346.jpg,0.5898679,0.6896552
n02342885_6396.jpg,0.8209147,0.9347826
00033728.jpg,0.84795725,0.8137926
00015375.jpg,0.8105558,0.7634844
00034942.jpg,0.82070285,0.7998146
00027643.jpg,0.812502,0.593972
00018408.jpg,0.7953042,0.9225422
00008013.jpg,0.8428323,0.9395268
00051036.jpg,0.5433779,0.6084936
00012224.jpg,0.64816815,0.6366998
00023831.jpg,0.8774208,0.9531232
00046177.jpg,0.763433,0.73626
00006532.jpg,0.6050962,0.6696372
00026983.jpg,0.60967964,0.6080924
00030541.jpg,0.73003155,0.678285
n04465501_1262.jpg,0.7572273,0.78640777
00042734.jpg,0.81263876,0.8720234
00029608.jpg,0.6540656,0.9052116
00012303.jpg,0.6193414,0.8233334
00034320.jpg,0.76446426,0.6960606
00024842.jpg,0.75311077,0.9145922
00015578.jpg,0.7927481,0.944514
n01811909_12270.jpg,0.8568932,0.7570093
00037597.jpg,0.7163907,0.6652398
00053999.jpg,0.7403256,0.7144162
00030424.jpg,0.78338754,0.7409234
00009059.jpg,0.68768245,0.6755234
00028099.jpg,0.6231035,0.7298124
00048636.jpg,0.72156143,0.7112866
00001947.jpg,0.9130014,0.8472736
00044320.jpg,0.81407964,0.7772166
00020576.jpg,0.8436155,0.7938124
00024756.jpg,0.64058876,0.7255496
00026176.jpg,0.8385716,0.844776
00024383.jpg,0.7854886,0.8425708
00016524.jpg,0.7382819,0.7609152
00030046.jpg,0.7110764,0.7207142
00052220.jpg,0.74784064,0.7970582
00053143.jpg,0.67908525,0.9379298
000000533750.jpg,0.9145498,0.88461536
00013540.jpg,0.744452,0.7440172
00029624.jpg,0.77079636,0.844926
00006209.jpg,0.7654252,0.8131056
00056169.jpg,0.80161786,0.8038088
00021757.jpg,0.86255205,0.8741596
00008122.jpg,0.66800195,0.830712
sun_afdaynbvsppiyvxm.jpg,0.6434747,0.6574074
00044913.jpg,0.78395253,0.75298
00038259.jpg,0.625441,0.6831754
n09415671_9090.jpg,0.6038033,0.505618
00014919.jpg,0.83441234,0.8991376
00035330.jpg,0.720978,0.7738084
00050934.jpg,0.8824433,0.8023916
00013455.jpg,0.85101545,0.7162026
00005012.jpg,0.81002057,0.943426
00047223.jpg,0.7771803,0.723907
00048701.jpg,0.7162083,0.5254166
00009715.jpg,0.7957025,0.9028
00035405.jpg,0.60966945,0.8084692
00023346.jpg,0.7583009,0.8454618
00047844.jpg,0.5711861,0.7838088
00042530.jpg,0.7056458,0.8308406
00029667.jpg,0.79849607,0.9310424
00006559.jpg,0.73122406,0.8618816
00032889.jpg,0.8990634,0.836515
00055242.jpg,0.6912219,0.671849
00001197.jpg,0.8685364,0.8434666
00029417.jpg,0.7122678,0.7499576
00047267.jpg,0.83071923,0.674005
00014448.jpg,0.7726358,0.8260272
00050380.jpg,0.7947282,0.671832
00021951.jpg,0.7956443,0.7301144
00015311.jpg,0.8528773,0.8506464
00029789.jpg,0.87468976,0.9637798
00033722.jpg,0.66027296,0.6843632
00010206.jpg,0.7230947,0.760579
n09468604_2749.jpg,0.519397,0.6516854
00037528.jpg,0.6091223,0.4798742
00045840.jpg,0.92618275,0.8505592
00007298.jpg,0.78892994,0.7568378
00012347.jpg,0.7744223,0.8373752
00051292.jpg,0.76244855,0.9545406
00014378.jpg,0.866714,0.9198598
00017759.jpg,0.63249797,0.6218586
000000527365.jpg,0.77917063,0.6756757
00018530.jpg,0.7592335,0.7738454
00012186.jpg,0.7197636,0.8016752
00016540.jpg,0.6638049,0.875229
00012748.jpg,0.75594187,0.871989
00042412.jpg,0.7547784,0.7016898
00011640.jpg,0.7322787,0.823512
n02396427_14005.jpg,0.8159882,0.8681319
000000124224.jpg,0.677125,0.75757575
00023820.jpg,0.70804954,0.8203022
00002402.jpg,0.6491915,0.9183418
00057306.jpg,0.6882014,0.7467338
n09303008_920.jpg,0.5844468,0.75510204
00010816.jpg,0.78019285,0.8209388
00055442.jpg,0.75660485,0.7322104
00047862.jpg,0.77898407,0.9034498
00017155.jpg,0.794157,0.7674356
00055774.jpg,0.6899343,0.604861
00029652.jpg,0.796859,0.856804
00048360.jpg,0.73209226,0.6765538
00025473.jpg,0.77827275,0.7729306
n02934451_3778.jpg,0.6056291,0.7326733
00020572.jpg,0.7600869,0.7856126
00056930.jpg,0.7863757,0.7335318
00023352.jpg,0.82732743,0.8550276
00012245.jpg,0.93769443,0.8595176
00053288.jpg,0.7380332,0.8024716
n01811909_13582.jpg,0.82690984,0.93333334
00007698.jpg,0.79286885,0.7025288
00001752.jpg,0.66883135,0.8110976
00046437.jpg,0.796373,0.908637
00033845.jpg,0.67200714,0.5103846
00040392.jpg,0.75602305,0.8210872
00033204.jpg,0.6977457,0.771972
00023727.jpg,0.75370526,0.605745
00019053.jpg,0.6281594,0.6584554
00028197.jpg,0.77534264,0.8690848
n07911677_339.jpg,0.7783987,0.8736842
00012905.jpg,0.7818926,0.7068588
00008129.jpg,0.62359047,0.7059008
00051554.jpg,0.7501056,0.8670114
00026736.jpg,0.6203863,0.8163286
n03351262_343.jpg,0.58633614,0.6814159
00012642.jpg,0.5972028,0.558062
00043413.jpg,0.835814,0.840878
00003411.jpg,0.8779769,0.8234284
00008483.jpg,0.81565076,0.7175582
00003610.jpg,0.8822143,0.9325942
00034633.jpg,0.7048369,0.6287802
00005387.jpg,0.57704747,0.6540354
n02118333_9239.jpg,0.7625938,0.9375
00053322.jpg,0.79825115,0.8364648
n02946348_15930.jpg,0.7328793,0.8086957
000000379272.jpg,0.7380812,0.9111111
00034677.jpg,0.64035916,0.648649
00015181.jpg,0.7839607,0.7654888
00057429.jpg,0.6633818,0.6977242
00013146.jpg,0.7071912,0.8520926
00044518.jpg,0.74000704,0.5575426
00008204.jpg,0.79001796,0.8977388
00038849.jpg,0.7321341,0.66955
00039085.jpg,0.73502016,0.7275004
00040779.jpg,0.8034387,0.7543576
000000364027.jpg,0.7014884,0.83495146
00006841.jpg,0.5993106,0.5524032
00002233.jpg,0.74726915,0.9613118
n02834778_10391.jpg,0.69546735,0.7938144
00003666.jpg,0.6151451,0.8660476
00047567.jpg,0.6332238,0.7905404
00038044.jpg,0.73338294,0.6770834
00046241.jpg,0.6688082,0.8733262
00001455.jpg,0.8878376,0.8813256
n07753592_8041.jpg,0.8002011,0.85227275
000000095201.jpg,0.6925822,0.6826923
00035444.jpg,0.67001045,0.6010676
n01792640_8097.jpg,0.819443,0.625
00033388.jpg,0.7835055,0.8261548
00051391.jpg,0.7387475,0.721978
00015649.jpg,0.6944314,0.6426584
00055523.jpg,0.7829082,0.7795424
00037157.jpg,0.5323915,0.6665456
00053793.jpg,0.7267528,0.6264882
00003296.jpg,0.80274814,0.8126944
n02355227_12085.jpg,0.7260581,0.7244898
00041280.jpg,0.7624048,0.61151
00057083.jpg,0.6972171,0.8766626
00036304.jpg,0.6318487,0.8417734
00007352.jpg,0.7584727,0.7654556
00050503.jpg,0.62408453,0.6428504
00038308.jpg,0.63199115,0.7818036
00000934.jpg,0.55861884,0.5805412
n07716358_5976.jpg,0.7926321,0.91346157
00040956.jpg,0.66547585,0.6240046
00024339.jpg,0.64439124,0.6850026
00057330.jpg,0.80591553,0.762564
00008664.jpg,0.63715273,0.692147
00023077.jpg,0.7992736,0.9128458
00008915.jpg,0.6672727,0.425682
00024317.jpg,0.80739427,0.8499494
00049387.jpg,0.6334218,0.5930246
00036891.jpg,0.7041976,0.6173416
00035429.jpg,0.68086755,0.56323
000000052282.jpg,0.7536001,0.86021507
00043265.jpg,0.8134967,0.650451
00037982.jpg,0.69575715,0.571322
sun_aaifkdzmoajrzxqn.jpg,0.61973023,0.67676765
00049674.jpg,0.7384415,0.896429
00048617.jpg,0.80416906,0.7964408
00045895.jpg,0.76506066,0.8095942
00056407.jpg,0.67100513,0.6370518
n02324045_4705.jpg,0.74847144,0.85714287
00016073.jpg,0.7872752,0.7649974
00001113.jpg,0.7400049,0.7169074
000000509471.jpg,0.6825609,0.80582523
00008851.jpg,0.66937745,0.6892628
00010749.jpg,0.7288056,0.8370374
00057264.jpg,0.8259678,0.8209656
00056195.jpg,0.74547195,0.807938
00016585.jpg,0.80723345,0.9634362
00022611.jpg,0.80868566,0.929423
00033396.jpg,0.6741458,0.8452106
00046126.jpg,0.8650396,0.8273808
00040864.jpg,0.7217474,0.80283
00054788.jpg,0.6725764,0.7566192
00000132.jpg,0.766338,0.6164966
00039442.jpg,0.75316703,0.6521936
00012637.jpg,0.7916011,0.799632
00016593.jpg,0.77417845,0.8625434
00021835.jpg,0.85680777,0.821018
00040647.jpg,0.7252284,0.8829714
00008449.jpg,0.71997535,0.9387438
00039802.jpg,0.7830273,0.6760042
00035493.jpg,0.6205698,0.6428348
00037846.jpg,0.68921804,0.5451924
00052720.jpg,0.67513,0.5954444
00041152.jpg,0.7080803,0.7197182
00004799.jpg,0.6421944,0.635624
00006257.jpg,0.784216,0.8351434
00026337.jpg,0.8826083,0.8219666
n09376198_21192.jpg,0.5801764,0.63095236
0e8bb816c0cb5fbe.jpg,0.6329388,0.61403507
00050560.jpg,0.5686683,0.6890216
00039422.jpg,0.7775761,0.7848426
00054167.jpg,0.87924063,0.8017294
00019621.jpg,0.84601504,0.9529322
00010633.jpg,0.6777507,0.680123
n07911677_4761.jpg,0.7864883,0.8172043
00050908.jpg,0.7007141,0.8476918
00018890.jpg,0.8305489,0.8909462
00050112.jpg,0.6765648,0.8510742
00009104.jpg,0.55457467,0.467442
00018681.jpg,0.735957,0.6533996
00036678.jpg,0.59689945,0.5305292
00030070.jpg,0.8258957,0.8708214
00011022.jpg,0.73247397,0.7326008
00026794.jpg,0.7896493,0.7239974
00045397.jpg,0.7184986,0.7930808
n00445351_8627.jpg,0.7159801,0.88235295
00007888.jpg,0.70797026,0.633678
00032834.jpg,0.72449964,0.5641162
00050144.jpg,0.6201515,0.876227
00014248.jpg,0.6547339,0.645302
00043234.jpg,0.847633,0.9257888
00010663.jpg,0.5682826,0.5617132
00048168.jpg,0.70554197,0.716459
n02118333_10715.jpg,0.74887234,0.90384614
00037011.jpg,0.69507915,0.6575762
00002143.jpg,0.772891,0.7494762
00012712.jpg,0.6535821,0.7206598
00015840.jpg,0.8414546,0.8350302
00033860.jpg,0.6458983,0.4498508
00029513.jpg,0.57067525,0.6281382
00011476.jpg,0.8747464,0.7608914
00044161.jpg,0.7252523,0.6969846
00044704.jpg,0.8615588,0.7757598
00040430.jpg,0.789721,0.6145746
00034101.jpg,0.74567217,0.6764092
00032572.jpg,0.71332806,0.7993986
00049374.jpg,0.85566294,0.8575262
00001423.jpg,0.7727696,0.7888588
00025337.jpg,0.7645916,0.9584164
00012461.jpg,0.7894205,0.8147574
00056759.jpg,0.8332975,0.8121052
n02132136_1156.jpg,0.6845094,0.8252427
00048396.jpg,0.72197074,0.6635322
00050857.jpg,0.919767,0.845886
00004577.jpg,0.784806,0.963098
00047076.jpg,0.6747256,0.8783578
00019135.jpg,0.68608326,0.5652724
00027933.jpg,0.8456998,0.6729308
00007483.jpg,0.7332477,0.8142172
00046729.jpg,0.80779344,0.7176558
00026930.jpg,0.6243613,0.6114614
00011536.jpg,0.719478,0.6963644
00003761.jpg,0.7990593,0.870849
00050337.jpg,0.73539764,0.8776384
00019520.jpg,0.8144681,0.8601058
00021200.jpg,0.74098885,0.9091246
00057305.jpg,0.8515322,0.9179518
00035144.jpg,0.6359266,0.643811
00053403.jpg,0.7382716,0.6020944
00039613.jpg,0.78367364,0.7293656
00003616.jpg,0.796029,0.796975
00008636.jpg,0.7415125,0.7206638
00044492.jpg,0.8516084,0.7951008
00054626.jpg,0.66666245,0.653997
n04349306_760.jpg,0.64387,0.7979798
00033597.jpg,0.5977113,0.7046466
00048766.jpg,0.6759127,0.7958876
00026520.jpg,0.6449379,0.662531
00025159.jpg,0.7549956,0.8639584
00008062.jpg,0.77659416,0.7130584
000000034412.jpg,0.7615476,0.85714287
00016209.jpg,0.7972178,0.7995972
00055346.jpg,0.589201,0.5296318
00046853.jpg,0.76705533,0.9297408
00043575.jpg,0.7728163,0.5912082
00055501.jpg,0.61708367,0.7456832
00037061.jpg,0.7235998,0.674739
00019013.jpg,0.7336496,0.691814
00009719.jpg,0.6960846,0.9212854
00017090.jpg,0.8243067,0.8958414
00047662.jpg,0.68245053,0.8065068
00040771.jpg,0.7337079,0.7997868
00042726.jpg,0.7636168,0.7969028
00044002.jpg,0.7522632,0.817819
n03594945_7558.jpg,0.7053449,0.7032967
00052937.jpg,0.8203869,0.7947322
000000182927.jpg,0.7104254,0.8863636
00044338.jpg,0.6682613,0.6978988
00048878.jpg,0.8861178,0.9858024
00050306.jpg,0.7570028,0.861137
b5ac64610c016023.jpg,0.7902229,0.8333333
00002761.jpg,0.6620141,0.6350066
00016010.jpg,0.5514492,0.5906768
n09270735_25350.jpg,0.6001467,0.68817204
n07911677_2899.jpg,0.78885376,0.814433
00004678.jpg,0.84904414,0.9265952
00033232.jpg,0.7986575,0.9116988
00044367.jpg,0.7506912,0.7794288
n02355227_15548.jpg,0.78325963,0.91588783
n01514668_7597.jpg,0.7778018,0.875
00052202.jpg,0.76733065,0.823322
00033491.jpg,0.80453503,0.8956516
00049619.jpg,0.7398309,0.8814164
00045396.jpg,0.7652164,0.7366666
21127e0539efd8b3.jpg,0.7688505,0.7943925
00010661.jpg,0.6931039,0.6423094
00022834.jpg,0.8976186,0.9645918
00020933.jpg,0.6708768,0.7943966
00041255.jpg,0.8211411,0.8937538
00044140.jpg,0.69318575,0.7631084
00021777.jpg,0.62833625,0.752531
00020199.jpg,0.77612686,0.8070956
00046432.jpg,0.69827485,0.7393712
00036828.jpg,0.7280246,0.848462
n09415671_15736.jpg,0.58621776,0.7741935
00003017.jpg,0.6953734,0.8283834
n07574602_29739.jpg,0.852324,0.8869565
00050932.jpg,0.82889587,0.817294
00035811.jpg,0.7609589,0.7709926
00050349.jpg,0.72920495,0.6950176
00031934.jpg,0.81695014,0.8798524
00039350.jpg,0.774474,0.6939792
00003369.jpg,0.8968719,0.862545
00020175.jpg,0.81174326,0.7623506
00024880.jpg,0.7392311,0.7489332
00055092.jpg,0.58997715,0.6036258
00038810.jpg,0.75970495,0.910049
4237c823b4f8ea49.jpg,0.73440677,0.8202247
000000413852.jpg,0.59371173,0.6847826
00044043.jpg,0.8295245,0.726446
00017079.jpg,0.8549398,0.8360928
00003173.jpg,0.6082026,0.5281034
n04335435_427.jpg,0.7556509,0.7157895
00054298.jpg,0.915364,0.881
00014296.jpg,0.81915885,0.787143
n09393605_60769.jpg,0.5506223,0.42424244
00011191.jpg,0.7248523,0.6454216
00037616.jpg,0.65784955,0.5601352
00034225.jpg,0.6112112,0.6140058
00052639.jpg,0.5976583,0.6586728
00000852.jpg,0.6974378,0.8711894
00015239.jpg,0.6601483,0.6967422
00020829.jpg,0.70090663,0.7621852
00036503.jpg,0.72205865,0.780906
00019785.jpg,0.78680825,0.938149
00016897.jpg,0.78404117,0.7632078
00045709.jpg,0.7271126,0.7127218
00029658.jpg,0.7346803,0.824333
00011220.jpg,0.8000928,0.9358704
00044566.jpg,0.73959243,0.612479
00030898.jpg,0.65336907,0.6575378
00011357.jpg,0.80998427,0.904129
00008326.jpg,0.7432347,0.7561888
00041452.jpg,0.7423507,0.866803
00046250.jpg,0.7786604,0.866515
00046888.jpg,0.7263255,0.7124154
00014504.jpg,0.7465956,0.8460822
00034365.jpg,0.66556644,0.7481702
00008740.jpg,0.7446798,0.8191748
n07838073_11455.jpg,0.780219,0.8469388
00057526.jpg,0.7542969,0.756568
n07880968_190.jpg,0.82862955,0.8352941
00049413.jpg,0.87170315,0.9128228
00006710.jpg,0.7647325,0.5489132
00024759.jpg,0.848773,0.8517074
00042224.jpg,0.6994655,0.822305
00050878.jpg,0.7344068,0.8371578
00038747.jpg,0.7883121,0.7821444
00042518.jpg,0.7020589,0.7475652
00012180.jpg,0.6629335,0.7056554
00023792.jpg,0.7123921,0.7346484
f3d6f9c54b2fbd9c.jpg,0.74433327,0.8165138
00015514.jpg,0.78607804,0.8965756
00024647.jpg,0.7099949,0.8534358
00055588.jpg,0.8125486,0.8905718
00008314.jpg,0.81281567,0.8350444
086ae640b9f067db.jpg,0.8285321,0.7878788
00032909.jpg,0.89523673,0.705046
00015512.jpg,0.8366112,0.71534
00028751.jpg,0.7566092,0.8448532
00045865.jpg,0.8729067,0.6556496
00012151.jpg,0.75340366,0.765361
00045439.jpg,0.77940655,0.8563036
00011300.jpg,0.8179505,0.901701
00045500.jpg,0.7955185,0.7606006
00022851.jpg,0.800966,0.7839952
00011829.jpg,0.59404135,0.50991
00029073.jpg,0.6754924,0.7755062
00003631.jpg,0.70667577,0.8182764
00020358.jpg,0.6701952,0.4525288
00031452.jpg,0.8859316,0.9192612
00055586.jpg,0.744928,0.8155754
00027758.jpg,0.8097261,0.7061778
00024428.jpg,0.69284916,0.6100006
ed85448ac53d7e98.jpg,0.7627007,0.68235296
00012645.jpg,0.8070235,0.8496476
00014873.jpg,0.74123585,0.6225924
00016238.jpg,0.65181357,0.728898
00058109.jpg,0.80712134,0.8855538
00003813.jpg,0.86099637,0.9223246
00031526.jpg,0.79184234,0.9330288
00004917.jpg,0.75602657,0.81165
00043976.jpg,0.6445339,0.6485852
00008868.jpg,0.64156806,0.870894
00010893.jpg,0.70342267,0.7876352
00008688.jpg,0.7761743,0.756999
00044337.jpg,0.817872,0.851826
00027185.jpg,0.65884054,0.6723838
00037080.jpg,0.5476824,0.4371236
00022630.jpg,0.7594316,0.8369184
00012932.jpg,0.7671973,0.8483872
n09289331_6878.jpg,0.5530543,0.35779816
n07716358_23357.jpg,0.725669,0.89285713
00055403.jpg,0.77966666,0.7023542
00050120.jpg,0.6916801,0.9131032
000000050159.jpg,0.72359693,0.7641509
sun_akckbypmzxubxzyf.jpg,0.55607307,0.5652174
00032395.jpg,0.85188925,0.8268662
000000386291.jpg,0.68821377,0.91463417
000000489218.jpg,0.77664995,0.84042555
000000395714.jpg,0.8242297,0.92727274
000000256028.jpg,0.72024775,0.8
00030704.jpg,0.6123702,0.5577502
00053329.jpg,0.8253936,0.8630282
00044257.jpg,0.6891211,0.6174688
00051874.jpg,0.8722325,0.6349294
00021858.jpg,0.566734,0.644646
00003994.jpg,0.6570115,0.441159
00046603.jpg,0.59582096,0.5924068
00048540.jpg,0.773286,0.6582816
00018369.jpg,0.89864933,0.9142428
00009920.jpg,0.727139,0.67896
00037908.jpg,0.6119643,0.6321428
00035010.jpg,0.8047993,0.6462418
00016563.jpg,0.75179124,0.833144
00029374.jpg,0.7462441,0.7417574
00056250.jpg,0.8200216,0.8519336
00044498.jpg,0.74069655,0.7465326
03f1ef1359dbf0c1.jpg,0.8458445,0.8811881
00038030.jpg,0.59606373,0.52068
00056583.jpg,0.75458765,0.9047708
00030765.jpg,0.74955153,0.7292854
00004479.jpg,0.59427893,0.4349348
00013193.jpg,0.7829559,0.71786
n00445351_7300.jpg,0.70883286,0.88235295
ecb104cafb930b5e.jpg,0.80027443,0.7592593
00004346.jpg,0.7381897,0.7870452
00040499.jpg,0.81695175,0.79882
00002742.jpg,0.63486254,0.6113204
00045818.jpg,0.735805,0.5800918
00032767.jpg,0.76305753,0.868283
n07863374_18813.jpg,0.8616079,0.8425926
00029199.jpg,0.7620213,0.9126608
sun_ambyixvpmdimogbn.jpg,0.6378382,0.6315789
00037063.jpg,0.669711,0.7568974
00049186.jpg,0.6612303,0.6832128
00031106.jpg,0.88683975,0.7901718
000000477143.jpg,0.6571928,0.81609195
00058633.jpg,0.7981002,0.8432448
00034643.jpg,0.72179073,0.8761792
00011516.jpg,0.7781612,0.8695456
00006534.jpg,0.6614436,0.6459088
00058203.jpg,0.74556214,0.9027964
00019603.jpg,0.9107983,0.6574636
00022891.jpg,0.8054661,0.9038226
n09472597_14301.jpg,0.589,0.6122449
00046124.jpg,0.7222315,0.8569896
n04610013_2504.jpg,0.6597953,0.68686867
n07849336_25149.jpg,0.87552476,0.91071427
00019246.jpg,0.77413124,0.6680912
00031587.jpg,0.7644596,0.7817988
00051275.jpg,0.7812711,0.8638674
sun_adgraqjkdvtsdonf.jpg,0.65614986,0.73417723
00049059.jpg,0.7692044,0.723865
00016994.jpg,0.74659634,0.7472072
00013766.jpg,0.70662546,0.8444722
00022293.jpg,0.6924223,0.7077284
00014474.jpg,0.8397132,0.901503
00019369.jpg,0.7804731,0.7591486
00048277.jpg,0.8082739,0.6598562
n09421951_12946.jpg,0.5531028,0.67346936
00027368.jpg,0.7840618,0.6402686
00057343.jpg,0.6909454,0.5918222
00053423.jpg,0.7674385,0.919395
n09303008_23881.jpg,0.5849657,0.44329897
93c9ebd009f6412e.jpg,0.75979424,0.85542166
00047935.jpg,0.5614868,0.542335
00009710.jpg,0.86078286,0.8781746
00034795.jpg,0.6040124,0.5474364
00033854.jpg,0.59058946,0.4001946
00043106.jpg,0.83039963,0.9013202
00046783.jpg,0.7381284,0.7055954
00010625.jpg,0.7601408,0.8630484
00040596.jpg,0.7525679,0.88378
00047306.jpg,0.5704313,0.5655058
00054465.jpg,0.5193377,0.5543378
00029992.jpg,0.8183854,0.9701726
00012946.jpg,0.76882136,0.916688
n02324045_13216.jpg,0.74048615,0.752809
00002248.jpg,0.7106781,0.8225796
00020574.jpg,0.6941577,0.8331254
n09288635_2529.jpg,0.6016751,0.6666667
n03670208_13877.jpg,0.6746576,0.8512397
00020837.jpg,0.6660309,0.8132272
00019266.jpg,0.66007614,0.883408
9e0b50b69b095d1d.jpg,0.6956601,0.65
00047457.jpg,0.7459361,0.4770146
00032306.jpg,0.73461103,0.7582296
00019757.jpg,0.74207234,0.8413328
00047702.jpg,0.6976308,0.7524802
00029823.jpg,0.70195574,0.9233172
00014952.jpg,0.8571136,0.8341474
00009694.jpg,0.7443803,0.7132984
00040435.jpg,0.7680604,0.7165176
n02396427_1945.jpg,0.81941164,0.7938144
00028412.jpg,0.81748366,0.6018352
00053820.jpg,0.6670366,0.6870418
00055051.jpg,0.79264665,0.7551864
00041208.jpg,0.7179345,0.6655378
00055212.jpg,0.78590584,0.8334024
00007589.jpg,0.6203574,0.604276
00030614.jpg,0.7294018,0.7905192
00051687.jpg,0.80273974,0.7263144
n02878222_16581.jpg,0.68182737,0.74509805
n12345899_5852.jpg,0.55945265,0.64835167
00050082.jpg,0.9110074,0.9167888
00026309.jpg,0.76920867,0.8497458
00022880.jpg,0.768317,0.8600556
00003754.jpg,0.7426821,0.7265068
00010943.jpg,0.7719834,0.6341828
00034865.jpg,0.69382536,0.5917388
00058010.jpg,0.5905433,0.5846258
00025219.jpg,0.63367,0.7117216
00000270.jpg,0.68147516,0.8948246
00050102.jpg,0.8390521,0.7851062
00012973.jpg,0.8957571,0.8920774
n04349306_1353.jpg,0.75859535,0.8111111
00039156.jpg,0.8153851,0.789462
00002318.jpg,0.5598594,0.5170194
00056885.jpg,0.8300984,0.8728028
sun_acgqrysmhvkbzwyo.jpg,0.5094989,0.22881356
00014461.jpg,0.6405839,0.5826914
00001373.jpg,0.59217954,0.5820376
00045629.jpg,0.7616832,0.7846506
00049132.jpg,0.6946735,0.7958638
00026499.jpg,0.6800512,0.7218298
00022424.jpg,0.7096982,0.757925
sun_audjilpcqqrkmxbf.jpg,0.67206967,0.64761907
00006394.jpg,0.8375212,0.782011
00056661.jpg,0.9081757,0.9047436
n07801091_58521.jpg,0.6058599,0.6344086
00045767.jpg,0.78663576,0.5936188
00009080.jpg,0.8011552,0.8451034
00003307.jpg,0.80715376,0.7473832
n04587559_9739.jpg,0.65756124,0.7878788
00035319.jpg,0.6256885,0.581445
000000571990.jpg,0.9060264,0.86315787
00005320.jpg,0.77441555,0.8589332
00006701.jpg,0.8477787,0.8646528
00057747.jpg,0.6397697,0.580893
00016304.jpg,0.81253743,0.7523298
00005449.jpg,0.74227417,0.7098068
00008785.jpg,0.758054,0.8270118
00040687.jpg,0.7214198,0.7671576
00045678.jpg,0.65543336,0.634672
00034335.jpg,0.63152605,0.7311314
00046551.jpg,0.70791066,0.8665108
00001578.jpg,0.8889704,0.8467702
00009430.jpg,0.5552233,0.6544704
00024207.jpg,0.85247135,0.9144934
00033162.jpg,0.7106216,0.7610258
00033776.jpg,0.6837263,0.5824864
5789304f5ccd057d.jpg,0.8200522,0.8039216
00003241.jpg,0.59395194,0.6281354
00030220.jpg,0.6993713,0.6958012
00028079.jpg,0.642105,0.72689
n04465501_5347.jpg,0.6382052,0.8452381
00051766.jpg,0.627591,0.6101636
00051653.jpg,0.9030671,0.8293624
00047511.jpg,0.6760099,0.7629584
n09288635_11978.jpg,0.59667784,0.44444445
00048837.jpg,0.743592,0.6794392
n03384352_4118.jpg,0.6951921,0.7
00049842.jpg,0.8036628,0.8194776
00013619.jpg,0.7525534,0.6728888
00040993.jpg,0.66305935,0.7088162
00043581.jpg,0.7208917,0.653212
00014048.jpg,0.5421558,0.7178072
00035454.jpg,0.5605518,0.7107476
00042367.jpg,0.6976244,0.7372814
n04461696_18993.jpg,0.7650088,0.75247526
00043237.jpg,0.8157735,0.8454832
00018923.jpg,0.70423627,0.7901406
n04467665_7224.jpg,0.70291877,0.7254902
00044802.jpg,0.6650649,0.861618
00010451.jpg,0.6780741,0.5632998
00017052.jpg,0.688895,0.736891
00030801.jpg,0.63862586,0.5271864
00006517.jpg,0.55658394,0.6872856
00046922.jpg,0.78257126,0.6928894
00033779.jpg,0.7734907,0.8215146
n09217230_4020.jpg,0.5670092,0.49425286
00023621.jpg,0.81249803,0.7119664
00052508.jpg,0.7484535,0.774975
00058229.jpg,0.8868121,0.8874038
00048805.jpg,0.88966936,0.6554086
000000251702.jpg,0.78874695,0.875
426f6b665d06fbaf.jpg,0.8158017,0.75
00030291.jpg,0.90999115,0.8424802
00004809.jpg,0.85433817,0.790439
00046062.jpg,0.79470634,0.779359
00041291.jpg,0.7168236,0.8859072
82462c9793e1b5d0.jpg,0.68235075,0.7236842
00049747.jpg,0.7911095,0.8379974
n07849336_26037.jpg,0.8198098,0.8811881
00018292.jpg,0.83059084,0.8319758
00012620.jpg,0.7871032,0.8047978
00017496.jpg,0.76453763,0.7563916
00012246.jpg,0.57158804,0.6854358
n04166281_6507.jpg,0.7929188,0.76086956
00004866.jpg,0.81113267,0.8900962
00041574.jpg,0.82577014,0.8396196
00039806.jpg,0.57931405,0.6080808
00015588.jpg,0.7351432,0.7956248
00048377.jpg,0.79948914,0.8078742
00025813.jpg,0.79297245,0.879672
00013054.jpg,0.6968473,0.7815078
n03512147_447.jpg,0.68078834,0.84375
00054201.jpg,0.8045413,0.9040234
00000237.jpg,0.58100396,0.7046586
00033868.jpg,0.7451914,0.8976098
n07693725_5096.jpg,0.8847668,0.88372093
00004330.jpg,0.7302058,0.7817252
n09376198_22644.jpg,0.5428936,0.45
00011376.jpg,0.80380774,0.8790626
n02396427_22482.jpg,0.77000767,0.78846157
00012594.jpg,0.7481829,0.6676194
00045288.jpg,0.8084133,0.642925
n01811909_10317.jpg,0.797799,0.7586207
00056122.jpg,0.8669111,0.8898546
00009699.jpg,0.705797,0.5868646
00052328.jpg,0.7947294,0.6731494
00004226.jpg,0.68135583,0.5169558
00023321.jpg,0.77554995,0.72632
00052283.jpg,0.80989647,0.7623708
00014799.jpg,0.78768396,0.8441926
00039911.jpg,0.85906935,0.804453
n07863374_16769.jpg,0.88239706,0.9823009
00015552.jpg,0.6938096,0.697348
00017961.jpg,0.82625014,0.7926336
00057175.jpg,0.8165675,0.8413654
00019429.jpg,0.9051599,0.9606994
00035276.jpg,0.6276786,0.6099734
00010617.jpg,0.698983,0.5536626
00019543.jpg,0.90796727,0.7975272
00038953.jpg,0.71290493,0.694861
000000127550.jpg,0.70544094,0.79
00019758.jpg,0.7237776,0.6956226
00003305.jpg,0.8919082,0.944
00024325.jpg,0.76192254,0.8178304
n07720875_3592.jpg,0.81786966,0.79831934
00032872.jpg,0.60978925,0.6776982
00025088.jpg,0.845625,0.9335226
00049116.jpg,0.79350084,0.7844076
00022122.jpg,0.85467654,0.9
n04349306_4822.jpg,0.73339355,0.9
n04461696_2743.jpg,0.74004936,0.7589286
00033254.jpg,0.7468135,0.8166342
00002030.jpg,0.70325136,0.7493232
sun_amyhfuvsbaizwnwy.jpg,0.47552776,0.56565654
n04467665_70894.jpg,0.7433075,0.74509805
00036303.jpg,0.62750936,0.6364908
00055030.jpg,0.708611,0.829303
00030346.jpg,0.82088864,0.8300952
00049433.jpg,0.8070895,0.744556
00001626.jpg,0.5869252,0.6068768
00057464.jpg,0.7065248,0.8457956
00016264.jpg,0.73772514,0.791437
00045077.jpg,0.7506843,0.735497
00043383.jpg,0.8300804,0.8571246
00036228.jpg,0.6448464,0.654304
00004913.jpg,0.7206391,0.8178672
00023055.jpg,0.6716256,0.790008
00021116.jpg,0.8508065,0.7542254
sun_aermzsgymwllgwbp.jpg,0.57497156,0.43157893
00034672.jpg,0.7327292,0.7736662
00018380.jpg,0.81230134,0.8181002
00009278.jpg,0.66850233,0.5975106
00016218.jpg,0.9189752,0.841929
00044473.jpg,0.7127137,0.7421488
00030941.jpg,0.77453613,0.6547422
00054384.jpg,0.85302883,0.8472094
00046855.jpg,0.76413447,0.8075772
00055186.jpg,0.71175784,0.4732436
00047708.jpg,0.6879843,0.8497
00049104.jpg,0.77415246,0.776328
00018040.jpg,0.607398,0.8408944
00038739.jpg,0.77203983,0.5864786
00058335.jpg,0.7798202,0.867263
00011059.jpg,0.7933217,0.8375428
72665bbf0c63ae44.jpg,0.68759614,0.853211
00000778.jpg,0.68012774,0.755713
00024672.jpg,0.7814312,0.8320164
00054118.jpg,0.73017985,0.8619612
00040860.jpg,0.7559557,0.6338794
00000793.jpg,0.78685695,0.7127042
00018231.jpg,0.80496335,0.7778468
00052250.jpg,0.8357922,0.9151862
00017974.jpg,0.7823171,0.5888688
n07850329_30046.jpg,0.7586751,0.95049506
00003484.jpg,0.7660904,0.8181862
00032981.jpg,0.8545588,0.9608834
00050712.jpg,0.75641286,0.6902386
00024528.jpg,0.7086441,0.7556632
00058475.jpg,0.9332953,0.7100378
00043883.jpg,0.80423623,0.8053064
00053609.jpg,0.54607,0.6961258
n09415671_2370.jpg,0.5211166,0.6699029
00001987.jpg,0.70824707,0.7054852
00046833.jpg,0.73492295,0.6411006
n03384352_5269.jpg,0.6346941,0.8494624
00015796.jpg,0.5896376,0.6344198
n02396427_5989.jpg,0.76017135,0.89873415
00018658.jpg,0.82955617,0.9134114
00047395.jpg,0.80709743,0.683999
00005743.jpg,0.63647866,0.677009
00034915.jpg,0.54382867,0.4916562
00022223.jpg,0.832827,0.9261768
00049153.jpg,0.798318,0.7518292
000000547131.jpg,0.7534331,0.9514563
00047005.jpg,0.7576684,0.7935794
00029900.jpg,0.63913536,0.938674
00013984.jpg,0.7915159,0.7433922
00032200.jpg,0.62948096,0.6274098
00018582.jpg,0.7412728,0.7432404
00008804.jpg,0.78426605,0.8167124
00017378.jpg,0.7904184,0.8051686
00011566.jpg,0.66883403,0.4881944
00035563.jpg,0.7769286,0.6627092
00027500.jpg,0.560104,0.5776202
00028195.jpg,0.71015364,0.8363218
00048788.jpg,0.77306557,0.685211
00008348.jpg,0.5505419,0.4754624
00052878.jpg,0.7101971,0.7131288
00013864.jpg,0.8409383,0.9304086
00022020.jpg,0.73883605,0.5264856
00012064.jpg,0.7990471,0.7474602
00006050.jpg,0.75483763,0.7979846
00039758.jpg,0.7453598,0.7319144
00046008.jpg,0.7325996,0.782599
00021559.jpg,0.7470106,0.863177
n02342885_13001.jpg,0.7847947,0.8962264
n00445351_5646.jpg,0.659783,0.72115386
00027415.jpg,0.72892547,0.8485954
00020902.jpg,0.7725214,0.7274578
00013960.jpg,0.6635364,0.8496456
00014800.jpg,0.82145107,0.9207874
00035026.jpg,0.756272,0.8162054
00048549.jpg,0.7508254,0.6504862
00049335.jpg,0.6606982,0.7807666
00022442.jpg,0.73282826,0.8518242
00055624.jpg,0.670817,0.8426852
00009150.jpg,0.84823847,0.6975034
00012680.jpg,0.8079853,0.819916
00027125.jpg,0.65641725,0.661165
00024396.jpg,0.74530995,0.6930742
00037059.jpg,0.7096009,0.84448
00005811.jpg,0.6902651,0.79075
00008042.jpg,0.6439487,0.5998924
n07720875_9394.jpg,0.79913443,0.9292929
00019637.jpg,0.8171094,0.9633564
7d4174788e63d65a.jpg,0.6514572,0.6041667
000000133137.jpg,0.5659333,0.77011496
00000428.jpg,0.69672847,0.6879258
00001317.jpg,0.8407004,0.8004848
00032577.jpg,0.7615877,0.9025126
00052931.jpg,0.7872931,0.5742884
00053911.jpg,0.76368797,0.842961
00014174.jpg,0.83479136,0.8151964
00033023.jpg,0.807558,0.9119068
00047604.jpg,0.77433395,0.9618798
00049105.jpg,0.8373121,0.8564266
00005901.jpg,0.776111,0.7267474
00048642.jpg,0.84982014,0.9087214
000000171585.jpg,0.7707189,0.625
00005618.jpg,0.8315852,0.9246342
00056055.jpg,0.77086496,0.884316
00011887.jpg,0.77813303,0.8775932
00033437.jpg,0.8092077,0.841703
00046221.jpg,0.76073694,0.6597478
00040577.jpg,0.73229986,0.6074212
00047637.jpg,0.68183035,0.6112508
00048135.jpg,0.6916724,0.6767144
00019438.jpg,0.7329787,0.5661128
00050087.jpg,0.5281575,0.4345532
n02430045_4065.jpg,0.72159845,0.74698794
sun_acmlcxobalurtcmq.jpg,0.6343107,0.8666667
00021748.jpg,0.75046647,0.7581772
00026098.jpg,0.6437513,0.5490244
00009865.jpg,0.7340756,0.931989
000000181662.jpg,0.71708596,0.8712871
00047292.jpg,0.7398385,0.6313324
00004382.jpg,0.62333465,0.536142
00048969.jpg,0.6902646,0.61544
00045364.jpg,0.7493124,0.7850448
00056837.jpg,0.6755795,0.6218494
00038743.jpg,0.74284846,0.6935206
sun_aoyxvextaeonmyll.jpg,0.6013413,0.38235295
00021972.jpg,0.55395156,0.7124168
00022755.jpg,0.8078078,0.8330126
00006958.jpg,0.8496759,0.9296042
00057817.jpg,0.8255084,0.77603
00025996.jpg,0.7810216,0.7139408
n02946348_3065.jpg,0.76808715,0.8773585
00036837.jpg,0.69518447,0.6706348
00035968.jpg,0.71188813,0.5410526
n03594945_25756.jpg,0.74724865,0.74747473
00038116.jpg,0.7135474,0.7200018
00009470.jpg,0.8170568,0.8213514
00024886.jpg,0.81484854,0.8440322
00024197.jpg,0.57634836,0.5145956
n09308572_6088.jpg,0.5760709,0.7676768
00047688.jpg,0.7446412,0.9387988
00022159.jpg,0.5806282,0.827532
00020946.jpg,0.78347945,0.7300448
00030730.jpg,0.63080156,0.746262
00025720.jpg,0.79873073,0.8968362
sun_awcogbgxpqgyyrdo.jpg,0.63089216,0.5531915
00030203.jpg,0.647735,0.7569404
00014564.jpg,0.7987785,0.8610012
00047125.jpg,0.73842466,0.6970612
000000368845.jpg,0.6987343,0.8023256
00024418.jpg,0.7559905,0.8232562
00032774.jpg,0.7613248,0.8490508
sun_apizqbiukazmkvkz.jpg,0.63830143,0.76
00042202.jpg,0.6713755,0.686795
00024734.jpg,0.78615,0.8842648
00020830.jpg,0.7751833,0.7293496
00024652.jpg,0.78251386,0.8059354
00043469.jpg,0.83631575,0.695851
00037558.jpg,0.65914655,0.6605884
00027826.jpg,0.6987993,0.7177194
00034454.jpg,0.53880674,0.520568
00027890.jpg,0.56529063,0.4771658
00010769.jpg,0.78189826,0.7409338
00053742.jpg,0.86833596,0.7444622
00000688.jpg,0.80471504,0.7532218
00043996.jpg,0.7306249,0.8175544
n09270735_22985.jpg,0.55768424,0.62857145
00054797.jpg,0.8265901,0.7952856
00027964.jpg,0.73741865,0.5986224
00042045.jpg,0.75832146,0.6547282
00008761.jpg,0.7865606,0.8985934
00011815.jpg,0.829824,0.8024272
00002555.jpg,0.7786854,0.7052168
000000111598.jpg,0.76811266,0.83495146
00053197.jpg,0.74836063,0.7632414
00042682.jpg,0.7395315,0.786126
00036316.jpg,0.6567223,0.4959074
00040603.jpg,0.77571046,0.644845
00054360.jpg,0.6483523,0.7454418
00036534.jpg,0.6298288,0.6864104
00058224.jpg,0.81417334,0.7243974
00036193.jpg,0.8036687,0.7683882
00009144.jpg,0.73319626,0.7516644
00016346.jpg,0.68548214,0.8011224
00002427.jpg,0.711046,0.6017724
00038647.jpg,0.61745834,0.737187
00046145.jpg,0.78813994,0.693471
00002811.jpg,0.685555,0.8390266
n07697537_18186.jpg,0.84112704,0.94736844
00048846.jpg,0.78379107,0.7698678
00045920.jpg,0.73674464,0.6161042
00011690.jpg,0.8149429,0.9394446
00042067.jpg,0.7945563,0.8832208
00017735.jpg,0.7138926,0.8652788
00031300.jpg,0.7712991,0.8078752
00035160.jpg,0.62689024,0.611907
00013475.jpg,0.66418266,0.5768214
n03790512_10156.jpg,0.7108601,0.742268
00046681.jpg,0.7039205,0.8854332
00019405.jpg,0.80452484,0.8913558
00015423.jpg,0.8102405,0.736538
00004804.jpg,0.8273235,0.8259926
00018441.jpg,0.90161717,0.810953
00058510.jpg,0.7982609,0.830856
000000283246.jpg,0.65779334,0.51724136
n00480993_11686.jpg,0.7480352,0.6136364
00049722.jpg,0.5909407,0.5571558
00055387.jpg,0.5593867,0.5638752
00008130.jpg,0.6322942,0.6954158
00048430.jpg,0.7336854,0.7903312
000000482392.jpg,0.7347778,0.8867925
00026023.jpg,0.7259547,0.87485
00008554.jpg,0.74802434,0.786185
00051499.jpg,0.763726,0.8191224
00049963.jpg,0.63909674,0.6207232
00012368.jpg,0.6957032,0.5231316
00035255.jpg,0.49427733,0.5397888
00040508.jpg,0.7623962,0.7894168
00004995.jpg,0.79683787,0.849652
00017149.jpg,0.809969,0.8915814
00045512.jpg,0.78132963,0.7432552
00019731.jpg,0.81378436,0.8777148
00030194.jpg,0.65098786,0.4855468
000000091979.jpg,0.8145083,0.90909094
00029728.jpg,0.6586243,0.4544658
00043503.jpg,0.796822,0.8013174
00010540.jpg,0.7850395,0.6359156
00040837.jpg,0.6628648,0.587464
00045697.jpg,0.8244052,0.7361614
00005524.jpg,0.70951,0.752304
00017990.jpg,0.71385384,0.7836086
00002343.jpg,0.7414494,0.8917814
00035684.jpg,0.56460047,0.7050612
00017360.jpg,0.69703776,0.6629474
sun_aondxtlsklthxtog.jpg,0.5760123,0.65957445
00007945.jpg,0.72000396,0.7677278
00023387.jpg,0.81016207,0.7839376
00041692.jpg,0.772933,0.8185778
00003457.jpg,0.7359717,0.7399526
00024686.jpg,0.86990476,0.8269876
00007456.jpg,0.7480092,0.8212998
00010932.jpg,0.7370062,0.651577
00035959.jpg,0.6089741,0.7659024
00035742.jpg,0.74009174,0.7918664
00057317.jpg,0.76671267,0.8802528
00022815.jpg,0.8543814,0.9088808
00030153.jpg,0.6059539,0.6900586
00039271.jpg,0.7062553,0.7088058
00013509.jpg,0.7902036,0.7996824
00033506.jpg,0.7129891,0.8780778
00009361.jpg,0.7925445,0.827736
00018437.jpg,0.7311024,0.6916592
00031044.jpg,0.6742494,0.852527
00002806.jpg,0.87787414,0.8627454
00002526.jpg,0.8513409,0.85108
00031770.jpg,0.8143686,0.8297514
00043450.jpg,0.6536944,0.6857032
n02878222_903.jpg,0.7086787,0.63414633
n02396427_3079.jpg,0.7881448,0.88990825
00012198.jpg,0.75195444,0.8414158
00034105.jpg,0.82396996,0.5438262
00015333.jpg,0.68125355,0.721036
00049659.jpg,0.7785598,0.825983
00009392.jpg,0.7812566,0.647271
00044818.jpg,0.7476037,0.851978
00040364.jpg,0.8713836,0.7908554
n04349306_1205.jpg,0.7702612,0.90909094
00032309.jpg,0.8101189,0.8399204
00055306.jpg,0.74657583,0.8497958
n03791053_924.jpg,0.72163975,0.7619048
00055758.jpg,0.78593075,0.9454282
00024876.jpg,0.70632166,0.7447854
00056952.jpg,0.8176868,0.8626362
00012418.jpg,0.723857,0.7576316
00044394.jpg,0.77382344,0.7334112
00010909.jpg,0.66110784,0.8868676
00012991.jpg,0.7549198,0.784672
00049185.jpg,0.75225353,0.7943578
00012191.jpg,0.76592934,0.7946134
00026900.jpg,0.6915998,0.8082674
00011997.jpg,0.7206377,0.6358936
00047982.jpg,0.68650115,0.7365752
00035342.jpg,0.77523786,0.7254978
00048441.jpg,0.7409482,0.7099892
00014719.jpg,0.5944199,0.5143064
00038180.jpg,0.6722484,0.4739442
00005795.jpg,0.6657691,0.7758448
00050838.jpg,0.6936392,0.7131238
n09421951_11637.jpg,0.5739409,0.48979592
00056954.jpg,0.7005006,0.5737566
00001809.jpg,0.662243,0.6186868
00023482.jpg,0.758206,0.8335354
00045274.jpg,0.78343624,0.7572288
00055430.jpg,0.6831203,0.8105392
00010141.jpg,0.700378,0.6438794
n04587559_13370.jpg,0.68281686,0.76842105
n07893642_22875.jpg,0.7509296,0.925
00039778.jpg,0.72589475,0.7000616
00052948.jpg,0.8696894,0.8095332
n04166281_6626.jpg,0.78673446,0.81578946
00053502.jpg,0.7091949,0.8198546
00045043.jpg,0.75660527,0.6705788
00048586.jpg,0.74922514,0.8048162
00039437.jpg,0.7198918,0.813758
00016800.jpg,0.5633651,0.5054296
00040463.jpg,0.7057158,0.772353
00040597.jpg,0.6724484,0.790553
00050911.jpg,0.8122158,0.6915042
00027332.jpg,0.8520334,0.9403322
00042880.jpg,0.71715593,0.7198614
00058727.jpg,0.6687482,0.712425
00010532.jpg,0.70719635,0.8042482
00038705.jpg,0.6428083,0.8216512
n02450034_6320.jpg,0.7321466,0.75
00022163.jpg,0.7202066,0.5771504
00013285.jpg,0.61502665,0.5428242
00033358.jpg,0.82377106,0.823692
sun_awhqearfoticgzwy.jpg,0.54223955,0.6666667
00042446.jpg,0.8191523,0.6680002
00002269.jpg,0.641011,0.5067522
00037282.jpg,0.5975547,0.644528
00050451.jpg,0.77693546,0.825069
00011322.jpg,0.7789776,0.8283232
00025680.jpg,0.7576792,0.503765
n00439826_6315.jpg,0.72708917,0.8019802
00043777.jpg,0.6114951,0.7258724
00033340.jpg,0.7552525,0.8651822
00007051.jpg,0.9583601,0.9350538
00018810.jpg,0.6997391,0.6705502
n02332755_4207.jpg,0.769665,0.88235295
00001081.jpg,0.98136413,0.9138596
00054421.jpg,0.79971457,0.8529626
00050040.jpg,0.866354,0.810134
n09288635_12089.jpg,0.6522045,0.8152174
00027050.jpg,0.6806934,0.5917058
00036889.jpg,0.8301207,0.823333
00011270.jpg,0.8214424,0.9120092
00007594.jpg,0.7184454,0.8388394
00009664.jpg,0.7814244,0.8695884
00023040.jpg,0.6781359,0.6291664
00002948.jpg,0.8012425,0.8238184
00048572.jpg,0.79670894,0.8509186
00016913.jpg,0.7793423,0.8005562
00023236.jpg,0.83771014,0.8426674
00010698.jpg,0.6541314,0.6448504
00051080.jpg,0.6316043,0.5604644
000000218405.jpg,0.70727265,0.7254902
00057632.jpg,0.8272603,0.7723666
00005420.jpg,0.7952348,0.9733198
00007591.jpg,0.7697288,0.676686
n02396427_79.jpg,0.78268385,0.7619048
00034610.jpg,0.7007998,0.6434752
00038972.jpg,0.7367978,0.670382
00056515.jpg,0.81159854,0.658603
00048067.jpg,0.7371043,0.771968
00003071.jpg,0.7698916,0.8803982
00040572.jpg,0.66835725,0.7294024
00033389.jpg,0.6169975,0.6584014
00055349.jpg,0.711956,0.8211936
00055132.jpg,0.75368834,0.9139506
000000245598.jpg,0.69294393,0.9
00042667.jpg,0.73100597,0.876241
00037093.jpg,0.5600176,0.8394458
00038035.jpg,0.62161505,0.6053166
00049965.jpg,0.78374517,0.8572434
00024690.jpg,0.76084375,0.7404536
00050027.jpg,0.6940287,0.894316
00017255.jpg,0.7435187,0.768192
sun_acbedfdkmesyeogi.jpg,0.54965436,0.7314815
00041365.jpg,0.82946086,0.744203
00002019.jpg,0.7154619,0.7247728
00009938.jpg,0.76016164,0.8256996
00026409.jpg,0.81237966,0.896835
00005180.jpg,0.73736316,0.6681182
00012242.jpg,0.54509425,0.4575182
n09270735_7649.jpg,0.59252673,0.7816092
00033281.jpg,0.84988797,0.8092404
n07574602_22465.jpg,0.842348,0.85087717
00051767.jpg,0.8519273,0.726254
00053913.jpg,0.86712396,0.7906442
00052708.jpg,0.7312577,0.7338346
00021644.jpg,0.6577091,0.8218354
00001409.jpg,0.7841674,0.7894766
00032794.jpg,0.68589437,0.8271538
00008940.jpg,0.88579845,0.9636498
00008559.jpg,0.644392,0.6810312
00039775.jpg,0.7304714,0.6756254
n02342885_7912.jpg,0.7915601,0.94949496
00043433.jpg,0.81329757,0.8977984
00019468.jpg,0.72381735,0.6640966
n02878222_6589.jpg,0.6417597,0.625
00013771.jpg,0.74247825,0.874904
00055485.jpg,0.8463665,0.9239226
00008972.jpg,0.85325587,0.7869226
n00468480_7583.jpg,0.8215698,0.6385542
00025064.jpg,0.75106454,0.8806782
00014816.jpg,0.7772047,0.7790066
00040227.jpg,0.6795174,0.595987
00032599.jpg,0.87949026,0.8003406
00042721.jpg,0.7717713,0.6833964
000000076934.jpg,0.7296594,0.79761904
00042203.jpg,0.74190354,0.6131992
00008496.jpg,0.5599715,0.6262356
n04587559_11562.jpg,0.61922455,0.71428573
00020309.jpg,0.76180065,0.8333456
00042670.jpg,0.8283775,0.7150394
fbf65d6448e45ad8.jpg,0.8402705,0.8
00036824.jpg,0.6625414,0.7032786
00013484.jpg,0.7860138,0.7264756
00013758.jpg,0.81074995,0.7613064
00050843.jpg,0.72707087,0.7217538
00052451.jpg,0.7996348,0.8185704
00057860.jpg,0.61878276,0.6537798
00046030.jpg,0.73942214,0.716392
00013283.jpg,0.56786126,0.5841654
n02834778_4434.jpg,0.73081684,0.6732673
000000338091.jpg,0.74507886,0.7938144
00004004.jpg,0.79897326,0.7421336
00023315.jpg,0.72477716,0.8725726
00030778.jpg,0.82864547,0.6913756
00056387.jpg,0.6251317,0.550022
00054848.jpg,0.8404166,0.7926846
00037224.jpg,0.7563669,0.6801516
00031773.jpg,0.82736444,0.9196888
00049508.jpg,0.68609464,0.9162328
00035810.jpg,0.8100232,0.6499854
00008526.jpg,0.74560905,0.7620314
00017541.jpg,0.61228514,0.468772
00012867.jpg,0.60487586,0.671319
00012230.jpg,0.6709099,0.7315138
00036014.jpg,0.7066772,0.797916
00012035.jpg,0.640918,0.8849566
00029808.jpg,0.70552504,0.8061274
00013996.jpg,0.72983557,0.7937862
00014710.jpg,0.8288874,0.7575072
00046643.jpg,0.74380994,0.7124126
00025292.jpg,0.7609576,0.8530902
00016309.jpg,0.8661939,0.7860882
000000247209.jpg,0.75413495,0.776699
00044423.jpg,0.67264384,0.9349978
00002548.jpg,0.8139639,0.7091478
00031499.jpg,0.7668643,0.8608502
00038241.jpg,0.7059043,0.6694472
00029840.jpg,0.65032274,0.6489164
00051008.jpg,0.85438955,0.7767164
00037298.jpg,0.68761814,0.6171264
00013224.jpg,0.74905986,0.7408202
sun_alrobpkjksbjoxjk.jpg,0.58016384,0.31578946
ab535640d044766d.jpg,0.6098081,0.48913044
00033175.jpg,0.7290229,0.7614622
00007878.jpg,0.8262178,0.8617514
00049344.jpg,0.8176329,0.7924652
00027039.jpg,0.82177496,0.821616
00019424.jpg,0.6860534,0.5916372
00055607.jpg,0.7009125,0.967753
00038447.jpg,0.57582974,0.6248032
00040249.jpg,0.8234961,0.7740796
00015604.jpg,0.7845116,0.8306318
n03541923_4128.jpg,0.6223451,0.75247526
00006640.jpg,0.888697,0.8809464
00021430.jpg,0.80803025,0.9118076
fe29c78b3285e4c7.jpg,0.7508723,0.88461536
00038163.jpg,0.591961,0.664136
00029146.jpg,0.73297197,0.8895702
00043702.jpg,0.7890379,0.6937376
n07806221_21906.jpg,0.87439513,0.79787236
00054239.jpg,0.6790025,0.855325
00013165.jpg,0.80239964,0.9067554
00030109.jpg,0.7823311,0.8376792
00033581.jpg,0.68985677,0.5902784
00017878.jpg,0.71795815,0.662785
00014391.jpg,0.670414,0.7882334
n02324045_8025.jpg,0.77692616,0.82474226
00004228.jpg,0.799894,0.6913362
00038803.jpg,0.66498625,0.8880088
00039659.jpg,0.63710624,0.7012866
00036723.jpg,0.5600156,0.6956024
00048412.jpg,0.79015595,0.797753
00019960.jpg,0.7813277,0.7223082
00003931.jpg,0.75354487,0.8953092
00001243.jpg,0.6685548,0.6404808
00051802.jpg,0.623888,0.6532904
n07574602_26811.jpg,0.8821451,0.76
00042236.jpg,0.8263533,0.7040574
00000581.jpg,0.63243866,0.7172702
00037614.jpg,0.70661956,0.7578378
n07863374_18322.jpg,0.84434134,0.70689654
00005794.jpg,0.79168767,0.829869
00024827.jpg,0.6075822,0.698622
00014901.jpg,0.76918566,0.9215284
00032897.jpg,0.6856262,0.7176874
00000976.jpg,0.6899517,0.7272956
00053198.jpg,0.6319888,0.6504622
00030512.jpg,0.7973347,0.784766
00056274.jpg,0.6824835,0.805358
00001465.jpg,0.7662162,0.9120878
00002539.jpg,0.584488,0.577025
00041871.jpg,0.78483766,0.8005424
00032127.jpg,0.7935891,0.7785736
n02132136_1152.jpg,0.7899792,0.8367347
00053619.jpg,0.69421,0.773642
00013744.jpg,0.8341404,0.8945224
00000348.jpg,0.677437,0.630631
00004176.jpg,0.81790334,0.8214654
00037610.jpg,0.716513,0.56001
00020962.jpg,0.7976258,0.8877062
00041695.jpg,0.8021931,0.7661504
00008616.jpg,0.7458906,0.6959202
00045960.jpg,0.7009957,0.7583746
00016668.jpg,0.8315878,0.8123418
00048563.jpg,0.6580139,0.8924952
00044824.jpg,0.7520896,0.7957388
00042522.jpg,0.79789877,0.690599
00004443.jpg,0.75750965,0.7067646
00041608.jpg,0.7883457,0.7219338
00022032.jpg,0.84322447,0.7039018
2823c8ffca4688b0.jpg,0.6637651,0.81914896
00039072.jpg,0.57319486,0.6639862
00007635.jpg,0.5737999,0.522051
000000508119.jpg,0.67863744,0.742268
00051457.jpg,0.72421414,0.6751426
000000220889.jpg,0.7629415,0.86238533
n09359803_27560.jpg,0.58550364,0.556701
00020525.jpg,0.6982697,0.715276
00008576.jpg,0.7570313,0.7934774
00005193.jpg,0.69875586,0.799598
000000220306.jpg,0.7166672,0.8363636
00052718.jpg,0.81300783,0.8674784
00048489.jpg,0.7602699,0.8397052
00000660.jpg,0.65095234,0.4808362
00038504.jpg,0.7350092,0.527439
00051055.jpg,0.6312547,0.8028206
00001052.jpg,0.6463891,0.6914844
00054739.jpg,0.7635144,0.7237634
000000446764.jpg,0.7762245,0.6875
00012843.jpg,0.66808355,0.6555072
00048889.jpg,0.912048,0.9268352
00049195.jpg,0.7818452,0.8597434
00049908.jpg,0.80303335,0.9024766
n07929519_31339.jpg,0.81554604,0.8111111
00017034.jpg,0.72223663,0.9258894
00028178.jpg,0.7375982,0.9667736
00037164.jpg,0.7566752,0.71374
00029097.jpg,0.80395555,0.771708
n03594945_8913.jpg,0.74119586,0.85393256
edcd80d166754c12.jpg,0.5548675,0.6530612
n07806221_23982.jpg,0.8393748,0.7307692
00017043.jpg,0.73852396,0.8208158
00024984.jpg,0.7227897,0.7476964
00047562.jpg,0.74899864,0.7121254
00013421.jpg,0.7641496,0.947988
00017495.jpg,0.68838286,0.616201
00002709.jpg,0.61433643,0.5042876
00010121.jpg,0.7656088,0.7119806
00006682.jpg,0.8988315,0.868197
00016572.jpg,0.6904102,0.869562
00042374.jpg,0.7952412,0.80726
00056079.jpg,0.81481695,0.6185414
00026227.jpg,0.8395877,0.7153048
00009751.jpg,0.816175,0.7568276
00055234.jpg,0.880952,0.832979
00019327.jpg,0.6699718,0.8816518
00022171.jpg,0.78336513,0.626487
00016317.jpg,0.8301059,0.7970248
00008120.jpg,0.53060085,0.6595786
00005619.jpg,0.788844,0.8371908
00045188.jpg,0.8057778,0.735015
00004748.jpg,0.7713152,0.6937612
8033714176cfff11.jpg,0.7976781,0.8045977
00039913.jpg,0.6159047,0.624966
00007357.jpg,0.821187,0.5989616
00019787.jpg,0.562519,0.5693854
00047588.jpg,0.7723976,0.6516684
00056565.jpg,0.78121173,0.604757
00040649.jpg,0.65954995,0.781443
00045045.jpg,0.72430754,0.7143696
00046504.jpg,0.7592662,0.8935106
00015059.jpg,0.8302019,0.7564358
00038379.jpg,0.7137267,0.826779
00032846.jpg,0.81014705,0.974244
00035932.jpg,0.65855753,0.668742
00047859.jpg,0.6990051,0.6790956
n02834778_1985.jpg,0.71400666,0.6826923
00013606.jpg,0.7175038,0.632003
00043364.jpg,0.7836229,0.8326028
00008347.jpg,0.7489136,0.6684072
00050605.jpg,0.68664217,0.8235762
00012556.jpg,0.7163156,0.7577534
00011341.jpg,0.78530025,0.8621976
00006693.jpg,0.6784399,0.6277242
00009852.jpg,0.77095175,0.8374306
n03791053_20338.jpg,0.7485963,0.7830189
000000403249.jpg,0.67018545,0.7093023
00034050.jpg,0.6130187,0.7232168
00039725.jpg,0.75777197,0.868132
n02355227_13518.jpg,0.7751052,0.9444444
00012741.jpg,0.8480121,0.834109
00008780.jpg,0.75302047,0.850279
00055996.jpg,0.69375396,0.691778
00057800.jpg,0.6791111,0.7735556
00025784.jpg,0.67940176,0.7408222
00033505.jpg,0.75436395,0.7832462
00018707.jpg,0.56647545,0.5166738
00056440.jpg,0.8907198,0.8533064
00022889.jpg,0.7518448,0.6700314
00058068.jpg,0.76457214,0.6970562
00021937.jpg,0.690627,0.6579472
00024106.jpg,0.71568257,0.7413094
00020210.jpg,0.7382827,0.69605
n02332755_1717.jpg,0.76138306,0.8490566
00036749.jpg,0.6366012,0.7165238
00028184.jpg,0.8002603,0.8052932
00052231.jpg,0.7552686,0.903566
000000382947.jpg,0.7100073,0.75789475
00056519.jpg,0.7036632,0.7331088
00055068.jpg,0.8915534,0.83672
00048881.jpg,0.7977378,0.797154
00004039.jpg,0.7732353,0.6189268
00016607.jpg,0.6290349,0.7446202
00017797.jpg,0.6715252,0.609765
00020249.jpg,0.57883126,0.5734628
00039011.jpg,0.80918,0.8219632
00041217.jpg,0.7766429,0.7098412
00015895.jpg,0.6695573,0.6882256
00000866.jpg,0.8005823,0.754854
00002038.jpg,0.6269938,0.5390452
00043119.jpg,0.75011647,0.6011118
00029212.jpg,0.7509197,0.8552166
00007588.jpg,0.78975934,0.7223196
00025344.jpg,0.75850964,0.96643
00058658.jpg,0.77206385,0.7189218
n07711569_3528.jpg,0.812405,0.7303371
00037953.jpg,0.6728407,0.57529
00010745.jpg,0.7040084,0.6651556
00001539.jpg,0.83412236,0.824972
00035828.jpg,0.5908836,0.7505828
00016187.jpg,0.7553265,0.8447428
00023871.jpg,0.64024484,0.8981744
00036245.jpg,0.7391386,0.7881938
n07863374_16980.jpg,0.8265394,0.872549
00003155.jpg,0.68936455,0.8142428
00019355.jpg,0.66336536,0.7343144
00023314.jpg,0.67787313,0.7757536
00047009.jpg,0.7217997,0.7627282
00010709.jpg,0.6944953,0.4307454
00001708.jpg,0.72393113,0.5957876
00049999.jpg,0.7500231,0.8837254
00048110.jpg,0.8248403,0.8403684
n04467665_23566.jpg,0.68105793,0.6330275
00012391.jpg,0.78697515,0.9271048
00049633.jpg,0.63909674,0.6705044
n02342885_11189.jpg,0.7390883,0.91
00024977.jpg,0.61174667,0.6249246
00001064.jpg,0.8348275,0.6561664
00001748.jpg,0.6082463,0.7556494
00028312.jpg,0.7915422,0.7343408
00020759.jpg,0.61791074,0.7249128
00024982.jpg,0.67167664,0.7635258
00048327.jpg,0.6076832,0.5825176
00012281.jpg,0.6540128,0.7188072
00017933.jpg,0.82645065,0.895584
000000551338.jpg,0.80452555,0.71568626
00031859.jpg,0.7030381,0.665776
5582e1b92da31e68.jpg,0.6585903,0.7126437
00021341.jpg,0.5976884,0.5351952
00053213.jpg,0.8696068,0.9601744
00018730.jpg,0.7252921,0.682432
00025306.jpg,0.7306603,0.7274546
00025114.jpg,0.7856562,0.8747718
00023707.jpg,0.8103285,0.8830796
00043245.jpg,0.7230722,0.6633748
00003794.jpg,0.7611528,0.8963904
00005190.jpg,0.8028816,0.8803282
00040170.jpg,0.8669388,0.7010644
00006118.jpg,0.8393336,0.8465558
00011080.jpg,0.7392155,0.7692858
n07697537_22000.jpg,0.8044226,0.96590906
n07717556_5574.jpg,0.7426117,0.9117647
00023844.jpg,0.6769542,0.7062294
00014411.jpg,0.72276586,0.822158
00030151.jpg,0.6606053,0.4922974
n04349306_2758.jpg,0.663811,0.776699
00028489.jpg,0.80230236,0.8485172
00042902.jpg,0.8132473,0.6977844
00046679.jpg,0.6807055,0.7833422
00026857.jpg,0.65858066,0.7392428
00053854.jpg,0.81648827,0.7746944
00056834.jpg,0.65964735,0.8894018
00003480.jpg,0.7334954,0.8174936
00021064.jpg,0.874194,0.8261346
n02324045_4563.jpg,0.7659987,0.8804348
00036306.jpg,0.73172736,0.5801548
00003831.jpg,0.8234622,0.8536232
00019145.jpg,0.74356544,0.799761
00031561.jpg,0.93005013,0.8626784
000000245550.jpg,0.6000056,0.6960784
00027377.jpg,0.78079414,0.708305
00047051.jpg,0.71075326,0.8297966
00032586.jpg,0.73565096,0.928359
00015757.jpg,0.74847496,0.9363776
00041467.jpg,0.7277682,0.6968714
00003502.jpg,0.91407776,0.9577332
00005601.jpg,0.7739762,0.809881
00012019.jpg,0.8344087,0.8856796
00011781.jpg,0.6015023,0.6493976
00004675.jpg,0.6721957,0.7393206
00057440.jpg,0.7624596,0.913992
00012140.jpg,0.7263067,0.8512324
n02129165_4868.jpg,0.8135979,0.80582523
n07880968_5959.jpg,0.8365363,0.9480519
n07893642_1155.jpg,0.7718645,0.9230769
00004687.jpg,0.81242657,0.982182
00017752.jpg,0.87068456,0.7609586
00057003.jpg,0.89111406,0.8395676
00024047.jpg,0.590633,0.8119246
00053235.jpg,0.9224695,0.966301
n04465501_4020.jpg,0.6783415,0.8791209
n03791053_16934.jpg,0.7379451,0.9010989
00035896.jpg,0.59256667,0.5783498
00025608.jpg,0.7531537,0.8458684
00013246.jpg,0.6701009,0.7302684
00018533.jpg,0.84788024,0.877429
00020144.jpg,0.66346425,0.598782
00036364.jpg,0.8282392,0.8359814
00023938.jpg,0.72820365,0.7256902
00038564.jpg,0.6926728,0.7237144
00009484.jpg,0.82249546,0.8146366
00026698.jpg,0.7419017,0.8346852
n04335435_1795.jpg,0.6191243,0.86868685
n07753592_10692.jpg,0.7450419,0.94736844
n02342885_6644.jpg,0.80247444,0.8969072
00032148.jpg,0.8528656,0.9607684
98a873a3a095d8a4.jpg,0.6382756,0.33653846
00025467.jpg,0.63284993,0.596182
00050765.jpg,0.6706822,0.7143614
00021528.jpg,0.7179096,0.7102788
n03512147_1210.jpg,0.62072,0.8586956
00046295.jpg,0.75565434,0.7746414
00028543.jpg,0.75160944,0.8919314
00032268.jpg,0.69170153,0.6918122
00008383.jpg,0.7879046,0.8456942
00034847.jpg,0.7136459,0.741553
00025650.jpg,0.836355,0.8625744
00038098.jpg,0.75030005,0.671459
00038289.jpg,0.71447265,0.7035444
00020365.jpg,0.73151785,0.7340804
00000534.jpg,0.8076513,0.671551
00051373.jpg,0.80602497,0.8402362
00012824.jpg,0.66594374,0.8512814
n02118333_4155.jpg,0.7698668,0.8372093
00041626.jpg,0.72048426,0.6174674
00037411.jpg,0.72229236,0.8105914
sun_aaflmulbtigwigtw.jpg,0.5521016,0.41758242
00013210.jpg,0.757275,0.9658674
00002815.jpg,0.7952192,0.8204842
00006475.jpg,0.7324071,0.7901614
00053161.jpg,0.90695596,0.8551486
00019195.jpg,0.8364071,0.9069552
00007133.jpg,0.74996674,0.8853514
00029627.jpg,0.7044315,0.7006598
00013225.jpg,0.7624583,0.5694102
00043417.jpg,0.79017395,0.8023982
00052466.jpg,0.7839937,0.9203968
00054677.jpg,0.76548,0.7287992
000000554978.jpg,0.63654375,0.61702126
910c63df860a274e.jpg,0.82219076,0.8
00019113.jpg,0.78340477,0.8156334
n00480993_1240.jpg,0.828792,0.8
00006712.jpg,0.80357975,0.7858144
00004933.jpg,0.719999,0.7188446
00032823.jpg,0.8523121,0.8434398
00037241.jpg,0.7573689,0.7940826
00054849.jpg,0.8943527,0.902181
00013454.jpg,0.8113892,0.7978336
00003093.jpg,0.81786275,0.7017944
n02878222_42342.jpg,0.6585704,0.7254902
00048654.jpg,0.72023594,0.91068
00001885.jpg,0.52619755,0.6269548
1fb1096c3f9a0ee2.jpg,0.5454734,0.4909091
00020462.jpg,0.8138318,0.7371946
00024712.jpg,0.8010192,0.7479234
00027786.jpg,0.641963,0.8650214
00051574.jpg,0.8487445,0.9485746
000000246339.jpg,0.78180075,0.7821782
00008916.jpg,0.6401352,0.7183012
00008297.jpg,0.69347966,0.6938046
00033001.jpg,0.62286246,0.8627904
00033858.jpg,0.80378366,0.7554928
00017151.jpg,0.71231997,0.68191
00026515.jpg,0.7043946,0.6490372
00041956.jpg,0.7704288,0.7424204
00050302.jpg,0.6943917,0.7562108
00026812.jpg,0.6387168,0.5713672
00025564.jpg,0.745556,0.8688978
00014328.jpg,0.830976,0.8907132
00006473.jpg,0.8325691,0.869775
00001072.jpg,0.76762664,0.5767084
00015587.jpg,0.8418113,0.8308822
000000036166.jpg,0.7938287,0.85148513
00023466.jpg,0.645578,0.744888
00022757.jpg,0.6592785,0.7779456
00030329.jpg,0.78058827,0.8785094
00006692.jpg,0.906935,0.909673
00033646.jpg,0.837757,0.7946364
00056101.jpg,0.63890564,0.5452336
00016154.jpg,0.78385186,0.7601014
n00439826_6437.jpg,0.7943467,0.8901099
00005207.jpg,0.7576129,0.8479638
00051966.jpg,0.7886479,0.7849944
n03384352_6549.jpg,0.6755768,0.8113208
00009598.jpg,0.5847802,0.4173952
00004241.jpg,0.88456035,0.7625798
00056986.jpg,0.61694,0.747352
00042626.jpg,0.8056003,0.729303
00040504.jpg,0.7058556,0.7513032
85911581bcb18f88.jpg,0.7887006,0.9166667
00020092.jpg,0.7335578,0.6613182
00034453.jpg,0.8049349,0.8669448
n09376198_22377.jpg,0.5509167,0.4814815
n04461696_1039.jpg,0.7553086,0.8055556
00023529.jpg,0.80613697,0.8377388
00006351.jpg,0.67018354,0.6033048
n09472597_21205.jpg,0.53151613,0.33653846
00056103.jpg,0.8365959,0.8400172
00046744.jpg,0.7781193,0.8146464
00000813.jpg,0.59986544,0.4108914
00049852.jpg,0.79134816,0.6920766
00053640.jpg,0.8601669,0.8266632
00035189.jpg,0.74354875,0.813575
n03384352_8021.jpg,0.693888,0.6862745
00019417.jpg,0.63241833,0.4407684
00029043.jpg,0.7501006,0.8338692
00002978.jpg,0.55093616,0.4538384
00014339.jpg,0.73942983,0.7183298
00007317.jpg,0.57887983,0.5365904
00017221.jpg,0.84948266,0.8169042
00027945.jpg,0.76528156,0.766189
00005035.jpg,0.6087176,0.7352188
00052762.jpg,0.8141166,0.8314022
00045204.jpg,0.8260312,0.6709486
00021424.jpg,0.7760446,0.810577
00057494.jpg,0.6671735,0.6601918
00055495.jpg,0.7802888,0.8182206
00018423.jpg,0.7848474,0.813363
00054528.jpg,0.65104306,0.706401
00005445.jpg,0.77837586,0.6421606
00016105.jpg,0.61996365,0.7336704
00056071.jpg,0.7994349,0.9132142
00026279.jpg,0.7375115,0.7472952
00035406.jpg,0.77534175,0.8343714
00028832.jpg,0.75865865,0.7824042
00014580.jpg,0.77819926,0.9354586
00053594.jpg,0.77256995,0.8885474
n02324045_35005.jpg,0.7524203,0.7948718
00057965.jpg,0.8843999,0.859574
00006014.jpg,0.79951406,0.9576846
34b4b1e00c8e05ce.jpg,0.663124,0.575
00002069.jpg,0.84939146,0.9234412
00014137.jpg,0.83784676,0.8093378
00055378.jpg,0.77483857,0.8063418
000000481856.jpg,0.6816529,0.66292137
00057626.jpg,0.78484315,0.7899202
00039349.jpg,0.7004663,0.722258
n09376198_1396.jpg,0.49380612,0.7126437
00047751.jpg,0.7131841,0.5685876
00036556.jpg,0.60936934,0.701914
n09468604_57854.jpg,0.53762627,0.42477876
00050359.jpg,0.6731423,0.7846768
00040405.jpg,0.79677534,0.8873524
00016199.jpg,0.73862696,0.7314708
n02118333_2295.jpg,0.7380519,0.86
00021763.jpg,0.594381,0.7400412
00036415.jpg,0.72403014,0.685659
00004983.jpg,0.7488544,0.7616262
00025241.jpg,0.8640852,0.9571594
00020502.jpg,0.64431,0.5427604
00034947.jpg,0.6667601,0.5812822
00026554.jpg,0.7003001,0.8900754
00038414.jpg,0.49973226,0.442074
00020080.jpg,0.746205,0.8696016
00000525.jpg,0.88533354,0.8888322
00046345.jpg,0.6600809,0.7938884
n00480993_20536.jpg,0.7602831,0.81914896
00012925.jpg,0.779904,0.8856814
00054574.jpg,0.8794302,0.8705426
00026555.jpg,0.7390784,0.7660534
000000189459.jpg,0.78585464,0.7699115
00013069.jpg,0.85496384,0.9329158
00000780.jpg,0.65102667,0.6973484
00031482.jpg,0.7209357,0.6939048
00032183.jpg,0.72567725,0.8630558
00013076.jpg,0.7667749,0.7357204
00016191.jpg,0.81154203,0.59914
n02374451_17392.jpg,0.6557621,0.6106195
00031810.jpg,0.5842337,0.4042988
00024194.jpg,0.8489231,0.8545254
00058544.jpg,0.80311584,0.8181002
00021688.jpg,0.74522185,0.851945
00014803.jpg,0.89895284,0.7885522
c3b7f14cad985e8c.jpg,0.7917112,0.8703704
00024125.jpg,0.6002731,0.7531202
00031804.jpg,0.76308924,0.7816186
00023692.jpg,0.8411341,0.897747
n07911677_573.jpg,0.74162817,0.8764045
00020851.jpg,0.7478769,0.8947918
00021188.jpg,0.75128627,0.8435058
00032136.jpg,0.7494643,0.8333792
3f9408b1b9c80f15.jpg,0.75570786,0.82608694
00031001.jpg,0.67063093,0.6014584
00002790.jpg,0.8110824,0.841335
00027318.jpg,0.7280392,0.776142
n04461696_4934.jpg,0.7082598,0.60674155
00045433.jpg,0.7126466,0.7377096
00023262.jpg,0.78257406,0.7591174
00002612.jpg,0.6838262,0.427535
00045213.jpg,0.774575,0.770047
00004812.jpg,0.64283985,0.5516346
00007880.jpg,0.57595307,0.5765402
00052253.jpg,0.7578562,0.9616044
00047926.jpg,0.7526008,0.746305
00056812.jpg,0.83280975,0.776268
00034114.jpg,0.7179024,0.7519746
00031908.jpg,0.7572069,0.9358374
00045068.jpg,0.72384346,0.6670886
00015479.jpg,0.7895264,0.7119236
00003621.jpg,0.8920363,0.9703344
n02324045_9270.jpg,0.7243831,0.7280702
00002107.jpg,0.79138976,0.812709
00045083.jpg,0.7305233,0.7363858
00043512.jpg,0.81139904,0.73079
00051761.jpg,0.7621032,0.9287388
00026634.jpg,0.6678322,0.7425852
00055193.jpg,0.87093467,0.667391
00047366.jpg,0.8203182,0.8102922
00052172.jpg,0.8060984,0.8529798
00018671.jpg,0.6833935,0.7585348
n04231693_22023.jpg,0.57668257,0.76842105
00043687.jpg,0.78988945,0.8274274
n02793495_18722.jpg,0.58833545,0.5833333
00009971.jpg,0.6961616,0.7524172
00004587.jpg,0.8220123,0.746913
94a31ee11cd9ff43.jpg,0.7323309,0.67777777
00051796.jpg,0.69437695,0.620817
00046364.jpg,0.74222326,0.6805148
00054226.jpg,0.8558833,0.8908886
00043879.jpg,0.8530566,0.6644824
00003706.jpg,0.66915786,0.824999
00012255.jpg,0.675943,0.6698736
00037680.jpg,0.64139175,0.719349
00041748.jpg,0.699656,0.7615386
00031450.jpg,0.8636147,0.7848386
00028597.jpg,0.66401815,0.4401002
00048045.jpg,0.8660494,0.7093496
00016512.jpg,0.9059082,0.9151612
00003009.jpg,0.7768643,0.8568782
00026479.jpg,0.79681885,0.8910266
00043335.jpg,0.7641357,0.7333944
00057826.jpg,0.6224808,0.5771754
00013253.jpg,0.84811264,0.9219506
00025382.jpg,0.6017096,0.7587662
00006984.jpg,0.7502345,0.7315678
n04610013_7641.jpg,0.72762,0.63917524
n02324045_6970.jpg,0.74020875,0.74444443
00044694.jpg,0.7556945,0.644629
00055259.jpg,0.8673757,0.900695
00047892.jpg,0.7535816,0.6521948
000000207151.jpg,0.78602755,0.9368421
00005370.jpg,0.71593344,0.7018458
00006993.jpg,0.71027946,0.5662256
00028086.jpg,0.7524522,0.5647072
00005855.jpg,0.82471305,0.8551382
00028910.jpg,0.5672391,0.484724
n09468604_15022.jpg,0.6172384,0.37190083
00036475.jpg,0.6918434,0.7024766
00001663.jpg,0.8422786,0.8521882
9b2823448b008dec.jpg,0.82583606,0.7653061
00032920.jpg,0.7382676,0.8680128
00015050.jpg,0.7856319,0.7418986
00020700.jpg,0.7261685,0.7248764
00053520.jpg,0.6686133,0.6527382
00031442.jpg,0.5837194,0.5109776
00033080.jpg,0.8324071,0.7992854
00020534.jpg,0.7942571,0.8890738
00007387.jpg,0.799934,0.727164
00038696.jpg,0.62334126,0.5707458
00014612.jpg,0.66972244,0.5118924
00051946.jpg,0.8558397,0.8833742
00009451.jpg,0.7639725,0.847259
00012493.jpg,0.81536245,0.7954994
000000416279.jpg,0.65135527,0.5520833
n07717556_4346.jpg,0.841715,0.9150943
00004702.jpg,0.7707578,0.8518002
00023378.jpg,0.8353089,0.8486804
00017561.jpg,0.59407645,0.5884456
00000516.jpg,0.836609,0.81138
00042347.jpg,0.7203128,0.7981552
00052916.jpg,0.72691363,0.6088328
00023214.jpg,0.75736207,0.8433824
00019723.jpg,0.8485458,0.792767
00058077.jpg,0.79549366,0.7827948
00047525.jpg,0.6611737,0.7122706
n01846331_7365.jpg,0.7489548,0.7755102
56c8e6f1b804c529.jpg,0.8068533,0.8288288
00027780.jpg,0.7205613,0.6745354
00039312.jpg,0.79076004,0.929124
00002137.jpg,0.874032,0.870298
00044090.jpg,0.70729697,0.7811016
00002089.jpg,0.56453675,0.510561
n02133161_1201.jpg,0.77532,0.75
00025494.jpg,0.71890473,0.9253728
00011021.jpg,0.65764487,0.7542276
00035862.jpg,0.73919284,0.8363756
00000271.jpg,0.82784957,0.89735
00051053.jpg,0.7060336,0.937812
00025662.jpg,0.630867,0.7129502
00043514.jpg,0.7354051,0.8154868
00056620.jpg,0.68244994,0.6703742
n03541923_1885.jpg,0.6621249,0.69512194
00041938.jpg,0.78521955,0.8553626
00029056.jpg,0.67174643,0.7394634
00026197.jpg,0.8161073,0.7451882
00049762.jpg,0.6119969,0.6338636
00055362.jpg,0.80443513,0.8931006
00032755.jpg,0.7830641,0.7603386
00006821.jpg,0.69528747,0.5889778
00042140.jpg,0.79311323,0.6709752
00001760.jpg,0.75007176,0.8065162
00009649.jpg,0.60655534,0.698488
n07690273_22090.jpg,0.8791498,0.9137931
00010328.jpg,0.7918962,0.891178
00014804.jpg,0.775063,0.8911798
000000189600.jpg,0.6973821,0.8902439
00035514.jpg,0.7063104,0.6883192
00051315.jpg,0.6702611,0.6651768
00042668.jpg,0.6562335,0.843499
00052925.jpg,0.9239679,0.7134346
00053266.jpg,0.84913886,0.4912878
00056270.jpg,0.75100964,0.8393876
00009273.jpg,0.9039258,0.8658414
00049857.jpg,0.5970061,0.6963376
000000239762.jpg,0.7133904,0.84615386
00019614.jpg,0.7448294,0.7041498
00026510.jpg,0.81373703,0.7376904
n02932891_2913.jpg,0.68042344,0.66019416
00010150.jpg,0.6007296,0.6322192
00055718.jpg,0.72211075,0.8487722
00021277.jpg,0.7491009,0.6859208
00023889.jpg,0.6700505,0.8393154
00005378.jpg,0.7661722,0.7497114
00030328.jpg,0.57176244,0.5337414
00041154.jpg,0.7604232,0.8088082
00041125.jpg,0.7329396,0.758901
26ed450961730c81.jpg,0.7255626,0.6930693
000000576513.jpg,0.68978333,0.71276593
00028037.jpg,0.6731652,0.710231
00039031.jpg,0.6646802,0.7958408
00032325.jpg,0.84728765,0.806655
00011548.jpg,0.76552796,0.8156922
00021647.jpg,0.651801,0.5255484
00046867.jpg,0.68542206,0.8497022
00029554.jpg,0.7255666,0.7570862
00028061.jpg,0.70838886,0.504756
00010438.jpg,0.8590872,0.7525412
000000412666.jpg,0.7988684,0.7920792
n09376198_21539.jpg,0.5565255,0.6831683
00020230.jpg,0.8102114,0.7622026
000000473035.jpg,0.77777493,0.8
00025069.jpg,0.8037401,0.9185464
00052084.jpg,0.85934174,0.8933526
00029433.jpg,0.7149787,0.705841
00011239.jpg,0.8638339,0.8566396
n07696839_11221.jpg,0.8335346,0.7659575
00057311.jpg,0.812158,0.8279772
00044174.jpg,0.77387315,0.5190954
00057491.jpg,0.9301304,0.9307716
00034544.jpg,0.82351875,0.8088738
00030255.jpg,0.8721262,0.7897754
00046924.jpg,0.83028084,0.7046784
00052252.jpg,0.5968284,0.7636972
00002410.jpg,0.7688917,0.8452194
n09288635_13212.jpg,0.64463514,0.7263158
00049993.jpg,0.59255147,0.5422288
00048448.jpg,0.8536737,0.8694836
00049779.jpg,0.8200227,0.8366978
00031330.jpg,0.8316364,0.8759128
00025932.jpg,0.8094844,0.8092364
00016155.jpg,0.7485281,0.6802768
42f6decb34b04c85.jpg,0.8454995,0.8679245
00015569.jpg,0.5880418,0.580998
n07583197_10902.jpg,0.8287096,0.84615386
00041235.jpg,0.70500076,0.6349992
00003853.jpg,0.5802928,0.5447212
00024835.jpg,0.76611674,0.6240668
00009511.jpg,0.670583,0.5859602
00010685.jpg,0.84882975,0.8775486
00008879.jpg,0.68895805,0.6889788
00041489.jpg,0.7657274,0.5784044
00024726.jpg,0.80017304,0.7309632
00018051.jpg,0.5984443,0.6526986
00026263.jpg,0.7295172,0.8032778
00014453.jpg,0.93347883,0.8797902
n04587559_13045.jpg,0.5749445,0.7058824
00006859.jpg,0.67471725,0.6398676
00004826.jpg,0.7196177,0.6036908
00051050.jpg,0.763772,0.8521058
00017061.jpg,0.7168858,0.8342636
00058501.jpg,0.78666145,0.732304
00032460.jpg,0.8347336,0.8706812
00002342.jpg,0.78010833,0.7788022
00055084.jpg,0.85029805,0.9263226
00029272.jpg,0.82927006,0.8176488
n07850329_33683.jpg,0.78940034,0.8636364
00033571.jpg,0.70958173,0.6547838
00019335.jpg,0.78461385,0.8620226
57325acb63287b6e.jpg,0.61089027,0.7676768
00042229.jpg,0.8061202,0.6948532
00019669.jpg,0.68874454,0.7726432
00025422.jpg,0.791435,0.8513508
00011696.jpg,0.8231268,0.7949956
00014990.jpg,0.8029359,0.7160684
00023448.jpg,0.8234141,0.8404264
00004977.jpg,0.7339144,0.767712
00046775.jpg,0.716969,0.7651544
00036840.jpg,0.71514773,0.849424
00042097.jpg,0.75739104,0.831596
00039169.jpg,0.6825198,0.8132058
n03512147_3800.jpg,0.6206331,0.72380954
00052616.jpg,0.7602995,0.8104634
00058197.jpg,0.76543593,0.7787484
00052113.jpg,0.7568252,0.8668136
00053580.jpg,0.7471017,0.7201632
00035666.jpg,0.5868149,0.6232026
00010462.jpg,0.82936656,0.8239868
00016306.jpg,0.7740642,0.5857298
000000078770.jpg,0.68584824,0.6886792
00005172.jpg,0.6770677,0.5765962
00022207.jpg,0.77854,0.7244686
00024693.jpg,0.6866784,0.7397032
00051017.jpg,0.64956707,0.7027888
3ecc8dd591d2496d.jpg,0.8299278,0.8947368
n03594945_6534.jpg,0.71797055,0.7582418
00057353.jpg,0.78495514,0.7466736
00006737.jpg,0.763826,0.8311162
00050738.jpg,0.58659863,0.5783746
7b6ac9da1662ac51.jpg,0.81206846,0.75
00019843.jpg,0.6124497,0.6465788
00011082.jpg,0.6560502,0.8635474
00058008.jpg,0.938851,0.79104
00012374.jpg,0.7953668,0.8871338
00013401.jpg,0.780469,0.4507016
00017658.jpg,0.56846684,0.6615676
000000035156.jpg,0.75392693,0.73394495
00046526.jpg,0.69059086,0.7170018
00041564.jpg,0.8640177,0.9198328
00046171.jpg,0.7129235,0.5754302
00053644.jpg,0.7251991,0.7027184
00021925.jpg,0.90546983,0.7294826
000000092031.jpg,0.71813035,0.8148148
00009087.jpg,0.7522386,0.7700068
00038155.jpg,0.709147,0.670654
00026377.jpg,0.7799612,0.8746316
00019155.jpg,0.7546723,0.7353244
00032602.jpg,0.51283103,0.6534086
00051927.jpg,0.7172124,0.7316676
00051443.jpg,0.7949299,0.7682212
00034145.jpg,0.6388189,0.5272228
00040802.jpg,0.7890131,0.684478
00033556.jpg,0.7639703,0.7990056
00015856.jpg,0.78490025,0.8016868
00032310.jpg,0.7335659,0.8667638
00023862.jpg,0.63639265,0.746506
00024567.jpg,0.77867466,0.8681936
00030735.jpg,0.7554196,0.6568144
00024441.jpg,0.8885995,0.9207282
00057238.jpg,0.7940571,0.9180568
00039242.jpg,0.7528027,0.8216558
00035040.jpg,0.55839604,0.6231878
00028044.jpg,0.7454293,0.688917
00006618.jpg,0.80665034,0.7798966
00002251.jpg,0.8165808,0.9117028
00001121.jpg,0.77609134,0.8189132
00017294.jpg,0.72689223,0.9146754
00034666.jpg,0.6343596,0.8135346
000000471534.jpg,0.6957942,0.76363635
00044282.jpg,0.7619592,0.6176692
00025015.jpg,0.70838416,0.7327984
00053750.jpg,0.8429048,0.8754696
00044463.jpg,0.9048706,0.838005
00046096.jpg,0.6164693,0.687513
00001406.jpg,0.822549,0.8555476
00016017.jpg,0.77134025,0.6773506
n02924116_7459.jpg,0.7397671,0.6666667
00058353.jpg,0.68164825,0.769751
00004010.jpg,0.6909594,0.5148718
00030159.jpg,0.72273314,0.6031386
00033093.jpg,0.572525,0.6274616
00018616.jpg,0.671891,0.7172358
00025998.jpg,0.8016609,0.8822754
00028588.jpg,0.6195847,0.8192774
00031026.jpg,0.73190874,0.8994328
n02342885_209.jpg,0.7944866,0.8224299
f923fd734ad6a56a.jpg,0.6082718,0.622449
n09468604_22268.jpg,0.503252,0.35789475
00023504.jpg,0.8036317,0.843718
00005017.jpg,0.7319068,0.9116864
00047578.jpg,0.80810237,0.6480452
00023064.jpg,0.71488434,0.8543212
00050276.jpg,0.86587,0.9154414
n02793495_9512.jpg,0.54628015,0.5
00045519.jpg,0.8818401,0.5827834
n02355227_15240.jpg,0.822263,0.72
00040461.jpg,0.7001847,0.5872092
000000481928.jpg,0.6579448,0.7882353
00054265.jpg,0.73622125,0.7828822
00040409.jpg,0.77859825,0.5539222
00027513.jpg,0.6737231,0.7572906
00043511.jpg,0.78877723,0.809231
00026379.jpg,0.7682768,0.741508
00003364.jpg,0.88609797,0.8452128
00055401.jpg,0.7297381,0.8079522
00036693.jpg,0.7280688,0.8424576
00030581.jpg,0.6894648,0.7119908
f6daef3ca544abf3.jpg,0.7505063,0.66346157
68f8fc6ce822f1f5.jpg,0.76756114,0.8584071
00052603.jpg,0.79299074,0.9108254
00040388.jpg,0.6982817,0.8258974
00035868.jpg,0.6928791,0.6343182
00001988.jpg,0.631572,0.8803182
00038921.jpg,0.7258909,0.7411508
00027556.jpg,0.7334379,0.8741704
00007314.jpg,0.93467534,0.8145918
00020557.jpg,0.75661474,0.8445136
00005155.jpg,0.60541105,0.780071
n01846331_12725.jpg,0.70183563,0.86238533
00046557.jpg,0.7830087,0.6818484
00018450.jpg,0.8008251,0.8447864
00010889.jpg,0.7959118,0.6195584
00046547.jpg,0.7533339,0.6763676
00012455.jpg,0.60426736,0.6694216
00035415.jpg,0.70630836,0.6151396
00018267.jpg,0.64827335,0.911334
00045475.jpg,0.60622704,0.4843742
00024702.jpg,0.4814496,0.6674494
00055266.jpg,0.7831162,0.7581624
n04231693_24470.jpg,0.6264603,0.71794873
00000936.jpg,0.7099164,0.7539548
00043386.jpg,0.7858403,0.7002074
00023998.jpg,0.8107439,0.8552948
00056035.jpg,0.7519009,0.8039152
00051234.jpg,0.817067,0.8748284
n07838073_19128.jpg,0.83521354,0.88659793
00032557.jpg,0.599035,0.5077096
00025361.jpg,0.63770974,0.5836356
n03541923_4142.jpg,0.7891612,0.82978725
00052809.jpg,0.7518194,0.8878702
3795ace8fc627d5d.jpg,0.52853584,0.44144145
00052658.jpg,0.71200824,0.8961092
00023680.jpg,0.74068767,0.561065
00050918.jpg,0.6101632,0.5492518
n01811909_10382.jpg,0.8412552,0.87
00056972.jpg,0.8581346,0.904157
935128a44d4c1dd7.jpg,0.48698008,0.39175257
00033818.jpg,0.73946965,0.8020488
00050926.jpg,0.588538,0.7455938
00036498.jpg,0.7239244,0.6847134
00036069.jpg,0.5790657,0.582904
00008298.jpg,0.8124902,0.9410478
00058196.jpg,0.7503234,0.7777316
00058054.jpg,0.6766933,0.7712548
000000523211.jpg,0.8160075,0.8651685
00040755.jpg,0.67446285,0.771634
00022138.jpg,0.59526217,0.4431228
n03541923_1761.jpg,0.788363,0.8301887
00022657.jpg,0.7006353,0.7642604
000000296244.jpg,0.67613435,0.84210527
00027032.jpg,0.91708195,0.8642932
00019615.jpg,0.6938349,0.576402
00035310.jpg,0.5940931,0.7244674
00041385.jpg,0.798884,0.7918568
00002440.jpg,0.67488134,0.8582264
00041669.jpg,0.7947303,0.5814214
n07863374_17641.jpg,0.8209611,0.90654206
00013593.jpg,0.65561795,0.800995
00051185.jpg,0.7641952,0.8244736
00001653.jpg,0.54795957,0.5494838
00015303.jpg,0.7110537,0.8502944
00025322.jpg,0.80543196,0.8533696
00022623.jpg,0.7070269,0.9229604
00052962.jpg,0.76334417,0.8884354
00039954.jpg,0.74918467,0.7641174
00036211.jpg,0.67622674,0.6354762
n02946348_24802.jpg,0.6313057,0.8333333
00030392.jpg,0.7632489,0.7135472
00018676.jpg,0.59915626,0.7143038
00025827.jpg,0.86639166,0.8616156
00034861.jpg,0.72571707,0.790582
00020448.jpg,0.85977346,0.8728644
59e2c1ce2fe69212.jpg,0.7416535,0.7160494
e5b6070d981b49ac.jpg,0.8461553,0.8411215
00043909.jpg,0.661321,0.5997884
000000483833.jpg,0.6399691,0.7752809
00040960.jpg,0.7152144,0.7630082
00057355.jpg,0.807863,0.9236632
00054649.jpg,0.7692255,0.6748428
00010445.jpg,0.8483616,0.8237666
00007846.jpg,0.67087644,0.6738314
00029531.jpg,0.8173542,0.8192246
00006875.jpg,0.7938856,0.6854442
00047933.jpg,0.65755934,0.6502634
00029711.jpg,0.7432184,0.8610644
00017578.jpg,0.67323893,0.6525484
000000018444.jpg,0.77329564,0.8969072
00034052.jpg,0.5951927,0.5863816
00053538.jpg,0.64949393,0.7560038
00037756.jpg,0.7348986,0.5657096
00034246.jpg,0.68340206,0.7156554
00041721.jpg,0.8130255,0.8365098
41d75d96e8f3b69d.jpg,0.5509155,0.5225225
n02381004_9323.jpg,0.78121006,0.7570093
00015232.jpg,0.6395712,0.6362406
00012167.jpg,0.7564006,0.9144614
00015577.jpg,0.5826195,0.6376588
00039287.jpg,0.62542665,0.557704
00006094.jpg,0.75026464,0.868997
sun_awcujmqkhwsgmrma.jpg,0.594348,0.5555556
00003199.jpg,0.89389646,0.8931528
00021395.jpg,0.6830631,0.7879298
00027272.jpg,0.9343113,0.9071354
00028245.jpg,0.8950949,0.8524518
00027653.jpg,0.7110316,0.7021968
dd97cf9ce8a82992.jpg,0.5774692,0.61
00016716.jpg,0.8305702,0.9132274
00010401.jpg,0.89107525,0.9281202
n07880968_335.jpg,0.9019291,0.9292929
00038693.jpg,0.6070938,0.7250498
00001639.jpg,0.7429541,0.911276
00025435.jpg,0.63325727,0.66882
00035751.jpg,0.70710814,0.7734968
sun_airsqilzdpyaobsx.jpg,0.6902579,0.6528926
00014081.jpg,0.7972952,0.7755414
n02355227_12255.jpg,0.7754403,0.8679245
00037408.jpg,0.6392705,0.6839706
00052598.jpg,0.853029,0.8961278
00050003.jpg,0.64324605,0.8345798
00055702.jpg,0.8526965,0.956125
00009483.jpg,0.65894383,0.7283982
00046495.jpg,0.6903112,0.7071396
1de1c35c00ce3111.jpg,0.60210204,0.73394495
00026432.jpg,0.67621005,0.81388
00026214.jpg,0.7665906,0.7031986
00042187.jpg,0.77578187,0.7235
00017341.jpg,0.7168747,0.795555
00031479.jpg,0.7800653,0.8071734
00002706.jpg,0.6339871,0.5922958
00057184.jpg,0.75871944,0.7307012
00050516.jpg,0.9017518,0.698087
00010406.jpg,0.6986964,0.6871608
00043548.jpg,0.83869517,0.7672428
00009747.jpg,0.6001457,0.6914512
00054031.jpg,0.7595653,0.8302182
n03351262_1111.jpg,0.5844262,0.5555556
00029806.jpg,0.8449679,0.6859176
00058552.jpg,0.7963909,0.7164192
00027197.jpg,0.68343794,0.6920392
000000096517.jpg,0.76902044,0.8557692
00013686.jpg,0.7604667,0.706581
00005538.jpg,0.82902354,0.6730124
00026806.jpg,0.7692856,0.6994384
00053054.jpg,0.8563633,0.8149452
00052003.jpg,0.6347265,0.7404212
00052064.jpg,0.7649171,0.9071268
00017681.jpg,0.6139838,0.6664722
00057864.jpg,0.75650775,0.7031592
00029810.jpg,0.8161768,0.7284482
00022201.jpg,0.69323695,0.728135
00023046.jpg,0.7174709,0.800115
00002244.jpg,0.7953204,0.8714388
00003387.jpg,0.7513379,0.83505
00043958.jpg,0.6701798,0.862964
00037256.jpg,0.6461381,0.7522638
00029377.jpg,0.819685,0.9284932
00037096.jpg,0.7019459,0.823773
00038957.jpg,0.72196573,0.7116084
00025871.jpg,0.6418282,0.8871948
00044022.jpg,0.74083185,0.7653712
00035997.jpg,0.715396,0.7358536
00030407.jpg,0.676463,0.8200526
00010752.jpg,0.74068046,0.8242602
00015202.jpg,0.70955503,0.881948
00032372.jpg,0.7650441,0.909593
00031024.jpg,0.78974485,0.9290626
00006081.jpg,0.5470121,0.7030958
00010140.jpg,0.7621428,0.8039576
00057861.jpg,0.6528382,0.7099226
00040041.jpg,0.7927209,0.7554482
00037107.jpg,0.7124419,0.683431
00002432.jpg,0.8153341,0.8733928
00002731.jpg,0.76341236,0.679036
e749e52646ca0791.jpg,0.8639554,0.8090909
00005047.jpg,0.8652134,0.8906046
00049484.jpg,0.78913146,0.8833312
00049635.jpg,0.72234344,0.8359512
00048511.jpg,0.7541448,0.7836688
00029141.jpg,0.80823153,0.8710736
00046164.jpg,0.660832,0.8106986
00040801.jpg,0.5731337,0.7196466
00037937.jpg,0.6811255,0.6155024
00002938.jpg,0.68575704,0.8292184
00040245.jpg,0.6153399,0.5990634
00026710.jpg,0.9842099,0.9550558
000000106658.jpg,0.6596557,0.7222222
00037752.jpg,0.6581989,0.5490844
n07693725_1321.jpg,0.88297623,0.8152174
00023914.jpg,0.7398988,0.7587342
n03351262_5274.jpg,0.6978046,0.8367347
00034286.jpg,0.7829108,0.8679302
00025111.jpg,0.81655467,0.663327
00020927.jpg,0.8014947,0.8242246
00050997.jpg,0.7837769,0.9326024
00017264.jpg,0.8353947,0.8816078
00037663.jpg,0.70178497,0.7128164
00056379.jpg,0.777606,0.8805674
00027336.jpg,0.80061764,0.8795506
n04610013_3486.jpg,0.6872914,0.6415094
000000051525.jpg,0.7474518,0.8333333
00016494.jpg,0.78928685,0.673747
00023180.jpg,0.72515446,0.8030576
00004196.jpg,0.5236104,0.6094716
000000055806.jpg,0.7205435,0.82758623
00009113.jpg,0.7555375,0.7542634
00047674.jpg,0.6696576,0.6633334
00022202.jpg,0.69581616,0.696322
00027848.jpg,0.72022915,0.7471092
00003888.jpg,0.6173685,0.4720418
00003637.jpg,0.7599918,0.608553
000000051174.jpg,0.82954395,0.90588236
00029451.jpg,0.5767855,0.7176146
00016358.jpg,0.60354203,0.5322878
00019917.jpg,0.83613193,0.9843616
00034151.jpg,0.8196981,0.538644
00037517.jpg,0.6120229,0.6250576
00037279.jpg,0.68550795,0.5811084
00035484.jpg,0.7946714,0.7792386
00012084.jpg,0.68811345,0.7809836
00003429.jpg,0.745625,0.6129918
000000527728.jpg,0.70658666,0.81904763
00036218.jpg,0.6099474,0.7738306
00042528.jpg,0.7354828,0.8233572
00047111.jpg,0.73423207,0.6960806
sun_adzymisuwgypbmao.jpg,0.61099863,0.70212764
00013890.jpg,0.80497336,0.8899756
00031706.jpg,0.82364976,0.752651
00046194.jpg,0.7719725,0.881184
00035345.jpg,0.7054924,0.6535474
00026408.jpg,0.7190731,0.7556726
00014737.jpg,0.7648506,0.5088302
00044885.jpg,0.6816939,0.8308014
00005379.jpg,0.83610487,0.9293654
00027606.jpg,0.5831602,0.5578118
00023939.jpg,0.7328292,0.7655124
00012829.jpg,0.73873127,0.8022398
00004447.jpg,0.6723938,0.6028512
00031393.jpg,0.8329523,0.925538
00000601.jpg,0.853143,0.9169106
00044848.jpg,0.8174535,0.9239558
00022009.jpg,0.78463876,0.7356798
00056054.jpg,0.79373336,0.8639126
00042260.jpg,0.7344688,0.6075084
00028056.jpg,0.8100853,0.7132058
n09359803_43167.jpg,0.45224375,0.49122807
00030401.jpg,0.71062404,0.8388226
00003512.jpg,0.8313923,0.8072088
00047281.jpg,0.8264649,0.7862028
00043008.jpg,0.7319266,0.6625332
n01514668_13509.jpg,0.8011601,0.8595041
00037615.jpg,0.5595612,0.6879152
00047152.jpg,0.73196864,0.7935102
n03541923_2920.jpg,0.68686604,0.8545455
00045258.jpg,0.88538903,0.6190746
00006725.jpg,0.83346224,0.894068
078b53d8a454894d.jpg,0.678182,0.5764706
00042288.jpg,0.6896149,0.7482766
00012598.jpg,0.6198409,0.7194644
00041713.jpg,0.83560723,0.9198946
00048303.jpg,0.7405932,0.748143
00004650.jpg,0.68457836,0.8801808
00051754.jpg,0.7279456,0.7564832
00034348.jpg,0.66226006,0.6342286
00001695.jpg,0.703938,0.8968094
00027654.jpg,0.836485,0.8193554
000000111224.jpg,0.7356949,0.8613861
00046037.jpg,0.69620085,0.7239052
00035726.jpg,0.6099143,0.2751784
00058580.jpg,0.63644767,0.5214484
00013973.jpg,0.751971,0.8652162
00037303.jpg,0.60819316,0.5450468
fc19beae7ab242a5.jpg,0.54737175,0.7111111
00055883.jpg,0.81604505,0.9058728
00052206.jpg,0.70718765,0.8411774
00020471.jpg,0.7292403,0.7130964
00034979.jpg,0.5823385,0.5916386
00035926.jpg,0.72560394,0.6175084
00057643.jpg,0.7850969,0.84493
00022076.jpg,0.70224005,0.5484024
00016903.jpg,0.781366,0.8544932
sun_bokvembtqtkcwikw.jpg,0.72568655,0.61538464
00057182.jpg,0.6401552,0.6744446
00032494.jpg,0.6723907,0.7143162
00023290.jpg,0.7227355,0.8263246
00003175.jpg,0.56257015,0.40259
00029029.jpg,0.8179808,0.8572402
00057276.jpg,0.5659285,0.6680914
00009368.jpg,0.77063274,0.7686886
00056134.jpg,0.71571296,0.7234566
00000538.jpg,0.7434194,0.8277628
00045320.jpg,0.74612594,0.8619598
00040683.jpg,0.6713042,0.6993982
00047335.jpg,0.7074876,0.7092894
00058014.jpg,0.76969737,0.8860298
00000584.jpg,0.81477517,0.7754832
00017572.jpg,0.7922511,0.692543
00031375.jpg,0.6127862,0.6157716
00056164.jpg,0.7599924,0.7711072
00001268.jpg,0.6693218,0.782659
00041237.jpg,0.7408093,0.7965936
n02355227_14956.jpg,0.8175113,0.83516484
00040805.jpg,0.7966275,0.8593482
00041702.jpg,0.69088244,0.7689422
00033829.jpg,0.58142644,0.5553018
00054898.jpg,0.74766785,0.7068356
00009992.jpg,0.90463406,0.8067206
00054191.jpg,0.7985433,0.822187
n02324045_14257.jpg,0.68768305,0.71428573
00010892.jpg,0.81343555,0.8307782
00001901.jpg,0.6192996,0.5862546
00031472.jpg,0.8615724,0.8604982
00020738.jpg,0.8212003,0.91482
00046524.jpg,0.6939021,0.5001156
00058706.jpg,0.8016862,0.948738
00009398.jpg,0.5875955,0.6682654
00055258.jpg,0.7800726,0.871061
00039327.jpg,0.79993165,0.8581052
00046418.jpg,0.65250504,0.6878014
00047573.jpg,0.7706858,0.6393166
00003557.jpg,0.7524573,0.7743822
00054778.jpg,0.86724734,0.8117874
00000940.jpg,0.8289259,0.8165504
00020792.jpg,0.6758716,0.6965124
00031469.jpg,0.7682945,0.9274418
00038487.jpg,0.7557849,0.6623378
00034716.jpg,0.63247454,0.705271
000000206587.jpg,0.61356926,0.6964286
00003883.jpg,0.59321284,0.7235152
00053979.jpg,0.79618686,0.796842
00010052.jpg,0.6655228,0.5674144
00028723.jpg,0.75606954,0.8214974
00008412.jpg,0.8225495,0.8218572
00037337.jpg,0.61138946,0.6053474
00026241.jpg,0.6978128,0.7014228
00011595.jpg,0.58347243,0.6923538
00025795.jpg,0.8320713,0.6842676
00012934.jpg,0.78051996,0.85327
00028385.jpg,0.8127645,0.8132382
00038236.jpg,0.60717577,0.6572256
00050148.jpg,0.8337051,0.81042
00013236.jpg,0.72455347,0.718045
00025900.jpg,0.6189339,0.5113016
00050715.jpg,0.8391158,0.9357806
00016689.jpg,0.70416677,0.8355408
00006164.jpg,0.8464596,0.8704684
00012808.jpg,0.6875004,0.909038
n07893642_27263.jpg,0.7704287,0.91
00007212.jpg,0.74331826,0.7136622
00030824.jpg,0.69161594,0.735057
00029077.jpg,0.5748931,0.890542
00035593.jpg,0.72266436,0.7171454
n07893642_3353.jpg,0.77926457,0.8433735
00024751.jpg,0.5642624,0.75749
n09288635_11889.jpg,0.6211349,0.6413044
00002730.jpg,0.7112604,0.5974754
00026840.jpg,0.7178127,0.6955492
00030286.jpg,0.8062688,0.6894972
00044266.jpg,0.7009416,0.6577476
00022430.jpg,0.6546769,0.8303252
n09303008_30342.jpg,0.47585344,0.5744681
00033066.jpg,0.767015,0.6418364
00045175.jpg,0.7969558,0.714368
00042457.jpg,0.7043543,0.660641
n09376198_9273.jpg,0.5537966,0.7894737
00011131.jpg,0.7283694,0.6653576
n02946348_35242.jpg,0.79243046,0.88235295
00055634.jpg,0.73561585,0.9377496
00008037.jpg,0.7490125,0.7817798
00001047.jpg,0.7538042,0.7595072
00035038.jpg,0.686059,0.6110522
00057776.jpg,0.634449,0.7242892
n04461696_4084.jpg,0.69967425,0.6886792
00008760.jpg,0.7009276,0.7456944
4d2ee21bd1a76b75.jpg,0.73429644,0.86315787
00025774.jpg,0.79630566,0.8541236
00057582.jpg,0.85495436,0.934199
00019611.jpg,0.7778052,0.7794646
00040642.jpg,0.5905571,0.6624274
n09303008_21092.jpg,0.5253166,0.53061223
000000549182.jpg,0.72131556,0.86419755
00028100.jpg,0.80005264,0.9013718
00036106.jpg,0.69352186,0.4082406
n02946348_20324.jpg,0.7055641,0.6454545
00009253.jpg,0.5294158,0.4667612
00044323.jpg,0.7911794,0.7725948
00043520.jpg,0.6925726,0.6512786
00027593.jpg,0.64325476,0.5953418
00051465.jpg,0.5688696,0.610841
00031589.jpg,0.82285523,0.9016318
00017656.jpg,0.7226218,0.7605224
00029563.jpg,0.6506276,0.7622224
n02793495_13455.jpg,0.5757947,0.635514
00033990.jpg,0.677934,0.5651272
00038984.jpg,0.72354317,0.7674434
00000756.jpg,0.7405562,0.6548712
sun_beyqkdhbapysbwbv.jpg,0.6394937,0.40860215
00005639.jpg,0.76832306,0.884708
00003450.jpg,0.7944891,0.881441
00009759.jpg,0.77031565,0.9116116
00056833.jpg,0.8428896,0.8160138
00037169.jpg,0.6586809,0.7172116
00032199.jpg,0.5224428,0.7495978
00010933.jpg,0.8507693,0.9009592
00044321.jpg,0.85408056,0.8976032
00006112.jpg,0.64110756,0.6526608
16a6efc582ed6144.jpg,0.7299632,0.7920792
00012675.jpg,0.7924948,0.8727586
00056477.jpg,0.6725523,0.5245202
00057869.jpg,0.7898854,0.954425
00038756.jpg,0.6944426,0.7645898
00025684.jpg,0.80119765,0.7439626
00031306.jpg,0.69814134,0.7378592
00039626.jpg,0.70507437,0.8891712
00013913.jpg,0.8702557,0.9673124
00029039.jpg,0.6512035,0.764917
00036402.jpg,0.53400046,0.828248
00012401.jpg,0.7574745,0.7697228
n07720875_9367.jpg,0.83378625,0.86734694
000000140565.jpg,0.79033196,0.7264151
00005858.jpg,0.7011832,0.6141652
00000090.jpg,0.8629543,0.797104
00012608.jpg,0.7336663,0.7824458
00037975.jpg,0.6384632,0.9135392
00039122.jpg,0.7393687,0.7012264
00058389.jpg,0.6533723,0.7513938
00057588.jpg,0.7400801,0.8605214
00037813.jpg,0.5898026,0.4639722
00000711.jpg,0.73469377,0.8384518
00007403.jpg,0.769149,0.948598
00011735.jpg,0.77542764,0.741455
00045930.jpg,0.7180619,0.6283772
00021499.jpg,0.5870843,0.7872592
00031292.jpg,0.6515218,0.8351662
00046632.jpg,0.63183534,0.7743658
00051248.jpg,0.7581692,0.848981
n03790512_6401.jpg,0.7156867,0.84158415
00044007.jpg,0.70708084,0.66082
000000555493.jpg,0.8160537,0.91
00006006.jpg,0.85050285,0.775432
00014446.jpg,0.73270655,0.675306
00029560.jpg,0.817823,0.8578274
00032037.jpg,0.87563425,0.8846468
717b396012deba08.jpg,0.80669415,0.9101124
00005995.jpg,0.82709664,0.6932386
00048524.jpg,0.8107971,0.8249536
00058117.jpg,0.8328937,0.7338954
00028639.jpg,0.81454206,0.8050214
00015231.jpg,0.815067,0.8383364
00043718.jpg,0.7159578,0.788164
000000002823.jpg,0.72689795,0.6347826
00048630.jpg,0.7196488,0.7142642
00031923.jpg,0.6481048,0.6795568
00019745.jpg,0.6080824,0.6405964
00022710.jpg,0.77994823,0.8500796
n07690273_20083.jpg,0.7156244,0.8684211
00004733.jpg,0.66070545,0.8016472
00030183.jpg,0.55302644,0.4609094
00005333.jpg,0.79708105,0.8392398
00019898.jpg,0.73208344,0.7851416
00025676.jpg,0.7086222,0.8095122
00022968.jpg,0.8138963,0.692977
n04252077_3698.jpg,0.7730516,0.8608696
00045253.jpg,0.86723924,0.753843
00021557.jpg,0.6892109,0.5616042
00001061.jpg,0.7515286,0.7754646
00032762.jpg,0.7319124,0.8016066
00003463.jpg,0.5735318,0.484119
00053150.jpg,0.8589932,0.8797102
00041818.jpg,0.7197226,0.774035
00020692.jpg,0.82426804,0.6644942
00006706.jpg,0.7347594,0.8960962
00003608.jpg,0.7776289,0.8654016
00005314.jpg,0.6282232,0.7060756
00031714.jpg,0.7515255,0.8726972
00051288.jpg,0.764611,0.7460808
6870b579e585698e.jpg,0.77966696,0.752809
00002832.jpg,0.5404529,0.4870554
00019802.jpg,0.7581846,0.81983
71ae5670e0d4b66b.jpg,0.7046598,0.84313726
00013920.jpg,0.70747113,0.7430018
00006960.jpg,0.80143595,0.8763248
00051488.jpg,0.68254226,0.8644634
00024658.jpg,0.7629485,0.905041
00028060.jpg,0.72890097,0.716361
00038449.jpg,0.7588048,0.493465
00001934.jpg,0.7410163,0.8321108
00032239.jpg,0.6583961,0.7646128
00035757.jpg,0.7472813,0.6695022
00017632.jpg,0.70297605,0.4582422
00045348.jpg,0.77050745,0.9169786
00001154.jpg,0.66534317,0.561036
00047355.jpg,0.77551055,0.7762188
00017963.jpg,0.79221374,0.7703494
n07838073_14012.jpg,0.8667953,0.82653064
000000251103.jpg,0.7233938,0.75789475
00034662.jpg,0.6040967,0.5838046
00039212.jpg,0.8401334,0.8087772
00057199.jpg,0.75103915,0.801333
00013368.jpg,0.7208773,0.6777158
00005194.jpg,0.7829894,0.7654116
00017589.jpg,0.7955416,0.8918846
00043253.jpg,0.77216154,0.7704432
00000874.jpg,0.68874174,0.581316
00025770.jpg,0.7981584,0.899119
00009317.jpg,0.68366253,0.7387346
00034215.jpg,0.75478387,0.7001856
00029243.jpg,0.67840004,0.7326338
n07806221_23555.jpg,0.8512404,0.87628865
00003528.jpg,0.7430564,0.5713148
00042983.jpg,0.6703691,0.5520854
00019119.jpg,0.7673162,0.8442572
00022035.jpg,0.7376267,0.7545916
00030550.jpg,0.5761978,0.6341832
00011179.jpg,0.7029569,0.8245302
00047278.jpg,0.6472899,0.5910112
00013596.jpg,0.8403615,0.7249424
00018951.jpg,0.7485802,0.8646812
n00468480_10598.jpg,0.78538907,0.8367347
00007529.jpg,0.78323984,0.8443978
00014316.jpg,0.5807909,0.7880048
n02946348_4726.jpg,0.6923784,0.76842105
00055668.jpg,0.6776085,0.798773
00050638.jpg,0.73790854,0.8351762
00024950.jpg,0.72133756,0.8855582
00006259.jpg,0.7296578,0.737596
00018123.jpg,0.7746825,0.7867284
00021399.jpg,0.82609665,0.7890972
00007135.jpg,0.6787162,0.8575022
00011710.jpg,0.63105625,0.4707436
00038981.jpg,0.7612542,0.6443954
00019046.jpg,0.5743031,0.7139324
00056337.jpg,0.74662656,0.622566
00052365.jpg,0.87081754,0.9345776
000000461945.jpg,0.7893852,0.7755102
00025169.jpg,0.8311542,0.8645254
00010369.jpg,0.63598967,0.6246936
00006393.jpg,0.78161633,0.9322954
00032540.jpg,0.7535783,0.6912378
00011980.jpg,0.78398204,0.7346826
00013400.jpg,0.62217903,0.5199698
00043191.jpg,0.5745403,0.7008956
00046097.jpg,0.6815995,0.7040612
00019645.jpg,0.75064176,0.6841908
00010060.jpg,0.6541575,0.6931934
00013291.jpg,0.8563094,0.8774656
00007745.jpg,0.72204554,0.7728322
00044483.jpg,0.8325411,0.770945
000000287328.jpg,0.6397832,0.8767123
00018891.jpg,0.8739276,0.8321564
00043853.jpg,0.73810875,0.7741352
00035083.jpg,0.5458664,0.4642924
00056992.jpg,0.85877395,0.7704982
00026125.jpg,0.5341302,0.6403846
00046249.jpg,0.73489034,0.8565428
00016331.jpg,0.66817766,0.8307506
00043668.jpg,0.76486015,0.9051938
00054331.jpg,0.8280752,0.6709876
00057619.jpg,0.7447767,0.754565
00004931.jpg,0.8669746,0.8690066
00022727.jpg,0.7039139,0.7651804
00055642.jpg,0.6763048,0.6943352
00043617.jpg,0.6912471,0.6636098
00005930.jpg,0.82590014,0.8400674
00058388.jpg,0.5620976,0.6312062
00009078.jpg,0.62037075,0.7201564
00041295.jpg,0.7345817,0.5776192
00056928.jpg,0.61890453,0.6647692
000000382710.jpg,0.78286946,0.73626375
000000116255.jpg,0.6729895,0.6451613
00003268.jpg,0.7746738,0.91058
00001392.jpg,0.87223935,0.8733782
00026754.jpg,0.7098658,0.8633812
00030901.jpg,0.75471956,0.8446516
00037733.jpg,0.59738654,0.6320532
00028919.jpg,0.7090721,0.756351
00023698.jpg,0.7542132,0.7504428
00013642.jpg,0.72950065,0.7527634
00005580.jpg,0.7387897,0.7656798
00000034.jpg,0.7140915,0.8027716
00011670.jpg,0.8093518,0.9194242
00049890.jpg,0.7065414,0.6625944
00026799.jpg,0.54120606,0.8625404
000000347568.jpg,0.7536429,0.8712871
00026435.jpg,0.84819925,0.8236322
00008254.jpg,0.8007133,0.8026972
00013281.jpg,0.7918514,0.373045
00043568.jpg,0.73708266,0.6523734
00046975.jpg,0.74442506,0.5537962
00016855.jpg,0.74110043,0.6580482
00035497.jpg,0.68501234,0.5985368
00020126.jpg,0.7323234,0.7083164
00008864.jpg,0.7197701,0.6951992
00047639.jpg,0.8077784,0.7601594
00015515.jpg,0.7720104,0.7172848
00037495.jpg,0.5283384,0.5715714
000000434333.jpg,0.68896496,0.80733943
00036796.jpg,0.6553384,0.7583434
00041129.jpg,0.6419493,0.6050972
00018354.jpg,0.72258174,0.7141894
00039340.jpg,0.79216474,0.8290138
n03791053_27357.jpg,0.75569266,0.6597938
00035683.jpg,0.5714218,0.4994506
00009918.jpg,0.8671073,0.8761714
00000835.jpg,0.75090265,0.7971928
00057523.jpg,0.791363,0.837105
00010094.jpg,0.6748338,0.753016
00054499.jpg,0.9185997,0.6917358
00028890.jpg,0.81023884,0.8395816
00044801.jpg,0.85214895,0.8289368
00048853.jpg,0.78869516,0.7837042
00036774.jpg,0.6807579,0.6380266
00014050.jpg,0.75563073,0.912706
00026177.jpg,0.68731153,0.8528636
00025295.jpg,0.7531035,0.7874436
00025266.jpg,0.84711236,0.855575
00032606.jpg,0.6543874,0.7493284
00003298.jpg,0.82124174,0.7310674
00050445.jpg,0.69551396,0.7824708
00013473.jpg,0.6401176,0.8021058
2788147877e5ebb6.jpg,0.83318746,0.75555557
00029169.jpg,0.72384965,0.84053
00033242.jpg,0.5897569,0.5374692
439e21de21f1e611.jpg,0.7301659,0.84210527
00019965.jpg,0.8143114,0.8241486
00056979.jpg,0.66628206,0.7337946
00026365.jpg,0.7325311,0.4691926
00008922.jpg,0.8879845,0.7710506
00009435.jpg,0.8137636,0.8746786
00005597.jpg,0.7400711,0.839275
n00480993_11616.jpg,0.725245,0.8090909
00045723.jpg,0.6854347,0.7110388
n09270735_2754.jpg,0.60867566,0.5714286
00016325.jpg,0.7838762,0.791005
00058724.jpg,0.5680267,0.6650054
00028808.jpg,0.7892524,0.8775278
00040410.jpg,0.7662901,0.6676536
00044118.jpg,0.820266,0.626328
00058043.jpg,0.7657696,0.86078
00022728.jpg,0.76620215,0.8001942
00004433.jpg,0.6165427,0.70094
00005366.jpg,0.7673105,0.6213664
00039223.jpg,0.68793106,0.586276
00011533.jpg,0.8722992,0.7788762
00008687.jpg,0.6372021,0.589829
00047665.jpg,0.837034,0.6676138
00012638.jpg,0.5521645,0.4128842
00023023.jpg,0.88103575,0.813492
00007958.jpg,0.8740835,0.9066716
00034631.jpg,0.7794891,0.4634532
00048260.jpg,0.80920947,0.8147496
n07933274_32452.jpg,0.8352623,0.90909094
00000372.jpg,0.68919885,0.5486888
00035176.jpg,0.6709875,0.5405336
00029679.jpg,0.5898429,0.7615488
28653ee89a48f848.jpg,0.5287447,0.52577317
00049437.jpg,0.8155172,0.9908034
00001447.jpg,0.71183264,0.8249344
00008233.jpg,0.7218971,0.6943132
00051923.jpg,0.66957384,0.7008936
00008685.jpg,0.70542455,0.6911564
00023413.jpg,0.7260711,0.6355118
5b7b58b5eab43e92.jpg,0.71100384,0.84375
00031494.jpg,0.7600429,0.8446006
00028051.jpg,0.7163647,0.7614318
00020267.jpg,0.7619772,0.80125
00029175.jpg,0.79994667,0.8878894
00005617.jpg,0.5625647,0.3076722
00056802.jpg,0.7527612,0.7293546
n07933274_32238.jpg,0.74115807,0.47115386
00018031.jpg,0.65554225,0.5992272
00056302.jpg,0.49325353,0.766617
00018822.jpg,0.71903586,0.6755
316f00e286d5a624.jpg,0.7898127,0.88235295
00056790.jpg,0.6921747,0.7270906
00036496.jpg,0.5960361,0.4139248
00002146.jpg,0.75644237,0.8700484
00013140.jpg,0.7539196,0.7561368
00048546.jpg,0.75104386,0.7424448
00031357.jpg,0.6948,0.6828936
00058517.jpg,0.85103023,0.9077194
00057117.jpg,0.71764815,0.8942882
00016412.jpg,0.72770166,0.3920808
00013947.jpg,0.67381996,0.82871
00026824.jpg,0.7170259,0.6823304
00000543.jpg,0.70708764,0.5657872
00000044.jpg,0.7953249,0.7945408
00030652.jpg,0.8158115,0.9158162
00044419.jpg,0.69681966,0.867551
00033887.jpg,0.59399056,0.548651
n02092339_4906.jpg,0.826715,0.8989899
00019660.jpg,0.78947425,0.8311332
00041318.jpg,0.7113524,0.597988
00035639.jpg,0.59815425,0.4633378
00013144.jpg,0.66137373,0.898926
00049286.jpg,0.8099118,0.7492264
00055142.jpg,0.7773612,0.7900066
00015973.jpg,0.8038428,0.6860206
n03384352_6548.jpg,0.669375,0.79569894
00031319.jpg,0.74973583,0.8583762
00008964.jpg,0.7524716,0.7333264
00030412.jpg,0.57441294,0.4286436
00002125.jpg,0.70621836,0.8140958
00024632.jpg,0.8146546,0.9377612
n04465501_2796.jpg,0.60134625,0.78899086
00019003.jpg,0.78698987,0.8765636
00013356.jpg,0.8103061,0.9277408
39428ef59a36414d.jpg,0.5777106,0.52747256
n02946348_30706.jpg,0.6956204,0.8611111
00002733.jpg,0.68281054,0.8494004
00049896.jpg,0.76158875,0.836378
90dba6de931ca930.jpg,0.6816138,0.88235295
00008284.jpg,0.7018895,0.9325134
00006879.jpg,0.70675176,0.6640212
00026172.jpg,0.6821537,0.8258178
00038112.jpg,0.5495746,0.4260276
db2d4827104ccd7b.jpg,0.8529054,0.8796296
00003432.jpg,0.71834576,0.7382462
00039540.jpg,0.8182974,0.761231
00022855.jpg,0.7526038,0.8532676
00041352.jpg,0.73200697,0.7718678
n02793495_11567.jpg,0.60990286,0.7419355
n07711569_1464.jpg,0.8426132,0.83653843
00037151.jpg,0.5378794,0.5643936
00056737.jpg,0.6655304,0.7279248
00003281.jpg,0.8052689,0.897055
00014320.jpg,0.66627234,0.7612136
00052630.jpg,0.63894737,0.6760586
00007294.jpg,0.8934749,0.7278286
00048328.jpg,0.8310784,0.6977224
00030215.jpg,0.7535255,0.648135
00031560.jpg,0.77107286,0.8527246
00013666.jpg,0.6719209,0.8636512
00044370.jpg,0.70049816,0.7762572
sun_alwuoiefepifbttr.jpg,0.5576786,0.5145631
00030318.jpg,0.8191783,0.7579376
00054951.jpg,0.6626521,0.67947
00053884.jpg,0.7270053,0.6806886
00024074.jpg,0.7807021,0.9685652
000000395555.jpg,0.6970476,0.8888889
00036524.jpg,0.74766195,0.6656228
00033926.jpg,0.7699659,0.7726636
00031942.jpg,0.7159441,0.7930988
00016366.jpg,0.67223954,0.4198648
00034770.jpg,0.679583,0.6687912
00041376.jpg,0.80910105,0.8148516
00039866.jpg,0.77623236,0.812859
00029952.jpg,0.62682533,0.6883412
00048190.jpg,0.67466336,0.7984688
00008904.jpg,0.8734015,0.7344296
00050508.jpg,0.6666959,0.6585262
00000983.jpg,0.79599845,0.718871
00020725.jpg,0.6708294,0.6363394
00001787.jpg,0.71002364,0.8640722
00025059.jpg,0.8419485,0.8284178
00010183.jpg,0.68926156,0.8058778
00026552.jpg,0.7710498,0.9023094
00050295.jpg,0.8504313,0.8460194
00052896.jpg,0.6773476,0.7583542
00038268.jpg,0.6697632,0.6847232
00025238.jpg,0.6445674,0.7817858
00056498.jpg,0.60683715,0.4834642
b787fb20a8bfdabf.jpg,0.5828814,0.4528302
00026061.jpg,0.849489,0.8622656
00031599.jpg,0.8125284,0.9172846
00026607.jpg,0.6803057,0.7394842
00017698.jpg,0.7307171,0.8937648
00023132.jpg,0.7272999,0.533835
00012275.jpg,0.77953,0.8264662
n02878222_37920.jpg,0.66345686,0.8469388
00007186.jpg,0.72362876,0.847369
00003756.jpg,0.81365097,0.875692
00026627.jpg,0.9138417,0.8344352
00011567.jpg,0.79516983,0.8379938
6f2f4197e6f566bd.jpg,0.70677006,0.82758623
00045158.jpg,0.76530373,0.7659384
00051859.jpg,0.82961315,0.7757916
00028287.jpg,0.9014312,0.8193066
00026497.jpg,0.7521579,0.8661656
00005696.jpg,0.8479073,0.8586592
00023789.jpg,0.76859474,0.7732666
00019032.jpg,0.8408969,0.8029752
00030764.jpg,0.7363253,0.6973956
00047757.jpg,0.7456845,0.8544878
000000076138.jpg,0.7449688,0.90217394
00011174.jpg,0.8379513,0.8298782
n02118333_11444.jpg,0.7465285,0.9047619
00051129.jpg,0.66945946,0.4982604
00035718.jpg,0.6025942,0.6139502
00022203.jpg,0.7194916,0.7560202
00011070.jpg,0.758861,0.7979974
00024105.jpg,0.7342003,0.7609534
00040782.jpg,0.7728388,0.792811
00034651.jpg,0.6012928,0.6728212
n07933274_33706.jpg,0.8725269,0.82474226
00012456.jpg,0.83643544,0.9037562
00054065.jpg,0.82610667,0.8529004
00006260.jpg,0.6091436,0.7912804
00024268.jpg,0.7503223,0.8572748
00040509.jpg,0.7916882,0.8032474
00001186.jpg,0.75013626,0.7480552
00052596.jpg,0.6375797,0.7410114
00056196.jpg,0.67925143,0.799796
00055435.jpg,0.6948775,0.6972144
00030711.jpg,0.8124579,0.8396016
00047129.jpg,0.7345386,0.6810624
00024636.jpg,0.7444384,0.7370836
00019542.jpg,0.74042404,0.7016234
00015947.jpg,0.6926041,0.8979812
00011391.jpg,0.76268387,0.794369
00027754.jpg,0.73657805,0.6359694
n09359803_43846.jpg,0.49002373,0.5566038
000000544279.jpg,0.7201866,0.8023256
00019606.jpg,0.79418606,0.6453528
00013118.jpg,0.5923335,0.83824
00018458.jpg,0.85633534,0.784992
00000346.jpg,0.8052975,0.8245306
00023754.jpg,0.7015163,0.9229158
00004897.jpg,0.68935925,0.6214388
00012582.jpg,0.6516247,0.5939946
00051577.jpg,0.834519,0.8249452
00018078.jpg,0.6747398,0.6458732
00033349.jpg,0.7978214,0.8134294
00051131.jpg,0.6912204,0.8644764
00028599.jpg,0.6539593,0.628503
n07720875_7739.jpg,0.82484096,0.67826086
00050674.jpg,0.7487384,0.8684486
00013639.jpg,0.70109093,0.7166256
00008823.jpg,0.65242076,0.5327686
00039059.jpg,0.857023,0.8110742
00053507.jpg,0.788663,0.8539108
00052637.jpg,0.7233286,0.7521056
00005775.jpg,0.66185194,0.5815872
00035733.jpg,0.78100145,0.7822138
00005552.jpg,0.69125295,0.9018744
00024758.jpg,0.8570037,0.8833082
234d72b20100b070.jpg,0.83069444,0.9285714
00047214.jpg,0.7031826,0.7049722
00033278.jpg,0.7521913,0.6558328
n03670208_5255.jpg,0.7059978,0.9339623
00049720.jpg,0.8442436,0.8636028
00009634.jpg,0.81318974,0.8795424
000000376875.jpg,0.693873,0.8018868
n09376198_22167.jpg,0.56530905,0.5925926
00027328.jpg,0.6851029,0.677324
00027629.jpg,0.6685684,0.8324668
00017676.jpg,0.68610454,0.9265092
00045640.jpg,0.7861086,0.6439696
00047769.jpg,0.81356716,0.8114152
00007680.jpg,0.6956309,0.8432846
00023653.jpg,0.84233475,0.903359
00020076.jpg,0.8925283,0.8965982
n01793435_9649.jpg,0.81243265,0.74390244
00039050.jpg,0.718292,0.7260234
n07716358_10251.jpg,0.8487114,0.7078652
n02118333_12890.jpg,0.73106444,0.82653064
00030674.jpg,0.79260886,0.7730672
00013263.jpg,0.6312711,0.5499816
00025960.jpg,0.74150753,0.6973062
n04467665_31059.jpg,0.84265345,0.78350514
00057479.jpg,0.74128735,0.745206
00049269.jpg,0.5466037,0.7644878
00023175.jpg,0.6083899,0.6317074
00020343.jpg,0.8362044,0.8305752
00000636.jpg,0.6510147,0.69438
00011183.jpg,0.8711689,0.8617958
000000160624.jpg,0.6610811,0.55421686
00052215.jpg,0.6442728,0.7263454
00051744.jpg,0.6770672,0.5491438
00000928.jpg,0.72240216,0.7507774
00040999.jpg,0.82314384,0.8396736
00028572.jpg,0.86407816,0.9373982
00045852.jpg,0.8494533,0.8952738
00025985.jpg,0.7686681,0.4674342
00004754.jpg,0.8001543,0.9469482
00038032.jpg,0.60606444,0.5181962
n00464894_12096.jpg,0.692786,0.8041237
00004465.jpg,0.7130166,0.4860104
00015003.jpg,0.88586706,0.8457554
00042918.jpg,0.7738028,0.8432868
000000240608.jpg,0.6996311,0.8877551
00000986.jpg,0.7261665,0.859305
00046676.jpg,0.8175875,0.8851226
00043598.jpg,0.67859364,0.6854664
00041593.jpg,0.60427433,0.6108308
00036314.jpg,0.7603485,0.7784154
00012759.jpg,0.7812271,0.8705806
00001744.jpg,0.6702588,0.6277992
00032573.jpg,0.7686331,0.9101364
00004857.jpg,0.7319229,0.7905692
00011371.jpg,0.7805766,0.8792056
00006458.jpg,0.72504896,0.7739204
00023081.jpg,0.8256414,0.946959
00002430.jpg,0.8154869,0.8858164
00028009.jpg,0.8517215,0.7551564
00025157.jpg,0.8032892,0.9241882
00005838.jpg,0.70326793,0.7866844
00013202.jpg,0.7588087,0.7584918
00007226.jpg,0.7325462,0.7712298
00047311.jpg,0.6903733,0.71712
00010154.jpg,0.8692596,0.838345
00040705.jpg,0.81786424,0.63289
00034440.jpg,0.47139436,0.6549916
00021898.jpg,0.833512,0.9439724
n02878222_7770.jpg,0.5938689,0.6666667
00008574.jpg,0.78597915,0.6936008
00057597.jpg,0.88368636,0.8977688
107a6a75b9ff7593.jpg,0.5131995,0.56122446
00016061.jpg,0.7320056,0.6903882
000000528189.jpg,0.8115258,0.7619048
00024487.jpg,0.7725261,0.9104912
00051776.jpg,0.9134729,0.8384678
00015702.jpg,0.7971791,0.732749
n04231693_22459.jpg,0.56895006,0.76666665
00018074.jpg,0.8729291,0.7993314
00025366.jpg,0.76411456,0.680601
00015625.jpg,0.7818681,0.7577242
00038228.jpg,0.64313364,0.5882516
n07838073_20575.jpg,0.840437,0.83157897
00050879.jpg,0.8659091,0.7471076
n07679356_31660.jpg,0.83503306,0.9108911
00002502.jpg,0.80281085,0.8137612
00038712.jpg,0.66172063,0.6389856
00045432.jpg,0.8244343,0.7661672
n07716358_9686.jpg,0.7614111,0.92771083
00002384.jpg,0.6853868,0.7124414
00026582.jpg,0.6583473,0.877696
00014523.jpg,0.7035393,0.683857
00029680.jpg,0.65663624,0.7890432
00033104.jpg,0.7236432,0.8451132
00015145.jpg,0.56938624,0.6013858
n09289331_1577.jpg,0.5404747,0.51578945
000000305082.jpg,0.7926585,0.9166667
00024266.jpg,0.8643838,0.8838078
00052320.jpg,0.8032985,0.9002944
00014805.jpg,0.7550297,0.8259404
00002901.jpg,0.600649,0.7264082
00038031.jpg,0.73674095,0.5915038
00037098.jpg,0.71436673,0.549714
00013472.jpg,0.7220975,0.7793602
00014706.jpg,0.7652376,0.7942116
n02924116_5109.jpg,0.76353234,0.7909091
00047555.jpg,0.7338329,0.8324562
00031180.jpg,0.8242744,0.939391
00045096.jpg,0.80796134,0.8451656
n09270735_30833.jpg,0.5915243,0.4954955
00030783.jpg,0.58700085,0.534449
00005750.jpg,0.85980177,0.9222026
00047671.jpg,0.6066003,0.598718
00016100.jpg,0.8104554,0.8430874
00017013.jpg,0.8076152,0.7113746
00058687.jpg,0.84400594,0.7499632
00004482.jpg,0.826854,0.9354244
00032375.jpg,0.84460187,0.9470802
n07929519_36240.jpg,0.71642226,0.8214286
00000603.jpg,0.7985947,0.679667
00052752.jpg,0.6683506,0.7432708
00011580.jpg,0.6196245,0.6168766
3f552ebe5afa4382.jpg,0.7270659,0.7184466
00052776.jpg,0.7295984,0.834255
00048336.jpg,0.69262636,0.6552254
00015091.jpg,0.5534432,0.4910634
00025640.jpg,0.7128246,0.8951216
n00470966_18989.jpg,0.72446305,0.8131868
00058005.jpg,0.7779356,0.8802028
00030061.jpg,0.76104903,0.6863132
00009438.jpg,0.72445357,0.8084624
00004263.jpg,0.7630053,0.8555756
00014858.jpg,0.611762,0.4885774
00018277.jpg,0.63205355,0.4732828
00055073.jpg,0.83216524,0.8917244
00044750.jpg,0.76202404,0.7301384
00020917.jpg,0.82795614,0.8346562
00018635.jpg,0.626415,0.6272618
00035158.jpg,0.7244616,0.6187634
00042711.jpg,0.67295635,0.6307842
n02355227_13784.jpg,0.80413496,0.8712871
00043784.jpg,0.7105632,0.7498536
00056158.jpg,0.6930407,0.5502222
n12345899_14027.jpg,0.6097394,0.5824176
00028016.jpg,0.76244897,0.8714398
00001913.jpg,0.6062127,0.7206874
00010184.jpg,0.6659126,0.5436364
00033214.jpg,0.7437162,0.7010266
00052107.jpg,0.7159685,0.8601072
00053672.jpg,0.7615557,0.8195476
00031757.jpg,0.7670764,0.8014814
00006483.jpg,0.824632,0.8171612
00015031.jpg,0.74399346,0.9792994
00057245.jpg,0.72978455,0.6062644
00054843.jpg,0.7149061,0.7477924
n07850329_2424.jpg,0.72321606,0.89361703
00038156.jpg,0.69989747,0.6156918
00021632.jpg,0.74036646,0.7439992
000000448923.jpg,0.8729644,0.9339623
00003154.jpg,0.7843133,0.9039008
00028420.jpg,0.6806201,0.8410042
00054543.jpg,0.7893848,0.8607366
00011901.jpg,0.6460498,0.6115036
00056598.jpg,0.7847234,0.7450536
00018442.jpg,0.73346245,0.793354
00047240.jpg,0.7153107,0.5409074
00033100.jpg,0.8315755,0.8309658
00039580.jpg,0.66376156,0.827343
00036787.jpg,0.73367167,0.5277962
00039760.jpg,0.7369951,0.6930642
00057912.jpg,0.7641766,0.8190182
sun_aruondwdoqjktugy.jpg,0.53717774,0.43010753
00047054.jpg,0.5328139,0.6705994
n02834778_1213.jpg,0.69931394,0.83168316
00036685.jpg,0.6575147,0.6189946
00032863.jpg,0.78753924,0.7956422
00022411.jpg,0.64016104,0.8294736
00012435.jpg,0.6865054,0.5271478
00014790.jpg,0.79691225,0.7498316
00039633.jpg,0.7351725,0.665927
n03541923_1599.jpg,0.57373816,0.8245614
00046996.jpg,0.6825565,0.8319242
00028678.jpg,0.789241,0.8759244
n03791053_2585.jpg,0.66459775,0.83
00039452.jpg,0.7631223,0.8190776
00022779.jpg,0.7597391,0.9766098
00004060.jpg,0.67139184,0.7230834
00000226.jpg,0.7155012,0.7411112
00020316.jpg,0.6081674,0.6834234
00047916.jpg,0.75813043,0.5561588
00049607.jpg,0.84587705,0.8745256
00040980.jpg,0.8083483,0.892136
00027391.jpg,0.79917836,0.9531048
n03594945_13697.jpg,0.7283156,0.69902915
00024725.jpg,0.8822475,0.9056554
000000267898.jpg,0.7109826,0.7894737
00049912.jpg,0.65681857,0.8365728
00037260.jpg,0.61304677,0.6987658
00018545.jpg,0.68123794,0.852959
00026013.jpg,0.85799825,0.8368452
00005380.jpg,0.74959624,0.7168672
00005628.jpg,0.56875813,0.6693306
00025178.jpg,0.8080653,0.7740888
00017893.jpg,0.8055673,0.8962434
00034460.jpg,0.74731123,0.8176852
00045247.jpg,0.78092825,0.7025484
00034199.jpg,0.6188264,0.5514286
00027239.jpg,0.85183287,0.8995152
00020209.jpg,0.87999016,0.9306848
n07711569_2495.jpg,0.82943213,0.83870965
00031165.jpg,0.8633474,0.9288198
00045626.jpg,0.7292592,0.584467
00033594.jpg,0.76797724,0.8478466
00030919.jpg,0.8051666,0.923794
f524c74a9a112cf8.jpg,0.8080126,0.7570093
00003012.jpg,0.59440583,0.6229266
00044292.jpg,0.7541424,0.7870414
00033434.jpg,0.70885676,0.7763324
00040318.jpg,0.74110484,0.7008746
00010231.jpg,0.663641,0.7353574
n02118333_9986.jpg,0.687963,0.82608694
00034300.jpg,0.6232079,0.8555808
000000139892.jpg,0.7818332,0.83035713
n07849336_22458.jpg,0.8549733,0.9157895
00014824.jpg,0.94484955,0.8913504
00019918.jpg,0.71581095,0.7719802
00002810.jpg,0.731784,0.7766862
00053689.jpg,0.7466525,0.7938828
00025153.jpg,0.73333234,0.8077922
00018823.jpg,0.6592394,0.6378552
00039854.jpg,0.6852597,0.6272048
000000182366.jpg,0.79912746,0.85263157
00037664.jpg,0.61722326,0.7773704
00000604.jpg,0.6877343,0.7048662
00005756.jpg,0.86077964,0.8399078
00002805.jpg,0.79766375,0.801892
00001126.jpg,0.8141772,0.6087248
00044003.jpg,0.79184556,0.761414
00039821.jpg,0.76582503,0.842902
00056846.jpg,0.66194713,0.6494172
00005271.jpg,0.64411104,0.3959258
00041320.jpg,0.70512,0.628393
00058244.jpg,0.834092,0.6213124
00010562.jpg,0.7476166,0.7265982
00020754.jpg,0.9379872,0.9409236
00024894.jpg,0.8533505,0.7669892
00039628.jpg,0.77396727,0.7621014
00014601.jpg,0.79813474,0.8557964
000000098871.jpg,0.6914102,0.84375
00008403.jpg,0.5728491,0.5810112
00019959.jpg,0.5195855,0.6228654
00010214.jpg,0.68478334,0.6585734
00057562.jpg,0.7179645,0.7978644
00055217.jpg,0.58317107,0.5544798
00054781.jpg,0.828935,0.777879
00017610.jpg,0.6956085,0.8043436
00005693.jpg,0.7160309,0.8251192
00037403.jpg,0.6064666,0.7929162
00007708.jpg,0.75268364,0.873726
n02432983_20980.jpg,0.68951297,0.86725664
n03541923_647.jpg,0.75260735,0.75454545
sun_bhgztvzeacqqrcyh.jpg,0.66267234,0.74766356
a0c9618ba54fff18.jpg,0.6462557,0.7938144
00020666.jpg,0.7120619,0.7621376
6f722f46dd08b8d8.jpg,0.77378,0.7410714
00007861.jpg,0.70673215,0.651068
00016084.jpg,0.74746186,0.8198168
00057995.jpg,0.82684517,0.7659926
00044730.jpg,0.7476188,0.519256
00021223.jpg,0.70132196,0.654958
00029612.jpg,0.67328084,0.8142912
00005119.jpg,0.6453855,0.5903812
00023674.jpg,0.7845005,0.8006796
00013355.jpg,0.5836107,0.6395426
00036612.jpg,0.7017007,0.5872596
00030664.jpg,0.7100487,0.7498116
00026688.jpg,0.7574397,0.8850532
00047808.jpg,0.62889653,0.6974706
00035847.jpg,0.53321534,0.7081582
00024410.jpg,0.7396326,0.7925238
n09472597_32918.jpg,0.5772378,0.8041237
00006563.jpg,0.65378356,0.6476626
00023258.jpg,0.77451265,0.7068056
00007511.jpg,0.72739357,0.6827488
00010683.jpg,0.7129986,0.6430596
00050253.jpg,0.659799,0.7413222
n00480993_14248.jpg,0.74299324,0.7809524
00002797.jpg,0.9027914,0.7309052
00016502.jpg,0.7793043,0.9394912
n01846331_5668.jpg,0.69532204,0.70731705
00030206.jpg,0.47458005,0.5240476
00035179.jpg,0.5658772,0.8173264
00011216.jpg,0.73058283,0.7795652
00036232.jpg,0.65750444,0.8950686
00002068.jpg,0.7712492,0.6256506
00025953.jpg,0.84051704,0.9109228
00048355.jpg,0.70647544,0.6824248
00017754.jpg,0.77443886,0.7007768
00035712.jpg,0.69083,0.513678
00025396.jpg,0.6618458,0.5065678
00040765.jpg,0.71599567,0.7029042
00039757.jpg,0.7829371,0.7263416
00027213.jpg,0.7424612,0.8311332
00036529.jpg,0.7250145,0.5384474
00040711.jpg,0.75852114,0.8356504
00041832.jpg,0.63069856,0.659453
00019651.jpg,0.73471653,0.7098622
00052981.jpg,0.70709527,0.6898696
00000455.jpg,0.6421273,0.7323376
000000388983.jpg,0.8891807,0.92156863
n04467665_4799.jpg,0.71137166,0.6603774
00036080.jpg,0.5697267,0.7271592
00035013.jpg,0.65172404,0.4582566
00039067.jpg,0.75884014,0.698186
000000307652.jpg,0.776043,0.81914896
00032560.jpg,0.77669096,0.757551
00030949.jpg,0.80770504,0.8866822
00028716.jpg,0.7103008,0.8075982
00038284.jpg,0.66548383,0.6694222
00037392.jpg,0.7197647,0.6112902
00030176.jpg,0.74979436,0.8462488
00024259.jpg,0.6668565,0.6307346
00009546.jpg,0.7399338,0.8105156
00001027.jpg,0.6347664,0.7198016
00037223.jpg,0.76670384,0.7483698
00042243.jpg,0.7087592,0.7140168
00007282.jpg,0.5473127,0.4642168
00008485.jpg,0.74543965,0.872083
00017920.jpg,0.7562752,0.5938118
00058628.jpg,0.8391192,0.849365
00033079.jpg,0.86874104,0.7913958
00048559.jpg,0.77770376,0.6032144
00036122.jpg,0.7058877,0.6376648
00020072.jpg,0.85469913,0.8308906
n07880968_5396.jpg,0.8473573,0.8227848
00030587.jpg,0.84538525,0.9914182
00011009.jpg,0.76181436,0.8853476
00018703.jpg,0.642535,0.8755676
00027215.jpg,0.8534322,0.9007866
00054268.jpg,0.63305485,0.5912356
00022073.jpg,0.69032377,0.6685884
00030791.jpg,0.8287009,0.8903972
000000493845.jpg,0.81750256,0.86315787
00046964.jpg,0.770898,0.7754408
00011415.jpg,0.54154915,0.5952346
00039520.jpg,0.7306906,0.8849956
00050453.jpg,0.75717545,0.5865548
00055397.jpg,0.773985,0.765543
00007513.jpg,0.74390554,0.7686752
00013206.jpg,0.8347298,0.8565774
00040666.jpg,0.759815,0.6577242
00011098.jpg,0.6045579,0.5956216
00045229.jpg,0.7358458,0.729493
00009547.jpg,0.8147641,0.9144624
00018047.jpg,0.84958506,0.8279968
00038314.jpg,0.54142714,0.5660942
00032161.jpg,0.83886766,0.8827066
00057002.jpg,0.8253474,0.883787
00005357.jpg,0.5247567,0.630628
00047069.jpg,0.80330706,0.8549328
2fef5d6ff379638a.jpg,0.5660307,0.44660193
00044856.jpg,0.7694464,0.6507602
00012502.jpg,0.7670857,0.7851434
00045641.jpg,0.57143927,0.3169988
00037025.jpg,0.7454384,0.8261694
n07716358_10021.jpg,0.7899641,0.83950615
00035023.jpg,0.52522665,0.493564
00032414.jpg,0.77810794,0.8776228
00041369.jpg,0.71637917,0.9303414
00024520.jpg,0.7267902,0.815313
00023349.jpg,0.75194216,0.611049
00036647.jpg,0.82354385,0.732888
00046337.jpg,0.7101538,0.8605232
00051285.jpg,0.68484044,0.613435
00012223.jpg,0.7450099,0.7246558
00009129.jpg,0.73940945,0.7446268
00041127.jpg,0.7501011,0.814403
00029325.jpg,0.73772466,0.8164396
n07838073_12046.jpg,0.81378204,0.9207921
00015957.jpg,0.8129935,0.8583716
00050474.jpg,0.89160645,0.851481
00042989.jpg,0.78345066,0.6934292
00027354.jpg,0.69945,0.7779298
00049170.jpg,0.7866274,0.9279432
00044268.jpg,0.73576987,0.889567
00013817.jpg,0.6450058,0.3958686
00038340.jpg,0.68718183,0.6305536
n07690273_26876.jpg,0.8400834,0.8
n07654148_19681.jpg,0.80759263,0.88349515
00023697.jpg,0.7549592,0.857431
00057771.jpg,0.59074044,0.6304542
00017296.jpg,0.600935,0.708348
00011248.jpg,0.7727926,0.8461634
00055953.jpg,0.8996084,0.8125504
00024422.jpg,0.78940713,0.8706602
n07923748_15127.jpg,0.709073,0.8484849
00014764.jpg,0.73776925,0.7299184
00023765.jpg,0.59439754,0.6438024
00039139.jpg,0.8121129,0.8737518
00032058.jpg,0.75260675,0.8062206
00036222.jpg,0.560777,0.550329
5e2b2c8db34f0e8e.jpg,0.8333185,0.8095238
00048832.jpg,0.62376916,0.5314604
n04467665_14142.jpg,0.70285666,0.8208955
00005565.jpg,0.64143133,0.5945616
00048545.jpg,0.7082603,0.7145416
00019573.jpg,0.8815646,0.7185908
n07720875_8255.jpg,0.8415246,0.95614034
000000127028.jpg,0.8132038,0.8596491
00022342.jpg,0.84183234,0.780925
00045524.jpg,0.84306055,0.836842
00012822.jpg,0.54106694,0.746321
00019404.jpg,0.8118224,0.7980146
00024112.jpg,0.8073144,0.8892456
n01846331_6225.jpg,0.7547075,0.65
00006296.jpg,0.78234327,0.8041438
000000280721.jpg,0.79519594,0.92913383
00037555.jpg,0.6721692,0.7585608
sun_advruofhmqeyqmbx.jpg,0.5901741,0.5689655
00018601.jpg,0.71849555,0.8017564
00024663.jpg,0.81565374,0.8557456
00055518.jpg,0.64449286,0.6798866
00038359.jpg,0.6975939,0.6472464
00016431.jpg,0.8746507,0.876619
00040681.jpg,0.7542501,0.7048
00040966.jpg,0.80293113,0.897036
00017726.jpg,0.7686775,0.8947636
00045753.jpg,0.7591281,0.7608688
00021387.jpg,0.8008445,0.840393
00036142.jpg,0.57280725,0.574224
00052709.jpg,0.78056526,0.8757102
00045977.jpg,0.69697034,0.6933038
00006222.jpg,0.8419936,0.775282
aa8e2b1c612805d3.jpg,0.8194715,0.9381443
00035921.jpg,0.67617404,0.7109834
000000534036.jpg,0.5940381,0.7752809
00005528.jpg,0.77171814,0.8111854
00008475.jpg,0.66864085,0.6875604
00021129.jpg,0.6275635,0.7192312
00007215.jpg,0.55747914,0.5491516
00053984.jpg,0.67962724,0.5502326
n07806221_25141.jpg,0.86243606,0.6759259
00013393.jpg,0.6656084,0.8323216
00006790.jpg,0.7044494,0.672733
00002201.jpg,0.7532102,0.7711582
00056271.jpg,0.72058755,0.91926
f296d771d7167afc.jpg,0.82869774,0.86021507
00023574.jpg,0.84156686,0.9007376
00055473.jpg,0.7554751,0.7339068
00044469.jpg,0.7234466,0.6905316
00014863.jpg,0.6370888,0.7940056
00014664.jpg,0.7824302,0.8586584
00032886.jpg,0.85665613,0.8373686
000000001625.jpg,0.6835129,0.7047619
00022487.jpg,0.83215964,0.8712526
00013865.jpg,0.7821827,0.7709362
00003777.jpg,0.68210375,0.6262022
00009349.jpg,0.7368028,0.890347
00055154.jpg,0.656471,0.5622744
00013112.jpg,0.67983913,0.736333
00020934.jpg,0.6197939,0.6764418
59c9716ad00033a0.jpg,0.7728519,0.93
00018207.jpg,0.769016,0.9623736
00035329.jpg,0.69681126,0.8125948
00021108.jpg,0.734401,0.8702644
00001226.jpg,0.65361565,0.8091396
00052699.jpg,0.9024415,0.944225
00009835.jpg,0.71355623,0.7962136
00017192.jpg,0.78436804,0.736317
00050805.jpg,0.68569684,0.6352768
00033003.jpg,0.6806052,0.8330438
00013457.jpg,0.57968014,0.634714
00049887.jpg,0.7548753,0.5308516
00031574.jpg,0.83299136,0.868052
00010558.jpg,0.5629732,0.4097024
n03384352_10087.jpg,0.67720616,0.7083333
00051364.jpg,0.7371267,0.6413468
00010168.jpg,0.6887087,0.7625036
00025251.jpg,0.67004764,0.7212112
n07801508_9312.jpg,0.80258185,0.9
00015129.jpg,0.67208844,0.5883002
00013611.jpg,0.76106316,0.747672
00058503.jpg,0.8625016,0.874044
00002215.jpg,0.64376646,0.7013698
00057951.jpg,0.69594127,0.6355864
00016916.jpg,0.68182194,0.8037398
00041024.jpg,0.843169,0.665314
00058458.jpg,0.80672085,0.9164964
00003832.jpg,0.67455155,0.6505994
00047693.jpg,0.84932816,0.8265586
00003375.jpg,0.5231891,0.3626794
00046413.jpg,0.8044032,0.6184722
00049080.jpg,0.6933105,0.7496814
00038941.jpg,0.76503825,0.7023808
n07838073_11107.jpg,0.8132403,0.57425743
00027681.jpg,0.6172246,0.7654888
00031264.jpg,0.7589259,0.7503868
00042739.jpg,0.7518671,0.6469672
00024262.jpg,0.77822316,0.792487
00021813.jpg,0.77417934,0.7952322
n04587559_8710.jpg,0.652274,0.72115386
00035389.jpg,0.7221588,0.7539656
00054835.jpg,0.6639877,0.6723332
00012495.jpg,0.8927089,0.8395454
00050620.jpg,0.8785647,0.8827502
n07849336_22388.jpg,0.7878597,0.78571427
00043057.jpg,0.71946406,0.6485202
00000003.jpg,0.62151575,0.6020074
00015809.jpg,0.80540276,0.8123634
00010590.jpg,0.7800287,0.652846
00036123.jpg,0.58699405,0.6714456
n07838073_10593.jpg,0.86644834,0.7586207
00016659.jpg,0.7028931,0.7537362
n07717556_1608.jpg,0.77436936,0.8787879
00004033.jpg,0.72504747,0.830967
00026089.jpg,0.7082368,0.6258218
00019707.jpg,0.7614153,0.702269
00008051.jpg,0.8531963,0.8214588
00030395.jpg,0.67696023,0.841584
00020966.jpg,0.6872762,0.6981396
00000996.jpg,0.7032875,0.7356568
00014108.jpg,0.88295615,0.9078404
00022225.jpg,0.7317279,0.8662422
00033131.jpg,0.8591372,0.9152446
00023369.jpg,0.8565173,0.8635608
00006356.jpg,0.7832009,0.8311076
00035916.jpg,0.61071265,0.7175048
00058703.jpg,0.77904534,0.9675436
00039043.jpg,0.7715625,0.7776558
00040226.jpg,0.75568783,0.8934454
00029783.jpg,0.79956424,0.8663848
00018931.jpg,0.8033581,0.8997298
00043039.jpg,0.85279787,0.7201976
00003116.jpg,0.7533397,0.6478642
00015964.jpg,0.7566694,0.7846252
00018056.jpg,0.8043043,0.8257346
n02332755_2700.jpg,0.8039428,0.9186992
00026436.jpg,0.55322754,0.5494874
00056534.jpg,0.8170622,0.8556922
00045463.jpg,0.75872016,0.7978306
n07690273_21839.jpg,0.8523294,0.89772725
00058142.jpg,0.6989649,0.8756642
00012414.jpg,0.7710729,0.6793082
00029221.jpg,0.8531945,0.6713858
00035028.jpg,0.5696163,0.7812488
00041221.jpg,0.752269,0.7009232
00036586.jpg,0.69186664,0.752787
00037288.jpg,0.6779841,0.528111
00013492.jpg,0.7312869,0.6246044
n04465501_13078.jpg,0.6244915,0.85227275
00042465.jpg,0.67410207,0.6916906
00003442.jpg,0.82389826,0.8339956
00035976.jpg,0.6140253,0.5883002
00014525.jpg,0.77346253,0.8445846
n02129165_20942.jpg,0.78095406,0.7741935
00048142.jpg,0.8572507,0.9844524
00006472.jpg,0.710868,0.9288442
00001646.jpg,0.7299594,0.8229966
00042635.jpg,0.81137484,0.765374
00028436.jpg,0.7502881,0.87169
00049409.jpg,0.80843496,0.6787266
00036282.jpg,0.7128714,0.6760686
00008531.jpg,0.6481786,0.8813648
00015869.jpg,0.8157357,0.7051912
00051712.jpg,0.83468115,0.765505
00037774.jpg,0.6864212,0.7457528
00050795.jpg,0.7758954,0.833089
00001411.jpg,0.635335,0.6264724
00031348.jpg,0.7893767,0.6473814
00051384.jpg,0.7732979,0.7569936
00030943.jpg,0.63949025,0.6348984
00024870.jpg,0.820348,0.933031
000000511121.jpg,0.77285874,0.62222224
00035992.jpg,0.6837995,0.5989482
n07933274_30896.jpg,0.7832533,0.85714287
00019048.jpg,0.6289623,0.7663782
00038989.jpg,0.7074688,0.7330474
00057018.jpg,0.74934185,0.8425034
00011118.jpg,0.6822405,0.5357472
00004495.jpg,0.61652476,0.6427438
00044366.jpg,0.7852595,0.6582504
00031031.jpg,0.6636755,0.7645386
00021873.jpg,0.76950145,0.809736
00056872.jpg,0.6253836,0.7876586
00051408.jpg,0.78014195,0.8616704
00013829.jpg,0.8248471,0.9479704
00047413.jpg,0.78123116,0.705676
00057966.jpg,0.8636342,0.9470994
00038920.jpg,0.805879,0.5773504
00019297.jpg,0.7756337,0.845924
00037969.jpg,0.61636615,0.5783718
00042720.jpg,0.7502545,0.8586924
00040359.jpg,0.7893254,0.6796204
00052908.jpg,0.7356123,0.7417418
00001877.jpg,0.6794981,0.75771
00044404.jpg,0.6994948,0.7355114
00037135.jpg,0.7209757,0.6748036
00042931.jpg,0.80877376,0.7247782
00040298.jpg,0.6573496,0.5891024
00051953.jpg,0.80197793,0.8883384
00003256.jpg,0.7186185,0.6593326
d85c48f12064109f.jpg,0.59323746,0.70408165
n09472597_15189.jpg,0.5977003,0.6857143
00045245.jpg,0.67940724,0.546181
00034359.jpg,0.56326675,0.7211382
00052989.jpg,0.67263854,0.6912832
00026579.jpg,0.93642944,0.7786348
00038971.jpg,0.84976006,0.7538046
00048605.jpg,0.7490619,0.6919612
00021505.jpg,0.5534471,0.552479
00045541.jpg,0.7518484,0.9014114
00003039.jpg,0.8201028,0.8736426
00052697.jpg,0.6852007,0.552076
00023832.jpg,0.8013898,0.8539172
00045298.jpg,0.7973288,0.7926518
00019368.jpg,0.6588773,0.8647558
00006681.jpg,0.6735494,0.7876592
00036907.jpg,0.6112687,0.568152
00016571.jpg,0.8379167,0.7012702
00056586.jpg,0.64407337,0.7518582
n07849336_22239.jpg,0.7908867,0.85106385
00003449.jpg,0.714576,0.662785
00037415.jpg,0.7424526,0.8701668
00020562.jpg,0.65130466,0.756679
00043447.jpg,0.7223406,0.6379252
00047260.jpg,0.7048656,0.8088844
00035442.jpg,0.7198847,0.5392278
00019109.jpg,0.75844944,0.960827
00003223.jpg,0.7165368,0.8563156
00046392.jpg,0.65709007,0.7941406
00028579.jpg,0.7778321,0.7981868
00006966.jpg,0.78251135,0.8106128
00011297.jpg,0.71624386,0.7079172
00010619.jpg,0.7693642,0.7484572
00006491.jpg,0.72293675,0.8833524
n00445351_13743.jpg,0.6485524,0.84158415
00044774.jpg,0.73441494,0.7753658
00041029.jpg,0.7242105,0.6457924
n03790512_8713.jpg,0.7572862,0.7943925
00032210.jpg,0.84774125,0.6917632
00011700.jpg,0.7107879,0.7331298
00019387.jpg,0.73738253,0.8131192
sun_aucxqplfgkjwgjrf.jpg,0.5772379,0.32743362
00029247.jpg,0.9202015,0.8696898
f2167c62794b8746.jpg,0.7973198,0.8803419
00057845.jpg,0.8403628,0.8301952
00015518.jpg,0.7350096,0.7961308
00038318.jpg,0.66458523,0.5118332
00056608.jpg,0.7799821,0.8848786
00052007.jpg,0.6954669,0.8093396
n07753592_2002.jpg,0.782923,0.853211
00001690.jpg,0.73247117,0.6593672
00042858.jpg,0.68852985,0.7018718
00053772.jpg,0.64125705,0.7966206
00054783.jpg,0.757768,0.8348816
00008374.jpg,0.7542854,0.8882628
00048123.jpg,0.76700675,0.697028
00017534.jpg,0.5732779,0.553068
00048354.jpg,0.68557215,0.8623246
00023940.jpg,0.83585954,0.7979958
00023354.jpg,0.7572416,0.7808754
n02129165_4340.jpg,0.77639353,0.85393256
00019922.jpg,0.61328053,0.5453512
00009722.jpg,0.68877757,0.68857
00041814.jpg,0.75616115,0.6913346
00047609.jpg,0.75783587,0.7700402
00037339.jpg,0.60508454,0.5638822
n04465501_1356.jpg,0.6776828,0.7419355
00056500.jpg,0.7664012,0.7217734
00016937.jpg,0.8318363,0.8247636
n04335435_4800.jpg,0.6575835,0.8737864
00054905.jpg,0.7672759,0.872636
sun_bhribroenyyculkx.jpg,0.61566734,0.625
n09393605_67108.jpg,0.5787252,0.51111114
00016979.jpg,0.7793908,0.8009472
00032869.jpg,0.7576138,0.77269
00044397.jpg,0.7123866,0.678597
00025634.jpg,0.8032305,0.8144742
00011871.jpg,0.69893587,0.747516
00028629.jpg,0.62473917,0.6673326
00053554.jpg,0.7319615,0.688401
00052245.jpg,0.762148,0.7883966
00012111.jpg,0.6660949,0.6745254
00046278.jpg,0.7181028,0.68319
00018709.jpg,0.63560045,0.7048852
0c04767d5c29923c.jpg,0.7705228,0.82978725
00023632.jpg,0.79125434,0.8216614
00027119.jpg,0.803165,0.7803798
00016843.jpg,0.8105763,0.6968998
00030082.jpg,0.84458244,0.7877584
00019157.jpg,0.5827867,0.5857594
00048107.jpg,0.78271246,0.8087704
000000226936.jpg,0.7660539,0.752809
00012796.jpg,0.67437637,0.7385636
00035562.jpg,0.6682707,0.7124754
00021023.jpg,0.7944107,0.916454
00034066.jpg,0.76243776,0.531342
00038496.jpg,0.4795004,0.6158652
00054515.jpg,0.71734536,0.6736064
00030295.jpg,0.8117509,0.7234008
00026781.jpg,0.6634208,0.7892356
00009932.jpg,0.90551174,0.8447922
00002052.jpg,0.6879643,0.7447088
00006058.jpg,0.78682333,0.7874626
00034989.jpg,0.66776943,0.6737324
00009505.jpg,0.6721672,0.80901
00009892.jpg,0.74559104,0.7245788
00010656.jpg,0.59545016,0.3495176
00051668.jpg,0.77362883,0.6299822
00049730.jpg,0.7496053,0.7133812
00046012.jpg,0.7332141,0.6901864
00006442.jpg,0.79399157,0.8843046
00036063.jpg,0.71950835,0.7962104
sun_bjrxopjiakyihdqo.jpg,0.60475224,0.48235294
00040367.jpg,0.5879841,0.5874228
00048804.jpg,0.78782713,0.9232242
00055408.jpg,0.54740304,0.636234
n02396427_3601.jpg,0.80896115,0.8369565
n07801091_36388.jpg,0.55387956,0.559633
00021693.jpg,0.80958426,0.7276944
00052811.jpg,0.70395315,0.8510266
00043347.jpg,0.7328286,0.6706302
00003576.jpg,0.6911265,0.7230118
n07923748_17150.jpg,0.8108747,0.8854167
00056978.jpg,0.8767053,0.8005736
00051745.jpg,0.7221352,0.6566596
00055500.jpg,0.6208596,0.6603434
00013183.jpg,0.7279295,0.8981608
00032893.jpg,0.77429247,0.872672
00017143.jpg,0.68438995,0.6542356
00002614.jpg,0.7331327,0.5852144
00016898.jpg,0.7900777,0.7551358
00001474.jpg,0.67633206,0.6974064
00020869.jpg,0.7563259,0.5499666
n07654148_11193.jpg,0.77911794,0.8378378
00002158.jpg,0.7625462,0.9304922
00002447.jpg,0.7063526,0.7126264
00012755.jpg,0.8822695,0.7979154
n02355227_12764.jpg,0.78942204,0.9120879
00055467.jpg,0.9015715,0.8889256
n07806221_24332.jpg,0.84991264,0.85
00001124.jpg,0.7661558,0.8009594
00036328.jpg,0.74123436,0.471661
00016074.jpg,0.6899776,0.7765222
00013912.jpg,0.7885838,0.8201724
00034688.jpg,0.75656533,0.8879144
00013979.jpg,0.7296457,0.8670232
00046818.jpg,0.64423496,0.6320124
00023850.jpg,0.8521741,0.880418
00029818.jpg,0.85131097,0.757742
00020405.jpg,0.74546814,0.8727032
00046823.jpg,0.74866027,0.616789
000000428266.jpg,0.7970565,0.9270833
00024872.jpg,0.7578936,0.7962364
00056601.jpg,0.76095426,0.8334378
00053778.jpg,0.73084,0.8932536
00053110.jpg,0.71225464,0.6961146
000000194331.jpg,0.7168577,0.74311924
00030506.jpg,0.7276174,0.8323994
n09376198_3096.jpg,0.5673234,0.3764706
00039387.jpg,0.7911624,0.8794998
n09468604_57181.jpg,0.6084757,0.48421052
00007555.jpg,0.6422142,0.8627616
00021706.jpg,0.7906909,0.8298808
00005031.jpg,0.71549344,0.6299146
00056443.jpg,0.80494905,0.8678426
00058288.jpg,0.7745192,0.7957428
00030454.jpg,0.61421895,0.6843124
n02118333_12388.jpg,0.76804626,0.81609195
00019156.jpg,0.83202463,0.7846836
00007455.jpg,0.5816257,0.6944518
00056918.jpg,0.78033805,0.754815
00050786.jpg,0.5187527,0.6031572
00004067.jpg,0.8186921,0.8211308
00047126.jpg,0.8454067,0.666186
n03541923_2848.jpg,0.66087437,0.8761905
00043732.jpg,0.7475141,0.7724456
00007369.jpg,0.79222023,0.829612
00004386.jpg,0.5145439,0.58897
00034255.jpg,0.8690266,0.8373946
00053343.jpg,0.68138576,0.9192602
00045976.jpg,0.66041625,0.8011592
00054275.jpg,0.71119094,0.648641
00037854.jpg,0.670567,0.67935
00034400.jpg,0.6934923,0.6786106
8368df58858084dd.jpg,0.7110862,0.87234044
n07679356_29890.jpg,0.83000374,0.9587629
00042184.jpg,0.736762,0.8754338
00024226.jpg,0.8616651,0.8729938
00045599.jpg,0.71911407,0.7795574
00034366.jpg,0.6516614,0.7180688
00004240.jpg,0.85168356,0.7898682
00036154.jpg,0.69317347,0.6647668
00046656.jpg,0.7648528,0.4705058
00048077.jpg,0.74393654,0.744972
00019584.jpg,0.81191576,0.645589
00008694.jpg,0.89349437,0.8893002
00009556.jpg,0.5766397,0.4437612
00037090.jpg,0.5736978,0.5891228
00056136.jpg,0.6852163,0.674925
00040905.jpg,0.78791153,0.8791168
00043378.jpg,0.7498167,0.5372012
00044012.jpg,0.7119131,0.7435736
00022986.jpg,0.79870987,0.8429454
000000212095.jpg,0.8171147,0.85106385
00020669.jpg,0.78566587,0.8948032
00023605.jpg,0.80462694,0.917478
00035939.jpg,0.73407465,0.7982762
00013018.jpg,0.7104601,0.7228008
00031328.jpg,0.6509407,0.56231
00015387.jpg,0.73744315,0.8404856
000000505128.jpg,0.6591148,0.73636365
00035238.jpg,0.69366556,0.5049956
n04461696_23190.jpg,0.732532,0.75555557
aeae192fcdc7715e.jpg,0.78803396,0.7326733
00001790.jpg,0.81209254,0.802126
00009082.jpg,0.7098137,0.7814298
00055146.jpg,0.8828325,0.9444674
00037137.jpg,0.5816242,0.7029648
00041426.jpg,0.7420287,0.6900396
00037400.jpg,0.7080728,0.8981064
00030054.jpg,0.8275155,0.789695
00057637.jpg,0.8065441,0.8505984
00044679.jpg,0.75395954,0.8176028
00016016.jpg,0.7036496,0.868387
00019038.jpg,0.6547579,0.7307366
00017626.jpg,0.64515924,0.7154386
00030204.jpg,0.7418169,0.7613534
00024976.jpg,0.7075172,0.909871
00012154.jpg,0.7905043,0.7388646
00014920.jpg,0.86072135,0.7925458
n00439826_6709.jpg,0.7206758,0.78494626
00029684.jpg,0.8051617,0.9138794
00055041.jpg,0.75561506,0.7607562
00000015.jpg,0.81923383,0.8878756
00027948.jpg,0.8177466,0.9144908
00053912.jpg,0.7870008,0.8494484
00008250.jpg,0.7026855,0.8899934
00032258.jpg,0.7777322,0.8578514
00046509.jpg,0.7436913,0.889139
00017184.jpg,0.720013,0.8775722
00056878.jpg,0.75277925,0.7277912
00015134.jpg,0.7710014,0.7013718
n07863374_18015.jpg,0.7435807,0.7457627
00008645.jpg,0.87762797,0.822331
n03384352_2997.jpg,0.6695852,0.7019231
00056817.jpg,0.7729674,0.8081502
00017472.jpg,0.5799265,0.5832678
00043176.jpg,0.7385637,0.826966
00006352.jpg,0.6381773,0.530799
n07838073_20268.jpg,0.87640256,0.8235294
00044170.jpg,0.7463917,0.933604
00018221.jpg,0.7829505,0.8754402
00003477.jpg,0.5680641,0.5527128
00015651.jpg,0.75946677,0.8533602
00038296.jpg,0.6093616,0.6609042
00045094.jpg,0.7717841,0.8214278
00036631.jpg,0.73972297,0.7688118
00019149.jpg,0.73262846,0.8141852
00054305.jpg,0.62894654,0.6778926
00044452.jpg,0.64768714,0.6479614
00035029.jpg,0.51802367,0.6284768
00034668.jpg,0.54386145,0.5858482
00003771.jpg,0.755318,0.785256
00015803.jpg,0.7116654,0.681306
n07911677_1312.jpg,0.7684537,0.8484849
n09415671_17299.jpg,0.55528075,0.65384614
00020689.jpg,0.7780473,0.9532866
00014133.jpg,0.6966721,0.6357446
00045771.jpg,0.7697334,0.6979584
000000151067.jpg,0.6209114,0.6666667
00045025.jpg,0.610325,0.5923614
00005532.jpg,0.64578915,0.4291194
00005359.jpg,0.71274805,0.7604398
00042349.jpg,0.6083701,0.6854924
00004472.jpg,0.743112,0.7549614
00055165.jpg,0.8604211,0.7312538
00030967.jpg,0.8668872,0.790293
00054343.jpg,0.7251984,0.774774
00043907.jpg,0.7226859,0.697946
00011087.jpg,0.65353835,0.7756644
00016874.jpg,0.65726274,0.7425388
00035621.jpg,0.5184878,0.546052
00009112.jpg,0.83872974,0.865574
00000434.jpg,0.66982746,0.5579278
n09468604_26256.jpg,0.6107983,0.712963
00020235.jpg,0.77158725,0.8253194
00000408.jpg,0.8798838,0.8331424
00012163.jpg,0.7319838,0.6657884
00037058.jpg,0.78389454,0.711587
n01811909_471.jpg,0.84785616,0.81632656
00052322.jpg,0.7818941,0.8562218
00017427.jpg,0.8417497,0.9512912
00020899.jpg,0.8248341,0.591085
00042618.jpg,0.6736111,0.5368884
00009580.jpg,0.6834882,0.719122
00027383.jpg,0.87254024,0.8659624
00037327.jpg,0.6547279,0.6584702
00055060.jpg,0.7604002,0.8484828
00050487.jpg,0.6507015,0.8155342
00015024.jpg,0.7181768,0.720972
00011704.jpg,0.83503896,0.9164056
00031148.jpg,0.8291424,0.8629346
00001278.jpg,0.7073054,0.7636476
00012935.jpg,0.75776076,0.7815502
n03512147_3705.jpg,0.71864414,0.7948718
00037767.jpg,0.6794139,0.5574344
00002255.jpg,0.77767825,0.7560666
00024576.jpg,0.71827674,0.8382402
00045328.jpg,0.5824576,0.5099834
00021265.jpg,0.8370739,0.7504428
00009352.jpg,0.7229452,0.751223
00021837.jpg,0.83495367,0.9285848
00046021.jpg,0.83548015,0.7774044
00013269.jpg,0.70426786,0.7156856
00030697.jpg,0.69988453,0.8334702
00000557.jpg,0.61085224,0.4995332
00015459.jpg,0.6515045,0.5574088
00052112.jpg,0.75510883,0.759316
00011408.jpg,0.8167577,0.7584318
00036883.jpg,0.7054957,0.5505762
00011007.jpg,0.6838237,0.7574478
00052189.jpg,0.7626905,0.8997748
00004867.jpg,0.90282816,0.9067592
000000199331.jpg,0.7732226,0.8217822
00047523.jpg,0.6273325,0.5111362
00024481.jpg,0.7725347,0.7408296
00021144.jpg,0.7798517,0.8357142
00053816.jpg,0.7778797,0.6324898
n07850329_8115.jpg,0.8364457,0.65656567
00018038.jpg,0.71264577,0.7721436
n09472597_36813.jpg,0.6139877,0.6695652
00025188.jpg,0.9050261,0.781674
00036373.jpg,0.6133406,0.5157656
00047067.jpg,0.7587358,0.7260474
00002050.jpg,0.72147775,0.8285798
00008282.jpg,0.7166141,0.6997524
000000029170.jpg,0.6062351,0.5471698
00010196.jpg,0.6632136,0.8528432
00030168.jpg,0.7822557,0.876341
n07717556_1645.jpg,0.8432017,0.8061224
00041205.jpg,0.80265355,0.8329832
00051273.jpg,0.54194427,0.6473056
00043577.jpg,0.7515131,0.8183436
00004450.jpg,0.84401166,0.8895702
00036367.jpg,0.6731978,0.8032218
00026890.jpg,0.80566925,0.8464572
00058332.jpg,0.7972784,0.8351362
00027810.jpg,0.8173796,0.7038114
00043738.jpg,0.7706796,0.8681832
00032797.jpg,0.8323757,0.7729764
00016420.jpg,0.67606604,0.7703842
n07806221_24174.jpg,0.80175936,0.8425926
00014788.jpg,0.8104537,0.7898432
n09376198_22707.jpg,0.5613869,0.5816327
00000170.jpg,0.69930065,0.7892182
00030875.jpg,0.927269,0.8656232
00005704.jpg,0.5976671,0.647654
00055566.jpg,0.82480323,0.7834326
00009330.jpg,0.7351844,0.8971542
00015752.jpg,0.8190904,0.812746
00030553.jpg,0.8298142,0.7221928
00052201.jpg,0.5498986,0.6138354
n04465501_2523.jpg,0.7688619,0.67045456
n07583197_1716.jpg,0.78347045,0.8095238
00048447.jpg,0.8146369,0.7839102
n02793495_19291.jpg,0.5682623,0.5660377
n01514859_11835.jpg,0.79347396,0.82417583
00048196.jpg,0.7830105,0.8811504
00033173.jpg,0.8579186,0.8805164
00043235.jpg,0.76335454,0.8556288
00021785.jpg,0.7766588,0.8688256
00050468.jpg,0.6823256,0.6131022
00039968.jpg,0.7825459,0.5809652
00050766.jpg,0.69440633,0.8410048
00047208.jpg,0.70462626,0.7612514
00037042.jpg,0.73192674,0.8003268
00045627.jpg,0.7556999,0.7226112
00016579.jpg,0.5494057,0.6668998
00047964.jpg,0.7572521,0.7425428
00012356.jpg,0.7682916,0.8320334
00004746.jpg,0.70933354,0.732023
00006554.jpg,0.7951524,0.9079394
00005707.jpg,0.74129254,0.8887344
000000246980.jpg,0.726411,0.8
00021216.jpg,0.75615954,0.8263678
00052425.jpg,0.7910948,0.9227808
00043587.jpg,0.72414136,0.7013576
n07911677_352.jpg,0.77929,0.8815789
00035034.jpg,0.74703234,0.8074862
00033848.jpg,0.6976938,0.7916866
000000521402.jpg,0.70760906,0.742268
00057993.jpg,0.87469214,0.8659424
00038834.jpg,0.7351831,0.7647622
00034468.jpg,0.79123753,0.9247574
00003018.jpg,0.6976925,0.6512752
00021502.jpg,0.7547408,0.917155
00029749.jpg,0.80748725,0.6805154
00006339.jpg,0.92003804,0.8121072
00032581.jpg,0.8788627,0.8624256
00056490.jpg,0.76959056,0.9167026
00047498.jpg,0.8512373,0.7756804
00016997.jpg,0.70784557,0.671172
n04461696_6157.jpg,0.66354847,0.773913
n02355227_15817.jpg,0.78034043,0.8785047
00000568.jpg,0.5931152,0.636182
00035690.jpg,0.7708999,0.8936806
000000414679.jpg,0.78202605,0.85263157
00024011.jpg,0.6818186,0.6517746
00011553.jpg,0.6691875,0.4201662
00016918.jpg,0.58523035,0.504751
n07583197_895.jpg,0.80947185,0.84042555
00055394.jpg,0.71107054,0.6071034
a0b8948a5a669d86.jpg,0.81082726,0.8414634
00018832.jpg,0.8672261,0.8872162
00027217.jpg,0.71264505,0.8255114
000000123891.jpg,0.65816724,0.69158876
00018979.jpg,0.8997413,0.845027
00037315.jpg,0.56275225,0.7559854
00016138.jpg,0.7362448,0.7430326
00055470.jpg,0.8489313,0.8921478
00043143.jpg,0.79392153,0.9272756
00005992.jpg,0.81058115,0.6832118
00020291.jpg,0.70145845,0.7216652
0c25ec21ea3806e6.jpg,0.65592086,0.7888889
00009894.jpg,0.6494094,0.664596
53e19901290661c3.jpg,0.6436446,0.7816092
00030680.jpg,0.7398144,0.6504554
00053296.jpg,0.67101777,0.793378
00001442.jpg,0.74513817,0.8066698
00028677.jpg,0.7728293,0.7069842
00033535.jpg,0.8722044,0.810295
00019504.jpg,0.6058098,0.7965972
00027309.jpg,0.83515215,0.8025686
00015372.jpg,0.69496405,0.775534
00015877.jpg,0.7127243,0.6612192
sun_bzbsfohnoxeimmzi.jpg,0.5944335,0.54545456
00009830.jpg,0.8461633,0.7201998
00010463.jpg,0.8547371,0.476835
00034141.jpg,0.5094606,0.5886764
000000196344.jpg,0.640732,0.51086956
00018141.jpg,0.7555674,0.8200848
00052853.jpg,0.84841543,0.9093248
00002692.jpg,0.83890456,0.9373376
000000049248.jpg,0.83044827,0.81333333
00012626.jpg,0.771676,0.8037628
00050407.jpg,0.7221899,0.8759008
000000504341.jpg,0.7112758,0.89320385
00031718.jpg,0.78406096,0.5229628
00032746.jpg,0.6741985,0.6029204
00055783.jpg,0.7987262,0.7882302
00036130.jpg,0.83446836,0.7467518
00000886.jpg,0.74213636,0.7856958
00046717.jpg,0.74752784,0.741896
00023970.jpg,0.71821654,0.9105342
00039328.jpg,0.713723,0.8416808
00018264.jpg,0.6945392,0.5987642
00015741.jpg,0.79787797,0.8310158
00038145.jpg,0.7267901,0.597181
00006221.jpg,0.74807084,0.8474648
00029739.jpg,0.73008466,0.6541598
00019938.jpg,0.6688337,0.5239354
00036550.jpg,0.68365335,0.7097144
00017774.jpg,0.7435111,0.8832768
00044124.jpg,0.85184747,0.7585232
00006672.jpg,0.79250646,0.9007394
00038474.jpg,0.69230783,0.7725782
n09288635_365.jpg,0.6523838,0.68
00038445.jpg,0.6761508,0.7777962
00051633.jpg,0.90022373,0.8146376
00010783.jpg,0.70555496,0.7755732
00023770.jpg,0.5626036,0.6144236
00041890.jpg,0.769089,0.7059412
00037179.jpg,0.63950795,0.758314
00029616.jpg,0.60636884,0.7013162
00043795.jpg,0.7412903,0.825215
5a247b7851af5b38.jpg,0.54436654,0.53846157
00044683.jpg,0.80736697,0.8440842
00022650.jpg,0.6847067,0.6351514
00051615.jpg,0.790027,0.9074302
00038667.jpg,0.72844934,0.6412908
n04587559_10942.jpg,0.66103584,0.635514
00013566.jpg,0.8222102,0.7366218
00017624.jpg,0.8597486,0.9052616
00010815.jpg,0.89552426,0.7654932
00021888.jpg,0.79597735,0.7709852
n03594945_10851.jpg,0.71502113,0.9111111
00030235.jpg,0.6522649,0.759762
00033368.jpg,0.6682421,0.8371014
00017142.jpg,0.7498709,0.8768632
00001005.jpg,0.5710885,0.5893218
00020444.jpg,0.7963854,0.8294992
00054386.jpg,0.71840596,0.8002524
n09472597_33013.jpg,0.5868614,0.5913978
00022621.jpg,0.5923088,0.397781
00030034.jpg,0.7640096,0.6357656
00049216.jpg,0.86716956,0.9114368
00004167.jpg,0.73054945,0.78595
00018684.jpg,0.72432184,0.8464438
00030096.jpg,0.79081225,0.8717546
00000506.jpg,0.8389036,0.7717302
00044789.jpg,0.7477409,0.7967776
00015449.jpg,0.7264813,0.8355578
00014190.jpg,0.67424625,0.801809
00007955.jpg,0.72369725,0.7259558
00032937.jpg,0.75872624,0.9341406
00036456.jpg,0.5680005,0.5966052
00056725.jpg,0.64730346,0.718299
000000283144.jpg,0.7370056,0.88297874
10a34585df04a36e.jpg,0.71668524,0.6989247
00029591.jpg,0.7445719,0.6400752
00054113.jpg,0.6389613,0.774836
00046059.jpg,0.67497236,0.555816
00028580.jpg,0.8139906,0.9403914
8c620ba803c05daa.jpg,0.5117147,0.5566038
sun_arwbkcpbnacrivin.jpg,0.69772667,0.6145833
00049458.jpg,0.8202042,0.8149526
00056272.jpg,0.76284367,0.666859
00022809.jpg,0.69173926,0.8201624
000000352307.jpg,0.73866814,0.7777778
00008465.jpg,0.8141072,0.8284774
00028498.jpg,0.8094781,0.6355856
00023731.jpg,0.6286985,0.5832868
00034575.jpg,0.6312451,0.5739422
00022844.jpg,0.710075,0.7831182
n07693725_3611.jpg,0.83007693,0.8787879
00017390.jpg,0.7552892,0.8134632
sun_aigxgjoofoaxhxor.jpg,0.62442535,0.62886596
n00445351_6286.jpg,0.73032105,0.84158415
000000397760.jpg,0.7860039,0.7741935
00017914.jpg,0.80933166,0.715233
00003019.jpg,0.7141839,0.9081366
00008967.jpg,0.5934433,0.644816
000000293543.jpg,0.74359566,0.7790698
00014848.jpg,0.5267918,0.7487848
00017442.jpg,0.7474865,0.7384722
00025678.jpg,0.6115846,0.5320852
00048129.jpg,0.7694224,0.8473158
00022002.jpg,0.6014973,0.5365268
00055484.jpg,0.6819132,0.8387154
00025701.jpg,0.7217347,0.80252
00001492.jpg,0.83889884,0.9051436
00008055.jpg,0.7237836,0.771636
00039351.jpg,0.74784505,0.7013466
00051975.jpg,0.8369461,0.8442334
00003427.jpg,0.7828548,0.8321008
00019443.jpg,0.688137,0.6738064
000000378950.jpg,0.86217713,0.9537037
00005847.jpg,0.82539093,0.8061344
00040676.jpg,0.8427989,0.7483026
00001082.jpg,0.79912114,0.9768656
00020516.jpg,0.8707033,0.8935242
00043402.jpg,0.76859313,0.831793
00057822.jpg,0.7318517,0.69815
00001183.jpg,0.763891,0.8478474
00053740.jpg,0.6925977,0.9121852
00024009.jpg,0.67091423,0.8300486
00020797.jpg,0.786538,0.9170264
00020054.jpg,0.7443916,0.8957008
00042022.jpg,0.7723284,0.875725
00021355.jpg,0.7618834,0.8833886
00057575.jpg,0.7388205,0.7439482
00000157.jpg,0.7136781,0.6371496
00042565.jpg,0.80494285,0.8705708
528f777d7d6da589.jpg,0.7514117,0.8367347
00054859.jpg,0.67541313,0.7245888
00033101.jpg,0.57358515,0.547146
n01514668_3493.jpg,0.7776812,0.88372093
00019075.jpg,0.8390584,0.8116584
69cdb1ea7269fecb.jpg,0.746761,0.84313726
00016444.jpg,0.7146844,0.827855
00020053.jpg,0.8452244,0.8727442
f0067eb8a3e46420.jpg,0.7808311,0.87777776
000000221089.jpg,0.73737407,0.8137255
00037600.jpg,0.7552811,0.7600614
00058285.jpg,0.78854537,0.8285902
n09393605_21966.jpg,0.5444905,0.3883495
00034703.jpg,0.6642919,0.8072828
000000069777.jpg,0.6950077,0.7029703
000000164487.jpg,0.6709367,0.68686867
00031456.jpg,0.71486497,0.7388128
36d087ad3a8b4a99.jpg,0.72249615,0.88461536
00042261.jpg,0.6325348,0.660116
00017010.jpg,0.9261433,0.9122912
00000807.jpg,0.80178416,0.7777744
00037449.jpg,0.64400804,0.6098316
00054133.jpg,0.82594615,0.7600266
n02324045_5559.jpg,0.74402714,0.814433
00048201.jpg,0.6484513,0.6502484
00039572.jpg,0.7331314,0.7606314
00049524.jpg,0.75244725,0.5900358
524acb2e86457ecf.jpg,0.59023947,0.4387755
00000364.jpg,0.7835078,0.861002
00006020.jpg,0.555404,0.5753964
00012479.jpg,0.5723866,0.5218352
00036561.jpg,0.57403135,0.5789358
00011381.jpg,0.67716247,0.9808412
00022484.jpg,0.7748038,0.8386724
00021983.jpg,0.7249204,0.7436104
00025993.jpg,0.59732527,0.7508596
00036999.jpg,0.6339952,0.5284816
00005595.jpg,0.68476725,0.4708448
00034178.jpg,0.6139102,0.6309314
00056374.jpg,0.7585836,0.6027876
00057416.jpg,0.74953485,0.61945
00030102.jpg,0.71626246,0.6753094
00042283.jpg,0.70998305,0.6201606
00022520.jpg,0.77824944,0.865347
00011362.jpg,0.66928226,0.464525
00002302.jpg,0.7463287,0.7114984
00034680.jpg,0.7574644,0.6704742
00049982.jpg,0.7520997,0.454956
00043659.jpg,0.7398917,0.6723184
00011809.jpg,0.67459464,0.7427658
00036557.jpg,0.71979475,0.7353256
00034078.jpg,0.6058166,0.51721
00018391.jpg,0.76001406,0.9164458
00040873.jpg,0.7699568,0.894684
00002013.jpg,0.58617306,0.4238554
00005089.jpg,0.8085366,0.794365
00058145.jpg,0.5491505,0.6503436
00033636.jpg,0.7270355,0.7196302
409f7b5ca2a458c6.jpg,0.73637414,0.8518519
00057581.jpg,0.80488086,0.8186212
n01846331_1153.jpg,0.6915269,0.8453608
00021586.jpg,0.8296632,0.8515612
00052661.jpg,0.5920923,0.6655546
00044735.jpg,0.6846208,0.7255922
00034935.jpg,0.7079836,0.6301812
00011734.jpg,0.6756301,0.5383752
00000618.jpg,0.82856905,0.8766676
00020041.jpg,0.62418914,0.6642636
00022794.jpg,0.6017213,0.8134774
00017798.jpg,0.706746,0.6510442
00039940.jpg,0.7912277,0.8238962
00022802.jpg,0.8507161,0.7978804
00048726.jpg,0.73548114,0.871102
00016290.jpg,0.829486,0.8327364
00021595.jpg,0.7177204,0.8047714
00042826.jpg,0.7614678,0.7997488
00020361.jpg,0.76598537,0.8702608
00040995.jpg,0.73594165,0.9119994
00024666.jpg,0.7519335,0.6634012
00001638.jpg,0.70315284,0.7891426
000000406329.jpg,0.7414098,0.7641509
00012182.jpg,0.5907731,0.6076718
n09303008_27637.jpg,0.65566045,0.5955056
000000505093.jpg,0.7518313,0.6666667
00055406.jpg,0.6022353,0.6748456
n02878222_47630.jpg,0.6679723,0.69148934
00008390.jpg,0.62691087,0.7293374
000000473448.jpg,0.729427,0.75
00045589.jpg,0.78095156,0.8342278
00041162.jpg,0.7836485,0.7757744
000000113495.jpg,0.69941115,0.6818182
5186956757a13de0.jpg,0.75551,0.8181818
00013114.jpg,0.7424072,0.807125
00001077.jpg,0.8166953,0.9374738
00003286.jpg,0.70061094,0.851763
n02118333_14936.jpg,0.78336805,0.95238096
00017696.jpg,0.8440639,0.7831396
00018105.jpg,0.7611143,0.7595374
00055162.jpg,0.8403565,0.851966
00038270.jpg,0.5896729,0.6443712
n02934451_8467.jpg,0.7068521,0.7631579
00014991.jpg,0.7373646,0.7176414
00039239.jpg,0.7494668,0.723445
00032433.jpg,0.75201416,0.64364
00032444.jpg,0.76366496,0.8605156
000000547555.jpg,0.7021951,0.8453608
00053639.jpg,0.7001102,0.7988172
n07806221_30990.jpg,0.81882674,0.84158415
00021606.jpg,0.7100495,0.9072368
00051133.jpg,0.61119354,0.578515
n02834778_1446.jpg,0.73733723,0.82608694
00036675.jpg,0.71866727,0.7662272
00015536.jpg,0.91115254,0.8967128
n03541923_10735.jpg,0.7478117,0.84313726
00051418.jpg,0.77392405,0.9005688
00019565.jpg,0.8223745,0.8243492
n04587559_11280.jpg,0.6144835,0.5425532
00027480.jpg,0.674497,0.746862
00038887.jpg,0.7887082,0.8733832
00032353.jpg,0.69111776,0.8865078
000000211737.jpg,0.7667558,0.7676768
00051863.jpg,0.85117227,0.8995148
00036302.jpg,0.6506492,0.7551982
00015357.jpg,0.7587265,0.8592658
n02396427_22180.jpg,0.7587386,0.6448598
00031440.jpg,0.7690185,0.7124748
00055114.jpg,0.81355464,0.7907394
00031697.jpg,0.5729975,0.6347954
00012530.jpg,0.7588145,0.7009688
00026532.jpg,0.71229553,0.7323636
00032726.jpg,0.7197893,0.640929
00015965.jpg,0.6074461,0.7284454
00009345.jpg,0.5141016,0.569045
n07849336_20724.jpg,0.7792134,0.9266055
n02932891_9585.jpg,0.5948844,0.7113402
00050243.jpg,0.7794365,0.783624
00047072.jpg,0.754984,0.5983212
00001276.jpg,0.6161114,0.7466134
n07717556_2038.jpg,0.856923,0.9479167
00000343.jpg,0.7319754,0.716369
00041648.jpg,0.8179741,0.871328
00053646.jpg,0.7965972,0.80598
00041683.jpg,0.7068105,0.5334988
00016077.jpg,0.8218575,0.7993792
00026784.jpg,0.81779253,0.8802152
00010513.jpg,0.8517341,0.8379082
00056823.jpg,0.85876316,0.9039648
00045335.jpg,0.7179131,0.690716
00015178.jpg,0.61753356,0.6824702
00052312.jpg,0.82286155,0.772502
00047075.jpg,0.7793832,0.6332254
00048727.jpg,0.86645,0.8398916
00029241.jpg,0.681791,0.5592542
00053943.jpg,0.6209462,0.7300582
00006466.jpg,0.83298075,0.7690462
00017212.jpg,0.59852314,0.5774412
n07806221_24051.jpg,0.73841095,0.84782606
00015941.jpg,0.81167114,0.9790024
00021238.jpg,0.6644733,0.605841
00007402.jpg,0.7154187,0.6851418
00020505.jpg,0.71327794,0.871628
00024532.jpg,0.64718586,0.8236756
000000144694.jpg,0.71154165,0.8367347
00026817.jpg,0.74398756,0.7285242
00004901.jpg,0.59675527,0.7779322
00015342.jpg,0.7830636,0.7914772
00053006.jpg,0.8374376,0.848615
00020195.jpg,0.60904324,0.6151124
00010144.jpg,0.79655194,0.6248468
00028208.jpg,0.7317966,0.679584
00021176.jpg,0.8576964,0.7830596
00017014.jpg,0.7550904,0.861579
00000417.jpg,0.5548494,0.538186
00030253.jpg,0.8051559,0.9607326
00023274.jpg,0.7578488,0.6460792
00004341.jpg,0.7026518,0.6373526
00025766.jpg,0.5897138,0.6059886
00052020.jpg,0.6451285,0.7180938
00056027.jpg,0.81170213,0.7646864
00011707.jpg,0.48528495,0.5074026
n02129165_6929.jpg,0.80317247,0.88297874
00019213.jpg,0.68703306,0.5634784
00016804.jpg,0.90521795,0.7274978
00042111.jpg,0.7231069,0.7399562
00014982.jpg,0.62288433,0.7249274
00046092.jpg,0.71435505,0.7620718
00021865.jpg,0.76330006,0.8615638
00026527.jpg,0.6270445,0.5758118
00010333.jpg,0.73331463,0.9258082
n04335435_25589.jpg,0.6772803,0.70731705
00004089.jpg,0.7628049,0.887959
00042994.jpg,0.7561873,0.608533
00010897.jpg,0.70380193,0.8766458
00043464.jpg,0.8130861,0.6523726
00029075.jpg,0.82204497,0.7569078
000000370399.jpg,0.7188208,0.63366336
00003303.jpg,0.7019408,0.7110638
00002776.jpg,0.7724626,0.8648952
00017271.jpg,0.7153339,0.8218846
00043461.jpg,0.70563996,0.6743066
00016682.jpg,0.9027244,0.848527
ab513cfa39928667.jpg,0.7817627,0.69
00053027.jpg,0.78640676,0.903576
00046044.jpg,0.7172478,0.6825492
00005517.jpg,0.9013687,0.8625162
n07863374_18919.jpg,0.77228117,0.9222222
00041743.jpg,0.7039101,0.738226
00045223.jpg,0.6751046,0.5667288
00043452.jpg,0.83139426,0.8915384
00057075.jpg,0.6288006,0.791534
00036176.jpg,0.5115354,0.4504404
n02332755_9380.jpg,0.7523941,0.94736844
00027164.jpg,0.58379835,0.5917252
00027522.jpg,0.7561518,0.6868778
00039620.jpg,0.7405832,0.64177
00026892.jpg,0.73161334,0.742866
00055592.jpg,0.6768515,0.6578272
00020756.jpg,0.79551625,0.7607204
00030427.jpg,0.75229704,0.717642
00038788.jpg,0.7170328,0.9636556
00002180.jpg,0.7901479,0.7570772
00020269.jpg,0.76262057,0.8608732
n02793495_8390.jpg,0.54145366,0.6037736
00006601.jpg,0.71497786,0.740755
00015317.jpg,0.6999427,0.7898424
00043990.jpg,0.8198658,0.6828464
00057542.jpg,0.77875745,0.8743164
00042332.jpg,0.6868954,0.8710294
n07801091_61600.jpg,0.6515891,0.68
00021006.jpg,0.74292636,0.8327628
00000289.jpg,0.7306144,0.8573842
n04465501_927.jpg,0.7500205,0.6910569
000000161333.jpg,0.7047612,0.6931818
000000524047.jpg,0.7269721,0.877551
00010896.jpg,0.5311032,0.5346054
00048493.jpg,0.66928816,0.715483
00048548.jpg,0.7748423,0.790514
000000176271.jpg,0.76174885,0.9263158
00038907.jpg,0.77137226,0.8016312
00021880.jpg,0.80508554,0.7884616
00007950.jpg,0.6574674,0.686318
00036070.jpg,0.6108497,0.6890772
00057737.jpg,0.72253364,0.6599594
000000572430.jpg,0.79944634,0.8854167
00028696.jpg,0.73641455,0.8505354
00040531.jpg,0.68218565,0.7005908
00043586.jpg,0.7870736,0.734413
00003702.jpg,0.7135806,0.753818
n01514859_2765.jpg,0.7716968,0.7340425
00033827.jpg,0.68803823,0.5728602
00042076.jpg,0.7594502,0.6312822
000000149726.jpg,0.7797331,0.85227275
00010861.jpg,0.8228419,0.8322072
n07717556_1822.jpg,0.8247704,0.8556701
n02342885_12224.jpg,0.8146855,0.86868685
00031877.jpg,0.8078215,0.7621676
00006416.jpg,0.717068,0.6492406
n04465501_12990.jpg,0.71202195,0.80508476
00002606.jpg,0.74992096,0.5265026
00001428.jpg,0.7456292,0.7320394
00019068.jpg,0.7277299,0.6817742
00046786.jpg,0.78826773,0.7322936
00019159.jpg,0.81289554,0.922914
00032727.jpg,0.78183573,0.8150764
00019533.jpg,0.6275315,0.781355
00022488.jpg,0.5784731,0.6098
00046190.jpg,0.6732975,0.7603672
00001046.jpg,0.64946526,0.9662856
00009572.jpg,0.6998795,0.6677108
00035902.jpg,0.51104486,0.7548698
00001408.jpg,0.76132536,0.7146096
00033507.jpg,0.7629338,0.838294
00009863.jpg,0.7139232,0.7282114
00003234.jpg,0.8548545,0.8085634
00053418.jpg,0.79548144,0.9114824
00015864.jpg,0.55103576,0.7221762
00005112.jpg,0.60593045,0.6018198
sun_anowzijwkurybpjf.jpg,0.59626675,0.48913044
00001886.jpg,0.74495304,0.9072506
00041018.jpg,0.697339,0.860062
00030219.jpg,0.85396624,0.8124068
n03594945_58.jpg,0.6896413,0.71428573
00048657.jpg,0.6205094,0.7318202
00029483.jpg,0.7604482,0.6425986
00021147.jpg,0.77905035,0.7656302
00014512.jpg,0.6915627,0.786786
00008101.jpg,0.8730583,0.9552974
00051840.jpg,0.84253275,0.7792
00022607.jpg,0.9029683,0.949793
00007125.jpg,0.8569581,0.84763
n04252077_59.jpg,0.6727636,0.67901236
00049365.jpg,0.7912701,0.7706952
00024941.jpg,0.723212,0.6971118
00019231.jpg,0.5651227,0.6647288
00043368.jpg,0.7143626,0.6044774
00011036.jpg,0.7767787,0.7487208
00056141.jpg,0.756752,0.8831644
n03594945_7820.jpg,0.6918845,0.7096774
00048193.jpg,0.7822366,0.6321858
00042314.jpg,0.866951,0.8364378
00048262.jpg,0.67113996,0.6259204
00035840.jpg,0.8268851,0.6005528
00001788.jpg,0.7477377,0.8430426
00023958.jpg,0.6806462,0.7160624
00020229.jpg,0.74777013,0.7721422
n07838073_18115.jpg,0.8459214,0.8347826
00043312.jpg,0.8199266,0.6380118
00040448.jpg,0.7892961,0.650195
00057646.jpg,0.61190724,0.7340426
00043606.jpg,0.82569706,0.8128186
00022636.jpg,0.59495604,0.5648286
00053419.jpg,0.8203869,0.9358022
n02878222_18358.jpg,0.6859416,0.7669903
00041021.jpg,0.6852824,0.846913
00054688.jpg,0.7827913,0.850791
00002870.jpg,0.76725566,0.8904376
00031946.jpg,0.747197,0.8445178
00021678.jpg,0.63426316,0.7583748
00049213.jpg,0.65895677,0.7257014
n07863374_15623.jpg,0.8025311,0.56989247
00004372.jpg,0.67723393,0.8337926
00003043.jpg,0.78909284,0.6261338
n07654148_21465.jpg,0.8293802,0.7222222
00055725.jpg,0.810987,0.9277306
00003590.jpg,0.80604386,0.845898
00012985.jpg,0.8201435,0.8683854
00001558.jpg,0.598195,0.6740262
00043128.jpg,0.6829029,0.5815394
00005126.jpg,0.68941087,0.720293
00053506.jpg,0.8405539,0.5699578
00050639.jpg,0.7988043,0.6869926
00002631.jpg,0.760455,0.7635534
000000248774.jpg,0.73788726,0.7222222
00044437.jpg,0.70997924,0.7909762
00043965.jpg,0.6590898,0.6464908
000000111400.jpg,0.7368647,0.8785047
00027734.jpg,0.80168945,0.8316558
00028541.jpg,0.63941145,0.7169564
00036478.jpg,0.74240327,0.8791482
00022191.jpg,0.8309957,0.8074398
00051042.jpg,0.72664607,0.843554
00021661.jpg,0.72886384,0.6785966
00050444.jpg,0.6627648,0.7289598
00042302.jpg,0.7869795,0.8218106
00002984.jpg,0.7434822,0.7237548
00021553.jpg,0.73784256,0.8425248
00056299.jpg,0.7747245,0.7742392
n04467665_3211.jpg,0.81430626,0.83870965
n03541923_397.jpg,0.7733402,0.8556701
00040808.jpg,0.84108233,0.8939772
00016815.jpg,0.77502906,0.946408
00003772.jpg,0.77264386,0.8528048
00016833.jpg,0.73052555,0.8087106
00007899.jpg,0.5874689,0.6784644
00014704.jpg,0.6553998,0.8016568
00009396.jpg,0.70605993,0.7143764
00010905.jpg,0.7490442,0.6554076
00025924.jpg,0.6876453,0.608657
00027345.jpg,0.7662976,0.8866458
00036401.jpg,0.6295435,0.6313612
00048650.jpg,0.68333054,0.8041322
00049277.jpg,0.7974331,0.883631
00033658.jpg,0.6691345,0.6608838
00024822.jpg,0.7802775,0.715131
00049249.jpg,0.76764446,0.7486004
00017021.jpg,0.72051126,0.8687438
n03384352_4683.jpg,0.70452857,0.8207547
n02396427_744.jpg,0.8076372,0.8271605
00042160.jpg,0.78791374,0.7422042
00040277.jpg,0.735755,0.5312684
00024708.jpg,0.64487183,0.8641426
00028439.jpg,0.719133,0.7042622
00053826.jpg,0.81940156,0.7380614
00026864.jpg,0.77684104,0.8981792
00035341.jpg,0.8388267,0.7348878
00007474.jpg,0.5263742,0.3625968
00012226.jpg,0.7062346,0.7388192
00039518.jpg,0.73652667,0.8372824
00021583.jpg,0.75853664,0.744426
000000346511.jpg,0.767903,0.61538464
00015969.jpg,0.7022984,0.7892952
00031396.jpg,0.81640935,0.6649778
n09415671_6172.jpg,0.628003,0.44117647
00042903.jpg,0.78511816,0.7795508
00051551.jpg,0.92212594,0.7169842
00004444.jpg,0.7068492,0.794922
00027387.jpg,0.727676,0.7269438
00010556.jpg,0.76869464,0.8393502
ed0147f94eaf2efd.jpg,0.70280564,0.8333333
00024111.jpg,0.90220386,0.9004132
00025584.jpg,0.7925457,0.9098046
00028958.jpg,0.8446878,0.8490736
00043529.jpg,0.8309924,0.7584344
00042404.jpg,0.7766418,0.583942
00038880.jpg,0.74920714,0.8389248
n03670208_12822.jpg,0.7580974,0.93939394
00017907.jpg,0.7871075,0.9368234
00038867.jpg,0.7524326,0.6539786
00025751.jpg,0.83522743,0.7243374
00054607.jpg,0.8332002,0.9350198
26478d643e707a68.jpg,0.69438136,0.83928573
n02932891_14021.jpg,0.6532088,0.7446808
00039005.jpg,0.8233187,0.8785822
00048422.jpg,0.7022884,0.7797042
00018648.jpg,0.76479065,0.5142684
00007802.jpg,0.83559597,0.7952826
00019608.jpg,0.72950375,0.7054724
000000300848.jpg,0.77104044,0.84210527
00040585.jpg,0.7505312,0.91931
00010383.jpg,0.762244,0.6603022
sun_anwqlrkgypvtxleo.jpg,0.5278262,0.36458334
00031551.jpg,0.8452171,0.8639872
00012940.jpg,0.59571433,0.685523
00003964.jpg,0.78205675,0.7717186
n07693725_500.jpg,0.8851925,0.85393256
00024012.jpg,0.74909264,0.9179674
00016511.jpg,0.71090543,0.7858544
00054615.jpg,0.8264867,0.9266816
00043662.jpg,0.70705944,0.9060146
00049210.jpg,0.72915936,0.7980952
7924d91dd62861ba.jpg,0.78852654,0.8915663
00024118.jpg,0.7040391,0.827451
00014705.jpg,0.80626094,0.8130236
000000457530.jpg,0.71691674,0.73333335
00014159.jpg,0.5762773,0.4124304
00018760.jpg,0.724925,0.8540492
00036454.jpg,0.67780304,0.8038006
00028972.jpg,0.70078516,0.5318574
00007528.jpg,0.7371038,0.7206386
00008577.jpg,0.7190974,0.7673254
n03791053_9553.jpg,0.7319267,0.8717949
00026378.jpg,0.769945,0.7268884
00050541.jpg,0.72368,0.7129884
00034012.jpg,0.70554227,0.7035398
00020973.jpg,0.7831062,0.7207952
00019092.jpg,0.7086686,0.811756
00024724.jpg,0.7127372,0.9130652
00019650.jpg,0.72044295,0.804891
00010952.jpg,0.7052796,0.7255496
00048624.jpg,0.8299888,0.812919
00032731.jpg,0.6989105,0.7323204
00039986.jpg,0.69991624,0.8415936
00046431.jpg,0.70678926,0.851307
b664690ed17187ae.jpg,0.7455447,0.8118812
00019381.jpg,0.6649407,0.796513
00034147.jpg,0.72877336,0.53313
00020845.jpg,0.7690402,0.591551
00015192.jpg,0.59913385,0.7189964
00012427.jpg,0.79456687,0.8761368
00028647.jpg,0.8755561,0.9194502
00024847.jpg,0.79242647,0.8600584
n07911677_3501.jpg,0.7964088,0.84745765
00049214.jpg,0.7403914,0.7613414
00025749.jpg,0.8380953,0.846569
00021193.jpg,0.5641954,0.5780788
00032488.jpg,0.8187318,0.7542162
00015277.jpg,0.85290253,0.9081894
00006698.jpg,0.8407278,0.8199658
n09472597_39958.jpg,0.59654355,0.42105263
00025437.jpg,0.57278365,0.4056662
n02396427_19677.jpg,0.739753,0.7745098
00048282.jpg,0.71784186,0.7520374
00013952.jpg,0.7899015,0.8503686
00034384.jpg,0.5231139,0.5044478
00000499.jpg,0.6429095,0.7203282
00039513.jpg,0.7316977,0.751701
n01846331_9058.jpg,0.71142894,0.6637931
00045899.jpg,0.80742466,0.7918962
00050601.jpg,0.7291758,0.6657822
00024066.jpg,0.7392101,0.7405272
00008763.jpg,0.79082257,0.8383162
00047189.jpg,0.7260158,0.5028494
00017230.jpg,0.5584208,0.6834736
00050695.jpg,0.88826084,0.9114918
00002423.jpg,0.75858307,0.745983
00045334.jpg,0.73086107,0.7111756
00017247.jpg,0.79952323,0.701952
00055337.jpg,0.5157744,0.5832028
00018888.jpg,0.80962306,0.8687052
00007914.jpg,0.8063067,0.8174516
00041159.jpg,0.73081887,0.864455
00027995.jpg,0.7254894,0.7499822
00007962.jpg,0.5990804,0.631699
00048543.jpg,0.65861964,0.7882138
00020794.jpg,0.7198669,0.6832856
00055463.jpg,0.6265048,0.6024882
00009858.jpg,0.7865957,0.9709496
sun_afxvgfeysuusnslo.jpg,0.6507976,0.4848485
00013047.jpg,0.6256447,0.5472088
00026568.jpg,0.71806073,0.959308
00001641.jpg,0.67475665,0.7687798
00045844.jpg,0.83160836,0.9016622
000000455255.jpg,0.8673159,0.8712871
00010329.jpg,0.78437805,0.729634
00021224.jpg,0.72377765,0.8485918
00004777.jpg,0.7472343,0.912306
00030044.jpg,0.6366763,0.6336284
00026012.jpg,0.6915693,0.7482686
00048742.jpg,0.5696103,0.5377614
00020038.jpg,0.6878741,0.9494872
000000434804.jpg,0.72648084,0.90588236
00056665.jpg,0.72360396,0.9199626
00038240.jpg,0.74878144,0.6016382
n02834778_10155.jpg,0.7458223,0.8105263
00030482.jpg,0.7660216,0.805303
00017817.jpg,0.78515,0.7769344
00013332.jpg,0.74514824,0.8232568
00032025.jpg,0.5809527,0.6571726
00023751.jpg,0.8591283,0.6976352
00045585.jpg,0.77663594,0.7563088
00053391.jpg,0.8251976,0.891085
00040526.jpg,0.79740435,0.762406
00054254.jpg,0.61054915,0.7922582
00042621.jpg,0.7538388,0.6498138
00006591.jpg,0.8486767,0.700065
00046641.jpg,0.73553187,0.8099246
00008471.jpg,0.8488518,0.8647032
00008623.jpg,0.6032186,0.6203134
00021026.jpg,0.7442782,0.8477984
00021513.jpg,0.6930665,0.762222
00045337.jpg,0.729711,0.7342584
00046511.jpg,0.5254598,0.7651116
00005272.jpg,0.65114963,0.5831216
00022415.jpg,0.8583704,0.8509646
00024761.jpg,0.7096993,0.762196
00010189.jpg,0.7140204,0.7846304
00018829.jpg,0.79445493,0.8019252
00007242.jpg,0.8232543,0.6029942
n07911677_232.jpg,0.73327994,0.87
00030706.jpg,0.885827,0.6989038
00010274.jpg,0.7782954,0.8876054
00010475.jpg,0.8253974,0.8197436
00028164.jpg,0.7911121,0.9146556
00053575.jpg,0.8169937,0.8867536
n02793495_14786.jpg,0.59157944,0.73333335
n07693725_7439.jpg,0.8672508,0.93333334
00001481.jpg,0.73125994,0.8486218
00034970.jpg,0.7123647,0.945876
n02878222_1224.jpg,0.64269817,0.6145833
00051808.jpg,0.58779484,0.5283362
00056279.jpg,0.83502674,0.9009334
00030362.jpg,0.68256277,0.7482998
5878ed597cc52e6e.jpg,0.5211954,0.5102041
00029848.jpg,0.77726364,0.8211076
00002263.jpg,0.77700377,0.8965348
00035086.jpg,0.54990184,0.7120252
00039274.jpg,0.6861086,0.6580016
00034590.jpg,0.6704391,0.699656
00038987.jpg,0.67293394,0.7579414
00032352.jpg,0.58629125,0.642126
00029651.jpg,0.89645594,0.8479422
n07711569_1507.jpg,0.8890758,0.6875
00001055.jpg,0.69557106,0.8007468
00002923.jpg,0.7419168,0.9121428
00032089.jpg,0.6193018,0.7505648
00054074.jpg,0.8323012,0.8251046
00010207.jpg,0.7754959,0.789597
00007693.jpg,0.78759044,0.7868814
00021235.jpg,0.7336801,0.7332176
00055799.jpg,0.6838167,0.8535186
00039500.jpg,0.73202205,0.7841258
n00464894_9642.jpg,0.71975565,0.76744187
00016159.jpg,0.8125429,0.8230584
00004361.jpg,0.64269346,0.7182852
00039960.jpg,0.8096275,0.895787
00054173.jpg,0.6309011,0.771159
00012436.jpg,0.93407845,0.8779758
00051438.jpg,0.63196266,0.678198
00043541.jpg,0.6606915,0.7827666
00023300.jpg,0.68709767,0.9133372
00027031.jpg,0.62093675,0.6947364
00047188.jpg,0.6042352,0.5725936
00007616.jpg,0.79926896,0.6960618
00041483.jpg,0.63452464,0.707113
00008607.jpg,0.8605953,0.7134458
00019856.jpg,0.7381344,0.7548166
00015065.jpg,0.7928997,0.8268534
00052428.jpg,0.824217,0.7341828
00026912.jpg,0.6053778,0.5509536
00017675.jpg,0.81002194,0.8367108
00000004.jpg,0.86007804,0.788467
00033653.jpg,0.62610793,0.6238128
00000588.jpg,0.60620654,0.5249352
00047418.jpg,0.78763586,0.7974416
00048882.jpg,0.7329911,0.8289924
00019110.jpg,0.9863926,0.9496362
00023553.jpg,0.79863656,0.746352
n04335435_10437.jpg,0.6952596,0.8173077
00028683.jpg,0.65397555,0.6766946
n03512147_1201.jpg,0.68898684,0.745283
00034471.jpg,0.5815757,0.6476366
n03791053_2632.jpg,0.72451365,0.95238096
00028565.jpg,0.75938934,0.752963
00027656.jpg,0.7772424,0.7596004
00044434.jpg,0.76940954,0.7820346
000000026323.jpg,0.67867005,0.8172043
00013710.jpg,0.76870716,0.8475562
00015842.jpg,0.8566166,0.9023658
00035164.jpg,0.47608468,0.4631082
00013715.jpg,0.6414532,0.714061
00005210.jpg,0.77101916,0.8830094
00028173.jpg,0.80572015,0.7855352
00016024.jpg,0.5879997,0.6723426
00049906.jpg,0.8510088,0.8679124
00058424.jpg,0.76175296,0.7361534
00043605.jpg,0.78292704,0.808372
00000281.jpg,0.77807945,0.6796514
00001745.jpg,0.6879641,0.6578328
00020262.jpg,0.658333,0.6480018
00003532.jpg,0.7258558,0.6773292
00011922.jpg,0.7494942,0.8116114
00040643.jpg,0.7773008,0.7761698
00051634.jpg,0.6531185,0.536367
00052590.jpg,0.8548869,0.8807468
00021569.jpg,0.6598697,0.6317
4d2286a9e457882b.jpg,0.570414,0.42857143
00010372.jpg,0.8151909,0.8550144
00001677.jpg,0.7784703,0.8734872
00055341.jpg,0.7129469,0.8336348
00012882.jpg,0.8110271,0.8262236
00040657.jpg,0.7477679,0.6697032
00049159.jpg,0.5559796,0.654626
00040646.jpg,0.88668126,0.7366504
00058180.jpg,0.8480125,0.820293
000000326420.jpg,0.815873,0.86734694
00054982.jpg,0.7294365,0.8229048
00006917.jpg,0.6912306,0.6788578
00055024.jpg,0.75105965,0.8158
85d247d5578830b5.jpg,0.7463597,0.7075472
00038426.jpg,0.52785474,0.559134
ccbe4762c01bbd9e.jpg,0.79327464,0.88349515
00032299.jpg,0.6122285,0.6439886
00025509.jpg,0.6385294,0.6226986
cc89a78d3c9dbb26.jpg,0.74013436,0.9019608
00040161.jpg,0.6999146,0.7245476
00042274.jpg,0.7408607,0.6241918
00043289.jpg,0.7588303,0.840481
00003886.jpg,0.7420452,0.7872224
00021862.jpg,0.61678463,0.789545
00024857.jpg,0.7962086,0.8930122
00023750.jpg,0.6863378,0.7621264
00030477.jpg,0.6293893,0.560671
00051329.jpg,0.80946535,0.8466706
00036102.jpg,0.58941144,0.4315762
00021486.jpg,0.6950437,0.7109174
00042537.jpg,0.6937041,0.6761494
00050612.jpg,0.7545005,0.9197024
00032719.jpg,0.66381025,0.8665194
00026415.jpg,0.7150818,0.7575254
00048515.jpg,0.7373689,0.8071868
n02934451_5019.jpg,0.6466321,0.8053097
00008219.jpg,0.78351974,0.8792004
00033413.jpg,0.7804925,0.9658492
00020165.jpg,0.6772347,0.828893
00028160.jpg,0.6409106,0.7411906
00016917.jpg,0.80878913,0.8610292
00024260.jpg,0.78255814,0.8384234
00043318.jpg,0.7957663,0.749163
00054480.jpg,0.74658704,0.8655336
00035417.jpg,0.75567853,0.7789934
00053479.jpg,0.8116983,0.8294372
00020442.jpg,0.6770825,0.5495934
00007990.jpg,0.6339434,0.757308
00029913.jpg,0.91212153,0.780209
00029200.jpg,0.7629748,0.964637
00025035.jpg,0.8177959,0.764685
00048841.jpg,0.749694,0.9083294
00013781.jpg,0.6260711,0.6078838
n04335435_9357.jpg,0.69605196,0.76033056
00020035.jpg,0.8538703,0.8324642
000000029356.jpg,0.7452881,0.7613636
00012399.jpg,0.74178237,0.7676616
00045661.jpg,0.6775353,0.6268594
00029188.jpg,0.8927839,0.8830428
n01791625_15716.jpg,0.78827745,0.67058825
00023017.jpg,0.72760975,0.6242004
00032206.jpg,0.86785793,0.8886714
00041370.jpg,0.79183495,0.7738772
00024813.jpg,0.8492263,0.8048594
00006663.jpg,0.6190204,0.5114558
00013109.jpg,0.87850034,0.825596
00050130.jpg,0.92820084,0.9712542
00001177.jpg,0.60662675,0.3094948
00043258.jpg,0.83028406,0.9130642
00046098.jpg,0.7503818,0.5898748
00041810.jpg,0.79816604,0.7332696
00001231.jpg,0.8538895,0.908445
00040525.jpg,0.67298424,0.8062674
00050728.jpg,0.7974764,0.8227946
n02932891_23097.jpg,0.6305319,0.52136755
00008845.jpg,0.78916854,0.8896078
00020189.jpg,0.67088085,0.6813258
n09308572_2640.jpg,0.57360995,0.74766356
00021335.jpg,0.79712504,0.7276316
00019346.jpg,0.67784095,0.673923
00043180.jpg,0.60578465,0.6406826
00030020.jpg,0.81154317,0.8731546
00042905.jpg,0.83249605,0.6355808
00025106.jpg,0.7168814,0.6809626
00055329.jpg,0.7846726,0.6727916
000000047526.jpg,0.75804913,0.5673077
00019698.jpg,0.7374189,0.7668366
00024943.jpg,0.84018886,0.887542
00024897.jpg,0.8096163,0.940249
00011619.jpg,0.7679131,0.7950166
00038608.jpg,0.63724315,0.7181836
00037065.jpg,0.80539757,0.8418704
00044757.jpg,0.6630497,0.7471394
00011949.jpg,0.77858424,0.847885
00012747.jpg,0.7518263,0.7728312
00020093.jpg,0.79638267,0.6651598
00013065.jpg,0.6871321,0.6053566
00042190.jpg,0.8820574,0.7573196
00013250.jpg,0.7024231,0.8468144
00032702.jpg,0.8288903,0.8820066
00054036.jpg,0.8106132,0.79336
00049054.jpg,0.8140884,0.8068338
00053132.jpg,0.6378457,0.71895
00050376.jpg,0.7442523,0.7435716
00002387.jpg,0.6542654,0.8128228
00038135.jpg,0.63034517,0.5093736
00054841.jpg,0.8868317,0.8438204
00036197.jpg,0.68546534,0.8885294
00020882.jpg,0.74336356,0.71942
00046440.jpg,0.6939089,0.7993902
000000201628.jpg,0.6719657,0.8131868
00015650.jpg,0.90516263,0.8699198
00042895.jpg,0.6453148,0.665995
n03512147_315.jpg,0.7002922,0.7291667
00016882.jpg,0.68404365,0.8206518
00024718.jpg,0.6463365,0.5700894
00032777.jpg,0.684378,0.6770344
00011019.jpg,0.73030525,0.8072904
00004788.jpg,0.7134181,0.7969698
n02946348_21746.jpg,0.653792,0.7263158
00044819.jpg,0.7129752,0.5817406
00040491.jpg,0.74127525,0.6640814
00040930.jpg,0.75171006,0.7181942
00057671.jpg,0.79010504,0.6460476
00041202.jpg,0.69187605,0.766888
00001605.jpg,0.6859619,0.7581638
00015693.jpg,0.7256156,0.8823698
ae833035574352eb.jpg,0.5509201,0.6321839
00011475.jpg,0.5993419,0.4719732
00000796.jpg,0.9075133,0.7579782
00013539.jpg,0.7246364,0.7340202
00009681.jpg,0.57089674,0.5964366
sun_auldcjwiqhhhwcld.jpg,0.590787,0.41463414
00048258.jpg,0.7772663,0.7622996
00044131.jpg,0.6884734,0.6464106
00007877.jpg,0.7423973,0.7033524
00011086.jpg,0.96194506,0.801375
sun_ayoerapgbyhrmmlq.jpg,0.6060413,0.53932583
00007360.jpg,0.6945001,0.7041668
00013328.jpg,0.80462575,0.9326422
00044792.jpg,0.7987711,0.7827706
00044208.jpg,0.6705053,0.7044332
00007869.jpg,0.8731064,0.752838
00005884.jpg,0.73228455,0.6591948
00009853.jpg,0.8082884,0.8347926
00028553.jpg,0.5931033,0.675534
00013435.jpg,0.7602768,0.8767032
00050933.jpg,0.6974251,0.746046
00054834.jpg,0.6357721,0.8445248
00005424.jpg,0.742291,0.9036288
00054711.jpg,0.671348,0.7890696
00037603.jpg,0.73101664,0.7360286
00032783.jpg,0.6970836,0.6735128
00019634.jpg,0.6744456,0.6858708
00057430.jpg,0.73178756,0.753917
00001299.jpg,0.83537275,0.7562436
00035724.jpg,0.6784995,0.7621514
00029919.jpg,0.80036116,0.7605602
00016474.jpg,0.6162137,0.5398052
00047365.jpg,0.74989146,0.8744826
00033593.jpg,0.76087284,0.7679958
00053374.jpg,0.79228973,0.7437756
00026508.jpg,0.55780226,0.3213686
00053445.jpg,0.8336004,0.7949562
00033030.jpg,0.91298604,0.9081462
000000392148.jpg,0.80247235,0.89320385
00032711.jpg,0.803033,0.9161344
00046525.jpg,0.7862017,0.8059278
00002464.jpg,0.68039477,0.6361428
00017249.jpg,0.79597044,0.860604
00024077.jpg,0.8124455,0.8379426
00042991.jpg,0.7409242,0.7509284
00004256.jpg,0.7305666,0.8044982
n07801508_9626.jpg,0.810832,0.87288135
00040895.jpg,0.8506006,0.7665436
00031485.jpg,0.79682124,0.8358702
00016305.jpg,0.7643495,0.5412598
00023701.jpg,0.7872648,0.8841344
00016799.jpg,0.77360594,0.89122
00033386.jpg,0.5569156,0.5574968
00041246.jpg,0.79813343,0.7961172
00005107.jpg,0.77878606,0.928169
00000303.jpg,0.6945741,0.5854122
00023668.jpg,0.79517204,0.764316
00028490.jpg,0.8090465,0.8647846
00001889.jpg,0.8101517,0.766144
00019794.jpg,0.67212194,0.719822
00039211.jpg,0.69705224,0.798978
00005430.jpg,0.70978886,0.6492416
00043626.jpg,0.59604335,0.659997
00038616.jpg,0.6582334,0.7236482
00047185.jpg,0.6674508,0.70471
00052329.jpg,0.7909451,0.8069918
00044290.jpg,0.73441386,0.8730874
00008301.jpg,0.547898,0.6372222
00028763.jpg,0.82363796,0.8694972
851c0813298792d5.jpg,0.7988604,0.88461536
n07801091_63866.jpg,0.5364441,0.7614679
00047020.jpg,0.70316327,0.8705544
00029104.jpg,0.6165454,0.5746154
00021903.jpg,0.5952649,0.5903062
00029572.jpg,0.80053467,0.9341974
00015929.jpg,0.76971805,0.6181342
00042926.jpg,0.82158434,0.8421422
00043538.jpg,0.7974658,0.7245866
d845f120e4b794cd.jpg,0.74684024,0.74545455
00004874.jpg,0.7924925,0.8797428
00051372.jpg,0.79554397,0.7689314
00000820.jpg,0.766783,0.8930586
00031996.jpg,0.6675546,0.67253
n07679356_24275.jpg,0.84331036,0.8369565
00031868.jpg,0.7429508,0.8136596
00044411.jpg,0.67821074,0.5896736
00034870.jpg,0.6632764,0.7578164
00023095.jpg,0.73586184,0.7929056
00053303.jpg,0.82979727,0.6912798
00050732.jpg,0.7855709,0.8925554
00023542.jpg,0.8256018,0.8386806
00014263.jpg,0.68685263,0.8454374
00029939.jpg,0.77703536,0.719109
00045329.jpg,0.7812885,0.7773056
00027218.jpg,0.6125249,0.829392
00012229.jpg,0.6750869,0.6818614
00041971.jpg,0.73437536,0.7059508
00026056.jpg,0.81542206,0.9569764
00026540.jpg,0.82138187,0.884144
00018844.jpg,0.6823283,0.8757872
00022703.jpg,0.8412889,0.7589622
00019239.jpg,0.88400674,0.8731592
00008555.jpg,0.7663701,0.810887
n02924116_907.jpg,0.75518984,0.7619048
00007122.jpg,0.8088435,0.9264552
00052156.jpg,0.77108145,0.8271826
00043582.jpg,0.72367257,0.740447
00038008.jpg,0.747287,0.7155288
00050425.jpg,0.7471417,0.9231252
00047362.jpg,0.77942944,0.8047366
00012859.jpg,0.70848083,0.7086006
n01514668_21350.jpg,0.78610635,0.8791209
00003602.jpg,0.68636423,0.815587
00016126.jpg,0.74448496,0.6942568
00031663.jpg,0.7952968,0.89944
00010086.jpg,0.8663503,0.8900224
00029239.jpg,0.729535,0.7361954
000000281922.jpg,0.7647855,0.82474226
n07711569_4658.jpg,0.8454708,0.87323946
00048990.jpg,0.77093697,0.6915526
15a2add6831c1e7b.jpg,0.61186457,0.65346533
00037905.jpg,0.6318154,0.6096862
n02118333_842.jpg,0.7965665,0.94174755
n04335435_4974.jpg,0.68001074,0.7962963
00035308.jpg,0.6320307,0.4837264
00035185.jpg,0.65914047,0.5626794
00049349.jpg,0.71422815,0.7626028
00034901.jpg,0.6497727,0.7048288
n01846331_2743.jpg,0.73479176,0.8787879
00052781.jpg,0.8418216,0.8548224
00042890.jpg,0.7362311,0.732292
00047571.jpg,0.7390429,0.80479
00008695.jpg,0.82308733,0.8429874
00031683.jpg,0.69581723,0.860721
00022371.jpg,0.7347187,0.8671674
00009895.jpg,0.68308187,0.8444186
00023102.jpg,0.75128955,0.6294198
00012264.jpg,0.68864745,0.7484044
00056776.jpg,0.67076445,0.9007238
n04335435_8885.jpg,0.716488,0.7979798
00004112.jpg,0.77865756,0.7994924
00058663.jpg,0.74426854,0.7501518
n01514859_7029.jpg,0.781452,0.77272725
00037258.jpg,0.6385863,0.6756494
00013497.jpg,0.8698733,0.7212362
00040839.jpg,0.7983086,0.852396
000000166766.jpg,0.9157413,0.93333334
00047303.jpg,0.6559924,0.5854136
00056049.jpg,0.76640505,0.7989244
000000419604.jpg,0.73783004,0.8448276
00051670.jpg,0.5443337,0.5887822
00003914.jpg,0.8453915,0.5877954
00055345.jpg,0.77660656,0.911031
00022474.jpg,0.7418035,0.8763618
00032547.jpg,0.6604731,0.4696306
00053116.jpg,0.7792804,0.714074
00029109.jpg,0.705438,0.836992
00018425.jpg,0.6768279,0.573235
00031716.jpg,0.69971836,0.6680576
00013505.jpg,0.751213,0.689714
00024485.jpg,0.8528595,0.6131456
00033111.jpg,0.6787164,0.645409
00024203.jpg,0.7299475,0.6671088
00025785.jpg,0.83201814,0.765768
00047548.jpg,0.8295493,0.6580938
00016886.jpg,0.6658338,0.741024
00017617.jpg,0.54669386,0.5724784
00050730.jpg,0.82259226,0.84568
n02793495_4187.jpg,0.5175202,0.82222223
00045703.jpg,0.7572875,0.7082052
00008767.jpg,0.7821277,0.7460326
00056032.jpg,0.74538577,0.779956
00027891.jpg,0.73246944,0.6820352
00055488.jpg,0.7578069,0.7744354
00037068.jpg,0.64824444,0.6318174
00045772.jpg,0.6829175,0.54574
00006414.jpg,0.6074726,0.4784304
00041395.jpg,0.66857004,0.8276692
00040121.jpg,0.8029257,0.7110032
00051659.jpg,0.80137974,0.8120292
00025694.jpg,0.75068325,0.6792712
00031886.jpg,0.71847075,0.7640746
n09415671_12093.jpg,0.666778,0.7291667
00050248.jpg,0.62932926,0.5424274
00033282.jpg,0.76685184,0.8844934
00011694.jpg,0.662501,0.8771412
00028047.jpg,0.80116886,0.8854074
00009900.jpg,0.81427824,0.72396
n03541923_373.jpg,0.66257036,0.8556701
00011030.jpg,0.74902725,0.7180146
00044333.jpg,0.8490691,0.9462194
00049997.jpg,0.618141,0.636395
00001091.jpg,0.79020053,0.9427634
00016580.jpg,0.7961996,0.8616824
n07801091_50877.jpg,0.5876638,0.4789916
00019577.jpg,0.7438884,0.8190378
00047780.jpg,0.79766214,0.714917
00027970.jpg,0.5685621,0.564853
00055126.jpg,0.8782283,0.8844722
00053842.jpg,0.8618792,0.7863912
000000010900.jpg,0.78872687,0.8956522
00032534.jpg,0.6439633,0.5441052
00031033.jpg,0.7755032,0.827939
n04461696_6948.jpg,0.76692176,0.74545455
n07720875_2238.jpg,0.85154253,0.9032258
00043814.jpg,0.72424495,0.5962304
000000581726.jpg,0.77203,0.8969072
00025669.jpg,0.5956407,0.6316528
n12345899_6568.jpg,0.527538,0.5151515
n07717556_4185.jpg,0.73089397,0.96666664
00039357.jpg,0.70052385,0.9128166
00009857.jpg,0.82890886,0.8203688
00014489.jpg,0.77839935,0.8547892
00037742.jpg,0.69535637,0.8499442
00047294.jpg,0.7403234,0.8057122
00022913.jpg,0.8841364,0.9017482
00033667.jpg,0.66420865,0.4863322
00025448.jpg,0.8039555,0.9243548
00019947.jpg,0.86571133,0.9343534
00057509.jpg,0.6059812,0.638046
00050944.jpg,0.8623069,0.841404
00030805.jpg,0.65216625,0.5587636
00022025.jpg,0.8408477,0.849826
n07680932_9973.jpg,0.7896346,0.71875
00021609.jpg,0.74075896,0.7501826
n09376198_11171.jpg,0.5842774,0.37777779
00005812.jpg,0.7838161,0.5522384
00021205.jpg,0.81328833,0.9316996
00006127.jpg,0.8285316,0.9041902
00044276.jpg,0.8183496,0.5908066
00019602.jpg,0.71963567,0.7004982
00037522.jpg,0.637572,0.6598834
00050282.jpg,0.75880426,0.7556262
00031061.jpg,0.86458534,0.7396204
00005390.jpg,0.6899296,0.6848014
n02379743_11969.jpg,0.81201935,0.6339286
n04349306_4982.jpg,0.7596191,0.67676765
00010695.jpg,0.7639382,0.736009
00024090.jpg,0.604651,0.6895018
00027702.jpg,0.7356028,0.8808438
00026358.jpg,0.7863681,0.8315006
00022374.jpg,0.7617835,0.7297706
00007030.jpg,0.82471883,0.7531786
00003386.jpg,0.6965216,0.8951484
00025034.jpg,0.789572,0.7699134
00025570.jpg,0.75027317,0.9088542
00041430.jpg,0.82347304,0.942435
00047544.jpg,0.7632576,0.7266486
00021198.jpg,0.51928824,0.551183
00017596.jpg,0.6723641,0.802788
00016697.jpg,0.81049955,0.7807352
00016174.jpg,0.6587331,0.7878632
00035207.jpg,0.53452003,0.749759
n04467665_1891.jpg,0.72433984,0.7525773
00044507.jpg,0.8022777,0.845854
00037523.jpg,0.68019533,0.7224214
00015968.jpg,0.74140245,0.865362
00055932.jpg,0.8557191,0.971857
00048685.jpg,0.81976855,0.8287632
00048779.jpg,0.6270821,0.7592452
00030872.jpg,0.7310185,0.7991572
00029519.jpg,0.74113595,0.7915732
00047398.jpg,0.7348094,0.9043488
00039918.jpg,0.62137926,0.4925928
00010457.jpg,0.7654193,0.8815514
00039700.jpg,0.81894577,0.8547728
00000710.jpg,0.68559265,0.6066354
00009270.jpg,0.7481672,0.7920198
00032431.jpg,0.654269,0.6705478
00042907.jpg,0.79196763,0.7906704
00045819.jpg,0.7936741,0.6284616
00008444.jpg,0.706094,0.7368364
00058430.jpg,0.57951766,0.5482554
00043184.jpg,0.69960314,0.7877416
00006168.jpg,0.5878248,0.5671338
00020521.jpg,0.7665046,0.6576854
n04465501_1949.jpg,0.6566683,0.8130841
00005978.jpg,0.7068884,0.7833494
00013107.jpg,0.5879625,0.5526228
000000289423.jpg,0.78207463,0.6699029
00046707.jpg,0.700209,0.5798868
00004454.jpg,0.72941643,0.8733532
00037566.jpg,0.71244514,0.4395428
00041194.jpg,0.8135743,0.8397992
1531af1a07329fe2.jpg,0.6858772,0.76666665
00020032.jpg,0.726877,0.7954956
00006798.jpg,0.73255885,0.840741
00020994.jpg,0.5256883,0.610269
00004530.jpg,0.63996494,0.5777098
00026836.jpg,0.64224255,0.5355708
00005909.jpg,0.8300755,0.7999748
00049734.jpg,0.7398853,0.6768468
00041687.jpg,0.7327311,0.7012688
00011984.jpg,0.57489705,0.4034412
00039831.jpg,0.67367816,0.5592678
00040328.jpg,0.74421215,0.6699042
00022788.jpg,0.6177844,0.7315892
n07583197_3923.jpg,0.77808297,0.8039216
00016529.jpg,0.690961,0.6733188
00007110.jpg,0.7238666,0.7222544
00026490.jpg,0.64467084,0.697523
00041550.jpg,0.781158,0.9236264
00023333.jpg,0.7267979,0.786196
00051736.jpg,0.8152859,0.8864338
00030138.jpg,0.72393954,0.7352342
00013248.jpg,0.8335752,0.8628224
00006886.jpg,0.8164613,0.8085248
00022888.jpg,0.6825478,0.7733622
00027941.jpg,0.8302134,0.8445806
00036239.jpg,0.66126716,0.621994
00022447.jpg,0.84343326,0.815295
00042331.jpg,0.7718475,0.695772
00044878.jpg,0.6342529,0.7002586
00019985.jpg,0.7811476,0.9068256
00055481.jpg,0.73170453,0.719236
00007918.jpg,0.77868396,0.8237852
00045481.jpg,0.74712515,0.6298064
n07893642_8763.jpg,0.75881207,0.8484849
00057272.jpg,0.6196311,0.7097748
00006871.jpg,0.72854155,0.83315
00041373.jpg,0.6562291,0.6712678
00049085.jpg,0.83153415,0.8367992
00038613.jpg,0.68985844,0.5238642
00013905.jpg,0.6919346,0.8099268
00004765.jpg,0.7554985,0.5722282
n07863374_21251.jpg,0.82593465,0.7234042
00052761.jpg,0.7826416,0.859135
00028116.jpg,0.635425,0.7992302
00015098.jpg,0.6167301,0.727392
00044476.jpg,0.61250436,0.7812608
00006455.jpg,0.78409666,0.9125538
00055620.jpg,0.62438,0.476191
00013531.jpg,0.7325664,0.7479366
00003642.jpg,0.6335763,0.6191584
00020900.jpg,0.6264414,0.7081652
00049974.jpg,0.8790866,0.9425468
00009315.jpg,0.728248,0.6712638
00027146.jpg,0.7564095,0.6563732
00009854.jpg,0.77310216,0.8484716
00056011.jpg,0.78991294,0.7154376
00028654.jpg,0.80978984,0.873874
00033323.jpg,0.8639395,0.8756218
00031236.jpg,0.7879281,0.8484358
n04465501_2922.jpg,0.6432131,0.7798165
00012658.jpg,0.787076,0.7330104
00018706.jpg,0.63089526,0.6950184
00035900.jpg,0.7061176,0.7406708
00049237.jpg,0.84081733,0.874817
00047283.jpg,0.70390344,0.5786362
00015610.jpg,0.83770174,0.9379336
00015388.jpg,0.6388408,0.647528
00003231.jpg,0.7346592,0.8471622
00001114.jpg,0.7032865,0.4783836
00045904.jpg,0.7351743,0.8162786
00052315.jpg,0.7538711,0.8489512
00017576.jpg,0.72580075,0.8343128
00033207.jpg,0.714245,0.7470432
00033502.jpg,0.7881731,0.8110454
00050141.jpg,0.79531467,0.7344612
00022280.jpg,0.7366985,0.8039552
00005662.jpg,0.7644291,0.7469648
00012686.jpg,0.67879397,0.6808274
00025123.jpg,0.7757977,0.7070064
00037490.jpg,0.5125211,0.7528418
00049372.jpg,0.71370465,0.734851
00034501.jpg,0.76717675,0.8107488
n04467665_42414.jpg,0.6608919,0.82978725
n02342885_595.jpg,0.7854076,0.8857143
n09359803_43782.jpg,0.5401846,0.48958334
00036331.jpg,0.7597722,0.6284656
00051320.jpg,0.78665304,0.663643
c7bd4572143537bc.jpg,0.7145743,0.79310346
00021053.jpg,0.83354187,0.8160474
00005236.jpg,0.69177234,0.7071552
n07583197_6450.jpg,0.8182316,0.8877551
00056121.jpg,0.6810769,0.822392
00030336.jpg,0.82229674,0.748619
00043271.jpg,0.7414506,0.6618578
00024275.jpg,0.54448766,0.5291678
00034563.jpg,0.5856378,0.4579482
00055780.jpg,0.8437206,0.870642
00043178.jpg,0.71686447,0.8828176
00019220.jpg,0.7061127,0.5864662
00002186.jpg,0.77414083,0.7592996
00058272.jpg,0.69278526,0.5087254
00025747.jpg,0.7952845,0.9042614
00024646.jpg,0.6107292,0.5241738
00055256.jpg,0.8103615,0.8951334
00004902.jpg,0.82392114,0.7182884
n07880968_2005.jpg,0.8221488,0.90588236
00052700.jpg,0.5200163,0.5697858
00003438.jpg,0.76305056,0.6344868
00016031.jpg,0.779642,0.755411
00025040.jpg,0.73402566,0.602392
00050750.jpg,0.8749859,0.7048592
00047434.jpg,0.62244076,0.5818556
00026528.jpg,0.7784699,0.7607728
00002282.jpg,0.6952076,0.85345
00012700.jpg,0.7682184,0.711175
00000215.jpg,0.85597956,0.8610172
00006461.jpg,0.57488084,0.5460944
00046343.jpg,0.78123486,0.64718
00045149.jpg,0.80251336,0.8250366
00012218.jpg,0.7091392,0.8649212
00034689.jpg,0.63836557,0.6123958
n09288635_12003.jpg,0.6734251,0.4939759
00058439.jpg,0.65707636,0.5926142
00058034.jpg,0.8162315,0.7148584
00035445.jpg,0.7271226,0.7236496
00002372.jpg,0.6878436,0.7925662
00033930.jpg,0.7722539,0.808542
00041914.jpg,0.7927393,0.668079
00021955.jpg,0.83999145,0.7902098
00036258.jpg,0.6385716,0.651985
00012845.jpg,0.7877064,0.8132176
cc785801d5deda60.jpg,0.6023477,0.40860215
n02129165_7380.jpg,0.8755987,0.8737864
n00464894_13306.jpg,0.7543848,0.7356322
00052677.jpg,0.73840916,0.88235
00025042.jpg,0.88210344,0.8980106
00037140.jpg,0.6590991,0.8517016
00026664.jpg,0.7840903,0.8860474
00030060.jpg,0.82604086,0.9017066
00048812.jpg,0.7317524,0.7722448
00007078.jpg,0.6523811,0.750359
00019705.jpg,0.72442204,0.829153
00030300.jpg,0.7374216,0.9175028
00036965.jpg,0.6918532,0.7761712
00052087.jpg,0.7745913,0.8779842
00044589.jpg,0.7129568,0.767729
00020879.jpg,0.87296,0.9786476
n04467665_28301.jpg,0.7086882,0.7011494
00009755.jpg,0.65945804,0.8124982
00056559.jpg,0.84749126,0.7882744
00016982.jpg,0.68222445,0.8364244
00049352.jpg,0.63792443,0.7888062
00036341.jpg,0.718748,0.7111556
00005885.jpg,0.7535647,0.90311
00055615.jpg,0.79304546,0.7751406
00053153.jpg,0.8058644,0.814953
00040171.jpg,0.7914928,0.8364382
00025314.jpg,0.7776177,0.8441784
00049672.jpg,0.9049191,0.9342356
00058191.jpg,0.7470933,0.8772004
00056303.jpg,0.6276363,0.7926078
00028789.jpg,0.7164794,0.8551898
00043799.jpg,0.7016381,0.7110732
00034143.jpg,0.761626,0.7706726
00029036.jpg,0.82258236,0.7827688
00042513.jpg,0.74800277,0.8689404
00016369.jpg,0.66518307,0.7125238
00051830.jpg,0.73686934,0.8191826
00028866.jpg,0.68317676,0.7345136
00031008.jpg,0.75001657,0.8465386
00052005.jpg,0.8585539,0.880417
00003251.jpg,0.7904546,0.8279008
n03791053_12223.jpg,0.57655966,0.81632656
00057534.jpg,0.6948166,0.6436026
n00470966_25966.jpg,0.7518201,0.7717391
00055324.jpg,0.78164566,0.736787
00029899.jpg,0.65464014,0.6105168
00040925.jpg,0.68978655,0.804773
00058526.jpg,0.68282104,0.5906994
c0b448197bb26158.jpg,0.66044825,0.6571429
00022922.jpg,0.5261892,0.5199084
00001674.jpg,0.74645495,0.7384386
00016406.jpg,0.77923834,0.6659748
00023948.jpg,0.6371188,0.8374602
00009944.jpg,0.7173821,0.7399378
00027193.jpg,0.7516758,0.7817008
00055219.jpg,0.7272685,0.7428412
00049311.jpg,0.7119062,0.8016866
00029687.jpg,0.81865597,0.9295512
00048845.jpg,0.8771676,0.8548284
00008159.jpg,0.80650187,0.8579266
00004833.jpg,0.72795045,0.801376
42c4b0a5b46cc4a8.jpg,0.8539685,0.73333335
00015805.jpg,0.7558287,0.8359926
00056941.jpg,0.779879,0.7574866
00042371.jpg,0.77629745,0.7471328
00020446.jpg,0.6819607,0.6384066
00016772.jpg,0.8217521,0.7540356
n01514668_8514.jpg,0.8257085,0.875
00012980.jpg,0.81833005,0.7877286
00039902.jpg,0.8240089,0.9361622
00054001.jpg,0.8517729,0.809934
n04610013_16108.jpg,0.61713004,0.60227275
00031632.jpg,0.57229847,0.6879102
00008668.jpg,0.7806372,0.905566
00047258.jpg,0.814821,0.7952392
00011452.jpg,0.66888034,0.6525788
00032342.jpg,0.7495818,0.733057
00014180.jpg,0.74896836,0.8795326
00034257.jpg,0.83122766,0.841158
00020662.jpg,0.58077115,0.6720144
00021573.jpg,0.7906468,0.6273332
00058065.jpg,0.74044335,0.7027112
00034690.jpg,0.5768086,0.6383344
00032650.jpg,0.6217414,0.6317854
00037670.jpg,0.7360871,0.8324786
00049764.jpg,0.73262495,0.7600874
00019317.jpg,0.762483,0.8711636
00047529.jpg,0.7587298,0.7592138
00041920.jpg,0.68431574,0.7173674
00042574.jpg,0.7342117,0.7677386
n04465501_1225.jpg,0.5755868,0.8252427
00047406.jpg,0.6625266,0.7258408
00027622.jpg,0.8127557,0.9477692
n04335435_2090.jpg,0.6703718,0.8192771
00035227.jpg,0.7423178,0.8187146
d2ef8f4bfba0d4f3.jpg,0.7327442,0.81
00001746.jpg,0.63942957,0.78823
00018398.jpg,0.70957613,0.8247328
00047461.jpg,0.7436634,0.678566
00048366.jpg,0.8700337,0.962109
00023447.jpg,0.70577735,0.700238
00041795.jpg,0.7380365,0.819791
00022664.jpg,0.8278426,0.8569606
00016672.jpg,0.6741471,0.7997966
00051684.jpg,0.8107815,0.9116354
00028428.jpg,0.7806213,0.7763414
00023639.jpg,0.7560581,0.7013414
00009798.jpg,0.82724327,0.855298
00019760.jpg,0.87966764,0.7755628
00016969.jpg,0.55693424,0.6844182
00000613.jpg,0.5890775,0.7538936
000000531594.jpg,0.73704714,0.71428573
00008949.jpg,0.7475177,0.712428
00039722.jpg,0.75577515,0.7992992
00041215.jpg,0.7000254,0.6475966
c2b8e5978146d18e.jpg,0.81045246,0.78431374
n12345899_10156.jpg,0.6730972,0.7525773
000000349777.jpg,0.82763433,0.9032258
00055141.jpg,0.6340835,0.8134716
00011102.jpg,0.7178676,0.7302298
00058146.jpg,0.8318571,0.6871892
n02793495_5293.jpg,0.55716217,0.5670103
00028444.jpg,0.66230154,0.6118594
00033910.jpg,0.68148196,0.6808714
00003235.jpg,0.69702363,0.758494
n07693725_758.jpg,0.87552184,0.8613861
00011255.jpg,0.7953087,0.792517
00010360.jpg,0.57854337,0.7282188
00021965.jpg,0.9654945,0.7876176
n02129165_18327.jpg,0.8506805,0.8924731
n02932891_29563.jpg,0.63604903,0.74757284
00011010.jpg,0.7136545,0.7749806
00019054.jpg,0.8122897,0.8828448
00015751.jpg,0.72318876,0.7093006
00013884.jpg,0.7895461,0.790604
1bf7b18e9816e5c6.jpg,0.79396236,0.83809525
00032062.jpg,0.7681715,0.8609642
00002499.jpg,0.6602204,0.8331152
00004695.jpg,0.7945293,0.9220628
00016225.jpg,0.77526295,0.8740122
00017213.jpg,0.8288555,0.9080652
00014482.jpg,0.71955097,0.7468674
00003700.jpg,0.75772595,0.7577528
92600fb00101ba52.jpg,0.61171204,0.48913044
00030889.jpg,0.61158264,0.446138
00056549.jpg,0.5921218,0.621573
bd24922f1aff6df7.jpg,0.8036839,0.8235294
00022000.jpg,0.78778696,0.8973126
n00464894_9013.jpg,0.7134381,0.79816514
00000061.jpg,0.8573805,0.9092918
00057555.jpg,0.92885435,0.8843152
00007996.jpg,0.66371703,0.6436814
00029152.jpg,0.70855504,0.6301126
00015419.jpg,0.5794183,0.653001
00003481.jpg,0.72074986,0.6518466
00016142.jpg,0.75129473,0.7650132
00022572.jpg,0.8646908,0.9169106
00015008.jpg,0.84399617,0.7845314
00043808.jpg,0.6547003,0.6956344
00030237.jpg,0.6046403,0.6731996
00010936.jpg,0.7293272,0.8860634
00039625.jpg,0.71876365,0.58851
00034158.jpg,0.5766749,0.7351104
00034337.jpg,0.65495825,0.6397914
n03384352_4866.jpg,0.63638353,0.6831683
00013203.jpg,0.86537015,0.8596434
00003952.jpg,0.7101473,0.810102
00010235.jpg,0.6104058,0.4961964
00027805.jpg,0.7725563,0.7403298
00028709.jpg,0.656976,0.6523144
00008816.jpg,0.825207,0.777563
1e2d2d7022a02134.jpg,0.63620067,0.5673077
000000417857.jpg,0.75052845,0.78651685
000000411669.jpg,0.78423905,0.8712871
00034142.jpg,0.6341258,0.5647044
00022369.jpg,0.72211707,0.7956792
00020564.jpg,0.8101672,0.8157636
00023297.jpg,0.8169195,0.476381
00031000.jpg,0.74413174,0.7283164
0aea452ca8e904e7.jpg,0.7849258,0.73913044
00008432.jpg,0.7900319,0.66406
00033052.jpg,0.7406235,0.951037
00008104.jpg,0.76638794,0.545299
00016134.jpg,0.71998453,0.805092
00058387.jpg,0.6500381,0.6082996
00050687.jpg,0.8835548,0.87446
n04461696_2018.jpg,0.6413983,0.7962963
00039859.jpg,0.7735219,0.843409
00023027.jpg,0.77486324,0.9225208
00037789.jpg,0.6787634,0.6034404
00010662.jpg,0.710087,0.8283398
00043701.jpg,0.75122607,0.738189
00057847.jpg,0.8289359,0.8455634
00040033.jpg,0.73308134,0.669428
00002140.jpg,0.883514,0.8280372
00001737.jpg,0.82884276,0.9254668
00030408.jpg,0.7225191,0.8120894
00057119.jpg,0.7909348,0.7519374
00049204.jpg,0.567791,0.5919492
00029191.jpg,0.67450964,0.7708664
00058719.jpg,0.8432441,0.7207122
n02834778_10484.jpg,0.76204586,0.77319586
00053747.jpg,0.58807564,0.5894452
00038103.jpg,0.71838486,0.5425178
00018456.jpg,0.7462226,0.8182612
00011826.jpg,0.7747764,0.7248642
00024868.jpg,0.5474497,0.4459174
00048719.jpg,0.57125,0.5821358
00029445.jpg,0.8272213,0.8404298
00023925.jpg,0.77190053,0.8189348
n07583197_16204.jpg,0.8283479,0.7522124
00034182.jpg,0.72373194,0.6303386
00015396.jpg,0.7569603,0.8945926
00021711.jpg,0.71426,0.8350508
00048955.jpg,0.7835289,0.7007648
00002779.jpg,0.66578686,0.8319824
00006446.jpg,0.8462431,0.6484628
00005013.jpg,0.68699884,0.7626942
00038852.jpg,0.76326364,0.8313066
00043625.jpg,0.7147684,0.8721084
00035940.jpg,0.69674444,0.4894398
00014110.jpg,0.8200054,0.8803836
n09288635_11510.jpg,0.59026575,0.41666666
00058253.jpg,0.5305106,0.7053714
00015863.jpg,0.71103334,0.6308778
00051052.jpg,0.8592276,0.8242862
00029668.jpg,0.7680198,0.8714394
00031502.jpg,0.66349804,0.681144
00040735.jpg,0.7485943,0.8087932
00015350.jpg,0.68326044,0.682263
00034383.jpg,0.78808236,0.84243
00009488.jpg,0.7539594,0.9452186
00057310.jpg,0.8142898,0.9311372
00009485.jpg,0.8023697,0.9028814
00010742.jpg,0.7376179,0.5063888
00045543.jpg,0.7654394,0.9345468
00007304.jpg,0.59967804,0.521934
n07893642_28638.jpg,0.7016016,0.8811881
00037022.jpg,0.71169746,0.6657568
00049493.jpg,0.62734413,0.6240108
00030040.jpg,0.86128867,0.8579066
00030492.jpg,0.72357583,0.9506434
00034698.jpg,0.74657464,0.8173414
00007109.jpg,0.7236011,0.598808
b46b82512ff4a485.jpg,0.74555963,0.79591835
000000333550.jpg,0.71493924,0.7614679
00036045.jpg,0.6900756,0.6820046
00057327.jpg,0.81718695,0.7474158
00011296.jpg,0.8113667,0.7524568
00050354.jpg,0.7173215,0.7041618
00030823.jpg,0.8092824,0.946329
00057903.jpg,0.61831915,0.5641712
00020558.jpg,0.7459333,0.8569994
00027174.jpg,0.89623624,0.8018022
c7664b0fa8cf14c0.jpg,0.6613225,0.60784316
000000486717.jpg,0.7038034,0.7383177
00043438.jpg,0.77461874,0.7047406
00038637.jpg,0.6119292,0.6759902
00001614.jpg,0.71251094,0.4621128
00027657.jpg,0.7845535,0.719595
n02355227_14054.jpg,0.7751092,0.8018868
00056159.jpg,0.72333634,0.9529992
00026642.jpg,0.7859338,0.6885014
00046356.jpg,0.7706977,0.8032908
000000494309.jpg,0.82091427,0.776699
00022618.jpg,0.78983057,0.8162642
00032801.jpg,0.64153486,0.8146146
00021472.jpg,0.7128552,0.8205616
00005473.jpg,0.82101965,0.9323056
00027886.jpg,0.82750136,0.7141046
00054029.jpg,0.74175274,0.6570116
n07929519_31690.jpg,0.8251525,0.8396226
00048284.jpg,0.69263065,0.7458326
00048694.jpg,0.66935647,0.6838014
sun_afjyijsdqpcdnjoq.jpg,0.56965655,0.5816327
00019399.jpg,0.7511696,0.8050936
n09289331_2408.jpg,0.5322293,0.53608245
00036277.jpg,0.70865905,0.8184956
00057074.jpg,0.67473906,0.9415108
00012184.jpg,0.79390144,0.6576112
00042950.jpg,0.62475526,0.637377
n09289331_5729.jpg,0.5253895,0.45882353
54906e95b973086b.jpg,0.7847822,0.8080808
00056062.jpg,0.8029917,0.9306896
00034001.jpg,0.6079417,0.557485
00054206.jpg,0.78235185,0.8926274
00046338.jpg,0.8725128,0.8121502
000000373153.jpg,0.6883244,0.9222222
00017216.jpg,0.6897629,0.7848882
00012798.jpg,0.72020185,0.6107522
00044199.jpg,0.88150465,0.9465296
00007959.jpg,0.77797204,0.7912856
00006697.jpg,0.7562357,0.5751122
00017148.jpg,0.58300847,0.7496154
00023275.jpg,0.7344896,0.8960318
00047106.jpg,0.78832626,0.736101
00002300.jpg,0.87420475,0.9829046
00037542.jpg,0.7494756,0.7774296
00011647.jpg,0.71951044,0.6320142
00052453.jpg,0.85570014,0.7406716
00050945.jpg,0.58592796,0.6154226
00012022.jpg,0.8247982,0.7354488
00008883.jpg,0.6921293,0.6885416
00038599.jpg,0.62384844,0.6180636
n09270735_14484.jpg,0.5766009,0.64646465
00037005.jpg,0.61538,0.5654978
00024657.jpg,0.70024014,0.739229
00050842.jpg,0.6390388,0.773316
00036375.jpg,0.5014348,0.7192766
00030849.jpg,0.8004011,0.8477324
00019923.jpg,0.7413936,0.7706304
n07933274_33948.jpg,0.8558682,0.90625
00022691.jpg,0.67520076,0.841231
00023085.jpg,0.52755123,0.4999302
00054496.jpg,0.82271886,0.8537984
n02396427_14454.jpg,0.7859683,0.8659794
n04467665_42547.jpg,0.72345346,0.8333333
00036472.jpg,0.8261979,0.8550776
00058401.jpg,0.7201821,0.8304792
00002281.jpg,0.76801527,0.8134304
00046814.jpg,0.7984096,0.7503936
00038167.jpg,0.5240885,0.4351672
00046684.jpg,0.8087668,0.7059056
00042204.jpg,0.8142537,0.8128396
00030186.jpg,0.76816416,0.775054
00027712.jpg,0.90828824,0.9092394
00026219.jpg,0.65388644,0.7997822
00005748.jpg,0.7895105,1.0
00008950.jpg,0.68419755,0.762089
00021287.jpg,0.59820664,0.6288032
00053359.jpg,0.5861117,0.6969162
00033431.jpg,0.5360469,0.7010388
00057291.jpg,0.72671604,0.8506828
00056397.jpg,0.8047441,0.7614594
00008679.jpg,0.6783832,0.7438626
n09288635_2459.jpg,0.6339076,0.54022986
00017660.jpg,0.79631627,0.7717018
00026492.jpg,0.5797307,0.6594784
00007151.jpg,0.7860262,0.8107598
00057063.jpg,0.7178098,0.9455868
00006372.jpg,0.73609436,0.7923064
00032525.jpg,0.7689251,0.84504
00001173.jpg,0.83746004,0.8113412
00003036.jpg,0.6812109,0.838542
00005036.jpg,0.7361361,0.8502124
00028189.jpg,0.8119594,0.8466292
00019103.jpg,0.6479254,0.7157358
00006850.jpg,0.7595949,0.8567166
n03384352_2940.jpg,0.64616156,0.8152174
00016472.jpg,0.7668158,0.7807188
00031136.jpg,0.7157501,0.8438554
00013034.jpg,0.8424001,0.8942362
00049667.jpg,0.899301,0.5429844
00028376.jpg,0.7575773,0.875767
n09393605_35662.jpg,0.53799653,0.3265306
00009289.jpg,0.5654663,0.7175622
n02434954_6168.jpg,0.7585534,0.65625
00010654.jpg,0.6392754,0.8213636
00002517.jpg,0.71451885,0.6764434
00024329.jpg,0.7138611,0.4939988
00038251.jpg,0.5732361,0.6328784
00034902.jpg,0.5256529,0.5534066
00003757.jpg,0.6513394,0.7564744
00047094.jpg,0.7387793,0.7588842
00025519.jpg,0.76932883,0.6386406
00011919.jpg,0.7271514,0.7275188
00032458.jpg,0.74286896,0.7912194
000000272008.jpg,0.7939341,0.8737864
00048928.jpg,0.76016307,0.8648576
00057473.jpg,0.7826123,0.7430662
00016732.jpg,0.78737,0.8736162
00053527.jpg,0.75215846,0.7565228
00050159.jpg,0.83255553,0.7635514
n09376198_19782.jpg,0.54956317,0.47272727
00019452.jpg,0.7868552,0.7553588
00029597.jpg,0.7044394,0.7752604
00012426.jpg,0.7311482,0.8414142
00031445.jpg,0.91265583,0.8243894
00042964.jpg,0.7503782,0.8595198
00003498.jpg,0.90968955,0.8224528
00025516.jpg,0.69962245,0.7900506
00051317.jpg,0.7497175,0.8453384
00007036.jpg,0.7906989,0.8605872
n03541923_4376.jpg,0.5974188,0.64220184
00017881.jpg,0.71129036,0.8688196
00013251.jpg,0.6435232,0.7760006
00054754.jpg,0.87221247,0.890771
00057814.jpg,0.9113288,0.8777906
3d930f11eee5d446.jpg,0.7720542,0.8469388
00048080.jpg,0.62257385,0.5381232
00025718.jpg,0.7554868,0.829787
00007601.jpg,0.7723291,0.691849
00025750.jpg,0.7116661,0.687347
00008414.jpg,0.6866846,0.7282452
n02946348_3118.jpg,0.5835246,0.6666667
n09270735_8128.jpg,0.6402636,0.81914896
00054450.jpg,0.89630157,0.7605644
n04461696_2559.jpg,0.70708334,0.7
00000397.jpg,0.5998828,0.4138608
00030609.jpg,0.80389994,0.9089166
00058431.jpg,0.7529628,0.8883918
ebda4cc826b4f92f.jpg,0.65352094,0.84615386
000000484446.jpg,0.78401446,0.8913044
00041148.jpg,0.7707759,0.8573996
00038563.jpg,0.7279682,0.5929554
00024920.jpg,0.75159353,0.7007698
00023486.jpg,0.7019663,0.5176946
00003508.jpg,0.7868514,0.6719916
000000478148.jpg,0.73402274,0.7912088
00017556.jpg,0.7228943,0.8722008
00037703.jpg,0.70302546,0.8230086
00026334.jpg,0.7350037,0.8224762
00018353.jpg,0.74833584,0.6730662
00053900.jpg,0.77491003,0.7119444
00031036.jpg,0.79055125,0.8602902
00025398.jpg,0.7623745,0.9021284
00046226.jpg,0.753942,0.7488838
00023247.jpg,0.78345424,0.7865232
n07717556_6558.jpg,0.8246845,0.9673913
00040574.jpg,0.7474756,0.9435306
00022954.jpg,0.7554573,0.7230606
00014269.jpg,0.6714544,0.5667846
00050972.jpg,0.8103477,0.8257948
n07863374_16548.jpg,0.8100852,0.94
00003751.jpg,0.7767191,0.862133
00053675.jpg,0.7389493,0.5897644
00054702.jpg,0.79153085,0.9416958
00028416.jpg,0.779119,0.6252882
00054847.jpg,0.8270371,0.8026414
00052808.jpg,0.8752955,0.8663388
00020102.jpg,0.49510866,0.4056018
00043023.jpg,0.74979526,0.531137
00054621.jpg,0.73768115,0.8569544
00001517.jpg,0.84360725,0.9286192
n01846331_8429.jpg,0.7283417,0.82978725
00014893.jpg,0.7075701,0.6626228
00019329.jpg,0.81579065,0.7167452
00046858.jpg,0.6932801,0.760363
n01811909_11493.jpg,0.82807064,0.74725276
00024295.jpg,0.68996066,0.7665072
00009311.jpg,0.9455684,0.8379734
n07849336_30056.jpg,0.7983779,0.8730159
00040968.jpg,0.81397086,0.7059132
00028636.jpg,0.66008276,0.8243012
00048300.jpg,0.7804675,0.6361578
00033654.jpg,0.7756485,0.8614058
00054390.jpg,0.63909674,0.6078624
00040439.jpg,0.69971156,0.6776676
00027397.jpg,0.7369835,0.5649614
00034250.jpg,0.59165883,0.5228598
00005563.jpg,0.76104474,0.9577182
n04349306_4552.jpg,0.7873244,0.8207547
00006916.jpg,0.8080083,0.8928538
00018096.jpg,0.72469795,0.7126032
n02118333_2023.jpg,0.76279974,0.8958333
00014673.jpg,0.7679726,0.7583122
00009498.jpg,0.732781,0.800016
n04349306_7960.jpg,0.6618589,0.84745765
00005257.jpg,0.84248435,0.8474014
00009817.jpg,0.76619697,0.6934004
00047127.jpg,0.694487,0.5925518
00024170.jpg,0.83974755,0.8326336
00030342.jpg,0.80373234,0.8977148
00035363.jpg,0.5418872,0.5999248
00013740.jpg,0.82730585,0.8392564
00056124.jpg,0.64983726,0.6740426
00028754.jpg,0.8075287,0.7096616
00033332.jpg,0.80612755,0.9076482
00041134.jpg,0.7363335,0.8300462
00030888.jpg,0.8975613,0.842184
00035553.jpg,0.8118029,0.6390822
00033903.jpg,0.5858478,0.6817132
n04467665_48953.jpg,0.67672265,0.44230768
00002820.jpg,0.77446896,0.8000904
00057224.jpg,0.7957478,0.7673094
00031311.jpg,0.7808995,0.8371608
00018731.jpg,0.90764743,0.8159934
00037097.jpg,0.65279156,0.6938194
00018011.jpg,0.8056521,0.794291
sun_aobrdfggnifbqbhn.jpg,0.63916785,0.4716981
00014014.jpg,0.5297653,0.3746326
00016328.jpg,0.54087216,0.6632668
00052203.jpg,0.63363516,0.9208852
00000712.jpg,0.7529519,0.830573
00028063.jpg,0.7494394,0.8268024
00034025.jpg,0.6879861,0.6470212
00007881.jpg,0.6222899,0.6222152
00032808.jpg,0.72370756,0.7858194
00038823.jpg,0.7654026,0.7600998
00054490.jpg,0.70245314,0.6558078
n07574602_24859.jpg,0.8313141,0.8545455
00018326.jpg,0.9185648,0.7807008
00023753.jpg,0.70551914,0.6763076
00037796.jpg,0.6672139,0.6902254
00042023.jpg,0.76894397,0.8566208
00014931.jpg,0.68712354,0.8458518
00000081.jpg,0.82310617,0.8937244
00017976.jpg,0.83329755,0.8299176
00048478.jpg,0.5904101,0.7459936
00048436.jpg,0.7714103,0.906019
00020271.jpg,0.8258406,0.820032
00013958.jpg,0.73782134,0.880775
00056275.jpg,0.6244693,0.6918698
00034640.jpg,0.6286384,0.7382106
n07696625_306.jpg,0.8177507,0.7920792
00054896.jpg,0.6774531,0.701694
00036037.jpg,0.6650348,0.6750262
00026094.jpg,0.74183154,0.7892958
00021478.jpg,0.7157994,0.82599
00027247.jpg,0.7745144,0.6092314
00051851.jpg,0.81444573,0.7429396
00051821.jpg,0.8254229,0.7718284
00013934.jpg,0.865054,0.8730438
00030977.jpg,0.8019135,0.869006
00018251.jpg,0.5873639,0.406026
00051883.jpg,0.8146883,0.6127118
00057141.jpg,0.9093928,0.7523958
00057259.jpg,0.7492375,0.7183382
00054429.jpg,0.67249846,0.5746504
00047170.jpg,0.7582066,0.9153218
00016075.jpg,0.85693383,0.7328954
00047700.jpg,0.8219674,0.9661668
00034076.jpg,0.6622664,0.577748
00009554.jpg,0.6811081,0.7247928
00046758.jpg,0.894786,0.848683
00036835.jpg,0.5521535,0.7699756
00007272.jpg,0.64807683,0.451501
00007785.jpg,0.72824794,0.8509456
00039577.jpg,0.75474775,0.6824788
00015014.jpg,0.75802875,0.8778254
00041227.jpg,0.81127477,0.6549752
00039146.jpg,0.6832416,0.785198
00037231.jpg,0.49596453,0.626902
n02834778_3958.jpg,0.57159394,0.6862745
00022337.jpg,0.63900924,0.741693
00035271.jpg,0.8023261,0.750171
00006506.jpg,0.84655976,0.7073432
00027106.jpg,0.5980648,0.4169904
00038863.jpg,0.8115412,0.8543338
00055913.jpg,0.7421398,0.7771774
00035008.jpg,0.8075149,0.7100904
00040825.jpg,0.69399035,0.7385398
00006920.jpg,0.77108324,0.7353122
00005918.jpg,0.8089516,0.78268
000000493612.jpg,0.6925559,0.6632653
00046670.jpg,0.63542736,0.7001354
00048236.jpg,0.75381756,0.782358
00040355.jpg,0.75274277,0.8357266
00020556.jpg,0.81230617,0.9438076
n04166281_2715.jpg,0.70622313,0.7875
00027281.jpg,0.77488756,0.8108248
n02934451_15507.jpg,0.5783322,0.776699
00033224.jpg,0.6470562,0.796418
00002906.jpg,0.7508845,0.8664388
00025590.jpg,0.6927357,0.8358256
00056336.jpg,0.786068,0.7217858
00019459.jpg,0.9158642,0.8762172
828dd4dc9a7a602e.jpg,0.74059415,0.8440367
00054863.jpg,0.80892223,0.7512282
00018570.jpg,0.64632213,0.7231496
00011669.jpg,0.76048076,0.768366
000000245540.jpg,0.8822442,0.88596493
00049663.jpg,0.84064317,0.9293692
00023213.jpg,0.6469633,0.8610488
00000100.jpg,0.7231651,0.7855482
00056953.jpg,0.780375,0.8621198
00004152.jpg,0.8191384,0.8749026
00002260.jpg,0.851755,0.949667
n07654148_17522.jpg,0.8155651,0.82222223
00035262.jpg,0.6782568,0.7470392
00027503.jpg,0.77921844,0.783178
00050752.jpg,0.8105886,0.6832636
00037986.jpg,0.76078594,0.7988724
00046899.jpg,0.8034313,0.846031
00010688.jpg,0.902973,0.7132244
00020642.jpg,0.7630968,0.918824
00055155.jpg,0.74408484,0.765438
00048786.jpg,0.6177372,0.6445486
000000065465.jpg,0.7655622,0.8888889
00053662.jpg,0.758271,0.8161754
00041165.jpg,0.77010226,0.6104414
00035775.jpg,0.78171265,0.8062716
00028712.jpg,0.8422403,0.6757734
00058532.jpg,0.8618914,0.9083018
00006377.jpg,0.7910113,0.9378678
00047972.jpg,0.74205434,0.8550042
00002794.jpg,0.6570641,0.4813418
00019449.jpg,0.800604,0.8491336
n09468604_15189.jpg,0.60661924,0.625
00021798.jpg,0.8067421,0.7949348
00050089.jpg,0.80144924,0.905297
00018340.jpg,0.8136427,0.8498054
00021400.jpg,0.8615342,0.8695094
00002000.jpg,0.73487914,0.7544426
n07880968_5952.jpg,0.82564545,0.94382024
00050707.jpg,0.8016723,0.5743414
00018920.jpg,0.74342084,0.6596352
00018880.jpg,0.76201767,0.8488268
1f21eeca4577a562.jpg,0.7413019,0.7804878
00047212.jpg,0.75009584,0.6727214
74829e0dff4fb883.jpg,0.5788596,0.46938777
00000299.jpg,0.8220795,0.731469
00018839.jpg,0.69524044,0.725351
00038536.jpg,0.8092992,0.8863538
n07801091_36428.jpg,0.5667497,0.42391303
n07693725_529.jpg,0.9500337,0.8487395
00005165.jpg,0.8155559,0.6839254
00042155.jpg,0.8057029,0.8834964
00052314.jpg,0.6855985,0.8842788
000000439602.jpg,0.84032685,0.9347826
00039766.jpg,0.6808852,0.8346756
00022019.jpg,0.8166516,0.811051
00043764.jpg,0.7569679,0.8808788
n07933274_33840.jpg,0.7794538,0.83168316
00011451.jpg,0.7848454,0.9525168
00009119.jpg,0.80493194,0.701313
00055156.jpg,0.8915645,0.8031014
00035646.jpg,0.614156,0.6587436
00032639.jpg,0.8256378,0.8466
00020775.jpg,0.75596213,0.8144414
00057708.jpg,0.7930527,0.893363
00057329.jpg,0.78302383,0.7761404
00035357.jpg,0.72583055,0.5861436
00043466.jpg,0.7337247,0.7385472
00022492.jpg,0.73013127,0.8674326
00058634.jpg,0.8218268,0.8619608
00029240.jpg,0.6506753,0.8892048
00057950.jpg,0.6749061,0.8270242
00054098.jpg,0.8896933,0.8698326
n02389261_7723.jpg,0.82225645,0.74747473
00042410.jpg,0.7387626,0.6176166
00038053.jpg,0.73114216,0.7045562
n04166281_1290.jpg,0.76945466,0.8252427
00057696.jpg,0.7976713,0.8239066
00026644.jpg,0.661937,0.683793
00056160.jpg,0.7166117,0.816103
00052868.jpg,0.737867,0.8047374
00051785.jpg,0.72091234,0.6843534
n07711569_4097.jpg,0.8221164,0.9259259
00026149.jpg,0.64965075,0.7206686
n02396427_22756.jpg,0.8328094,0.6976744
000000222344.jpg,0.71927774,0.6826923
00015950.jpg,0.6632574,0.593974
00056236.jpg,0.798382,0.7400338
00016090.jpg,0.7760553,0.8872244
00029072.jpg,0.7609759,0.6764412
n02834778_2873.jpg,0.7268913,0.76744187
00054309.jpg,0.7485096,0.8413238
00020972.jpg,0.83466923,0.8514902
00007865.jpg,0.71008235,0.6846966
00016260.jpg,0.84927416,0.894628
00023891.jpg,0.7311545,0.7559622
00033610.jpg,0.53427315,0.4382552
00004146.jpg,0.6129888,0.6898344
00039919.jpg,0.7734924,0.6755252
00024990.jpg,0.72883654,0.6946464
c2a4e9b103e44933.jpg,0.7858854,0.7113402
00044405.jpg,0.7781775,0.7470116
00038879.jpg,0.82490134,0.814612
00007783.jpg,0.79884195,0.7772356
00006482.jpg,0.7693997,0.8602108
00004761.jpg,0.66995883,0.5676108
00035210.jpg,0.73986554,0.901019
00044509.jpg,0.7918962,0.8213468
n07680932_57798.jpg,0.8236326,0.9
00042094.jpg,0.7582591,0.6922788
n02878222_49964.jpg,0.6093292,0.5
00006463.jpg,0.5892483,0.8051302
00005754.jpg,0.70807946,0.7107322
00021202.jpg,0.7528281,0.9040248
00019126.jpg,0.73175675,0.763778
000000115069.jpg,0.6596117,0.6666667
00044017.jpg,0.805302,0.7713492
n04465501_1306.jpg,0.6958467,0.6846847
00033292.jpg,0.7496187,0.8976376
n03791053_6538.jpg,0.7070904,0.75581396
00020883.jpg,0.6076191,0.5525154
00035060.jpg,0.62165666,0.58523
00029090.jpg,0.72896045,0.775196
00043715.jpg,0.6955309,0.6849768
00027188.jpg,0.7082107,0.7294652
00031814.jpg,0.59549934,0.5813498
00011667.jpg,0.6513483,0.555633
00011728.jpg,0.8634236,0.7265314
n09376198_8264.jpg,0.57831347,0.6904762
n07880968_1207.jpg,0.8389025,0.7692308
00057533.jpg,0.7418312,0.8332318
00056033.jpg,0.81094015,0.8930982
00038695.jpg,0.60774076,0.7001068
00007275.jpg,0.64539033,0.559361
00054957.jpg,0.6763029,0.7862104
00001657.jpg,0.6625613,0.925117
00007774.jpg,0.7579701,0.649674
00052445.jpg,0.8479873,0.8153078
00023260.jpg,0.73028827,0.760469
00029179.jpg,0.7561022,0.8571642
00042010.jpg,0.6066557,0.78641
00007218.jpg,0.6587349,0.7394018
000000416811.jpg,0.6862295,0.5185185
00049013.jpg,0.8520634,0.8422352
00034968.jpg,0.757132,0.6530842
00058239.jpg,0.71308535,0.831388
00022540.jpg,0.7894554,0.7672238
00037939.jpg,0.5611877,0.5505744
00056844.jpg,0.7029518,0.6663618
00053996.jpg,0.64893556,0.664312
n02129165_23945.jpg,0.80052984,0.84070796
00001169.jpg,0.8170221,0.7308116
00027131.jpg,0.78192663,0.8552404
00031239.jpg,0.7847929,0.719502
00008731.jpg,0.7219726,0.9318544
00044668.jpg,0.70412064,0.6773822
00042405.jpg,0.64591956,0.8860498
00005261.jpg,0.58446664,0.5676528
00055750.jpg,0.84035796,0.88801
00019952.jpg,0.75144964,0.87983
00038506.jpg,0.70322585,0.6379988
00009996.jpg,0.85678434,0.9335712
00009970.jpg,0.7870945,0.8481248
00005335.jpg,0.7933141,0.8800718
00051507.jpg,0.73139,0.8794488
00041650.jpg,0.7768282,0.7790548
00010863.jpg,0.8060821,0.8489748
7ad6e1f3e4ad0d02.jpg,0.6317773,0.5
00037613.jpg,0.7041812,0.8518382
0d6607be1e0a79d2.jpg,0.6896071,0.7721519
00053569.jpg,0.63901687,0.8477232
00045385.jpg,0.7992409,0.8164248
00033352.jpg,0.7826836,0.7600322
00034085.jpg,0.7223125,0.8002418
00030493.jpg,0.7911522,0.8787816
00014334.jpg,0.7803059,0.7273038
00012210.jpg,0.8700926,0.8074844
00055845.jpg,0.79615813,0.7053656
00010213.jpg,0.75973606,0.699229
00001301.jpg,0.6604259,0.7322068
00011459.jpg,0.84796345,0.8038696
00045741.jpg,0.7652322,0.7051284
n07849336_22546.jpg,0.7472544,0.73
n00480993_22319.jpg,0.7767942,0.7395833
00055353.jpg,0.78471494,0.7910684
00056090.jpg,0.8408307,0.8224562
00001142.jpg,0.77393454,0.8063538
n09288635_3532.jpg,0.66098905,0.74757284
00053105.jpg,0.7539612,0.7239268
00001882.jpg,0.73935217,0.9654344
00054938.jpg,0.6773794,0.6107276
00018215.jpg,0.6796736,0.75673
n02355227_15505.jpg,0.8015369,0.8442623
00056224.jpg,0.67879486,0.6074788
00052496.jpg,0.78346086,0.7638956
00022690.jpg,0.7582677,0.5943486
00017198.jpg,0.75217986,0.878309
00043486.jpg,0.7482305,0.8073078
00010761.jpg,0.74359334,0.72923
n02342885_10013.jpg,0.8402271,0.89
00022935.jpg,0.86403286,0.8441126
00037055.jpg,0.7707219,0.6637014
00011182.jpg,0.78736895,0.9382452
00038312.jpg,0.6209307,0.7341472
00031160.jpg,0.65786636,0.892836
00055521.jpg,0.7945326,0.9035162
00034273.jpg,0.6058348,0.6604378
00011461.jpg,0.7004908,0.6223408
n00445351_12278.jpg,0.6181189,0.752809
00055915.jpg,0.78353775,0.864604
00054136.jpg,0.736887,0.6959588
00057496.jpg,0.76780593,0.789791
00045400.jpg,0.81495434,0.8439968
00039606.jpg,0.82854235,0.7108714
00004292.jpg,0.8037045,0.8883994
00040796.jpg,0.8549918,0.828811
00046763.jpg,0.82548845,0.6976142
00024427.jpg,0.7905321,0.8745114
n07693725_8807.jpg,0.87563497,0.9230769
00051178.jpg,0.81724143,0.7509716
sun_aafqfjpechscyidz.jpg,0.57918894,0.63414633
00043292.jpg,0.76244,0.6512968
00038042.jpg,0.653832,0.6122094
00006689.jpg,0.68330204,0.6360394
00036582.jpg,0.54734933,0.7849118
00039280.jpg,0.7468697,0.6947826
00045157.jpg,0.78869855,0.7156364
00041771.jpg,0.7592261,0.610455
000000505658.jpg,0.7132605,0.71428573
00052330.jpg,0.8734325,0.8307212
00042500.jpg,0.74736714,0.662312
00005925.jpg,0.72416854,0.6174064
00018219.jpg,0.8294481,0.8174002
n12345899_7590.jpg,0.5426662,0.40707964
00015892.jpg,0.7987553,0.7968476
00045953.jpg,0.7424377,0.8785956
n02129165_647.jpg,0.7634162,0.7844828
0bf80b98b70d97f0.jpg,0.806224,0.82857144
00007738.jpg,0.78420556,0.792917
00015345.jpg,0.87676543,0.9040686
00002590.jpg,0.53161895,0.4668426
00008446.jpg,0.88779104,0.7139434
00023015.jpg,0.7861264,0.814699
00011855.jpg,0.77928627,0.5880026
00001890.jpg,0.756443,0.8191222
00025164.jpg,0.7998885,0.8297052
00046416.jpg,0.7429317,0.8393052
00055285.jpg,0.7373177,0.7682436
00009465.jpg,0.84017384,0.7919448
00029559.jpg,0.8185147,0.830257
00006284.jpg,0.718822,0.8116316
00041402.jpg,0.73730135,0.6068924
00019062.jpg,0.79558635,0.932223
00034586.jpg,0.6087588,0.6318818
00003926.jpg,0.78024507,0.8574532
000000390463.jpg,0.8207523,0.9217391
00028781.jpg,0.80231464,0.8042436
00050475.jpg,0.65860337,0.6372444
00054880.jpg,0.72737235,0.9092588
00022336.jpg,0.7283657,0.7799002
00051695.jpg,0.70033634,0.7501872
n07696839_14469.jpg,0.7605498,0.8446602
00057227.jpg,0.8012135,0.6520328
00021847.jpg,0.5551549,0.4821986
00049611.jpg,0.84226775,0.959923
00030441.jpg,0.76226485,0.977838
n02878222_17891.jpg,0.64422834,0.41904762
00033813.jpg,0.71002436,0.6675884
00022535.jpg,0.8225872,0.8189104
00013339.jpg,0.7220359,0.8016846
d10f3cdbf37ff710.jpg,0.5371844,0.67346936
00042768.jpg,0.7829547,0.8295798
00010159.jpg,0.7908387,0.8672528
00031249.jpg,0.8092822,0.8636692
00028865.jpg,0.7700339,0.7361972
61f624ac32c56eba.jpg,0.87914747,0.84782606
00000632.jpg,0.72111475,0.7729618
00042061.jpg,0.777774,0.6853864
00028158.jpg,0.65471125,0.5615644
00021261.jpg,0.8153827,0.934183
00051596.jpg,0.81038153,0.8534404
n02332755_6363.jpg,0.7480892,0.8659794
00051964.jpg,0.7670833,0.7494238
00053400.jpg,0.85564053,0.8581788
n09376198_15319.jpg,0.5884312,0.5945946
00016839.jpg,0.7833512,0.7931262
00054171.jpg,0.7103349,0.7085812
00006990.jpg,0.73712593,0.8280494
n07680932_9358.jpg,0.8434149,0.92771083
00000844.jpg,0.57474744,0.444483
00017190.jpg,0.8822776,0.8584634
00048707.jpg,0.60474384,0.6665452
000000176475.jpg,0.689993,0.85858583
00034020.jpg,0.61225784,0.511896
00052653.jpg,0.7317796,0.7644288
00012090.jpg,0.8051991,0.8595808
00041781.jpg,0.88357955,0.7681922
00034771.jpg,0.8071716,0.8475174
00032085.jpg,0.7599786,0.6615458
00028798.jpg,0.8479544,0.9229064
00058023.jpg,0.72103524,0.6600408
00000715.jpg,0.67693394,0.7368696
00002017.jpg,0.7507173,0.8145228
sun_aylgxyyrsemqkiff.jpg,0.52067184,0.43119267
000000381605.jpg,0.7032392,0.7875
00042148.jpg,0.6319226,0.8419106
000000377572.jpg,0.6132059,0.5877193
00015480.jpg,0.68050003,0.533137
00021130.jpg,0.6620327,0.7554322
00011513.jpg,0.79284567,0.8561834
00051322.jpg,0.8643547,0.8343672
00026207.jpg,0.8142455,0.711603
00000659.jpg,0.7583908,0.8714374
sun_aprctqsrjhrpevzy.jpg,0.67184764,0.6666667
00029351.jpg,0.5720986,0.5343452
00012296.jpg,0.760328,0.8181314
00036261.jpg,0.80960417,0.7241468
n03791053_2123.jpg,0.7184868,0.7894737
00015287.jpg,0.6430247,0.7054066
00048200.jpg,0.7703333,0.7238804
00007915.jpg,0.82137406,0.8858922
00025038.jpg,0.71558666,0.8907372
00047288.jpg,0.68396366,0.6350452
00030000.jpg,0.63487035,0.5742332
c6789c5bd0d392a6.jpg,0.7359624,0.74766356
00039143.jpg,0.70392877,0.797975
00002485.jpg,0.8317022,0.7261178
00032904.jpg,0.61819863,0.4618016
00000315.jpg,0.78032285,0.8944152
000000397353.jpg,0.76691693,0.7924528
00044905.jpg,0.8539677,0.744791
00019767.jpg,0.77377415,0.844671
00053152.jpg,0.89389515,0.8496808
00038011.jpg,0.6013976,0.5928344
n07929519_33050.jpg,0.8029432,0.9622642
00038749.jpg,0.75984514,0.6493804
00005876.jpg,0.5545708,0.494548
00015611.jpg,0.74985266,0.7196782
00053566.jpg,0.6492684,0.5268538
00028852.jpg,0.74789345,0.8484608
00020833.jpg,0.6681199,0.6624148
00041577.jpg,0.7849502,0.731075
00035325.jpg,0.71002936,0.6955882
00022528.jpg,0.731056,0.8507816
00006892.jpg,0.8850472,0.8051248
00009360.jpg,0.8298377,0.795732
00043964.jpg,0.7857419,0.8695098
00050394.jpg,0.7647005,0.792272
00013987.jpg,0.6307299,0.6856312
000000103401.jpg,0.74829936,0.71875
00001396.jpg,0.5612941,0.4018406
00000091.jpg,0.81309026,0.800196
00039880.jpg,0.7206709,0.4743466
00040432.jpg,0.75870764,0.8939098
00015772.jpg,0.83962464,0.8594074
00011424.jpg,0.7550861,0.8318678
00054406.jpg,0.629904,0.7410526
00023350.jpg,0.7759044,0.7068978
00043420.jpg,0.7294689,0.8866916
41e092c947498605.jpg,0.56796193,0.56122446
00034928.jpg,0.72355384,0.7022402
00031094.jpg,0.8990673,0.8122456
00010781.jpg,0.77031636,0.776681
00032360.jpg,0.5467654,0.4071854
00023833.jpg,0.90573615,0.801462
00032922.jpg,0.72760797,0.7804968
00002715.jpg,0.775873,0.7939378
00055690.jpg,0.754753,0.8869448
00030728.jpg,0.722286,0.9376976
00011723.jpg,0.8692827,0.7926076
00004095.jpg,0.74179137,0.7828524
00055163.jpg,0.63342816,0.7583242
00055527.jpg,0.847144,0.8458614
00016747.jpg,0.66561675,0.6336022
00033014.jpg,0.54198086,0.778095
n02793495_4712.jpg,0.5989181,0.58
00050705.jpg,0.7324145,0.858905
sun_aimggcqrncrkotzv.jpg,0.638653,0.42
000000005260.jpg,0.78378254,0.7582418
00057380.jpg,0.7494246,0.828692
00058527.jpg,0.73165053,0.7849768
00020373.jpg,0.79818064,0.7323416
00035350.jpg,0.61573625,0.507915
00052506.jpg,0.7549143,0.765954
00037216.jpg,0.5461433,0.6984888
00005852.jpg,0.77820873,0.8191002
00047040.jpg,0.74871814,0.786502
00030031.jpg,0.7804392,0.7617634
00010708.jpg,0.7829729,0.7767476
00046748.jpg,0.69319487,0.8444412
00001555.jpg,0.8049695,0.6292638
00001375.jpg,0.66281694,0.8332818
00011585.jpg,0.72481227,0.7489146
00028928.jpg,0.8574769,0.7131538
00039341.jpg,0.76104623,0.7815686
00055405.jpg,0.8714261,0.9482752
00021551.jpg,0.7175666,0.8924008
00005614.jpg,0.65420496,0.664884
00006986.jpg,0.70978165,0.5796432
00054293.jpg,0.77352303,0.6548018
00028058.jpg,0.87476295,0.9348354
00048494.jpg,0.74285746,0.6555246
00012170.jpg,0.73875964,0.7205476
00007719.jpg,0.70264816,0.8244994
00016565.jpg,0.69787014,0.9595326
00006286.jpg,0.7508553,0.7626196
00049097.jpg,0.794943,0.5854184
00018716.jpg,0.6983948,0.8643794
00003934.jpg,0.7196267,0.8436106
00006627.jpg,0.7092269,0.5506478
00040884.jpg,0.8301636,0.8222816
00005072.jpg,0.7974072,0.8445894
000000211116.jpg,0.63220525,0.70642203
00012999.jpg,0.8030096,0.6590384
00017187.jpg,0.79430616,0.9768618
00051759.jpg,0.81641793,0.5548922
00011579.jpg,0.87550414,0.7598166
00039547.jpg,0.8034626,0.8470136
00006349.jpg,0.766102,0.7486498
000000452263.jpg,0.7191124,0.71590906
00018623.jpg,0.66947305,0.6953846
00019489.jpg,0.76769465,0.7689852
00022892.jpg,0.6801417,0.591037
00048022.jpg,0.70834804,0.7117214
000000017004.jpg,0.663447,0.7522124
00004123.jpg,0.8186827,0.8239688
00012505.jpg,0.78627163,0.786185
00027646.jpg,0.7156745,0.7922112
sun_arusttoegilizoqz.jpg,0.6090112,0.6106195
00021953.jpg,0.8527373,0.8038228
00010886.jpg,0.8279809,0.788541
eefad9609b2e9edc.jpg,0.78237754,0.5
000000486451.jpg,0.73058534,0.84375
00039065.jpg,0.8191389,0.775727
n01846331_5309.jpg,0.7874432,0.72289157
00033416.jpg,0.8294416,0.8766748
00025475.jpg,0.83442014,0.7153602
00044393.jpg,0.7983514,0.7467814
00005551.jpg,0.7765183,0.7595426
00012603.jpg,0.7180645,0.8473294
00026064.jpg,0.85865223,0.8759202
00000401.jpg,0.7080997,0.7491778
00000210.jpg,0.7790924,0.8219246
n02946348_919.jpg,0.75138307,0.82300884
00014038.jpg,0.6868367,0.740076
00052411.jpg,0.8213017,0.9386888
00001193.jpg,0.83134705,0.8487468
00018386.jpg,0.8054163,0.8583016
sun_ajljoxfiwrskkpcc.jpg,0.6034053,0.6666667
00043390.jpg,0.774333,0.6326898
00026714.jpg,0.5475674,0.40983
00006104.jpg,0.94283265,0.716022
00027044.jpg,0.8353052,0.9144728
n03541923_2669.jpg,0.70529014,0.8613861
00044986.jpg,0.75462526,0.720808
00002657.jpg,0.81226945,0.885559
00027846.jpg,0.7398389,0.7867668
00057321.jpg,0.7231491,0.8418376
00051675.jpg,0.8786205,0.8828734
00043109.jpg,0.78786945,0.6886424
00011281.jpg,0.72908443,0.78911
00014092.jpg,0.75118345,0.8253298
n07806221_23757.jpg,0.8031249,0.6770833
00002349.jpg,0.6281338,0.7608644
00050434.jpg,0.66333556,0.5828946
00048663.jpg,0.7749903,0.7102508
00058539.jpg,0.82252324,0.760587
n02878222_49624.jpg,0.7382252,0.8035714
00041367.jpg,0.7561519,0.765927
n03670208_9655.jpg,0.7557995,0.877193
n07863374_18636.jpg,0.8134628,0.8636364
00036974.jpg,0.6687329,0.6953822
00007900.jpg,0.8437301,0.9256104
00048760.jpg,0.8035753,0.8598364
00055143.jpg,0.74390244,0.8163012
00044306.jpg,0.81135434,0.8319642
00053881.jpg,0.95998186,0.8181552
00005208.jpg,0.67244196,0.7512938
00039064.jpg,0.7594827,0.7042786
00002699.jpg,0.8325126,0.943585
00050105.jpg,0.8385956,0.8001438
00024469.jpg,0.7043744,0.81057
00038023.jpg,0.6490027,0.7983994
00031204.jpg,0.6923673,0.7652242
00016603.jpg,0.7734078,0.8081304
00051768.jpg,0.81921804,0.7851274
00011893.jpg,0.82009995,0.7504364
00056748.jpg,0.8762486,0.9490504
n07679356_24131.jpg,0.8117012,0.8737864
00020862.jpg,0.598446,0.5449032
00054728.jpg,0.8354805,0.758744
00029812.jpg,0.6413804,0.703378
00004500.jpg,0.6119469,0.697802
00040082.jpg,0.825699,0.8833578
n02355227_13412.jpg,0.77509284,0.93333334
00004376.jpg,0.64837825,0.7256546
00053070.jpg,0.6177105,0.6746518
00057253.jpg,0.7634131,0.859998
00021739.jpg,0.7369441,0.8045306
00031857.jpg,0.6997118,0.702358
00049067.jpg,0.56829435,0.5187458
00051455.jpg,0.7433319,0.8094788
00005644.jpg,0.5798402,0.6053402
5540b1af6082d5e4.jpg,0.64779425,0.5877193
00044179.jpg,0.59476495,0.606844
00042814.jpg,0.80903053,0.8344398
00000840.jpg,0.7536119,0.7415466
0ad7bad30cd432df.jpg,0.7306385,0.84375
000000014862.jpg,0.72197235,0.73770493
00054620.jpg,0.6980414,0.724003
00009344.jpg,0.83256686,0.7814534
00032343.jpg,0.7252753,0.8655274
00052961.jpg,0.7854922,0.7683972
00057506.jpg,0.8218367,0.9348776
00011653.jpg,0.8299861,0.8130428
00033459.jpg,0.7614937,0.8692594
00015214.jpg,0.7917292,0.8937294
00036128.jpg,0.9103819,0.748985
n03512147_311.jpg,0.713848,0.72115386
00023178.jpg,0.75219595,0.8497036
00026713.jpg,0.70245135,0.6428846
00046351.jpg,0.7324,0.566419
00023479.jpg,0.7659578,0.8231562
00056447.jpg,0.70843923,0.8418288
00054685.jpg,0.68135214,0.6777424
00042033.jpg,0.75865567,0.6862896
n07801508_7358.jpg,0.8490838,0.8736842
00001568.jpg,0.75758106,0.7987618
00016202.jpg,0.7096274,0.7626982
00041954.jpg,0.760653,0.7281698
00006553.jpg,0.8211733,0.8198464
00012144.jpg,0.74039376,0.4668414
00050999.jpg,0.703701,0.7876498
n04349306_3.jpg,0.7175472,0.8761062
00047596.jpg,0.7458764,0.5759916
00002488.jpg,0.6921698,0.6470018
00044873.jpg,0.7778442,0.7432362
00014845.jpg,0.7457461,0.9255304
00011508.jpg,0.7430503,0.8874034
00018763.jpg,0.7221546,0.8050272
00039501.jpg,0.86769426,0.8508608
00020980.jpg,0.77841014,0.8063038
000000546088.jpg,0.752801,0.72164947
00032753.jpg,0.7776668,0.9674236
00048887.jpg,0.91398674,0.8616836
n03541923_2423.jpg,0.7219906,0.8557692
00016076.jpg,0.6811547,0.890284
00023642.jpg,0.7890752,0.8687596
00034931.jpg,0.62882084,0.5022436
sun_anithpynqsbzxojv.jpg,0.56216645,0.57272726
n09415671_5306.jpg,0.5458988,0.40425533
00039602.jpg,0.7103286,0.7107142
00052538.jpg,0.6218573,0.7316668
00040890.jpg,0.8385383,0.9473962
n09359803_27594.jpg,0.56948537,0.55421686
n03594945_12454.jpg,0.7316946,0.67777777
n03512147_1448.jpg,0.700096,0.6017699
00057853.jpg,0.86396664,0.7850262
00025901.jpg,0.8442149,0.8505254
n07923748_17463.jpg,0.8504019,0.85087717
00041329.jpg,0.553468,0.5347334
00040670.jpg,0.7362568,0.7744524
00020084.jpg,0.8128857,0.7584086
00015233.jpg,0.74093884,0.6958066
n07849336_21675.jpg,0.86676323,0.80733943
00050200.jpg,0.64683014,0.6035334
00021304.jpg,0.6120127,0.613527
00057875.jpg,0.63280207,0.7635398
00024147.jpg,0.7306783,0.5341176
00047360.jpg,0.7430843,0.7835996
00011940.jpg,0.75730425,0.8059966
00017339.jpg,0.8225486,0.8352486
00031674.jpg,0.7763499,0.744288
00054622.jpg,0.90615916,0.8056432
00057363.jpg,0.82737434,0.7951658
00002491.jpg,0.79241616,0.8011276
00036983.jpg,0.6759134,0.6161124
00032651.jpg,0.7160766,0.8766786
00055213.jpg,0.8449703,0.9080088
00042951.jpg,0.72094405,0.7215086
00043174.jpg,0.70652306,0.514824
00030503.jpg,0.65087634,0.4604416
00030819.jpg,0.5546606,0.5486904
n02946348_5029.jpg,0.66237175,0.7717391
00009043.jpg,0.77019745,0.740384
00036173.jpg,0.8279066,0.8898618
00021626.jpg,0.6215916,0.5167004
00028369.jpg,0.80421185,0.8777542
00019957.jpg,0.75915325,0.8423474
00014588.jpg,0.7871567,0.7932384
00025125.jpg,0.7601073,0.8787926
00027171.jpg,0.6974585,0.938598
00048404.jpg,0.72282565,0.7769948
00056634.jpg,0.76828283,0.8523066
00032701.jpg,0.71385944,0.7028876
00015580.jpg,0.800508,0.7727868
00058092.jpg,0.6703524,0.6983916
00000169.jpg,0.62616205,0.6083646
00026982.jpg,0.8976025,0.888672
00006740.jpg,0.71415114,0.8794598
n02342885_6624.jpg,0.82477605,0.90425533
00054087.jpg,0.7806696,0.7235242
00051678.jpg,0.7046759,0.9650598
00005154.jpg,0.7373189,0.620534
00046199.jpg,0.66412604,0.7276632
00056394.jpg,0.5747513,0.5414308
n03594945_9105.jpg,0.6900331,0.7157895
00019558.jpg,0.8372123,0.7727796
000000538844.jpg,0.8223328,0.8965517
be3ff20a17c22e90.jpg,0.6152308,0.5208333
00040357.jpg,0.68138075,0.9148694
00040434.jpg,0.82769287,0.8754474
00032737.jpg,0.7660398,0.8170184
n02129165_20804.jpg,0.79204607,0.92523366
n04349306_3751.jpg,0.7592194,0.8598131
00017026.jpg,0.72149336,0.867787
00048149.jpg,0.74479353,0.6866008
00010802.jpg,0.7519703,0.8393534
000000422807.jpg,0.62246364,0.69736844
00033193.jpg,0.68210524,0.8345562
00031781.jpg,0.7179327,0.9361404
00008029.jpg,0.65487134,0.6583972
00036853.jpg,0.53573453,0.5787814
n07717556_1502.jpg,0.77680093,0.9411765
00051694.jpg,0.71317005,0.618946
00009655.jpg,0.77426064,0.8378234
n00470966_27438.jpg,0.77295774,0.8869565
00054949.jpg,0.6999351,0.9320242
00001618.jpg,0.7120402,0.7449386
00030456.jpg,0.78338635,0.814158
00009630.jpg,0.603899,0.4382664
00032528.jpg,0.7667964,0.8874112
00043254.jpg,0.7261235,0.8745748
00027484.jpg,0.7900616,0.8061414
00033182.jpg,0.71939933,0.6184866
00030593.jpg,0.7247281,0.8371904
00037348.jpg,0.76348394,0.7508698
00022854.jpg,0.7650738,0.8327728
00029995.jpg,0.7911469,0.8616542
00026724.jpg,0.75371647,0.7335966
00008610.jpg,0.6746322,0.84257
00021909.jpg,0.8060358,0.6347568
n07654148_21097.jpg,0.819088,0.8888889
00002232.jpg,0.73548615,0.6822248
00026826.jpg,0.68516874,0.7690584
00020614.jpg,0.8011259,0.6676662
00053857.jpg,0.80991185,0.883164
00033460.jpg,0.8106601,0.739292
00044609.jpg,0.786011,0.6178018
00022129.jpg,0.7063521,0.85181
00046846.jpg,0.6363381,0.5956048
00008901.jpg,0.6846408,0.7067822
00007428.jpg,0.7147698,0.8230654
00032437.jpg,0.76668155,0.8943974
00021081.jpg,0.5888607,0.5952662
n09421951_16577.jpg,0.5624699,0.8055556
n09359803_29562.jpg,0.5774662,0.5824176
00000143.jpg,0.810851,0.8053226
00000753.jpg,0.5500196,0.5893112
00053351.jpg,0.7454192,0.770977
00016046.jpg,0.7910037,0.970024
00018541.jpg,0.72974217,0.7567822
n09376198_19558.jpg,0.54818344,0.5595238
00045340.jpg,0.752535,0.6679542
00009037.jpg,0.8733036,0.9150386
00030906.jpg,0.80605304,0.9787522
00006617.jpg,0.87044066,0.8440562
00033664.jpg,0.8799795,0.6812382
00024145.jpg,0.5916525,0.912302
00004313.jpg,0.81093365,0.9197116
00026626.jpg,0.7111529,0.6873382
00030262.jpg,0.6844019,0.9040022
000000278449.jpg,0.83265483,0.88990825
00016448.jpg,0.9201261,0.9006446
00001632.jpg,0.7840552,0.8438552
00012327.jpg,0.6208718,0.8692518
00056417.jpg,0.7109301,0.5704256
n01811909_10668.jpg,0.78646064,0.8737864
00019295.jpg,0.76704204,0.887173
00000644.jpg,0.88048756,0.9226784
00021366.jpg,0.717034,0.822217
00055605.jpg,0.6935959,0.7820556
00033284.jpg,0.7410537,0.8865742
n09472597_21426.jpg,0.67641413,0.6698113
00014674.jpg,0.8584517,0.8679388
00022872.jpg,0.8057189,0.9414818
000000486005.jpg,0.71782434,0.67346936
00004181.jpg,0.85850424,0.9463232
00051018.jpg,0.71809256,0.8662268
00035947.jpg,0.60174817,0.469338
00022679.jpg,0.6353282,0.9015464
00028668.jpg,0.8146306,0.8853572
00033568.jpg,0.5796037,0.649112
00046342.jpg,0.6282372,0.5938424
00034768.jpg,0.6893166,0.47334
00056045.jpg,0.6112697,0.7851698
000000105200.jpg,0.71850693,0.68085104
00012868.jpg,0.74236494,0.670661
n07806221_24716.jpg,0.7906614,0.7264151
00023157.jpg,0.7346614,0.8774312
00043558.jpg,0.7495688,0.7814138
00013986.jpg,0.82436514,0.7893056
9ac4285e20a4e1f3.jpg,0.818467,0.81609195
b7fe4bc808463620.jpg,0.6001698,0.43269232
00040752.jpg,0.5489599,0.5883358
000000222447.jpg,0.7420026,0.7894737
n07849336_22471.jpg,0.85422766,0.9411765
00002974.jpg,0.8429063,0.9636386
00007107.jpg,0.8784847,0.881255
00018165.jpg,0.8214346,0.7234072
000000432636.jpg,0.81017995,0.8229167
00008558.jpg,0.7801343,0.8585778
00053874.jpg,0.8332066,0.927109
00052458.jpg,0.64767075,0.838245
00032740.jpg,0.61436677,0.5318078
00013699.jpg,0.562633,0.6761616
00012015.jpg,0.7956035,0.8875296
00019117.jpg,0.8813646,0.9271792
00055483.jpg,0.65750897,0.6421446
00041036.jpg,0.7958556,0.779874
00004654.jpg,0.7286054,0.7129218
00041133.jpg,0.72323513,0.5717542
n03541923_5803.jpg,0.72159505,0.8021978
00056421.jpg,0.5379183,0.4205228
n07654148_14261.jpg,0.8712534,0.875
00056013.jpg,0.83422136,0.8201684
00013310.jpg,0.8097054,0.7249216
00021439.jpg,0.799374,0.8377198
00047066.jpg,0.7429338,0.6776754
00015446.jpg,0.6224936,0.5704118
000000338289.jpg,0.76993525,0.87628865
00041849.jpg,0.8876796,0.7617424
00019954.jpg,0.684762,0.6284756
00032476.jpg,0.95261633,0.8204434
00014156.jpg,0.6770897,0.552871
00033215.jpg,0.7968496,0.8131664
00056486.jpg,0.7295766,0.7168098
00007931.jpg,0.7828194,0.8534968
00044078.jpg,0.7752272,0.893965
00001841.jpg,0.68623316,0.889756
00029113.jpg,0.7399917,0.888868
00014810.jpg,0.91754895,0.940524
00015652.jpg,0.68206835,0.5888058
00006873.jpg,0.797999,0.565731
00005656.jpg,0.72943616,0.7132656
00053344.jpg,0.8099391,0.779305
00057838.jpg,0.81446636,0.7662774
n02129165_1047.jpg,0.8298538,0.74766356
00034311.jpg,0.71057063,0.664667
n09421951_6821.jpg,0.6155524,0.6886792
00033996.jpg,0.69615924,0.7499246
00011603.jpg,0.724221,0.7627744
sun_adelbgkxaewbxymf.jpg,0.568314,0.48421052
00042582.jpg,0.8079686,0.8340128
n07583197_6997.jpg,0.82761204,0.76842105
00051889.jpg,0.75723064,0.8748364
00049446.jpg,0.6182138,0.6207204
00056616.jpg,0.6916634,0.5131274
00025304.jpg,0.7120553,0.6678982
00046186.jpg,0.72303617,0.703897
n07574602_26819.jpg,0.81405294,0.8659794
313e3ff66d04b28a.jpg,0.7226702,0.6732673
00034115.jpg,0.6278596,0.732707
00055381.jpg,0.7360857,0.8393506
00024256.jpg,0.867406,0.781636
2fc815db5f60e390.jpg,0.77847576,0.8202247
00058071.jpg,0.82340544,0.8457448
n02396427_768.jpg,0.8011022,0.7346939
00030487.jpg,0.90715754,0.8643926
00028244.jpg,0.8288419,0.8345846
00050076.jpg,0.8362947,0.9611712
00041831.jpg,0.7404963,0.7400228
00022427.jpg,0.6618463,0.6370476
n04166281_21224.jpg,0.77319235,0.83035713
00012807.jpg,0.6096071,0.7479954
00022886.jpg,0.7779806,0.8639588
n01811909_8210.jpg,0.7361411,0.66071427
00034137.jpg,0.6757376,0.7127474
00046611.jpg,0.76634336,0.7870868
00043836.jpg,0.6899213,0.6864578
n02324045_21625.jpg,0.7897573,0.8557692
00028052.jpg,0.6151869,0.5304176
00016342.jpg,0.65849817,0.7452712
000000072187.jpg,0.6631589,0.8165138
00008077.jpg,0.8983929,0.796787
00042231.jpg,0.6347844,0.7660862
00019124.jpg,0.6906861,0.7539206
00036317.jpg,0.6818442,0.714065
000000403197.jpg,0.7422712,0.8
00011229.jpg,0.5062909,0.486011
00021279.jpg,0.74946934,0.8950906
n02355227_3079.jpg,0.85342646,0.9
00002628.jpg,0.7823931,0.7532702
00006117.jpg,0.7538047,0.9225246
00019221.jpg,0.66173565,0.8272328
00032057.jpg,0.86698574,0.9263512
00017032.jpg,0.85411024,0.9361026
n07893642_25693.jpg,0.71405625,0.9148936
00009017.jpg,0.7627238,0.85482
00020301.jpg,0.67041576,0.8011208
00008674.jpg,0.7296717,0.6609454
00052383.jpg,0.6610925,0.7821078
00010022.jpg,0.7097588,0.6106154
00022613.jpg,0.7997375,0.8783526
00045719.jpg,0.73746425,0.7199518
00016445.jpg,0.58692175,0.4936902
00039193.jpg,0.6192801,0.7426318
9f1036550f042755.jpg,0.7340226,0.74757284
00010529.jpg,0.8212609,0.7709034
00004790.jpg,0.79593587,0.9058046
00044626.jpg,0.78188604,0.7600014
n04349306_5350.jpg,0.7681885,0.875
00021689.jpg,0.73091626,0.8815252
00013580.jpg,0.7870703,0.7445836
00005475.jpg,0.7210291,0.6553572
n04610013_19830.jpg,0.6658092,0.6451613
00025958.jpg,0.7984537,0.8914768
00032124.jpg,0.6863295,0.6025496
00002150.jpg,0.67154026,0.6807196
00034152.jpg,0.77150536,0.7110236
00022547.jpg,0.77733016,0.8624786
00002105.jpg,0.85735244,0.7974116
00039922.jpg,0.74506885,0.7788224
00023719.jpg,0.8546071,0.8571398
00037548.jpg,0.67811704,0.5923134
00033542.jpg,0.69188374,0.7045532
00042493.jpg,0.740525,0.6987896
00049483.jpg,0.7713727,0.6791874
00056524.jpg,0.60508144,0.6567762
00047838.jpg,0.74416924,0.6901516
00021651.jpg,0.7629112,0.8636278
00011294.jpg,0.7285777,0.899381
00004644.jpg,0.6896999,0.4428572
00049571.jpg,0.70866144,0.7795932
00024206.jpg,0.7822756,0.8768902
00007730.jpg,0.8407239,0.7658952
00022871.jpg,0.7900241,0.8721202
00018795.jpg,0.5949997,0.5117734
00039018.jpg,0.69466674,0.7381658
00008442.jpg,0.76891994,0.704048
00025760.jpg,0.71399826,0.921083
00032926.jpg,0.7660068,0.8219794
00032074.jpg,0.7421043,0.792977
00025377.jpg,0.6462419,0.6110946
00026625.jpg,0.6355145,0.7008428
00035457.jpg,0.6485412,0.7590702
00044927.jpg,0.7289417,0.6871322
00037375.jpg,0.74152124,0.8692114
00022873.jpg,0.7512665,0.7624976
00014468.jpg,0.89387405,0.9430858
00007435.jpg,0.7857367,0.8011792
00015216.jpg,0.7699177,0.7685726
00015408.jpg,0.65837944,0.7474488
00032035.jpg,0.8173116,0.8221554
00035297.jpg,0.52910364,0.3803554
00036918.jpg,0.66335785,0.6218712
00019407.jpg,0.7991209,0.697759
00025458.jpg,0.84581196,0.7865234
00017123.jpg,0.75860125,0.8300382
00040034.jpg,0.7445123,0.7256012
00052681.jpg,0.6622613,0.635864
00044084.jpg,0.8217894,0.854343
n07923748_11512.jpg,0.77803564,0.8229167
00027070.jpg,0.76191545,0.5195334
00033839.jpg,0.7100544,0.6946232
00019187.jpg,0.88466984,0.8413332
00054372.jpg,0.7490788,0.9308312
00034836.jpg,0.6160773,0.7898828
00032752.jpg,0.6942718,0.8730222
00007654.jpg,0.75027627,0.8344214
n02691156_1919.jpg,0.7228006,0.8068182
000000207913.jpg,0.7343839,0.85858583
00055290.jpg,0.71664375,0.858133
n02932891_13317.jpg,0.7140219,0.5955056
00055211.jpg,0.88029325,0.854702
00018185.jpg,0.75865734,0.8729768
n09376198_21630.jpg,0.6455407,0.7117117
00002015.jpg,0.6835508,0.8551082
00005339.jpg,0.60280937,0.6075994
00039479.jpg,0.774435,0.6771326
00013103.jpg,0.80289096,0.8539092
00002573.jpg,0.8408177,0.7972066
00029564.jpg,0.8193835,0.7300752
00017031.jpg,0.9476408,0.7791624
00005673.jpg,0.76754177,0.5390262
sun_aanjgkilxhsgjsyw.jpg,0.6244662,0.62857145
00002039.jpg,0.738473,0.5305744
00044663.jpg,0.7290211,0.6393894
00049728.jpg,0.83634245,0.8562486
n07594066_4726.jpg,0.8634509,0.89361703
00017654.jpg,0.5974215,0.6133874
00029829.jpg,0.84470886,0.7714294
00027085.jpg,0.80941075,0.7692808
000000388011.jpg,0.7319789,0.84313726
00045001.jpg,0.7759392,0.6416118
00020014.jpg,0.70325595,0.773685
00013533.jpg,0.8731921,0.8949652
00036579.jpg,0.7159827,0.569643
00014857.jpg,0.85522085,0.8540358
00054643.jpg,0.60783184,0.775568
00024064.jpg,0.77449524,0.8114268
00015057.jpg,0.73600054,0.8266228
00008522.jpg,0.75813365,0.7409008
00053622.jpg,0.59807676,0.5608428
00014101.jpg,0.6969882,0.794657
00048987.jpg,0.72268677,0.7877668
00006130.jpg,0.6928402,0.7694156
00039905.jpg,0.77570087,0.607845
00033744.jpg,0.683133,0.5216174
n07716358_3451.jpg,0.73978007,0.9313725
00056115.jpg,0.66258574,0.5608338
256f1eeaf5cb433c.jpg,0.7625585,0.8148148
00014696.jpg,0.8769748,0.8890322
00038252.jpg,0.63187915,0.546811
00001099.jpg,0.7298207,0.671092
00017896.jpg,0.67498565,0.7400108
00026286.jpg,0.8265444,0.7305964
n04467665_34667.jpg,0.7563653,0.71875
n04166281_69.jpg,0.7438158,0.7522936
00048867.jpg,0.67578506,0.779946
00048526.jpg,0.87886417,0.893952
00037484.jpg,0.6746124,0.6551084
00051834.jpg,0.600798,0.5095122
n07693725_13352.jpg,0.8412663,0.7830189
00055667.jpg,0.77883947,0.8782142
00002825.jpg,0.75072175,0.7903306
00009519.jpg,0.61537623,0.6909452
00022042.jpg,0.678126,0.7211582
00053239.jpg,0.7933977,0.7219632
00024104.jpg,0.7679211,0.8890954
000000347976.jpg,0.6471926,0.7234042
000000581557.jpg,0.8129436,0.8796296
00021267.jpg,0.7521847,0.7232278
00033258.jpg,0.7063273,0.776447
00015085.jpg,0.8403369,0.8847982
00038641.jpg,0.6200569,0.6416928
n07717556_886.jpg,0.8201984,0.94949496
000000314693.jpg,0.6164687,0.6694915
00038358.jpg,0.7288504,0.5617702
00003957.jpg,0.8470115,0.8617124
00023899.jpg,0.82289463,0.9404266
00004744.jpg,0.6959965,0.8939394
00009210.jpg,0.8744811,0.851548
42cc26dd872160fb.jpg,0.7633771,0.7878788
n07711569_815.jpg,0.8676306,0.72115386
00041722.jpg,0.7995482,0.8150496
n07911677_4002.jpg,0.75979125,0.9405941
00056138.jpg,0.76267624,0.7354546
00017301.jpg,0.79511786,0.759467
00019168.jpg,0.6718847,0.7418752
00044009.jpg,0.8006825,0.866526
00022417.jpg,0.68531317,0.8016404
00029891.jpg,0.79366994,0.904015
00017237.jpg,0.83670616,0.9091346
00022330.jpg,0.610895,0.6619536
00038337.jpg,0.726029,0.6493956
00047062.jpg,0.7636992,0.7123142
00008557.jpg,0.7357005,0.7886086
00043963.jpg,0.80795807,0.874237
00034477.jpg,0.7321735,0.7403042
00058159.jpg,0.7061921,0.7657016
00002728.jpg,0.677304,0.7337354
00036087.jpg,0.6920559,0.842605
00009743.jpg,0.6989323,0.7807612
00010386.jpg,0.643089,0.6631834
00001908.jpg,0.7483808,0.8742218
00056340.jpg,0.6036752,0.6250642
00034146.jpg,0.6739279,0.5261796
00008242.jpg,0.8380706,0.8435416
00041944.jpg,0.65292186,0.5918996
00049565.jpg,0.7930479,0.8422194
00027765.jpg,0.7769733,0.8926048
00052423.jpg,0.6355103,0.77663
00043000.jpg,0.70288914,0.8412206
00028943.jpg,0.6386784,0.635109
n02324045_3812.jpg,0.71227443,0.70873785
00013265.jpg,0.77580744,0.6809564
00029334.jpg,0.8317813,0.8798128
00043526.jpg,0.85410595,0.6342508
00041458.jpg,0.73074585,0.6167592
n00468480_9997.jpg,0.7836047,0.67741936
00033820.jpg,0.59758556,0.578817
00050758.jpg,0.66211426,0.642989
00053712.jpg,0.85760295,0.850703
n07849336_20841.jpg,0.7085486,0.92783505
00023281.jpg,0.8394824,0.8388074
00049872.jpg,0.6941663,0.8644644
00010332.jpg,0.71720546,0.9176306
00057603.jpg,0.68863714,0.6275602
00051148.jpg,0.6932909,0.8380822
00025149.jpg,0.64316225,0.7323838
00033738.jpg,0.78935856,0.7314064
00000368.jpg,0.8310526,0.8715216
00058339.jpg,0.66197264,0.8464562
00044554.jpg,0.7267004,0.7031654
00052120.jpg,0.81810784,0.7845014
000000310061.jpg,0.78809816,0.77894735
ee5a91b811a8ce3e.jpg,0.76599663,0.76635516
00011139.jpg,0.7292477,0.9470864
00043062.jpg,0.7305832,0.7272844
00027244.jpg,0.7033599,0.8574404
00019012.jpg,0.8169732,0.8964636
059749eaad9544d9.jpg,0.60414726,0.4563107
n01846331_2474.jpg,0.7672713,0.82828283
00055425.jpg,0.86989397,0.895397
00022160.jpg,0.83379173,0.9426894
00044400.jpg,0.6656194,0.7564294
00040336.jpg,0.8267095,0.7214116
00043695.jpg,0.6697455,0.6763486
00044259.jpg,0.7942727,0.7056318
00012733.jpg,0.6428249,0.7974028
00046061.jpg,0.8118932,0.6542
00044893.jpg,0.7303729,0.7455538
00014123.jpg,0.73720205,0.5886412
00047419.jpg,0.7486801,0.5637736
n03670208_6382.jpg,0.5941833,0.7358491
00001519.jpg,0.7142116,0.9477274
00038960.jpg,0.6563609,0.7269734
00049386.jpg,0.61335176,0.8085776
000000359081.jpg,0.7256247,0.8111111
00034376.jpg,0.64160544,0.5346864
n03541923_272.jpg,0.7227919,0.9425287
00040483.jpg,0.73111266,0.7006334
00029929.jpg,0.5891371,0.5364358
00009473.jpg,0.60867393,0.684521
n07717556_3438.jpg,0.8191209,0.92391306
00049053.jpg,0.7458861,0.7849536
00010114.jpg,0.67006415,0.7992834
00007141.jpg,0.7745584,0.9172648
00055370.jpg,0.6852311,0.851741
00000702.jpg,0.66885734,0.6384666
000000558809.jpg,0.73648536,0.9259259
00026564.jpg,0.56663656,0.676809
000000002068.jpg,0.7775751,0.8545455
00044924.jpg,0.7744884,0.8134882
00032991.jpg,0.7252188,0.7619804
00030896.jpg,0.72124827,0.7379956
00056024.jpg,0.81068075,0.763789
00012039.jpg,0.81890875,0.705812
00054274.jpg,0.69736624,0.7118342
00045716.jpg,0.7130623,0.6497648
00036067.jpg,0.59546906,0.6409054
00039103.jpg,0.66687196,0.437459
00039721.jpg,0.83913517,0.8102768
000000515355.jpg,0.89501095,0.875
c4429528e1e36318.jpg,0.74106157,0.6292135
00001990.jpg,0.703719,0.873118
00043648.jpg,0.6740155,0.679394
00024099.jpg,0.80759287,0.8019716
00044073.jpg,0.69772893,0.7253032
00010732.jpg,0.71279866,0.7034848
00022534.jpg,0.5954561,0.770083
00032542.jpg,0.78393865,0.8539996
00027567.jpg,0.797557,0.779824
00046635.jpg,0.7104448,0.5783618
00049020.jpg,0.6997621,0.7590738
00000681.jpg,0.82447565,0.783333
sun_ahtmadjqgksjnnnb.jpg,0.69588023,0.47916666
n09303008_30166.jpg,0.5381634,0.62601626
00007229.jpg,0.6373983,0.6847418
00045115.jpg,0.9141392,0.9148856
00052228.jpg,0.7630791,0.8380104
00015234.jpg,0.6474524,0.609798
n02355227_6434.jpg,0.79286146,0.86734694
00037901.jpg,0.7947918,0.8425824
n03512147_2680.jpg,0.744788,0.8023256
00028286.jpg,0.77343506,0.7935564
00027845.jpg,0.60268784,0.7020984
00016684.jpg,0.77022433,0.9735042
000000567065.jpg,0.6291441,0.7282609
00005520.jpg,0.77234817,0.9282044
00038382.jpg,0.68277663,0.6843874
000000242187.jpg,0.78827906,0.82857144
00011439.jpg,0.85772467,0.899976
n02396427_12172.jpg,0.65860105,0.71428573
00009367.jpg,0.7121731,0.8146532
00055839.jpg,0.72803915,0.4103064
00045631.jpg,0.7439009,0.557935
00012254.jpg,0.7674573,0.7374124
00034247.jpg,0.7234936,0.8237374
00036616.jpg,0.82119894,0.9198934
sun_aeeghadhhuojbxox.jpg,0.6810085,0.76744187
00044451.jpg,0.719579,0.64059
00012688.jpg,0.72870827,0.6333544
00027334.jpg,0.6865093,0.6103188
00015353.jpg,0.76912963,0.8192888
00039290.jpg,0.71343714,0.4656004
00011592.jpg,0.76624864,0.7336568
n02450034_11046.jpg,0.77623695,0.71681416
00017065.jpg,0.55847675,0.5634894
104a87e61aa3f85a.jpg,0.73734,0.6105263
00013633.jpg,0.69159293,0.7626474
00030106.jpg,0.7688311,0.7906084
00052081.jpg,0.78095603,0.7931174
00051379.jpg,0.70499843,0.9309554
e6531a91951cea03.jpg,0.7537366,0.8910891
00022275.jpg,0.791913,0.801069
00005545.jpg,0.6394379,0.8467298
n02324045_30218.jpg,0.7661496,0.67741936
00009103.jpg,0.8413216,0.589629
00054663.jpg,0.70043784,0.7550306
00015393.jpg,0.6768367,0.7994956
00026108.jpg,0.8015614,0.8006944
00010612.jpg,0.83049566,0.8364516
00003525.jpg,0.7241219,0.771373
000000466643.jpg,0.62451345,0.6597938
00015763.jpg,0.7469738,0.7219694
00036105.jpg,0.79423666,0.8099452
00009204.jpg,0.64046675,0.6973634
00016292.jpg,0.7018972,0.8294948
n02934451_8034.jpg,0.6112529,0.6
00002109.jpg,0.7937858,0.8578072
n03384352_12186.jpg,0.6828363,0.92523366
00054091.jpg,0.7134632,0.882012
00057458.jpg,0.8583462,0.830339
n09393605_8686.jpg,0.59904593,0.8455882
00042773.jpg,0.69323045,0.670007
n03512147_448.jpg,0.63601863,0.8541667
00040035.jpg,0.77704227,0.8014698
00037491.jpg,0.70028245,0.7720816
00005195.jpg,0.7739482,0.804543
00050480.jpg,0.74427843,0.813245
00051636.jpg,0.8020993,0.6754596
00013648.jpg,0.69098556,0.8005448
00028786.jpg,0.70049435,0.6794146
00021619.jpg,0.80513835,0.8334396
63386e0be460ef2d.jpg,0.7009331,0.7614679
00034180.jpg,0.65985954,0.6497762
00045518.jpg,0.7621088,0.8084532
00029058.jpg,0.640996,0.8543228
00019257.jpg,0.8513914,0.7762512
00017345.jpg,0.82438505,0.8701968
00043903.jpg,0.7751968,0.731582
00051342.jpg,0.72238904,0.7779744
00042788.jpg,0.70870155,0.5979822
00052655.jpg,0.86169815,0.8089284
00035303.jpg,0.6349562,0.6288632
00047001.jpg,0.71993023,0.7785108
00031839.jpg,0.8821245,0.63218
000000550063.jpg,0.7911632,0.93939394
4de9eacd8a1f22d6.jpg,0.8361593,0.88235295
00040480.jpg,0.75125873,0.7823836
n04610013_1891.jpg,0.69349325,0.56626505
00052470.jpg,0.79922616,0.8734698
00008173.jpg,0.74165946,0.8039276
00018602.jpg,0.72699606,0.7914988
5fc131efa7988d86.jpg,0.74375796,0.74509805
n03512147_3794.jpg,0.6904841,0.7096774
00057179.jpg,0.8430648,0.8523228
00041659.jpg,0.6305307,0.5692106
00055127.jpg,0.77015376,0.8719936
sun_areyvdkepydnktvx.jpg,0.5817695,0.6041667
00026530.jpg,0.7207183,0.71964
00037434.jpg,0.6296361,0.6466182
00020057.jpg,0.65013427,0.8392356
00013928.jpg,0.83289266,0.9268404
00044032.jpg,0.8317708,0.6973164
00013139.jpg,0.83557284,0.7185556
00051944.jpg,0.7336782,0.8101038
n04465501_602.jpg,0.6331339,0.72115386
54f31bcf003f3c33.jpg,0.7334904,0.75
00014034.jpg,0.7779175,0.7879436
00042036.jpg,0.7172582,0.7392828
00044284.jpg,0.7647124,0.6812208
00011788.jpg,0.7288199,0.6325416
00027600.jpg,0.6671523,0.7097232
000000010624.jpg,0.71421385,0.6888889
00056411.jpg,0.862615,0.8803254
00046089.jpg,0.7961,0.8564616
00008370.jpg,0.8327511,0.8263616
00047706.jpg,0.85401833,0.9512068
00026995.jpg,0.6042299,0.8545188
00024007.jpg,0.7774477,0.7567498
00003715.jpg,0.6743539,0.5646252
00018770.jpg,0.8454131,0.9583528
000000319866.jpg,0.7390882,0.7757009
n03384352_12226.jpg,0.6977968,0.83950615
00000219.jpg,0.8238512,0.7943124
00039795.jpg,0.6126478,0.741558
00041199.jpg,0.7549131,0.797857
00038497.jpg,0.69885206,0.8133642
00031751.jpg,0.6028322,0.5969404
00010744.jpg,0.80631435,0.8037308
00029794.jpg,0.6747668,0.4088888
00006945.jpg,0.6989653,0.7445296
00018496.jpg,0.6405892,0.7757312
00050369.jpg,0.6016536,0.5925514
00014636.jpg,0.8377671,0.9355966
00002652.jpg,0.7055563,0.7879728
00053404.jpg,0.61977017,0.6748616
n01514859_4326.jpg,0.79262316,0.7419355
00037606.jpg,0.6448013,0.522459
00014115.jpg,0.8831501,0.8765042
00036021.jpg,0.46845347,0.6357692
000000102978.jpg,0.72024393,0.9381443
00046291.jpg,0.87482345,0.926621
00039559.jpg,0.81912947,0.7813046
00034773.jpg,0.64374757,0.5842208
00043751.jpg,0.78526133,0.8241882
00018665.jpg,0.88505733,0.9648754
n03670208_13691.jpg,0.7987923,0.92156863
00022086.jpg,0.7368022,0.7554656
00027767.jpg,0.8032378,0.8818466
00052943.jpg,0.6267563,0.7285646
00027488.jpg,0.7771323,0.8417864
00021980.jpg,0.8026487,0.7837136
00035883.jpg,0.70832133,0.847393
00035669.jpg,0.60765517,0.473182
00010914.jpg,0.7598086,0.6082738
00028022.jpg,0.7304833,0.7876502
00048547.jpg,0.8055085,0.6555664
00056119.jpg,0.7206996,0.8025772
00055096.jpg,0.8543089,0.9700736
00057081.jpg,0.7857406,0.8191748
000000331230.jpg,0.8442288,0.9148936
00011944.jpg,0.7712716,0.906693
00023868.jpg,0.788478,0.9080984
n04461696_5363.jpg,0.7371923,0.72727275
n03790512_6472.jpg,0.7597164,0.7777778
00023838.jpg,0.7971519,0.851769
00029441.jpg,0.80004126,0.840237
00051504.jpg,0.7927369,0.8888578
00005285.jpg,0.77984774,0.6724376
00019243.jpg,0.6378871,0.6359224
00035856.jpg,0.5606741,0.7176008
00011264.jpg,0.72156984,0.6732264
00048771.jpg,0.582297,0.7107544
n07849336_21235.jpg,0.7546818,0.68041235
00001831.jpg,0.71297,0.8737868
00040922.jpg,0.64237475,0.5876714
00028223.jpg,0.7987127,0.7887524
00057631.jpg,0.8214939,0.8068404
00001088.jpg,0.7847343,0.8315972
n09376198_6163.jpg,0.58624756,0.7184466
00051942.jpg,0.82215023,0.6837768
00054092.jpg,0.72562665,0.8893774
00040707.jpg,0.7974777,0.8790186
00054554.jpg,0.797832,0.8522316
00052920.jpg,0.73979867,0.7805336
00005615.jpg,0.88089305,0.8827134
00010007.jpg,0.8902012,0.8679364
n07911677_556.jpg,0.78861004,0.83653843
00042198.jpg,0.84874225,0.6822922
00012135.jpg,0.73738766,0.662187
